bank,year,period,type,title,url,portal,path,status,format,bytes,sha256,validated,publication_date,language,id,category,catalog,error
BTG_Pactual,2024,1T24,gerenciamento de risco,Gerenciamento de Risco (Planilha Auxiliar) - Março de 2024,https://d169uzu5o4xu1k.cloudfront.net/78a5a309-f13a-41ed-a7d1-814e37b63259/2024/fb139b2c-f6da-4293-a99c-5456aa4e74f3.xlsx,https://ri.btgpactual.com/principais-informacoes/central-de-resultados,documents/BTG_Pactual/2024/1T24/Gerenciamento_de_Risco_Planilha_Auxiliar_-_Marco_de_2024__f7da28176af6.xlsx,downloaded,xlsx,39822,f7da28176af60c6ee43ca8ed1795bc144d5aa7eb00f88a57dfdc8b2d35b08b61,ZIP CRC verified,2024-06-21T00:00:00Z,pt,f083887a-60f2-4321-96a9-126e965d8d9d,gerenciamento_de_risco,data/catalogs/20260906T182455,
BTG_Pactual,2024,1T24,gerenciamento de risco,Gerenciamento de Risco - Março de 2024,https://d169uzu5o4xu1k.cloudfront.net/78a5a309-f13a-41ed-a7d1-814e37b63259/2024/3a175545-3f8f-4b96-8340-f3a87c502c7a.pdf,https://ri.btgpactual.com/principais-informacoes/central-de-resultados,documents/BTG_Pactual/2024/1T24/Gerenciamento_de_Risco_-_Marco_de_2024__b9218339481a.pdf,downloaded,pdf,713433,b9218339481acbcf397a5f7a915721f56a1c1de0d611c3451e5b276e10285884,PDF signature and EOF,2024-06-21T00:00:00Z,pt,c5b15236-4893-4f92-8321-7ff089b05123,gerenciamento_de_risco,data/catalogs/20260906T182455,
BTG_Pactual,2024,1T24,informacoes financeiras,Apresentação 1T24,https://d169uzu5o4xu1k.cloudfront.net/78a5a309-f13a-41ed-a7d1-814e37b63259/2024/369a417a-3bf4-4eb1-b2c4-12238e827434.pdf,https://ri.btgpactual.com/principais-informacoes/central-de-resultados,documents/BTG_Pactual/2024/1T24/Apresentacao_1T24__09f9bbb31ccc.pdf,downloaded,pdf,345026,09f9bbb31cccf9dd4dbf858482e4f2605ccdc782aeb9f5b4b043b690cf4a7db4,PDF signature and EOF,2024-05-13T00:00:00Z,pt,2a0c60b5-a35e-40d7-8bf6-99544c1559c0,informacoes_financeiras,data/catalogs/20260906T182455,
BTG_Pactual,2024,1T24,informacoes financeiras,Demonstrações Financeiras 1T24 -  Consolidado - IFRS,https://d169uzu5o4xu1k.cloudfront.net/78a5a309-f13a-41ed-a7d1-814e37b63259/2024/14d4eca7-71d1-46c4-8f93-5038dfd08cb7.pdf,https://ri.btgpactual.com/principais-informacoes/central-de-resultados,documents/BTG_Pactual/2024/1T24/Demonstracoes_Financeiras_1T24_-_Consolidado_-_IFRS__245f76859a9b.pdf,downloaded,pdf,1061004,245f76859a9b457a68684a07e7fa3eec2a8bbfe9b7d9e340ee80c9d862577a52,PDF signature and EOF,2024-05-13T00:00:00Z,pt,515f3ec7-7325-492d-bc7d-9d210f32441c,informacoes_financeiras,data/catalogs/20260906T182455,
BTG_Pactual,2024,1T24,informacoes financeiras,Demonstrações Financeiras 1T24 - Completa,https://d169uzu5o4xu1k.cloudfront.net/78a5a309-f13a-41ed-a7d1-814e37b63259/2024/f5268de1-25dd-4ffe-b37e-249dccd7fa66.pdf,https://ri.btgpactual.com/principais-informacoes/central-de-resultados,documents/BTG_Pactual/2024/1T24/Demonstracoes_Financeiras_1T24_-_Completa__46818160299c.pdf,downloaded,pdf,1407591,46818160299cb1207973382d5175543a8462e10e4e3083f8ebba5d3f7124676e,PDF signature and EOF,2024-05-13T00:00:00Z,pt,2efa9ec1-13d7-4136-8b83-0a67f2ec6a89,informacoes_financeiras,data/catalogs/20260906T182455,
BTG_Pactual,2024,1T24,informacoes financeiras,Earnings Release 1T24,https://d169uzu5o4xu1k.cloudfront.net/78a5a309-f13a-41ed-a7d1-814e37b63259/2024/371776fb-352e-492a-9a76-88a40bd87f22.pdf,https://ri.btgpactual.com/principais-informacoes/central-de-resultados,documents/BTG_Pactual/2024/1T24/Earnings_Release_1T24__139ba042be4e.pdf,downloaded,pdf,686730,139ba042be4e045a9e24d7660f68d09b14b4dd5bfeb450876a7af4ceb45e3f9d,PDF signature and EOF,2024-05-13T00:00:00Z,pt,112152c5-4073-4e35-b4c7-47f5fcbeb358,informacoes_financeiras,data/catalogs/20260906T182455,
BTG_Pactual,2024,1T24,informacoes financeiras,Áudio Teleconferência 1T24,https://d169uzu5o4xu1k.cloudfront.net/78a5a309-f13a-41ed-a7d1-814e37b63259/2024/cd3a3ec9-ad67-408b-b8d1-3975070fe37d.mp3,https://ri.btgpactual.com/principais-informacoes/central-de-resultados,documents/BTG_Pactual/2024/1T24/Audio_Teleconferencia_1T24__43c371cd59b3.mp3,downloaded,mp3,75153795,43c371cd59b31816bcb5958cba93ecdbb0d71ef8dc2438436e93212f1f3bc720,signature,2024-05-17T00:00:00Z,pt,e9eb476a-ceee-4691-9f4f-0408f3b1625e,informacoes_financeiras,data/catalogs/20260906T182455,
BTG_Pactual,2024,1T24,planilha series historicas,Planilha Séries Históricas 1T24,https://d169uzu5o4xu1k.cloudfront.net/78a5a309-f13a-41ed-a7d1-814e37b63259/2024/Planilha Séries Históricas 1T24.xlsx,https://ri.btgpactual.com/principais-informacoes/central-de-resultados,documents/BTG_Pactual/2024/1T24/Planilha_Series_Historicas_1T24__2bb6e3700fe4.xlsx,downloaded,xlsx,217304,2bb6e3700fe4615cdb35253d511348dade8d4e48f3f593215c0637f1d83f470b,ZIP CRC verified,2024-05-13T00:00:00Z,pt,a9b76fc7-6bea-4cba-a334-529c35fb2022,planilha_series_historicas,data/catalogs/20260906T182455,
BTG_Pactual,2024,2T24,gerenciamento de risco,Gerenciamento de Risco (Planilha Auxiliar) - Junho de 2024,https://d169uzu5o4xu1k.cloudfront.net/78a5a309-f13a-41ed-a7d1-814e37b63259/2024/c3587a27-3027-469f-890a-37ebb4ea20d7.xlsx,https://ri.btgpactual.com/principais-informacoes/central-de-resultados,documents/BTG_Pactual/2024/2T24/Gerenciamento_de_Risco_Planilha_Auxiliar_-_Junho_de_2024__7bb9bf5f158b.xlsx,downloaded,xlsx,427778,7bb9bf5f158b190173c784cfdc7c9ba72c4faeadfc11edf6d45d78b0a1beeb6e,ZIP CRC verified,2025-08-07T00:00:00Z,pt,ac4afdea-d914-42b4-8286-95fa9845be35,gerenciamento_de_risco,data/catalogs/20260906T182455,
BTG_Pactual,2024,2T24,gerenciamento de risco,Gerenciamento de Risco - Junho de 2024,https://d169uzu5o4xu1k.cloudfront.net/78a5a309-f13a-41ed-a7d1-814e37b63259/2024/606ccb80-899c-4245-8644-e947d8de9209.pdf,https://ri.btgpactual.com/principais-informacoes/central-de-resultados,documents/BTG_Pactual/2024/2T24/Gerenciamento_de_Risco_-_Junho_de_2024__51060f206db4.pdf,downloaded,pdf,863284,51060f206db45df447b7566ac32c50182cfcb21539b13aacda9eead22b1e98f0,PDF signature and EOF,2025-08-07T00:00:00Z,pt,7c4b09f5-b489-4d91-ae10-e80e8f9ff74a,gerenciamento_de_risco,data/catalogs/20260906T182455,
BTG_Pactual,2024,2T24,informacoes financeiras,Apresentação 2T24,https://d169uzu5o4xu1k.cloudfront.net/78a5a309-f13a-41ed-a7d1-814e37b63259/2024/0263a380-c570-4fe1-a113-ac055256a68b.pdf,https://ri.btgpactual.com/principais-informacoes/central-de-resultados,documents/BTG_Pactual/2024/2T24/Apresentacao_2T24__1bb285a09cbb.pdf,downloaded,pdf,822311,1bb285a09cbb3fb9ce240d4e0f58ebbb981ddd1b21ae146e4dcb77d67a6e9d34,PDF signature and EOF,2024-08-14T00:00:00Z,pt,49724107-fe88-4bb4-a6c7-fcd387acd4d1,informacoes_financeiras,data/catalogs/20260906T182455,
BTG_Pactual,2024,2T24,informacoes financeiras,Demonstrações Financeiras 2T24 -  Consolidado - IFRS,https://d169uzu5o4xu1k.cloudfront.net/78a5a309-f13a-41ed-a7d1-814e37b63259/2024/4d36ea1f-83e7-4e48-afa1-e110d4d668c4.pdf,https://ri.btgpactual.com/principais-informacoes/central-de-resultados,documents/BTG_Pactual/2024/2T24/Demonstracoes_Financeiras_2T24_-_Consolidado_-_IFRS__0a85a9340fbb.pdf,downloaded,pdf,1085549,0a85a9340fbba8336bc33f9495ee1c29ba2c4fc8634528608c0c5254b5027210,PDF signature and EOF,2024-08-29T00:00:00Z,pt,90aa8b7b-0672-4cee-9f33-24312b093060,informacoes_financeiras,data/catalogs/20260906T182455,
BTG_Pactual,2024,2T24,informacoes financeiras,Demonstrações Financeiras 2T24 - Completa,https://d169uzu5o4xu1k.cloudfront.net/78a5a309-f13a-41ed-a7d1-814e37b63259/2024/3f85c094-e412-4a00-8f02-7874bc3dcc71.pdf,https://ri.btgpactual.com/principais-informacoes/central-de-resultados,documents/BTG_Pactual/2024/2T24/Demonstracoes_Financeiras_2T24_-_Completa__789ccc6f5b8d.pdf,downloaded,pdf,1609316,789ccc6f5b8d1367f9414db6b96e089d45182ad390a694e79d84213cef3d7496,PDF signature and EOF,2024-08-14T00:00:00Z,pt,41d35f98-bbe3-461e-8c97-c1e1764edcae,informacoes_financeiras,data/catalogs/20260906T182455,
BTG_Pactual,2024,2T24,informacoes financeiras,Earnings Release 2T24,https://d169uzu5o4xu1k.cloudfront.net/78a5a309-f13a-41ed-a7d1-814e37b63259/2024/1a2c8cc8-243e-4c98-bc69-1d9536b486e4.pdf,https://ri.btgpactual.com/principais-informacoes/central-de-resultados,documents/BTG_Pactual/2024/2T24/Earnings_Release_2T24__f0420e515013.pdf,downloaded,pdf,690261,f0420e5150134920fe9677e025842c96329c481bbbf2ac383718b206506d1e79,PDF signature and EOF,2024-08-14T00:00:00Z,pt,3c096b75-7429-419f-87e2-ba91c837f8cf,informacoes_financeiras,data/catalogs/20260906T182455,
BTG_Pactual,2024,2T24,informacoes financeiras,Áudio Teleconferência 2T24,https://d169uzu5o4xu1k.cloudfront.net/78a5a309-f13a-41ed-a7d1-814e37b63259/2024/fdda4b24-ea07-4a06-bcec-954c2c9be550.mp3,https://ri.btgpactual.com/principais-informacoes/central-de-resultados,documents/BTG_Pactual/2024/2T24/Audio_Teleconferencia_2T24__4ea92052d9c0.mp3,downloaded,mp3,73784605,4ea92052d9c0d05f989cef12f29d12cf9078bda14eafae4a4a366d0bc92007da,signature,2024-08-15T00:00:00Z,pt,064e9db9-a541-47b6-ba93-c3e782932625,informacoes_financeiras,data/catalogs/20260906T182455,
BTG_Pactual,2024,2T24,planilha series historicas,Planilha Séries Históricas 2T24,https://d169uzu5o4xu1k.cloudfront.net/78a5a309-f13a-41ed-a7d1-814e37b63259/2024/Planilha Séries Históricas 2T24.xlsx,https://ri.btgpactual.com/principais-informacoes/central-de-resultados,documents/BTG_Pactual/2024/2T24/Planilha_Series_Historicas_2T24__9bff70c78b44.xlsx,downloaded,xlsx,220307,9bff70c78b4476c2d521d260e6656a7c8b51ae88e64f40c5d49de18215883d89,ZIP CRC verified,2024-08-14T00:00:00Z,pt,30268a67-67e7-45e4-9ab4-80fe8270f336,planilha_series_historicas,data/catalogs/20260906T182455,
BTG_Pactual,2024,3T24,gerenciamento de risco,Gerenciamento de Risco (Planilha Auxiliar) - Setembro de 2024,https://d169uzu5o4xu1k.cloudfront.net/78a5a309-f13a-41ed-a7d1-814e37b63259/2024/def7811b-845a-4573-ada4-6c1851450d6c.xlsx,https://ri.btgpactual.com/principais-informacoes/central-de-resultados,documents/BTG_Pactual/2024/3T24/Gerenciamento_de_Risco_Planilha_Auxiliar_-_Setembro_de_2024__939106f15c51.xlsx,downloaded,xlsx,43725,939106f15c51f120e0019d5c7f1204c4c8126fb88ad0a7cec7566b5a77ae2965,ZIP CRC verified,2024-12-13T00:00:00Z,pt,ef6857ce-768b-4508-985f-71b896fb8041,gerenciamento_de_risco,data/catalogs/20260906T182455,
BTG_Pactual,2024,3T24,gerenciamento de risco,Gerenciamento de Risco - Setembro de 2024,https://d169uzu5o4xu1k.cloudfront.net/78a5a309-f13a-41ed-a7d1-814e37b63259/2024/70b95a0f-c042-4175-8339-db650bfe0153.pdf,https://ri.btgpactual.com/principais-informacoes/central-de-resultados,documents/BTG_Pactual/2024/3T24/Gerenciamento_de_Risco_-_Setembro_de_2024__4e9dfafd14a8.pdf,downloaded,pdf,889008,4e9dfafd14a8ba12143c4a690fe2b2e7a8331e17b7e99adfa6020afb5efb2bb7,PDF signature and EOF,2024-12-12T00:00:00Z,pt,23d0c18c-520c-436c-8149-8d8eac55214d,gerenciamento_de_risco,data/catalogs/20260906T182455,
BTG_Pactual,2024,3T24,informacoes financeiras,Apresentação 3T24,https://d169uzu5o4xu1k.cloudfront.net/78a5a309-f13a-41ed-a7d1-814e37b63259/2024/a6122b0c-a0b0-4587-beb1-f8e7d7297863.pdf,https://ri.btgpactual.com/principais-informacoes/central-de-resultados,documents/BTG_Pactual/2024/3T24/Apresentacao_3T24__98890791281d.pdf,downloaded,pdf,391903,98890791281db0f684350b862ab0f787d06efa21171c43be48882d2b2a09f212,PDF signature and EOF,2024-11-12T00:00:00Z,pt,3c6b1d27-1844-4058-9627-c472bbb656ca,informacoes_financeiras,data/catalogs/20260906T182455,
BTG_Pactual,2024,3T24,informacoes financeiras,Demonstrações Financeiras 3T24 -  Consolidado - IFRS,https://d169uzu5o4xu1k.cloudfront.net/78a5a309-f13a-41ed-a7d1-814e37b63259/2024/4f891b51-f157-4d95-8577-9b53ff552d7b.pdf,https://ri.btgpactual.com/principais-informacoes/central-de-resultados,documents/BTG_Pactual/2024/3T24/Demonstracoes_Financeiras_3T24_-_Consolidado_-_IFRS__cb85eba4b11d.pdf,downloaded,pdf,1169679,cb85eba4b11d8880a36bcdd2a9c85cabfc39d65cca511423358bc57ed74c2e4d,PDF signature and EOF,2024-11-14T00:00:00Z,pt,cc1f1747-fb27-4af9-af57-81cf4b76b967,informacoes_financeiras,data/catalogs/20260906T182455,
BTG_Pactual,2024,3T24,informacoes financeiras,Demonstrações Financeiras 3T24 - Completa,https://d169uzu5o4xu1k.cloudfront.net/78a5a309-f13a-41ed-a7d1-814e37b63259/2024/84db3e12-bc8e-4310-b75f-24c4aadc7657.pdf,https://ri.btgpactual.com/principais-informacoes/central-de-resultados,documents/BTG_Pactual/2024/3T24/Demonstracoes_Financeiras_3T24_-_Completa__cbb923fcf71f.pdf,downloaded,pdf,3901000,cbb923fcf71fac42b7fafd4e35e85897da976b8807a185ac90e2ffcd15f5b8b6,PDF signature and EOF,2024-11-12T00:00:00Z,pt,fed11070-9015-416e-8ae3-0244ac77831c,informacoes_financeiras,data/catalogs/20260906T182455,
BTG_Pactual,2024,3T24,informacoes financeiras,Earnings Release 3T24,https://d169uzu5o4xu1k.cloudfront.net/78a5a309-f13a-41ed-a7d1-814e37b63259/2024/6d5f1962-fe72-4553-974a-55f89869c0b5.pdf,https://ri.btgpactual.com/principais-informacoes/central-de-resultados,documents/BTG_Pactual/2024/3T24/Earnings_Release_3T24__dfebcfed61a8.pdf,downloaded,pdf,778762,dfebcfed61a8619dbf068f0a15b1c65e06a29b526406722725a88993ad08594e,PDF signature and EOF,2024-11-12T00:00:00Z,pt,dfd5117d-fe76-4658-a2d7-547549ed1cea,informacoes_financeiras,data/catalogs/20260906T182455,
BTG_Pactual,2024,3T24,informacoes financeiras,Áudio Teleconferência 3T24,https://d169uzu5o4xu1k.cloudfront.net/78a5a309-f13a-41ed-a7d1-814e37b63259/2024/9956906f-71d9-4690-b371-83f68d835710.mp3,https://ri.btgpactual.com/principais-informacoes/central-de-resultados,documents/BTG_Pactual/2024/3T24/Audio_Teleconferencia_3T24__3610ce581d01.mp3,downloaded,mp3,79314689,3610ce581d0180ceebb7da905f1e364ba520cff4e5ebc5ef060c76bd02c1d8fc,signature,2024-11-12T00:00:00Z,pt,f9e4b3f3-5745-47af-b214-d2bda61b8a53,informacoes_financeiras,data/catalogs/20260906T182455,
BTG_Pactual,2024,3T24,planilha series historicas,Planilha Séries Históricas 3T24,https://d169uzu5o4xu1k.cloudfront.net/78a5a309-f13a-41ed-a7d1-814e37b63259/2024/Planilha Séries Históricas 3T24.xlsx,https://ri.btgpactual.com/principais-informacoes/central-de-resultados,documents/BTG_Pactual/2024/3T24/Planilha_Series_Historicas_3T24__c2690d3eff47.xlsx,downloaded,xlsx,224047,c2690d3eff47004e49154a6457ff855975aec622cb1babe33f3b5632e54612a5,ZIP CRC verified,2024-11-12T00:00:00Z,pt,2a48df28-3c58-498b-8080-f1264904df50,planilha_series_historicas,data/catalogs/20260906T182455,
BTG_Pactual,2024,4T24,gerenciamento de risco,Gerenciamento de Risco (Planilha Auxiliar) - Dezembro de 2024,https://d169uzu5o4xu1k.cloudfront.net/78a5a309-f13a-41ed-a7d1-814e37b63259/2024/376ad634-54ae-4aed-aa31-379d0de753a0.xlsx,https://ri.btgpactual.com/principais-informacoes/central-de-resultados,documents/BTG_Pactual/2024/4T24/Gerenciamento_de_Risco_Planilha_Auxiliar_-_Dezembro_de_2024__1f3d5b1c1e06.xlsx,downloaded,xlsx,534256,1f3d5b1c1e06e8b6940f806278d76c76457396be48e18fc14cfabcd962e279c5,ZIP CRC verified,2025-05-08T00:00:00Z,pt,35fb0929-dc86-4b58-b371-057387317b19,gerenciamento_de_risco,data/catalogs/20260906T182455,
BTG_Pactual,2024,4T24,gerenciamento de risco,Gerenciamento de Risco - Dezembro  de 2024,https://d169uzu5o4xu1k.cloudfront.net/78a5a309-f13a-41ed-a7d1-814e37b63259/2024/222f4c54-5e9b-469a-a332-6093e5781888.pdf,https://ri.btgpactual.com/principais-informacoes/central-de-resultados,documents/BTG_Pactual/2024/4T24/Gerenciamento_de_Risco_-_Dezembro_de_2024__2a55e61e3166.pdf,downloaded,pdf,1048753,2a55e61e316665c0acf8081f67d898873d57e51719eeb3efc7f418ee3f4cb464,PDF signature and EOF,2025-05-08T00:00:00Z,pt,2cf819b7-0c46-4744-a621-4c163be27501,gerenciamento_de_risco,data/catalogs/20260906T182455,
BTG_Pactual,2024,4T24,informacoes financeiras,Apresentação 4T24,https://d169uzu5o4xu1k.cloudfront.net/78a5a309-f13a-41ed-a7d1-814e37b63259/2024/6eb65ed8-4485-45e9-8f1e-0c46e4437b66.pdf,https://ri.btgpactual.com/principais-informacoes/central-de-resultados,documents/BTG_Pactual/2024/4T24/Apresentacao_4T24__d02c57475f3e.pdf,downloaded,pdf,438131,d02c57475f3e665a5d55b79bcc3e612cab94dba235a2dad1d7e05d828f5d2ef6,PDF signature and EOF,2025-02-10T00:00:00Z,pt,ce866051-cd8c-4b11-be18-747be0b1ba25,informacoes_financeiras,data/catalogs/20260906T182455,
BTG_Pactual,2024,4T24,informacoes financeiras,Demonstrações Financeiras 4T24 -  Consolidado - IFRS,https://d169uzu5o4xu1k.cloudfront.net/78a5a309-f13a-41ed-a7d1-814e37b63259/2024/94c67d56-e5b0-4b06-8080-55974573a06f.pdf,https://ri.btgpactual.com/principais-informacoes/central-de-resultados,documents/BTG_Pactual/2024/4T24/Demonstracoes_Financeiras_4T24_-_Consolidado_-_IFRS__10cd746f3c50.pdf,downloaded,pdf,1726429,10cd746f3c500ca18249304879a9b206e6c64f3510ecda6222ec7c088378aef1,PDF signature and EOF,2025-03-31T00:00:00Z,pt,2ad75099-466d-47b1-89e1-3b2a80f71169,informacoes_financeiras,data/catalogs/20260906T182455,
BTG_Pactual,2024,4T24,informacoes financeiras,Demonstrações Financeiras 4T24 - Completa,https://d169uzu5o4xu1k.cloudfront.net/78a5a309-f13a-41ed-a7d1-814e37b63259/2024/2049242f-fa32-4a2c-8d3a-b01e8feb04b8.pdf,https://ri.btgpactual.com/principais-informacoes/central-de-resultados,documents/BTG_Pactual/2024/4T24/Demonstracoes_Financeiras_4T24_-_Completa__587c30ae72ac.pdf,downloaded,pdf,1969646,587c30ae72ace59b7470e303187ad261aa2ef7f308205358c4bca69c73e2b09e,PDF signature and EOF,2025-02-10T00:00:00Z,pt,205ee703-a270-4fe6-9e42-52e8853e37fb,informacoes_financeiras,data/catalogs/20260906T182455,
BTG_Pactual,2024,4T24,informacoes financeiras,Earnings Release 4T24,https://d169uzu5o4xu1k.cloudfront.net/78a5a309-f13a-41ed-a7d1-814e37b63259/2024/e25d46b7-5ee4-4491-b46c-7e5e9b123109.pdf,https://ri.btgpactual.com/principais-informacoes/central-de-resultados,documents/BTG_Pactual/2024/4T24/Earnings_Release_4T24__6b30cbfb5b24.pdf,downloaded,pdf,820815,6b30cbfb5b2420b02a6572973b874f1da4ebfdad342798d4995d7fa932dbb81c,PDF signature and EOF,2025-02-10T00:00:00Z,pt,309ea365-6e4f-4d52-bc2e-720ec7636f0c,informacoes_financeiras,data/catalogs/20260906T182455,
BTG_Pactual,2024,4T24,informacoes financeiras,Áudio Teleconferência 4T24,https://d169uzu5o4xu1k.cloudfront.net/78a5a309-f13a-41ed-a7d1-814e37b63259/2024/37d0b42f-f18f-47aa-9ba0-90e2124d8371.mp3,https://ri.btgpactual.com/principais-informacoes/central-de-resultados,documents/BTG_Pactual/2024/4T24/Audio_Teleconferencia_4T24__e493ca95bc4e.mp3,downloaded,mp3,58511010,e493ca95bc4e535f15137c18cc518893a1367ad6c600cfc5883afe4dac9c9666,signature,2025-02-18T00:00:00Z,pt,a146b498-05b7-45c2-b0cf-cc198ff98fdf,informacoes_financeiras,data/catalogs/20260906T182455,
BTG_Pactual,2024,4T24,planilha series historicas,Planilha Séries Históricas 4T24,https://d169uzu5o4xu1k.cloudfront.net/78a5a309-f13a-41ed-a7d1-814e37b63259/2024/Planilha Séries Históricas 4T24.xlsx,https://ri.btgpactual.com/principais-informacoes/central-de-resultados,documents/BTG_Pactual/2024/4T24/Planilha_Series_Historicas_4T24__e436978524fa.xlsx,downloaded,xlsx,228906,e436978524fa04b6be6a041d6eeeef1654e5d937b320728f3b0b1ea94c0cf5ce,ZIP CRC verified,2025-02-10T00:00:00Z,pt,3d9120dd-f0bb-478c-a23b-89855c2bfbff,planilha_series_historicas,data/catalogs/20260906T182455,
BTG_Pactual,2025,1T25,gerenciamento de risco,Gerenciamento de Risco (Planilha Auxiliar) - Março de 2025,https://d169uzu5o4xu1k.cloudfront.net/78a5a309-f13a-41ed-a7d1-814e37b63259/2025/36e1b01b-ec96-45f4-bd84-2b5ce4f25801.xlsx,https://ri.btgpactual.com/principais-informacoes/central-de-resultados,documents/BTG_Pactual/2025/1T25/Gerenciamento_de_Risco_Planilha_Auxiliar_-_Marco_de_2025__09a51c860917.xlsx,downloaded,xlsx,106976,09a51c8609178f63bab03f49399a19a7152360276078b76e1312859f1ee7ecd3,ZIP CRC verified,2025-08-27T03:00:00Z,pt,93fb0b3d-fa5b-4ccf-a124-9571576c35ed,gerenciamento_de_risco,data/catalogs/20260906T181843,
BTG_Pactual,2025,1T25,gerenciamento de risco,Gerenciamento de Risco - Março  de 2025,https://d169uzu5o4xu1k.cloudfront.net/78a5a309-f13a-41ed-a7d1-814e37b63259/2025/df0316c0-81e8-4495-b32f-c781b83248ae.pdf,https://ri.btgpactual.com/principais-informacoes/central-de-resultados,documents/BTG_Pactual/2025/1T25/Gerenciamento_de_Risco_-_Marco_de_2025__666dfdc342ca.pdf,downloaded,pdf,707282,666dfdc342ca1cf40cc09bf60ce6efac1dcce3b436b09d36f29c5522a1354867,PDF signature and EOF,2025-08-28T03:00:00Z,pt,c850f662-d81b-46af-aee7-6f4151f0ee22,gerenciamento_de_risco,data/catalogs/20260906T181843,
BTG_Pactual,2025,1T25,informacoes financeiras,Apresentação 1T25,https://d169uzu5o4xu1k.cloudfront.net/78a5a309-f13a-41ed-a7d1-814e37b63259/2025/fdf33e2f-2416-4a9e-acb6-d1291edd2419.pdf,https://ri.btgpactual.com/principais-informacoes/central-de-resultados,documents/BTG_Pactual/2025/1T25/Apresentacao_1T25__f265f07b59ad.pdf,downloaded,pdf,343154,f265f07b59ad7d5bb7c3489eb1d619bc299d503a668585a9ccfde11fec50be16,PDF signature and EOF,2025-05-12T00:00:00Z,pt,0afc06b7-be00-4721-a9a8-cd5376c7b407,informacoes_financeiras,data/catalogs/20260906T181843,
BTG_Pactual,2025,1T25,informacoes financeiras,Demonstrações Financeiras 1T25 -  Consolidado - IFRS,https://d169uzu5o4xu1k.cloudfront.net/78a5a309-f13a-41ed-a7d1-814e37b63259/2025/faf4a5c9-3f8a-452a-8985-1620335aea55.pdf,https://ri.btgpactual.com/principais-informacoes/central-de-resultados,documents/BTG_Pactual/2025/1T25/Demonstracoes_Financeiras_1T25_-_Consolidado_-_IFRS__4a5ed513cba2.pdf,downloaded,pdf,3412781,4a5ed513cba220842c75e715cf7f64be0dbfe00dcb05ca9b6b1aadac32abac41,PDF signature and EOF,2025-05-26T00:00:00Z,pt,4398eda6-eacc-4092-b5d3-eff0e7d5a509,informacoes_financeiras,data/catalogs/20260906T181843,
BTG_Pactual,2025,1T25,informacoes financeiras,Demonstrações Financeiras 1T25 - Completa,https://d169uzu5o4xu1k.cloudfront.net/78a5a309-f13a-41ed-a7d1-814e37b63259/2025/ab5c9fd5-54ac-4e4e-9b61-b4390eb2d252.pdf,https://ri.btgpactual.com/principais-informacoes/central-de-resultados,documents/BTG_Pactual/2025/1T25/Demonstracoes_Financeiras_1T25_-_Completa__56aa7bee70a4.pdf,downloaded,pdf,1719103,56aa7bee70a4bd87229d94c3bc9c85f7b804b188e703affc72d25d4d3eec6525,PDF signature and EOF,2025-05-12T00:00:00Z,pt,48cb6cba-1874-44fa-be25-311066ca1e4c,informacoes_financeiras,data/catalogs/20260906T181843,
BTG_Pactual,2025,1T25,informacoes financeiras,Earnings Release 1T25,https://d169uzu5o4xu1k.cloudfront.net/78a5a309-f13a-41ed-a7d1-814e37b63259/2025/a4fa593e-5651-41cb-8987-cde44fdd21d8.pdf,https://ri.btgpactual.com/principais-informacoes/central-de-resultados,documents/BTG_Pactual/2025/1T25/Earnings_Release_1T25__42606fe4fc6e.pdf,downloaded,pdf,833838,42606fe4fc6ed7806373293ac47540483924d843b331c27964de2fbace3bba6c,PDF signature and EOF,2025-05-12T00:00:00Z,pt,d641544f-0b80-40b8-a151-f040666b1862,informacoes_financeiras,data/catalogs/20260906T181843,
BTG_Pactual,2025,1T25,informacoes financeiras,Áudio Teleconferência 1T25,https://d169uzu5o4xu1k.cloudfront.net/78a5a309-f13a-41ed-a7d1-814e37b63259/2025/fa7032e7-26ea-4f17-9975-14b7e06a038f.mp3,https://ri.btgpactual.com/principais-informacoes/central-de-resultados,documents/BTG_Pactual/2025/1T25/Audio_Teleconferencia_1T25__ecf5e1194312.mp3,downloaded,mp3,56572862,ecf5e1194312049ddbbbcaf65ab0cc37f2ca7d2b26907243dabe6bcf6e1041b1,signature,2025-05-12T00:00:00Z,pt,502d3839-28a4-44a4-9b33-9a9be7ad8f48,informacoes_financeiras,data/catalogs/20260906T181843,
BTG_Pactual,2025,1T25,planilha series historicas,Planilha Séries Históricas 1T25,https://d169uzu5o4xu1k.cloudfront.net/78a5a309-f13a-41ed-a7d1-814e37b63259/2025/Planilha Séries Históricas 1T25.xlsx,https://ri.btgpactual.com/principais-informacoes/central-de-resultados,documents/BTG_Pactual/2025/1T25/Planilha_Series_Historicas_1T25__25f27eae189a.xlsx,downloaded,xlsx,234541,25f27eae189acfa3573454ab4beaa55c5989a82f1b22e0be0a497c5951c1fc64,ZIP CRC verified,2025-05-12T00:00:00Z,pt,ac11ff4f-3997-4fbd-b8e0-21d10a2a5ef5,planilha_series_historicas,data/catalogs/20260906T181843,
BTG_Pactual,2025,2T25,gerenciamento de risco,Gerenciamento de Risco (Planilha Auxiliar) - Junho de 2025,https://d169uzu5o4xu1k.cloudfront.net/78a5a309-f13a-41ed-a7d1-814e37b63259/2025/434a9a8b-3a04-4c45-95e8-7b4d2d56897d.xlsx,https://ri.btgpactual.com/principais-informacoes/central-de-resultados,documents/BTG_Pactual/2025/2T25/Gerenciamento_de_Risco_Planilha_Auxiliar_-_Junho_de_2025__14433d3a79e0.xlsx,downloaded,xlsx,395504,14433d3a79e00b242ca4050c89b46320a30f9031363e367e79495372fa3ed44f,ZIP CRC verified,2025-08-28T03:00:00Z,pt,3e9ce17b-6019-4b43-84e6-ddfe491e229c,gerenciamento_de_risco,data/catalogs/20260906T181843,
BTG_Pactual,2025,2T25,gerenciamento de risco,Gerenciamento de Risco - Junho  de 2025,https://d169uzu5o4xu1k.cloudfront.net/78a5a309-f13a-41ed-a7d1-814e37b63259/2025/06154d9a-6499-4bdf-956d-72f2800dd0c4.pdf,https://ri.btgpactual.com/principais-informacoes/central-de-resultados,documents/BTG_Pactual/2025/2T25/Gerenciamento_de_Risco_-_Junho_de_2025__c9e0e939df17.pdf,downloaded,pdf,799753,c9e0e939df179c761a473055f13c06a7b8f8b665af1196c50d0e0cb8b647b4ed,PDF signature and EOF,2025-08-29T03:00:00Z,pt,a8f4a67a-0706-46e0-893a-fb98b5007395,gerenciamento_de_risco,data/catalogs/20260906T181843,
BTG_Pactual,2025,2T25,informacoes financeiras,Apresentação 2T25,https://d169uzu5o4xu1k.cloudfront.net/78a5a309-f13a-41ed-a7d1-814e37b63259/2025/fb137022-b48b-4beb-9707-96da2ef90729.pdf,https://ri.btgpactual.com/principais-informacoes/central-de-resultados,documents/BTG_Pactual/2025/2T25/Apresentacao_2T25__a803503dd445.pdf,downloaded,pdf,430340,a803503dd4454e9f1c6ed0edadcf04141d2d0a4bd3c27431f395a806eba15e92,PDF signature and EOF,2025-08-12T00:00:00Z,pt,16583d33-e51c-4711-9964-1c78c822d57d,informacoes_financeiras,data/catalogs/20260906T181843,
BTG_Pactual,2025,2T25,informacoes financeiras,Demonstrações Financeiras 2T25 -  Consolidado - IFRS,https://d169uzu5o4xu1k.cloudfront.net/78a5a309-f13a-41ed-a7d1-814e37b63259/2025/3ed0d8db-8093-47b9-bb4d-bdab58ad1fa2.pdf,https://ri.btgpactual.com/principais-informacoes/central-de-resultados,documents/BTG_Pactual/2025/2T25/Demonstracoes_Financeiras_2T25_-_Consolidado_-_IFRS__a63a796988c1.pdf,downloaded,pdf,1462267,a63a796988c1a52137317975904c8cde957cab4d8c954f2ce55d55c0ccc3dcf9,PDF signature and EOF,2025-08-15T00:00:00Z,pt,4e876b17-bf19-475c-a868-15bd69de1bbf,informacoes_financeiras,data/catalogs/20260906T181843,
BTG_Pactual,2025,2T25,informacoes financeiras,Demonstrações Financeiras 2T25 - Completa,https://d169uzu5o4xu1k.cloudfront.net/78a5a309-f13a-41ed-a7d1-814e37b63259/2025/ec2a8781-b4ce-4802-9636-2e5f4e0845bd.pdf,https://ri.btgpactual.com/principais-informacoes/central-de-resultados,documents/BTG_Pactual/2025/2T25/Demonstracoes_Financeiras_2T25_-_Completa__76944af572f9.pdf,downloaded,pdf,2733374,76944af572f97ab35a0ab728a0ff9f175598289f11f1a296ba5e7cf191296aa7,PDF signature and EOF,2025-08-12T00:00:00Z,pt,77862299-0156-41ff-b3bd-22da66c2d26d,informacoes_financeiras,data/catalogs/20260906T181843,
BTG_Pactual,2025,2T25,informacoes financeiras,Earnings Release 2T25,https://d169uzu5o4xu1k.cloudfront.net/78a5a309-f13a-41ed-a7d1-814e37b63259/2025/4877287b-9788-4471-945a-3a7ffccfc5dd.pdf,https://ri.btgpactual.com/principais-informacoes/central-de-resultados,documents/BTG_Pactual/2025/2T25/Earnings_Release_2T25__a1b9dede8ad7.pdf,downloaded,pdf,929850,a1b9dede8ad7a59e9d378ccc2eeb9fb6b73c0ce9033659146f1abab14217d02d,PDF signature and EOF,2025-08-12T00:00:00Z,pt,4d6bcde1-b780-4237-86a7-ee7f22b011e5,informacoes_financeiras,data/catalogs/20260906T181843,
BTG_Pactual,2025,2T25,informacoes financeiras,Áudio Teleconferência 2T25,https://d169uzu5o4xu1k.cloudfront.net/78a5a309-f13a-41ed-a7d1-814e37b63259/2025/31f23973-1680-4795-a851-8f7ae4f0f9f8.mp3,https://ri.btgpactual.com/principais-informacoes/central-de-resultados,documents/BTG_Pactual/2025/2T25/Audio_Teleconferencia_2T25__a167abfd25fe.mp3,downloaded,mp3,88353499,a167abfd25fed551596106ef37e359f784699367014c61ee9a2be3f073eed424,signature,2025-08-14T00:00:00Z,pt,f42fc661-15c8-4e25-b0fb-b0e1318454cd,informacoes_financeiras,data/catalogs/20260906T181843,
BTG_Pactual,2025,2T25,planilha series historicas,Planilha Séries Históricas 2T25,https://d169uzu5o4xu1k.cloudfront.net/78a5a309-f13a-41ed-a7d1-814e37b63259/2025/Planilha Séries Históricas 2T25.xlsx,https://ri.btgpactual.com/principais-informacoes/central-de-resultados,documents/BTG_Pactual/2025/2T25/Planilha_Series_Historicas_2T25__1e9225d0347a.xlsx,downloaded,xlsx,237370,1e9225d0347a0c0520dd9f9cb1e8fbd85541896a6524fe3321608177b076bdb8,ZIP CRC verified,2025-08-12T00:00:00Z,pt,c445ca0a-d991-49be-aaad-8a4b6c6107af,planilha_series_historicas,data/catalogs/20260906T181843,
BTG_Pactual,2025,3T25,gerenciamento de risco,Gerenciamento de Risco (Planilha Auxiliar) - Setembro de 2025,https://d169uzu5o4xu1k.cloudfront.net/78a5a309-f13a-41ed-a7d1-814e37b63259/2025/a46e522a-87bb-4e72-9702-2b952eb1c307.xlsx,https://ri.btgpactual.com/principais-informacoes/central-de-resultados,documents/BTG_Pactual/2025/3T25/Gerenciamento_de_Risco_Planilha_Auxiliar_-_Setembro_de_2025__f323037f9766.xlsx,downloaded,xlsx,82798,f323037f9766601aec4c42ba7f0c4f0067d06395ce4b851542859cdaa99b59b4,ZIP CRC verified,2025-11-26T03:00:00Z,pt,e350249d-60d0-4d41-ae27-85d45c2ab312,gerenciamento_de_risco,data/catalogs/20260906T181843,
BTG_Pactual,2025,3T25,gerenciamento de risco,Gerenciamento de Risco - Setembro de 2025,https://d169uzu5o4xu1k.cloudfront.net/78a5a309-f13a-41ed-a7d1-814e37b63259/2025/ba673bf7-6dfb-4ba5-97f0-ee956ecbc6d2.pdf,https://ri.btgpactual.com/principais-informacoes/central-de-resultados,documents/BTG_Pactual/2025/3T25/Gerenciamento_de_Risco_-_Setembro_de_2025__28fb1d382c75.pdf,downloaded,pdf,703100,28fb1d382c7503daba81326897f4e0347f0676dd19701b386cf23eb735a74430,PDF signature and EOF,2025-11-26T03:00:00Z,pt,1ec22ad7-2002-407f-8037-2eb5dad80d56,gerenciamento_de_risco,data/catalogs/20260906T181843,
BTG_Pactual,2025,3T25,informacoes financeiras,Apresentação 3T25,https://d169uzu5o4xu1k.cloudfront.net/78a5a309-f13a-41ed-a7d1-814e37b63259/2025/fa24a056-a318-46a8-9d20-4cf43ca7163a.pdf,https://ri.btgpactual.com/principais-informacoes/central-de-resultados,documents/BTG_Pactual/2025/3T25/Apresentacao_3T25__c5b78c66fb24.pdf,downloaded,pdf,462026,c5b78c66fb24900d70619983d070c080da530846651f6a38630abe1c7e239559,PDF signature and EOF,2025-11-11T00:00:00Z,pt,e2b42e7f-4d74-499a-9cf1-a09839d2eae2,informacoes_financeiras,data/catalogs/20260906T181843,
BTG_Pactual,2025,3T25,informacoes financeiras,Demonstrações Financeiras 3T25 -  Consolidado - IFRS,https://d169uzu5o4xu1k.cloudfront.net/78a5a309-f13a-41ed-a7d1-814e37b63259/2025/cfe3e1de-4d7c-421c-a0a8-ab8ea22c4d8e.pdf,https://ri.btgpactual.com/principais-informacoes/central-de-resultados,documents/BTG_Pactual/2025/3T25/Demonstracoes_Financeiras_3T25_-_Consolidado_-_IFRS__5a37e598c585.pdf,downloaded,pdf,1474281,5a37e598c585f34690bce68508d0ed85eb90ced2747fea62e2016fe4beab97e9,PDF signature and EOF,2025-11-17T00:00:00Z,pt,f7dd513d-282b-48c1-8393-ee628670de89,informacoes_financeiras,data/catalogs/20260906T181843,
BTG_Pactual,2025,3T25,informacoes financeiras,Demonstrações Financeiras 3T25 - Completa,https://d169uzu5o4xu1k.cloudfront.net/78a5a309-f13a-41ed-a7d1-814e37b63259/2025/5c87cf93-bf8f-4cbc-a756-755d7e202137.pdf,https://ri.btgpactual.com/principais-informacoes/central-de-resultados,documents/BTG_Pactual/2025/3T25/Demonstracoes_Financeiras_3T25_-_Completa__929125b0734e.pdf,downloaded,pdf,2142180,929125b0734ecc6c9f3d30787a0d57e002dd531029957cb2d903d35e51527530,PDF signature and EOF,2025-11-11T00:00:00Z,pt,d4dc6801-5bca-4050-a897-24654ce2eb21,informacoes_financeiras,data/catalogs/20260906T181843,
BTG_Pactual,2025,3T25,informacoes financeiras,Earnings Release 3T25,https://d169uzu5o4xu1k.cloudfront.net/78a5a309-f13a-41ed-a7d1-814e37b63259/2025/d5e22e67-254d-4ecc-8a16-b192df507f03.pdf,https://ri.btgpactual.com/principais-informacoes/central-de-resultados,documents/BTG_Pactual/2025/3T25/Earnings_Release_3T25__7841a97d7837.pdf,downloaded,pdf,885151,7841a97d7837f97ff80659716d6ac0619d4c5633de1496316bd1f8b0c339c440,PDF signature and EOF,2025-11-11T00:00:00Z,pt,b64204d8-d19c-4ca9-be10-ad9d6e87f3d9,informacoes_financeiras,data/catalogs/20260906T181843,
BTG_Pactual,2025,3T25,informacoes financeiras,Áudio Teleconferência 3T25,https://d169uzu5o4xu1k.cloudfront.net/78a5a309-f13a-41ed-a7d1-814e37b63259/2025/007b2203-e4b1-42db-bb0f-9c56142e771d.mp3,https://ri.btgpactual.com/principais-informacoes/central-de-resultados,documents/BTG_Pactual/2025/3T25/Audio_Teleconferencia_3T25__4792411f8ce4.mp3,downloaded,mp3,53020246,4792411f8ce49cce554697c6dc27b6cc4b833e521d9bf8f4fe1283f38f8e8909,signature,2025-11-13T00:00:00Z,pt,3d527e1c-0ee3-4d92-a7cf-b2fafc3490a3,informacoes_financeiras,data/catalogs/20260906T181843,
BTG_Pactual,2025,3T25,planilha series historicas,Planilha Séries Históricas 3T25,https://d169uzu5o4xu1k.cloudfront.net/78a5a309-f13a-41ed-a7d1-814e37b63259/2025/Planilha Séries Históricas 3T25.xlsx,https://ri.btgpactual.com/principais-informacoes/central-de-resultados,documents/BTG_Pactual/2025/3T25/Planilha_Series_Historicas_3T25__247a389927b8.xlsx,downloaded,xlsx,239928,247a389927b84ec71ae14375118513aba83311a9c8101e34da1e0122c6e08263,ZIP CRC verified,2025-11-11T00:00:00Z,pt,df0645ad-1c92-4c3c-9a5d-8eba51da39fe,planilha_series_historicas,data/catalogs/20260906T181843,
BTG_Pactual,2025,4T25,gerenciamento de risco,Gerenciamento de Risco (Planilha Auxiliar) - Dezembro de 2025,https://d169uzu5o4xu1k.cloudfront.net/78a5a309-f13a-41ed-a7d1-814e37b63259/2025/7fece879-89b4-4511-9010-51bb4976f68a.xlsx,https://ri.btgpactual.com/principais-informacoes/central-de-resultados,documents/BTG_Pactual/2025/4T25/Gerenciamento_de_Risco_Planilha_Auxiliar_-_Dezembro_de_2025__a9b84fd69bb2.xlsx,downloaded,xlsx,324881,a9b84fd69bb211bdd5100f97fefdd0616d1060735046374baad4451ff936d7aa,ZIP CRC verified,2026-03-30T03:00:00Z,pt,b6d866fc-9716-441d-982e-e809b9619563,gerenciamento_de_risco,data/catalogs/20260906T181843,
BTG_Pactual,2025,4T25,gerenciamento de risco,Gerenciamento de Risco - Dezembro de 2025,https://d169uzu5o4xu1k.cloudfront.net/78a5a309-f13a-41ed-a7d1-814e37b63259/2025/f0605c2f-4043-44f9-8c22-8508504763dd.pdf,https://ri.btgpactual.com/principais-informacoes/central-de-resultados,documents/BTG_Pactual/2025/4T25/Gerenciamento_de_Risco_-_Dezembro_de_2025__d569b0e674a1.pdf,downloaded,pdf,1147630,d569b0e674a1dfc70a359ae0550a85df29db4657374d6f25f496c4e80b8598ab,PDF signature and EOF,2026-03-30T03:00:00Z,pt,3ca22ce3-8da9-4910-9dbc-35ddb3a6420f,gerenciamento_de_risco,data/catalogs/20260906T181843,
BTG_Pactual,2025,4T25,informacoes financeiras,Apresentação 4T25,https://d169uzu5o4xu1k.cloudfront.net/78a5a309-f13a-41ed-a7d1-814e37b63259/2025/7f1521a4-fb89-403c-9c3c-07e567dd921c.pdf,https://ri.btgpactual.com/principais-informacoes/central-de-resultados,documents/BTG_Pactual/2025/4T25/Apresentacao_4T25__8850b1704182.pdf,downloaded,pdf,603603,8850b1704182b1053224176f192ad36d7579b5610e55825c4bc51de26e378e97,PDF signature and EOF,2026-02-09T03:00:00Z,pt,e8909aa6-935e-411f-8c3e-60d1fbf027d4,informacoes_financeiras,data/catalogs/20260906T181843,
BTG_Pactual,2025,4T25,informacoes financeiras,Demonstrações Financeiras 4T25 -  Consolidado - IFRS,https://d169uzu5o4xu1k.cloudfront.net/78a5a309-f13a-41ed-a7d1-814e37b63259/2025/8fc4586b-7c7b-42a1-acc1-be8d6ba7ac76.pdf,https://ri.btgpactual.com/principais-informacoes/central-de-resultados,documents/BTG_Pactual/2025/4T25/Demonstracoes_Financeiras_4T25_-_Consolidado_-_IFRS__ce5ff293c005.pdf,downloaded,pdf,8241305,ce5ff293c0055fc951571e59925f7b4f193d1dc39bffd902bc9a39eaab30776f,PDF signature and EOF,2026-03-25T00:22:00Z,pt,4db00619-3d0a-453a-9faf-dea45fab0056,informacoes_financeiras,data/catalogs/20260906T181843,
BTG_Pactual,2025,4T25,informacoes financeiras,Earnings Release 4T25,https://d169uzu5o4xu1k.cloudfront.net/78a5a309-f13a-41ed-a7d1-814e37b63259/2025/a7df0336-5ce2-4a4c-bc11-bc17c98849d1.pdf,https://ri.btgpactual.com/principais-informacoes/central-de-resultados,documents/BTG_Pactual/2025/4T25/Earnings_Release_4T25__bc4eea46c3d0.pdf,downloaded,pdf,1058836,bc4eea46c3d0ce202c300ef096d003a8b6da7823ca00ac3d5bd634665b86a59a,PDF signature and EOF,2026-02-09T03:00:00Z,pt,f63f2ddc-b116-4ec1-bd07-ead27a21f39f,informacoes_financeiras,data/catalogs/20260906T181843,
BTG_Pactual,2026,1T26,gerenciamento de risco,Gerenciamento de Risco (Planilha Auxiliar) - Março de 2026,https://d169uzu5o4xu1k.cloudfront.net/78a5a309-f13a-41ed-a7d1-814e37b63259/2026/5eb5d92d-cf45-40e8-af1b-faa6abf006a7.xlsx,https://ri.btgpactual.com/principais-informacoes/central-de-resultados,documents/BTG_Pactual/2026/1T26/Gerenciamento_de_Risco_Planilha_Auxiliar_-_Marco_de_2026__d5b0e864d345.xlsx,downloaded,xlsx,79168,d5b0e864d3455617bc774e385b21bcf665f446e4be1078511e3f7544324f7d38,ZIP CRC verified,2026-05-15T03:00:00Z,pt,8a539a76-ec76-4561-bfe2-5cc321a91b26,gerenciamento_de_risco,data/catalogs/20260906T181843,
BTG_Pactual,2026,1T26,gerenciamento de risco,Gerenciamento de Risco - Março de 2026,https://d169uzu5o4xu1k.cloudfront.net/78a5a309-f13a-41ed-a7d1-814e37b63259/2026/63f4e8d4-b315-4e58-8db2-3ce93a2dc2b2.pdf,https://ri.btgpactual.com/principais-informacoes/central-de-resultados,documents/BTG_Pactual/2026/1T26/Gerenciamento_de_Risco_-_Marco_de_2026__f20459933ad1.pdf,downloaded,pdf,874789,f20459933ad17925306d6e47030cd3593b0a540ef524206d4aa5c10f6d356f73,PDF signature and EOF,2026-05-15T03:00:00Z,pt,1aa6ee58-e7d4-493d-8a70-3fb27c74e0f8,gerenciamento_de_risco,data/catalogs/20260906T181843,
BTG_Pactual,2026,1T26,informacoes financeiras,Apresentação 1T26,https://d169uzu5o4xu1k.cloudfront.net/78a5a309-f13a-41ed-a7d1-814e37b63259/2026/32544617-5a3a-44b8-bfdb-68bcdea7b200.pdf,https://ri.btgpactual.com/principais-informacoes/central-de-resultados,documents/BTG_Pactual/2026/1T26/Apresentacao_1T26__f18c8b800b6e.pdf,downloaded,pdf,474163,f18c8b800b6e68a7c0b20fa76113abdc902a011da499d4c9256145df49a62a95,PDF signature and EOF,2026-05-11T03:00:00Z,pt,ea159d95-29ad-47f7-90c2-cf3d4aae33f2,informacoes_financeiras,data/catalogs/20260906T181843,
BTG_Pactual,2026,1T26,informacoes financeiras,Demonstrações Financeiras 1T26 -  Consolidado - IFRS,https://d169uzu5o4xu1k.cloudfront.net/78a5a309-f13a-41ed-a7d1-814e37b63259/2026/03dec8c5-4ac7-4de5-89b5-2bad97ed63cc.pdf,https://ri.btgpactual.com/principais-informacoes/central-de-resultados,documents/BTG_Pactual/2026/1T26/Demonstracoes_Financeiras_1T26_-_Consolidado_-_IFRS__5ebad6d8ba3f.pdf,downloaded,pdf,1501737,5ebad6d8ba3f1532aea7eaa462a0aef53b88dc0a6292620e8d9155336b078680,PDF signature and EOF,2026-05-16T00:51:00Z,pt,5c787e4b-6d97-4c7d-b010-5de69778e29f,informacoes_financeiras,data/catalogs/20260906T181843,
BTG_Pactual,2026,1T26,informacoes financeiras,Demonstrações Financeiras 1T26 - Completa,https://d169uzu5o4xu1k.cloudfront.net/78a5a309-f13a-41ed-a7d1-814e37b63259/2026/9b14a72c-9b74-4502-b235-a49b01076133.pdf,https://ri.btgpactual.com/principais-informacoes/central-de-resultados,documents/BTG_Pactual/2026/1T26/Demonstracoes_Financeiras_1T26_-_Completa__15ad3e9d6552.pdf,downloaded,pdf,2265320,15ad3e9d6552d904b08f706dc0b873a826624d26d8bb2eb45fe51aabda261598,PDF signature and EOF,2026-05-11T08:07:00Z,pt,aa8728c8-bd95-4e9c-8042-568cbd5f7068,informacoes_financeiras,data/catalogs/20260906T181843,
BTG_Pactual,2026,1T26,informacoes financeiras,Earnings Release 1T26,https://d169uzu5o4xu1k.cloudfront.net/78a5a309-f13a-41ed-a7d1-814e37b63259/2026/13584ac9-41db-4333-b6f6-d7036f9110be.pdf,https://ri.btgpactual.com/principais-informacoes/central-de-resultados,documents/BTG_Pactual/2026/1T26/Earnings_Release_1T26__c2859efe5870.pdf,downloaded,pdf,989492,c2859efe5870c5e5fc3b2b2dde9846dad3d6d0d051d23cf7ecf46f7483199173,PDF signature and EOF,2026-05-11T08:17:00Z,pt,79a4e687-4c10-45bc-8889-a39a315bd490,informacoes_financeiras,data/catalogs/20260906T181843,
BTG_Pactual,2026,1T26,planilha series historicas,Planilha Séries Históricas 1T26,https://d169uzu5o4xu1k.cloudfront.net/78a5a309-f13a-41ed-a7d1-814e37b63259/2026/d4738958-8358-4a9c-a369-6eb6740e5a8e.xlsx,https://ri.btgpactual.com/principais-informacoes/central-de-resultados,documents/BTG_Pactual/2026/1T26/Planilha_Series_Historicas_1T26__5a3844b0b58b.xlsx,downloaded,xlsx,264980,5a3844b0b58b0f254caa12ed31b4d6a71f39d72c87fdfbf09570bcf353219972,ZIP CRC verified,2026-03-02T03:00:00Z,pt,e35a418c-2bbc-4da8-92e7-c6b59ce8d8b0,planilha_series_historicas,data/catalogs/20260906T181843,
BTG_Pactual,2026,2T26,gerenciamento de risco, Gerenciamento de Risco - Junho de 2026,https://d169uzu5o4xu1k.cloudfront.net/78a5a309-f13a-41ed-a7d1-814e37b63259/2026/e76eab40-b6be-4319-baf8-8a8006353dd1.pdf,https://ri.btgpactual.com/principais-informacoes/central-de-resultados,documents/BTG_Pactual/2026/2T26/Gerenciamento_de_Risco_-_Junho_de_2026__92eb5de54cc5.pdf,downloaded,pdf,879797,92eb5de54cc51da2d5c8c602391a98495e1b53100aa2319be8f6fbada7e7f19f,PDF signature and EOF,2026-08-28T03:00:00Z,pt,ab167411-8192-4119-9290-a6939870c4a2,gerenciamento_de_risco,data/catalogs/20260906T181843,
BTG_Pactual,2026,2T26,gerenciamento de risco,Gerenciamento de Risco (Planilha Auxiliar) - Junho de 2026,https://d169uzu5o4xu1k.cloudfront.net/78a5a309-f13a-41ed-a7d1-814e37b63259/2026/8d953655-2095-42d7-9691-5aaaeeb19f38.xlsx,https://ri.btgpactual.com/principais-informacoes/central-de-resultados,documents/BTG_Pactual/2026/2T26/Gerenciamento_de_Risco_Planilha_Auxiliar_-_Junho_de_2026__2c5eac4c6262.xlsx,downloaded,xlsx,365651,2c5eac4c6262ce5aeaebe55ca02abc05e47e966e9594bfb7dd4781c012081866,ZIP CRC verified,2026-08-28T03:00:00Z,pt,6a5edc10-c2b4-485d-92af-9dc695a2729b,gerenciamento_de_risco,data/catalogs/20260906T181843,
BTG_Pactual,2026,2T26,informacoes financeiras, Demonstrações Financeiras 2T26 - Consolidado - IFRS,https://d169uzu5o4xu1k.cloudfront.net/78a5a309-f13a-41ed-a7d1-814e37b63259/2026/a64e20eb-d355-454b-83c6-7bd20ffd7cf6.pdf,https://ri.btgpactual.com/principais-informacoes/central-de-resultados,documents/BTG_Pactual/2026/2T26/Demonstracoes_Financeiras_2T26_-_Consolidado_-_IFRS__81cde722477a.pdf,downloaded,pdf,4018234,81cde722477a3c509028bc0a72d0ddc1fb319f25036adb23cfb150fa60b0d30e,PDF signature and EOF,2026-08-14T03:00:00Z,pt,98b0bf7d-3fa5-4079-bf8b-de390fd5f401,informacoes_financeiras,data/catalogs/20260906T181843,
BTG_Pactual,2026,2T26,informacoes financeiras,Apresentação 2T26,https://d169uzu5o4xu1k.cloudfront.net/78a5a309-f13a-41ed-a7d1-814e37b63259/2026/362cd1eb-d0c1-40fa-9af3-06a74b1bbb69.pdf,https://ri.btgpactual.com/principais-informacoes/central-de-resultados,documents/BTG_Pactual/2026/2T26/Apresentacao_2T26__3f16dd5259e2.pdf,downloaded,pdf,1265641,3f16dd5259e25a029e8a7f4af0b2c18cee503ad74560f817374c73bb23aac03d,PDF signature and EOF,2026-08-11T03:00:00Z,pt,aad2a027-5b6d-4e88-b3d3-c01eb48bd48f,informacoes_financeiras,data/catalogs/20260906T181843,
BTG_Pactual,2026,2T26,informacoes financeiras,Demonstrações Financeiras 2T26 - Completa,https://d169uzu5o4xu1k.cloudfront.net/78a5a309-f13a-41ed-a7d1-814e37b63259/2026/4d65bcc6-110f-41d3-a617-598789e8ce86.pdf,https://ri.btgpactual.com/principais-informacoes/central-de-resultados,documents/BTG_Pactual/2026/2T26/Demonstracoes_Financeiras_2T26_-_Completa__a0c1608e8133.pdf,downloaded,pdf,2464390,a0c1608e8133303cdb84daf1d4d79e3d5dcadc50f78aaf6dff0fb844ec5d8c8f,PDF signature and EOF,2026-08-11T03:00:00Z,pt,3a17eb54-129f-485e-b710-36975bbd56fe,informacoes_financeiras,data/catalogs/20260906T181843,
BTG_Pactual,2026,2T26,informacoes financeiras,Earnings Release 2T26,https://d169uzu5o4xu1k.cloudfront.net/78a5a309-f13a-41ed-a7d1-814e37b63259/2026/3b140a94-9099-43e5-ad8d-bfc1724b8ddb.pdf,https://ri.btgpactual.com/principais-informacoes/central-de-resultados,documents/BTG_Pactual/2026/2T26/Earnings_Release_2T26__60db3a76d472.pdf,downloaded,pdf,959072,60db3a76d4720fc5ceb06633eb969bbf07df0766a8063c753d1bff5d72043374,PDF signature and EOF,2026-08-11T09:04:00Z,pt,50e9272d-23ec-4acb-9376-28e08cce1fd7,informacoes_financeiras,data/catalogs/20260906T181843,
BTG_Pactual,2026,2T26,informacoes financeiras,Áudio Teleconferência 2T26,https://d169uzu5o4xu1k.cloudfront.net/78a5a309-f13a-41ed-a7d1-814e37b63259/2026/656feca2-88a0-489f-a753-32d50fa65a6.m4a,https://ri.btgpactual.com/principais-informacoes/central-de-resultados,documents/BTG_Pactual/2026/2T26/Audio_Teleconferencia_2T26__672229d41d58.mp4,downloaded,mp4,97399400,672229d41d58f11d97be87657d647da77541776e00b49f3d80500f5a4cae161c,signature,2026-08-11T03:00:00Z,pt,bb35d074-23bb-41b5-84f2-0bf48b18c240,informacoes_financeiras,data/catalogs/20260906T181843,
BTG_Pactual,2026,2T26,planilha_series_historicas,Planilhas Séries Históricas 2T26,https://d169uzu5o4xu1k.cloudfront.net/78a5a309-f13a-41ed-a7d1-814e37b63259/2026/7b97fa2e-8f44-42b4-9b21-61417b2d746e.xlsx,https://ri.btgpactual.com/principais-informacoes/central-de-resultados,documents/BTG_Pactual/2026/2T26/Planilhas_Series_Historicas_2T26__fcd319bf1765.xlsx,downloaded,xlsx,267499,fcd319bf1765b93a11d47577b8d8b4847d0f4820cf9a943b136dc78659b02d77,ZIP CRC verified,,,eebaf8a6-f967-4103-9bce-68c6f045c003,planilha_series_historicas,,
Banco_do_Brasil,2024,1T24,Análise do Desempenho,Analise de Desempenho - 1T24,https://api.mziq.com/mzfilemanager/v2/d/5760dff3-15e1-4962-9e81-322a0b3d0bbd/c8c43746-092f-c710-6c86-f802d46a76e8?origin=2,https://ri.bb.com.br/informacoes-financeiras/central-de-resultados/,documents/Banco_do_Brasil/2024/1T24/Analise_de_Desempenho_-_1T24__61cfeb18ed5d.pdf,downloaded,pdf,5510984,61cfeb18ed5da39d8e99476711f43a459bad9d35ea89a34b4a17e29ec49d742d,PDF signature and EOF,2024-05-08T00:00:00.000Z,pt_BR,5066f35b-ed4b-4deb-988a-5a6867395bdb,downloads-analise-do-desempenho,data/catalogs/20260906T182455,
Banco_do_Brasil,2024,1T24,Apresentação Institucional,Institucional 1T24,https://api.mziq.com/mzfilemanager/v2/d/5760dff3-15e1-4962-9e81-322a0b3d0bbd/5b0e3a31-9dc3-8761-cd07-a1f6913bfe2d?origin=2,https://ri.bb.com.br/informacoes-financeiras/central-de-resultados/,documents/Banco_do_Brasil/2024/1T24/Institucional_1T24__490642f89200.pdf,downloaded,pdf,7934435,490642f89200889bb6b9a6a40610ecd27ba3b1adfb891a77aa5e9c88ebe8f5f7,PDF signature and EOF,2024-05-24T00:00:00.000Z,pt_BR,e1a9f71d-f42b-4431-b705-144a761324e5,resultados-trimestrais,data/catalogs/20260906T182455,
Banco_do_Brasil,2024,1T24,BB Notícias ,BB Notícias 1T24,https://api.mziq.com/mzfilemanager/v2/d/5760dff3-15e1-4962-9e81-322a0b3d0bbd/363fe12e-b4d9-e5f0-f68e-b21d0484bdfe?origin=2,https://ri.bb.com.br/informacoes-financeiras/central-de-resultados/,documents/Banco_do_Brasil/2024/1T24/BB_Noticias_1T24__733233fd0a93.pdf,downloaded,pdf,293735,733233fd0a9351ad6485ae28a469a4681645595638108651e0e0a311cf79cd29,PDF signature and EOF,2024-05-08T00:00:00.000Z,pt_BR,0ed6e941-395e-4647-b080-769e4e8a229f,downloads-bb-noticias,data/catalogs/20260906T182455,
Banco_do_Brasil,2024,1T24,Boletim InformAções BB,Boletim InformAções 1T24,https://api.mziq.com/mzfilemanager/v2/d/5760dff3-15e1-4962-9e81-322a0b3d0bbd/a06a930d-ad09-df5f-42c2-5c339472cf1d?origin=2,https://ri.bb.com.br/informacoes-financeiras/central-de-resultados/,documents/Banco_do_Brasil/2024/1T24/Boletim_InformAcoes_1T24__9e7887d3b210.pdf,downloaded,pdf,5705865,9e7887d3b210e38ea9763ff03fe120859ed55b4254e8ca5476d2db189a4611fc,PDF signature and EOF,2024-05-23T00:00:00.000Z,pt_BR,fe4e17ee-c586-4d93-a174-47a049e2fb39,boletim_trimestral,data/catalogs/20260906T182455,
Banco_do_Brasil,2024,1T24,Coletiva de Imprensa; Apresentação da Teleconferência,Teleconferência 1T24,https://api.mziq.com/mzfilemanager/v2/d/5760dff3-15e1-4962-9e81-322a0b3d0bbd/a7b27aa4-c611-eaa8-c141-8b8caba75cf0?origin=2,https://ri.bb.com.br/informacoes-financeiras/central-de-resultados/,documents/Banco_do_Brasil/2024/1T24/Teleconferencia_1T24__eb97fd3df2f1.pdf,downloaded,pdf,6067379,eb97fd3df2f118d28c3b7bb06cd417c706125e39c9aee7f40aaa440477c94c1b,PDF signature and EOF,2024-05-08T00:00:00.000Z,pt_BR,13f71b3c-3a8d-42c7-a292-c2689a897178,coletivas-de-imprensa,data/catalogs/20260906T182455,
Banco_do_Brasil,2024,1T24,Demonstrações Contábeis,Demonstrações Contábeis 1T24,https://api.mziq.com/mzfilemanager/v2/d/5760dff3-15e1-4962-9e81-322a0b3d0bbd/e30e8e7d-7242-499c-03b5-aa6e534f97e5?origin=2,https://ri.bb.com.br/informacoes-financeiras/central-de-resultados/,documents/Banco_do_Brasil/2024/1T24/Demonstracoes_Contabeis_1T24__22890196f90d.docx,downloaded,docx,2551842,22890196f90dfd5c7e11be7bb03d866eacf544064d9dfbd86be0ddc6cece5a57,ZIP CRC verified,2024-05-08T00:00:00.000Z,pt_BR,d181cae9-3939-4f8a-a40b-a573a6fb4bcc,downloads-demonstracoes-contabeis,data/catalogs/20260906T182455,
Banco_do_Brasil,2024,1T24,Demonstrações Contábeis PDF,Demonstrações Contábeis PDF 1T24,https://api.mziq.com/mzfilemanager/v2/d/5760dff3-15e1-4962-9e81-322a0b3d0bbd/4153b714-8566-6715-f981-f2d8b1d825b2?origin=2,https://ri.bb.com.br/informacoes-financeiras/central-de-resultados/,documents/Banco_do_Brasil/2024/1T24/Demonstracoes_Contabeis_PDF_1T24__477afed394b7.pdf,downloaded,pdf,3434975,477afed394b75c1a1eac3cca73f81be21262af9ec0dd784fc67557fa6e03cf7c,PDF signature and EOF,2024-05-08T00:00:00.000Z,pt_BR,141f6047-de89-4ac6-af13-edf3ac5899dd,downloads-demonstracoes-contabeis-pdf,data/catalogs/20260906T182455,
Banco_do_Brasil,2024,1T24,Demonstrações Contábeis em IFRS,Demonstrações Contábeis em IFRS 1T24,https://api.mziq.com/mzfilemanager/v2/d/5760dff3-15e1-4962-9e81-322a0b3d0bbd/5bc435b1-806b-bbd1-5603-966d5170c51c?origin=2,https://ri.bb.com.br/informacoes-financeiras/central-de-resultados/,documents/Banco_do_Brasil/2024/1T24/Demonstracoes_Contabeis_em_IFRS_1T24__042854b9bb17.pdf,downloaded,pdf,2710100,042854b9bb17fa35c607aaa3e12e5f0a308053f137124dc181b6264438701044,PDF signature and EOF,2024-05-08T00:00:00.000Z,pt_BR,da3ea49f-51b1-45b3-9cbb-3dd23ac47109,downloads-demonstracoes-contabeis-em-ifrs,data/catalogs/20260906T182455,
Banco_do_Brasil,2024,1T24,Relatório da Administração,Relatório da  Administração 1T24,https://api.mziq.com/mzfilemanager/v2/d/5760dff3-15e1-4962-9e81-322a0b3d0bbd/68bddcc3-6ceb-e31b-bc45-5d87104dba2d?origin=2,https://ri.bb.com.br/informacoes-financeiras/central-de-resultados/,documents/Banco_do_Brasil/2024/1T24/Relatorio_da_Administracao_1T24__3f40bac3e11d.docx,downloaded,docx,3115484,3f40bac3e11d230a2c8b632d0e27947fcf7c52b17539c1feb3398d27ac134ae4,ZIP CRC verified,2024-05-08T00:00:00.000Z,pt_BR,c28289cf-6f62-4598-850c-13d3a46a86c7,relatorio-administracao,data/catalogs/20260906T182455,
Banco_do_Brasil,2024,1T24,Sumário do Resultado,Sumário do Resultado 1T24,https://api.mziq.com/mzfilemanager/v2/d/5760dff3-15e1-4962-9e81-322a0b3d0bbd/5b90cdd9-0fb8-aaab-afbb-10ee2a4933ed?origin=2,https://ri.bb.com.br/informacoes-financeiras/central-de-resultados/,documents/Banco_do_Brasil/2024/1T24/Sumario_do_Resultado_1T24__44ba2921442a.pdf,downloaded,pdf,244921,44ba2921442ac7ed7b4a720c0e5bce867c1e696e6c469709ff7ba9ff83573275,PDF signature and EOF,2024-05-08T00:00:00.000Z,pt_BR,653d579d-9498-4b99-a6de-678508e69eb0,sumario-resultado,data/catalogs/20260906T182455,
Banco_do_Brasil,2024,1T24,Séries Históricas,Séries Históricas 1T24,https://api.mziq.com/mzfilemanager/v2/d/5760dff3-15e1-4962-9e81-322a0b3d0bbd/3db7c709-7a06-f7ee-887f-36c258f698ec?origin=2,https://ri.bb.com.br/informacoes-financeiras/central-de-resultados/,documents/Banco_do_Brasil/2024/1T24/Series_Historicas_1T24__d4dbef4b0326.xlsx,downloaded,xlsx,1438240,d4dbef4b0326f8bb76bc78272545f63f4021269401e919995cf40c8ab486afb8,ZIP CRC verified,2024-05-08T00:00:00.000Z,pt_BR,7fc2aa07-d53a-401e-be85-f23ca9661ade,downloads-series-historicas,data/catalogs/20260906T182455,
Banco_do_Brasil,2024,1T24,Transcrição da Teleconferência,Transcrição Live de Resultados - 1T24,https://api.mziq.com/mzfilemanager/v2/d/5760dff3-15e1-4962-9e81-322a0b3d0bbd/72e221ed-0fdb-1210-5e9f-dee2550a0a8d?origin=2,https://ri.bb.com.br/informacoes-financeiras/central-de-resultados/,documents/Banco_do_Brasil/2024/1T24/Transcricao_Live_de_Resultados_-_1T24__d3ebe33024de.pdf,downloaded,pdf,369690,d3ebe33024de181250b91bffc767ab6df2dabbd5d60aab8096948288dc4268b3,PDF signature and EOF,2024-05-20T00:00:00.000Z,pt_BR,fd2af6d8-87c8-40f9-a69d-690f908149b7,tele-transcricao,data/catalogs/20260906T182455,
Banco_do_Brasil,2024,1T24,Vídeo Apresentação de Resultado,Video Resultado 1T24,https://api.mziq.com/mzfilemanager/v2/d/5760dff3-15e1-4962-9e81-322a0b3d0bbd/fd9136d9-8065-372c-5846-c653aa6a502e?origin=2,https://ri.bb.com.br/informacoes-financeiras/central-de-resultados/,documents/Banco_do_Brasil/2024/1T24/Video_Resultado_1T24__8b72e071.url,external_link,,,,Official catalog link; streaming/page not archived,2024-05-16T00:00:00.000Z,pt_BR,8b72e071-0f0b-4c64-a258-418c2158af36,gravacao,data/catalogs/20260906T182455,
Banco_do_Brasil,2024,1T24,Vídeo Live de Resultados,Video 1T24,https://api.mziq.com/mzfilemanager/v2/d/5760dff3-15e1-4962-9e81-322a0b3d0bbd/392bf325-d7d7-f9e8-e694-644fdf091426?origin=2,https://ri.bb.com.br/informacoes-financeiras/central-de-resultados/,documents/Banco_do_Brasil/2024/1T24/Video_1T24__50b11b24.url,external_link,,,,Official catalog link; streaming/page not archived,2024-05-09T00:00:00.000Z,pt_BR,50b11b24-16b5-41fe-96b0-2e9b03ac4489,Video Live,data/catalogs/20260906T182455,
Banco_do_Brasil,2024,1T24,Áudio da Teleconferência,Audio 1T24,https://api.mziq.com/mzfilemanager/v2/d/5760dff3-15e1-4962-9e81-322a0b3d0bbd/e0072da2-4a77-719e-cc31-5bac5f324f1b?origin=2,https://ri.bb.com.br/informacoes-financeiras/central-de-resultados/,documents/Banco_do_Brasil/2024/1T24/Audio_1T24__2c0265b2.url,external_link,,,,Official catalog link; streaming/page not archived,2024-05-09T00:00:00.000Z,pt_BR,2c0265b2-17f9-437d-a80c-97226aea61e0,tele-audio,data/catalogs/20260906T182455,
Banco_do_Brasil,2024,2T24,Análise do Desempenho,Analise de Desempenho - 2T24,https://api.mziq.com/mzfilemanager/v2/d/5760dff3-15e1-4962-9e81-322a0b3d0bbd/ba2f604f-beb4-6ee2-20bb-c2bcabbddf84?origin=2,https://ri.bb.com.br/informacoes-financeiras/central-de-resultados/,documents/Banco_do_Brasil/2024/2T24/Analise_de_Desempenho_-_2T24__a3b81fb99ebd.pdf,downloaded,pdf,6797393,a3b81fb99ebdbe0ecb25f284d2ef22c4f5acecbcc31df0a4fae58dcb2e80f2ab,PDF signature and EOF,2024-08-07T00:00:00.000Z,pt_BR,de5b08e0-0e51-4e03-8d22-adae0101948e,downloads-analise-do-desempenho,data/catalogs/20260906T182455,
Banco_do_Brasil,2024,2T24,Apresentação Institucional,Institucional 2T24,https://api.mziq.com/mzfilemanager/v2/d/5760dff3-15e1-4962-9e81-322a0b3d0bbd/03918a7a-ec6d-3c51-9580-332fb4917be5?origin=2,https://ri.bb.com.br/informacoes-financeiras/central-de-resultados/,documents/Banco_do_Brasil/2024/2T24/Institucional_2T24__bb4007b27d74.pdf,downloaded,pdf,8179195,bb4007b27d7454f42912624b193f7b2ce18c1ae9b8daea64e99216b08e941ac6,PDF signature and EOF,2024-10-03T00:00:00.000Z,pt_BR,35f59722-cb89-4c0b-bcea-dd4c1d20659a,resultados-trimestrais,data/catalogs/20260906T182455,
Banco_do_Brasil,2024,2T24,BB Notícias ,BB Notícias 2T24,https://api.mziq.com/mzfilemanager/v2/d/5760dff3-15e1-4962-9e81-322a0b3d0bbd/3394c31f-89f1-9545-298c-3576310b7ae7?origin=2,https://ri.bb.com.br/informacoes-financeiras/central-de-resultados/,documents/Banco_do_Brasil/2024/2T24/BB_Noticias_2T24__f83e962e71b5.pdf,downloaded,pdf,253011,f83e962e71b56f9def5f241e401924f2740a794000c370a05aa01bd72da66195,PDF signature and EOF,2024-08-07T00:00:00.000Z,pt_BR,def6ab85-22d0-412f-88bc-99892ff8935b,downloads-bb-noticias,data/catalogs/20260906T182455,
Banco_do_Brasil,2024,2T24,Boletim InformAções BB,InformAções 2T24,https://api.mziq.com/mzfilemanager/v2/d/5760dff3-15e1-4962-9e81-322a0b3d0bbd/45d14393-9c33-9cc1-63d2-13d69912c599?origin=2,https://ri.bb.com.br/informacoes-financeiras/central-de-resultados/,documents/Banco_do_Brasil/2024/2T24/InformAcoes_2T24__f620cf401e7e.pdf,downloaded,pdf,19323832,f620cf401e7e9e82f87fff55e4ea5075fa920e0f11f1a1cde5d4e3437c6379b8,PDF signature and EOF,2024-08-28T00:00:00.000Z,pt_BR,ddd621b9-c956-4655-bdf5-a9ed0e9d5151,boletim_trimestral,data/catalogs/20260906T182455,
Banco_do_Brasil,2024,2T24,Coletiva de Imprensa; Apresentação da Teleconferência,Teleconferência 2T24,https://api.mziq.com/mzfilemanager/v2/d/5760dff3-15e1-4962-9e81-322a0b3d0bbd/334138eb-ec6a-b5f7-98e8-76c809293a38?origin=2,https://ri.bb.com.br/informacoes-financeiras/central-de-resultados/,documents/Banco_do_Brasil/2024/2T24/Teleconferencia_2T24__3e5e24a1b067.pdf,downloaded,pdf,6443173,3e5e24a1b06750d607fd14897da7a007e84448311b21618ceb867f2ce3ef2385,PDF signature and EOF,2024-08-07T00:00:00.000Z,pt_BR,64b31b1a-2cce-4668-a883-76393eb6f18c,coletivas-de-imprensa,data/catalogs/20260906T182455,
Banco_do_Brasil,2024,2T24,Demonstrações Contábeis,Demonstrações Contábeis 2T24,https://api.mziq.com/mzfilemanager/v2/d/5760dff3-15e1-4962-9e81-322a0b3d0bbd/bf603091-0517-3229-4076-d31e7838c8f5?origin=2,https://ri.bb.com.br/informacoes-financeiras/central-de-resultados/,documents/Banco_do_Brasil/2024/2T24/Demonstracoes_Contabeis_2T24__234bc0efc61e.docx,downloaded,docx,2514685,234bc0efc61e24bdd721b7e78387c6ce53052d6c9e29f5f8e579b632c690ebef,ZIP CRC verified,2024-08-07T00:00:00.000Z,pt_BR,3b112eb8-3038-4203-bf64-2898f5669588,downloads-demonstracoes-contabeis,data/catalogs/20260906T182455,
Banco_do_Brasil,2024,2T24,Demonstrações Contábeis PDF,Demonstrações Contábeis PDF 2T24,https://api.mziq.com/mzfilemanager/v2/d/5760dff3-15e1-4962-9e81-322a0b3d0bbd/f115e8b0-5dda-2cc9-6df3-16a2199179ae?origin=2,https://ri.bb.com.br/informacoes-financeiras/central-de-resultados/,documents/Banco_do_Brasil/2024/2T24/Demonstracoes_Contabeis_PDF_2T24__ed12fe4d054f.pdf,downloaded,pdf,4763611,ed12fe4d054f8a187129217e1920b08c91b4fbc8e1e683cc93e15b2789850576,PDF signature and EOF,2024-08-07T00:00:00.000Z,pt_BR,a3259b06-ce3c-4f5e-9d86-05836b581104,downloads-demonstracoes-contabeis-pdf,data/catalogs/20260906T182455,
Banco_do_Brasil,2024,2T24,Demonstrações Contábeis em IFRS,Demonstrações Contábeis em IFRS 2T24,https://api.mziq.com/mzfilemanager/v2/d/5760dff3-15e1-4962-9e81-322a0b3d0bbd/8545d824-5be9-12aa-21e4-6ddbf26c6bd2?origin=2,https://ri.bb.com.br/informacoes-financeiras/central-de-resultados/,documents/Banco_do_Brasil/2024/2T24/Demonstracoes_Contabeis_em_IFRS_2T24__18bc9e241aff.pdf,downloaded,pdf,2950977,18bc9e241aff802d3fd81d1a009aceac13337cf36534705e5086400aedfa2b8a,PDF signature and EOF,2024-08-07T00:00:00.000Z,pt_BR,d4f06fd8-53ce-4e08-b2ea-0a77a6aa6d88,downloads-demonstracoes-contabeis-em-ifrs,data/catalogs/20260906T182455,
Banco_do_Brasil,2024,2T24,Relatório da Administração,Relatório da  Administração 2T24,https://api.mziq.com/mzfilemanager/v2/d/5760dff3-15e1-4962-9e81-322a0b3d0bbd/65a8fb51-ebf3-b424-cbdf-8b403085651a?origin=2,https://ri.bb.com.br/informacoes-financeiras/central-de-resultados/,documents/Banco_do_Brasil/2024/2T24/Relatorio_da_Administracao_2T24__b2b9d92bd807.docx,downloaded,docx,3957528,b2b9d92bd807bbf77043330cad84a4f094354d166868df6d5baedd056290566d,ZIP CRC verified,2024-08-07T00:00:00.000Z,pt_BR,41179e6a-d081-4dd2-a0c2-d277fbe14c99,relatorio-administracao,data/catalogs/20260906T182455,
Banco_do_Brasil,2024,2T24,Sumário do Resultado,Sumário do Resultado 2T24,https://api.mziq.com/mzfilemanager/v2/d/5760dff3-15e1-4962-9e81-322a0b3d0bbd/1685fe4a-994e-faa1-56d3-a921e90d31df?origin=2,https://ri.bb.com.br/informacoes-financeiras/central-de-resultados/,documents/Banco_do_Brasil/2024/2T24/Sumario_do_Resultado_2T24__913ee718b4b5.pdf,downloaded,pdf,241797,913ee718b4b55b415f593c8e79ff700ab91c201a444e708e03171fbc702e50c9,PDF signature and EOF,2024-08-07T00:00:00.000Z,pt_BR,2ecc25ba-9c04-44b4-96be-c5f1d01413ea,sumario-resultado,data/catalogs/20260906T182455,
Banco_do_Brasil,2024,2T24,Séries Históricas,Séries Históricas 2T24,https://api.mziq.com/mzfilemanager/v2/d/5760dff3-15e1-4962-9e81-322a0b3d0bbd/9a1e03ad-1846-f95f-8681-382fad85cffa?origin=2,https://ri.bb.com.br/informacoes-financeiras/central-de-resultados/,documents/Banco_do_Brasil/2024/2T24/Series_Historicas_2T24__060a0e2267f6.xlsx,downloaded,xlsx,1433332,060a0e2267f6fae0b793accfbd14435657c66a9f7a8f34d0d1d2bf2259673a57,ZIP CRC verified,2024-08-07T00:00:00.000Z,pt_BR,8f20bd21-ca14-4760-a095-e797edd1075d,downloads-series-historicas,data/catalogs/20260906T182455,
Banco_do_Brasil,2024,2T24,Transcrição da Teleconferência,Transcrição Resultados 2T24,https://api.mziq.com/mzfilemanager/v2/d/5760dff3-15e1-4962-9e81-322a0b3d0bbd/1d37687e-c96c-cfd0-bdb1-f5f8c97e4544?origin=2,https://ri.bb.com.br/informacoes-financeiras/central-de-resultados/,documents/Banco_do_Brasil/2024/2T24/Transcricao_Resultados_2T24__0a669d9b0098.pdf,downloaded,pdf,210313,0a669d9b00988f2b0317908d1661d9b8328fb971239220a5bee393b4e53c628a,PDF signature and EOF,2024-08-30T00:00:00.000Z,pt_BR,0ec99a22-81bb-4a3c-a60e-076a0204548f,tele-transcricao,data/catalogs/20260906T182455,
Banco_do_Brasil,2024,2T24,Vídeo Apresentação de Resultado,Video Apresentação 2T24,https://api.mziq.com/mzfilemanager/v2/d/5760dff3-15e1-4962-9e81-322a0b3d0bbd/f44c0d63-4330-a557-df7c-8112e5092c32?origin=2,https://ri.bb.com.br/informacoes-financeiras/central-de-resultados/,documents/Banco_do_Brasil/2024/2T24/Video_Apresentacao_2T24__c2022068.url,external_link,,,,Official catalog link; streaming/page not archived,2024-08-07T00:00:00.000Z,pt_BR,c2022068-e0fd-4815-b72d-88506e683a8f,gravacao,data/catalogs/20260906T182455,
Banco_do_Brasil,2024,2T24,Vídeo Live de Resultados,Video Live 2T24,https://api.mziq.com/mzfilemanager/v2/d/5760dff3-15e1-4962-9e81-322a0b3d0bbd/ea7418ed-2c59-4316-19c6-d2e0e8cc73a0?origin=2,https://ri.bb.com.br/informacoes-financeiras/central-de-resultados/,documents/Banco_do_Brasil/2024/2T24/Video_Live_2T24__f65338e7.url,external_link,,,,Official catalog link; streaming/page not archived,2024-08-13T00:00:00.000Z,pt_BR,f65338e7-6cc1-4295-8da0-3d9cbedad58c,Video Live,data/catalogs/20260906T182455,
Banco_do_Brasil,2024,2T24,Áudio da Teleconferência,Audio 2T24,https://api.mziq.com/mzfilemanager/v2/d/5760dff3-15e1-4962-9e81-322a0b3d0bbd/eae7c89e-37d3-17e1-817a-449f70dc0606?origin=2,https://ri.bb.com.br/informacoes-financeiras/central-de-resultados/,documents/Banco_do_Brasil/2024/2T24/Audio_2T24__5a92b163.url,external_link,,,,Official catalog link; streaming/page not archived,2024-08-12T00:00:00.000Z,pt_BR,5a92b163-8771-4013-a153-7e58dde619cb,tele-audio,data/catalogs/20260906T182455,
Banco_do_Brasil,2024,3T24,Análise do Desempenho,Analise de Desempenho - 3T24,https://api.mziq.com/mzfilemanager/v2/d/5760dff3-15e1-4962-9e81-322a0b3d0bbd/509ea8a0-6aff-47d2-a52e-7ba8cd396e16?origin=2,https://ri.bb.com.br/informacoes-financeiras/central-de-resultados/,documents/Banco_do_Brasil/2024/3T24/Analise_de_Desempenho_-_3T24__5a1de6551f3e.pdf,downloaded,pdf,5641030,5a1de6551f3ef659f1d51f62d4a4286c20c5b4ecec9a14c5cb0e410f35c4618d,PDF signature and EOF,2024-11-12T00:00:00.000Z,pt_BR,d953c4ab-ddf7-4cd7-bb8a-68ee4954776d,downloads-analise-do-desempenho,data/catalogs/20260906T182455,
Banco_do_Brasil,2024,3T24,Apresentação Institucional,Institucional 3T24,https://api.mziq.com/mzfilemanager/v2/d/5760dff3-15e1-4962-9e81-322a0b3d0bbd/a7d0ae8f-25b8-ff6a-c336-6217fc01949d?origin=2,https://ri.bb.com.br/informacoes-financeiras/central-de-resultados/,documents/Banco_do_Brasil/2024/3T24/Institucional_3T24__678aec8b95d5.pdf,downloaded,pdf,6632213,678aec8b95d5337f3737debd865faf9f761fefe8bd9efa22b691b4a886b223c7,PDF signature and EOF,2024-12-30T00:00:00.000Z,pt_BR,5a29f842-579c-4f4d-9f49-90c7bcfc6cfe,resultados-trimestrais,data/catalogs/20260906T182455,
Banco_do_Brasil,2024,3T24,BB Notícias ,BB Notícias 3T24,https://api.mziq.com/mzfilemanager/v2/d/5760dff3-15e1-4962-9e81-322a0b3d0bbd/7660e547-30a0-8d93-a6b4-260d6a7f5a5b?origin=2,https://ri.bb.com.br/informacoes-financeiras/central-de-resultados/,documents/Banco_do_Brasil/2024/3T24/BB_Noticias_3T24__baaf05e88653.pdf,downloaded,pdf,161343,baaf05e88653d263c8020ff8a353c43a46dfeb2fc06c027554213314956a90f9,PDF signature and EOF,2024-11-13T00:00:00.000Z,pt_BR,e14b0333-8f96-4e4b-b4b8-267c8cc457c6,downloads-bb-noticias,data/catalogs/20260906T182455,
Banco_do_Brasil,2024,3T24,Boletim InformAções BB,InformAções 3T24,https://api.mziq.com/mzfilemanager/v2/d/5760dff3-15e1-4962-9e81-322a0b3d0bbd/7276e557-cce3-1a9e-30b9-99546bfa78a2?origin=2,https://ri.bb.com.br/informacoes-financeiras/central-de-resultados/,documents/Banco_do_Brasil/2024/3T24/InformAcoes_3T24__2ab4104be83f.pdf,downloaded,pdf,824029,2ab4104be83f8b970bc8107d3f7a7c8b98f6f8dc0b559ac3c802b8ee4f941508,PDF signature and EOF,2024-12-04T00:00:00.000Z,pt_BR,bfe0c86d-94a8-49e4-b3f0-e47461753ac0,boletim_trimestral,data/catalogs/20260906T182455,
Banco_do_Brasil,2024,3T24,Coletiva de Imprensa; Apresentação da Teleconferência,Teleconferência 3T24,https://api.mziq.com/mzfilemanager/v2/d/5760dff3-15e1-4962-9e81-322a0b3d0bbd/b2819389-078b-66b2-564c-908335dbb969?origin=2,https://ri.bb.com.br/informacoes-financeiras/central-de-resultados/,documents/Banco_do_Brasil/2024/3T24/Teleconferencia_3T24__0fd7722dc822.pdf,downloaded,pdf,6270800,0fd7722dc8222c310d3672dded0daa7437816c4efaf45d9b21f20691161c7fd6,PDF signature and EOF,2024-11-13T00:00:00.000Z,pt_BR,45d97664-991f-4c94-92f4-6cd32c81c0f5,coletivas-de-imprensa,data/catalogs/20260906T182455,
Banco_do_Brasil,2024,3T24,Demonstrações Contábeis,Demonstrações Contábeis 3T24,https://api.mziq.com/mzfilemanager/v2/d/5760dff3-15e1-4962-9e81-322a0b3d0bbd/a2409d92-11f6-8513-34c2-5c2522e3c297?origin=2,https://ri.bb.com.br/informacoes-financeiras/central-de-resultados/,documents/Banco_do_Brasil/2024/3T24/Demonstracoes_Contabeis_3T24__619691c5c5ee.docx,downloaded,docx,2350699,619691c5c5ee90e1b47143a767d520b867b403f43a4dd140ee9c5c5df941d547,ZIP CRC verified,2024-11-13T00:00:00.000Z,pt_BR,45621087-765e-49a5-b91a-8f3420d83fad,downloads-demonstracoes-contabeis,data/catalogs/20260906T182455,
Banco_do_Brasil,2024,3T24,Demonstrações Contábeis PDF,Demonstrações Contábeis PDF 3T24,https://api.mziq.com/mzfilemanager/v2/d/5760dff3-15e1-4962-9e81-322a0b3d0bbd/21b40e3e-121d-1abd-24ab-d9e798cdfb1e?origin=2,https://ri.bb.com.br/informacoes-financeiras/central-de-resultados/,documents/Banco_do_Brasil/2024/3T24/Demonstracoes_Contabeis_PDF_3T24__93712288eecd.pdf,downloaded,pdf,4648532,93712288eecd89b3eedcbb89e3c4047003c85a7c5a023a49ba05e59f68fdb7a0,PDF signature and EOF,2024-11-13T00:00:00.000Z,pt_BR,66da6ada-b54d-4800-8fba-6130c4859ba6,downloads-demonstracoes-contabeis-pdf,data/catalogs/20260906T182455,
Banco_do_Brasil,2024,3T24,Demonstrações Contábeis em IFRS,Demonstrações Contábeis em IFRS 3T24,https://api.mziq.com/mzfilemanager/v2/d/5760dff3-15e1-4962-9e81-322a0b3d0bbd/37666feb-f051-0077-515e-71042dd70223?origin=2,https://ri.bb.com.br/informacoes-financeiras/central-de-resultados/,documents/Banco_do_Brasil/2024/3T24/Demonstracoes_Contabeis_em_IFRS_3T24__abfc2cf56789.pdf,downloaded,pdf,2516182,abfc2cf56789925e052c2b189a43b3d9ab82bf7e7c5fc527bad2b407207c6a47,PDF signature and EOF,2024-11-13T00:00:00.000Z,pt_BR,3dd03bea-c3bf-48f4-9257-a4fecc779ac8,downloads-demonstracoes-contabeis-em-ifrs,data/catalogs/20260906T182455,
Banco_do_Brasil,2024,3T24,Relatório da Administração,Relatório da  Administração 3T24,https://api.mziq.com/mzfilemanager/v2/d/5760dff3-15e1-4962-9e81-322a0b3d0bbd/6208a5a3-b88c-daae-e551-d434774284cb?origin=2,https://ri.bb.com.br/informacoes-financeiras/central-de-resultados/,documents/Banco_do_Brasil/2024/3T24/Relatorio_da_Administracao_3T24__1b7181f56e6a.docx,downloaded,docx,2769368,1b7181f56e6a86d890bfd5e5fcb84c3605e98819eb47411a9f98779f768b8cac,ZIP CRC verified,2024-11-13T00:00:00.000Z,pt_BR,26c62eb5-fa4f-416c-a187-c1386434db79,relatorio-administracao,data/catalogs/20260906T182455,
Banco_do_Brasil,2024,3T24,Sumário do Resultado,Sumário do Resultado 3T24,https://api.mziq.com/mzfilemanager/v2/d/5760dff3-15e1-4962-9e81-322a0b3d0bbd/3c4c24e7-c567-f84d-7107-9d81578d65e7?origin=2,https://ri.bb.com.br/informacoes-financeiras/central-de-resultados/,documents/Banco_do_Brasil/2024/3T24/Sumario_do_Resultado_3T24__9815f8b9cdcf.pdf,downloaded,pdf,252847,9815f8b9cdcf5558f6fb501438380ea66023f4fa46f4e12f1e2199792de02cdd,PDF signature and EOF,2024-11-13T00:00:00.000Z,pt_BR,858bb2cc-651e-43b8-a8e6-91858c7cd8f5,sumario-resultado,data/catalogs/20260906T182455,
Banco_do_Brasil,2024,3T24,Séries Históricas,Séries Históricas 3T24,https://api.mziq.com/mzfilemanager/v2/d/5760dff3-15e1-4962-9e81-322a0b3d0bbd/cf1d8cea-98f1-c785-b33c-387794d47450?origin=2,https://ri.bb.com.br/informacoes-financeiras/central-de-resultados/,documents/Banco_do_Brasil/2024/3T24/Series_Historicas_3T24__7e16c2fd9099.xlsx,downloaded,xlsx,1505865,7e16c2fd90995056b5558f73c241c2c6b1a0622924d1ea56cfd950cb74065337,ZIP CRC verified,2024-12-12T00:00:00.000Z,pt_BR,b80c9418-1c09-4370-907e-38e72bf2c5cb,downloads-series-historicas,data/catalogs/20260906T182455,
Banco_do_Brasil,2024,3T24,Transcrição da Teleconferência,Transcrição Videoconferência 3T24,https://api.mziq.com/mzfilemanager/v2/d/5760dff3-15e1-4962-9e81-322a0b3d0bbd/b2e864cb-ff65-280d-0725-2dadfa49d07e?origin=2,https://ri.bb.com.br/informacoes-financeiras/central-de-resultados/,documents/Banco_do_Brasil/2024/3T24/Transcricao_Videoconferencia_3T24__18b8068da525.pdf,downloaded,pdf,277397,18b8068da525888143825fdecaea1fb6a69399d0d503b74a2f8b13b17689a9ad,PDF signature and EOF,2024-11-27T00:00:00.000Z,pt_BR,9a9bb176-2c5c-4099-a0dc-a259244b49c6,tele-transcricao,data/catalogs/20260906T182455,
Banco_do_Brasil,2024,3T24,Vídeo Apresentação de Resultado,3T24 Apresentação de Resultados,https://api.mziq.com/mzfilemanager/v2/d/5760dff3-15e1-4962-9e81-322a0b3d0bbd/652ee7d0-682e-67cf-dba7-0ebca6f01448?origin=2,https://ri.bb.com.br/informacoes-financeiras/central-de-resultados/,documents/Banco_do_Brasil/2024/3T24/3T24_Apresentacao_de_Resultados__fff8a9be.url,external_link,,,,Official catalog link; streaming/page not archived,2024-11-13T00:00:00.000Z,pt_BR,fff8a9be-a3a8-45a1-a4d4-ee7ff852d9c2,gravacao,data/catalogs/20260906T182455,
Banco_do_Brasil,2024,3T24,Vídeo Live de Resultados,Video Live 3T24,https://api.mziq.com/mzfilemanager/v2/d/5760dff3-15e1-4962-9e81-322a0b3d0bbd/a668bb52-38d4-cb72-1465-399e37bff0d3?origin=2,https://ri.bb.com.br/informacoes-financeiras/central-de-resultados/,documents/Banco_do_Brasil/2024/3T24/Video_Live_3T24__0afec2eb.url,external_link,,,,Official catalog link; streaming/page not archived,2024-11-14T00:00:00.000Z,pt_BR,0afec2eb-0e21-4bb1-9753-8a4f0004d4ee,Video Live,data/catalogs/20260906T182455,
Banco_do_Brasil,2024,3T24,Áudio da Teleconferência,Audio 3T24,https://api.mziq.com/mzfilemanager/v2/d/5760dff3-15e1-4962-9e81-322a0b3d0bbd/40a39f47-db7d-3197-b400-fef1fa467ca7?origin=2,https://ri.bb.com.br/informacoes-financeiras/central-de-resultados/,documents/Banco_do_Brasil/2024/3T24/Audio_3T24__6a8ed2d5.url,external_link,,,,Official catalog link; streaming/page not archived,2024-11-22T00:00:00.000Z,pt_BR,6a8ed2d5-7c79-40e3-a76b-7734ab36ef00,tele-audio,data/catalogs/20260906T182455,
Banco_do_Brasil,2024,4T24,Análise do Desempenho,Analise de Desempenho - 4T24,https://api.mziq.com/mzfilemanager/v2/d/5760dff3-15e1-4962-9e81-322a0b3d0bbd/4fefec94-09ca-ec01-47d5-7a57b8eab725?origin=2,https://ri.bb.com.br/informacoes-financeiras/central-de-resultados/,documents/Banco_do_Brasil/2024/4T24/Analise_de_Desempenho_-_4T24__6f178e38e77f.pdf,downloaded,pdf,6567454,6f178e38e77fa52bc9bbbec3c8a01c2560255d9a8eb72adef0e019db5574c8b4,PDF signature and EOF,2025-02-19T00:00:00.000Z,pt_BR,2ba7013c-023a-4daf-a866-2fa51b781557,downloads-analise-do-desempenho,data/catalogs/20260906T182455,
Banco_do_Brasil,2024,4T24,Apresentação Institucional,Institucional 4T24,https://api.mziq.com/mzfilemanager/v2/d/5760dff3-15e1-4962-9e81-322a0b3d0bbd/2f869edf-f563-c4a8-9013-7bf52b4ee202?origin=2,https://ri.bb.com.br/informacoes-financeiras/central-de-resultados/,documents/Banco_do_Brasil/2024/4T24/Institucional_4T24__7c100913deb4.pdf,downloaded,pdf,14279302,7c100913deb4243749c255e37c75a135f8e6fcefef1c8f6385a39df3588dcace,PDF signature and EOF,2025-03-17T00:00:00.000Z,pt_BR,125085ea-6be0-4742-891c-f40732612419,resultados-trimestrais,data/catalogs/20260906T182455,
Banco_do_Brasil,2024,4T24,BB Notícias ,BB Notícias 4T24,https://api.mziq.com/mzfilemanager/v2/d/5760dff3-15e1-4962-9e81-322a0b3d0bbd/a5747011-b67c-0e71-2eae-a27bae5cbbdd?origin=2,https://ri.bb.com.br/informacoes-financeiras/central-de-resultados/,documents/Banco_do_Brasil/2024/4T24/BB_Noticias_4T24__a713d92b9774.pdf,downloaded,pdf,242777,a713d92b97740eb7077974dc581130b5bb6ac61a4eeb44f96df74570b461be4c,PDF signature and EOF,2025-02-19T00:00:00.000Z,pt_BR,66239990-a930-4d1c-8136-bc123fbb2e6d,downloads-bb-noticias,data/catalogs/20260906T182455,
Banco_do_Brasil,2024,4T24,Boletim InformAções BB,Boletim InformAções BB 4T24,https://api.mziq.com/mzfilemanager/v2/d/5760dff3-15e1-4962-9e81-322a0b3d0bbd/8f5d95ce-5c3f-2061-7357-1ff0349e3594?origin=2,https://ri.bb.com.br/informacoes-financeiras/central-de-resultados/,documents/Banco_do_Brasil/2024/4T24/Boletim_InformAcoes_BB_4T24__9b24d434a076.pdf,downloaded,pdf,968092,9b24d434a0765fc5800ec6ea69e23cab7b1a3e296565c927a22f29797e572c28,PDF signature and EOF,2025-03-11T00:00:00.000Z,pt_BR,43a363b3-4293-4d34-8d4e-184779f0eb26,boletim_trimestral,data/catalogs/20260906T182455,
Banco_do_Brasil,2024,4T24,Coletiva de Imprensa; Apresentação da Teleconferência,Teleconferência 4T24,https://api.mziq.com/mzfilemanager/v2/d/5760dff3-15e1-4962-9e81-322a0b3d0bbd/df52d929-deb2-a92d-a29e-42b61b854c20?origin=2,https://ri.bb.com.br/informacoes-financeiras/central-de-resultados/,documents/Banco_do_Brasil/2024/4T24/Teleconferencia_4T24__8b116263b052.pdf,downloaded,pdf,9227497,8b116263b05218ea4cd68f6caf5c2097021cc05f039193b68f8552c0bc686101,PDF signature and EOF,2025-02-20T00:00:00.000Z,pt_BR,169fb42b-99c5-4739-a18a-6bb752d15ab5,coletivas-de-imprensa,data/catalogs/20260906T182455,
Banco_do_Brasil,2024,4T24,Demonstrações Contábeis,Demonstrações Contábeis 4T24,https://api.mziq.com/mzfilemanager/v2/d/5760dff3-15e1-4962-9e81-322a0b3d0bbd/a988cdd0-dec2-0d55-0f2e-665b33746dc8?origin=2,https://ri.bb.com.br/informacoes-financeiras/central-de-resultados/,documents/Banco_do_Brasil/2024/4T24/Demonstracoes_Contabeis_4T24__a13ff08b76b3.docx,downloaded,docx,2604465,a13ff08b76b3c6a438955410bd5b6fe4f0677279d973cba22f72f677bc0f6e39,ZIP CRC verified,2025-02-19T00:00:00.000Z,pt_BR,c359fec4-975f-4dca-a83e-587181975016,downloads-demonstracoes-contabeis,data/catalogs/20260906T182455,
Banco_do_Brasil,2024,4T24,Demonstrações Contábeis PDF,Demonstrações Contábeis PDF 4T24,https://api.mziq.com/mzfilemanager/v2/d/5760dff3-15e1-4962-9e81-322a0b3d0bbd/ba533eeb-282c-80ae-24f3-88c9e29ccf23?origin=2,https://ri.bb.com.br/informacoes-financeiras/central-de-resultados/,documents/Banco_do_Brasil/2024/4T24/Demonstracoes_Contabeis_PDF_4T24__b392839333aa.pdf,downloaded,pdf,5134980,b392839333aa8098b85e35e2a319206bc75f22c8c25f6a9848db28855380dea4,PDF signature and EOF,2025-02-19T00:00:00.000Z,pt_BR,3fcc1ce6-4d7c-4e7c-9e15-881eb61a7ec2,downloads-demonstracoes-contabeis-pdf,data/catalogs/20260906T182455,
Banco_do_Brasil,2024,4T24,Demonstrações Contábeis em IFRS,Demonstrações Contábeis em IFRS 4T24,https://api.mziq.com/mzfilemanager/v2/d/5760dff3-15e1-4962-9e81-322a0b3d0bbd/abf3c957-bc91-db3f-7ce6-fa1a56274183?origin=2,https://ri.bb.com.br/informacoes-financeiras/central-de-resultados/,documents/Banco_do_Brasil/2024/4T24/Demonstracoes_Contabeis_em_IFRS_4T24__5a8109a2eac3.pdf,downloaded,pdf,3369892,5a8109a2eac30465f601fec8025694591f48a692c0a53e6e0902540246ede824,PDF signature and EOF,2025-02-19T00:00:00.000Z,pt_BR,609f13cf-a0a7-46a7-b87c-29ae1ea9f671,downloads-demonstracoes-contabeis-em-ifrs,data/catalogs/20260906T182455,
Banco_do_Brasil,2024,4T24,Relatório da Administração,Relatório da  Administração 4T24,https://api.mziq.com/mzfilemanager/v2/d/5760dff3-15e1-4962-9e81-322a0b3d0bbd/6048a81a-fb04-7bb8-6c49-36821b5a005e?origin=2,https://ri.bb.com.br/informacoes-financeiras/central-de-resultados/,documents/Banco_do_Brasil/2024/4T24/Relatorio_da_Administracao_4T24__fea1dfc1613f.docx,downloaded,docx,7687616,fea1dfc1613fcc44e0c97dfb9d5dfe0bdb0f72b215abf6a685f37d837722c046,ZIP CRC verified,2025-02-19T00:00:00.000Z,pt_BR,4c656ea9-9707-4814-af3b-f3734a861421,relatorio-administracao,data/catalogs/20260906T182455,
Banco_do_Brasil,2024,4T24,Sumário do Resultado,Sumário do Resultado 4T24,https://api.mziq.com/mzfilemanager/v2/d/5760dff3-15e1-4962-9e81-322a0b3d0bbd/fb3957f5-2b55-aa96-b753-aa625b45ac02?origin=2,https://ri.bb.com.br/informacoes-financeiras/central-de-resultados/,documents/Banco_do_Brasil/2024/4T24/Sumario_do_Resultado_4T24__f08e6f13e1e4.pdf,downloaded,pdf,395071,f08e6f13e1e422235d2bbc0f77b641d2f6c7c859255b1998f61b93d654c40798,PDF signature and EOF,2025-02-19T00:00:00.000Z,pt_BR,33ab21a0-7de5-4e1a-8cd6-d1926a115e01,sumario-resultado,data/catalogs/20260906T182455,
Banco_do_Brasil,2024,4T24,Séries Históricas,Séries Históricas 4T24,https://api.mziq.com/mzfilemanager/v2/d/5760dff3-15e1-4962-9e81-322a0b3d0bbd/443f7c53-cd8a-ba20-bb47-5c97e3e0f465?origin=2,https://ri.bb.com.br/informacoes-financeiras/central-de-resultados/,documents/Banco_do_Brasil/2024/4T24/Series_Historicas_4T24__e9c44b9ac8b5.xlsx,downloaded,xlsx,1542405,e9c44b9ac8b501d445f4398674371199a6dd931beecf46305455c1fa0c425036,ZIP CRC verified,2025-02-19T00:00:00.000Z,pt_BR,d2a74740-20f0-4d8a-8614-b60acdcdf7a7,downloads-series-historicas,data/catalogs/20260906T182455,
Banco_do_Brasil,2024,4T24,Transcrição da Teleconferência,Transcrição Videoconferência 4T24,https://api.mziq.com/mzfilemanager/v2/d/5760dff3-15e1-4962-9e81-322a0b3d0bbd/5f42bfd1-8898-473d-19f6-9ce052315697?origin=2,https://ri.bb.com.br/informacoes-financeiras/central-de-resultados/,documents/Banco_do_Brasil/2024/4T24/Transcricao_Videoconferencia_4T24__2bef43bd9c94.pdf,downloaded,pdf,201576,2bef43bd9c94d7f171df07c3812c6d9bda73b867f12b8a045805ce6a0ee121cc,PDF signature and EOF,2025-03-07T00:00:00.000Z,pt_BR,2e05d21b-8fd7-4500-ab38-159269f53692,tele-transcricao,data/catalogs/20260906T182455,
Banco_do_Brasil,2024,4T24,Vídeo Apresentação de Resultado,4T24 Apresentação de Resultados,https://api.mziq.com/mzfilemanager/v2/d/5760dff3-15e1-4962-9e81-322a0b3d0bbd/a6b08c27-b55c-bd34-0832-ae17f9cf8988?origin=2,https://ri.bb.com.br/informacoes-financeiras/central-de-resultados/,documents/Banco_do_Brasil/2024/4T24/4T24_Apresentacao_de_Resultados__8486cb05.url,external_link,,,,Official catalog link; streaming/page not archived,2025-02-19T00:00:00.000Z,pt_BR,8486cb05-1005-479a-9d1e-61859df24852,gravacao,data/catalogs/20260906T182455,
Banco_do_Brasil,2024,4T24,Vídeo Live de Resultados,Video Live 4T24,https://api.mziq.com/mzfilemanager/v2/d/5760dff3-15e1-4962-9e81-322a0b3d0bbd/e1cbdac6-4f78-366c-b2f8-dcbf7771bc68?origin=2,https://ri.bb.com.br/informacoes-financeiras/central-de-resultados/,documents/Banco_do_Brasil/2024/4T24/Video_Live_4T24__9f0ee1f2.url,external_link,,,,Official catalog link; streaming/page not archived,2025-02-20T00:00:00.000Z,pt_BR,9f0ee1f2-7d93-4bac-8ed1-4dcdc5128aa4,Video Live,data/catalogs/20260906T182455,
Banco_do_Brasil,2024,4T24,Áudio da Teleconferência,Audio 4T24,https://api.mziq.com/mzfilemanager/v2/d/5760dff3-15e1-4962-9e81-322a0b3d0bbd/68b20dc1-9ca1-b2d0-5b5c-4659ca9f6847?origin=2,https://ri.bb.com.br/informacoes-financeiras/central-de-resultados/,documents/Banco_do_Brasil/2024/4T24/Audio_4T24__7802b3b7.url,external_link,,,,Official catalog link; streaming/page not archived,2025-02-20T00:00:00.000Z,pt_BR,7802b3b7-db4c-42d7-9f16-f0fbfc10dd5c,tele-audio,data/catalogs/20260906T182455,
Banco_do_Brasil,2026,1T26,Análise do Desempenho,Analise de Desempenho - 1T26,https://api.mziq.com/mzfilemanager/v2/d/5760dff3-15e1-4962-9e81-322a0b3d0bbd/2581a9f8-639a-2ae9-d782-bf6c88dd4c1b?origin=2,https://ri.bb.com.br/informacoes-financeiras/central-de-resultados/,documents/Banco_do_Brasil/2026/1T26/Analise_de_Desempenho_-_1T26__97e65672ca02.pdf,downloaded,pdf,6221213,97e65672ca0241ff89f53407ef9418be2ba0aa3652b71efee494d8de27f53e94,PDF signature and EOF,2026-05-13T00:00:00.000Z,pt_BR,894da5ba-4184-473b-86aa-b102899d05ad,downloads-analise-do-desempenho,data/catalogs/20260906T181843,
Banco_do_Brasil,2026,1T26,Apresentação Institucional,Institucional 1T26,https://api.mziq.com/mzfilemanager/v2/d/5760dff3-15e1-4962-9e81-322a0b3d0bbd/90e38ce5-6517-807f-8418-afb8a13a5c3f?origin=2,https://ri.bb.com.br/informacoes-financeiras/central-de-resultados/,documents/Banco_do_Brasil/2026/1T26/Institucional_1T26__5cff517c6e12.pdf,downloaded,pdf,3496269,5cff517c6e12d424c3f6d0d672d277eea003050ee6ac6412f5fb7d97040169cd,PDF signature and EOF,2026-06-08T00:00:00.000Z,pt_BR,d56c7b05-4457-45fc-a6f5-cf0c1742f1ff,resultados-trimestrais,data/catalogs/20260906T181843,
Banco_do_Brasil,2026,1T26,Apresentação da Teleconferência,1T26 Apresentação de Resultados,https://api.mziq.com/mzfilemanager/v2/d/5760dff3-15e1-4962-9e81-322a0b3d0bbd/f9a97a10-6fbf-af14-da56-aadeec7f3402?origin=2,https://ri.bb.com.br/informacoes-financeiras/central-de-resultados/,documents/Banco_do_Brasil/2026/1T26/1T26_Apresentacao_de_Resultados__56eeef55b0e8.pdf,downloaded,pdf,3448392,56eeef55b0e8a7efc7dbdb89eeb0fc13e061bd6409019cc1b5feb370cf6f3353,PDF signature and EOF,2026-05-13T00:00:00.000Z,pt_BR,5c27a788-fdd5-4810-8cde-0acd0352fb09,tele-apresentacao,data/catalogs/20260906T181843,
Banco_do_Brasil,2026,1T26,BB Notícias ,BB Notícias 1T26,https://api.mziq.com/mzfilemanager/v2/d/5760dff3-15e1-4962-9e81-322a0b3d0bbd/b753df71-6097-d406-7bbe-f1e5a0b1ed97?origin=2,https://ri.bb.com.br/informacoes-financeiras/central-de-resultados/,documents/Banco_do_Brasil/2026/1T26/BB_Noticias_1T26__424ec9cca9ee.pdf,downloaded,pdf,187343,424ec9cca9ee4d9af3b4f90d4b208cb3a12b744afdbd5f4212acb21dcb676cf6,PDF signature and EOF,2026-05-13T00:00:00.000Z,pt_BR,e9e7a27d-8e48-43c6-962d-02cbfa1f8b61,downloads-bb-noticias,data/catalogs/20260906T181843,
Banco_do_Brasil,2026,1T26,Boletim InformAções BB,BB Boletim InformAções 1T26,https://api.mziq.com/mzfilemanager/v2/d/5760dff3-15e1-4962-9e81-322a0b3d0bbd/5a4b28b1-2f1a-7784-0e3e-94a7dbfbfd99?origin=2,https://ri.bb.com.br/informacoes-financeiras/central-de-resultados/,documents/Banco_do_Brasil/2026/1T26/BB_Boletim_InformAcoes_1T26__01fb8971dec0.pdf,downloaded,pdf,423660,01fb8971dec0e628b6bc838f6beb373899137f2a9edc5b5586f1340398233b0e,PDF signature and EOF,2026-06-02T00:00:00.000Z,pt_BR,01764608-f148-48d3-9803-2750a8677ab9,boletim_trimestral,data/catalogs/20260906T181843,
Banco_do_Brasil,2026,1T26,Demonstrações Contábeis,Demonstrações Contábeis 1T26,https://api.mziq.com/mzfilemanager/v2/d/5760dff3-15e1-4962-9e81-322a0b3d0bbd/363e0f2c-7a6c-fcc6-6b10-8c108f99b19d?origin=2,https://ri.bb.com.br/informacoes-financeiras/central-de-resultados/,documents/Banco_do_Brasil/2026/1T26/Demonstracoes_Contabeis_1T26__30d5d0180d68.docx,downloaded,docx,2979053,30d5d0180d684b1ef2ca7f80002bd72f9ac5acfbfeab9d3da4894217a9f63e14,ZIP CRC verified,2026-05-13T00:00:00.000Z,pt_BR,7b50b4c1-71fe-48f4-83cf-ebca3ca65f8a,downloads-demonstracoes-contabeis,data/catalogs/20260906T181843,
Banco_do_Brasil,2026,1T26,Demonstrações Contábeis PDF,Demonstrações Contábeis PDF 1T26,https://api.mziq.com/mzfilemanager/v2/d/5760dff3-15e1-4962-9e81-322a0b3d0bbd/eed501c3-db22-a6a8-40c6-362070a9b98e?origin=2,https://ri.bb.com.br/informacoes-financeiras/central-de-resultados/,documents/Banco_do_Brasil/2026/1T26/Demonstracoes_Contabeis_PDF_1T26__b06fa5f6b7f7.pdf,downloaded,pdf,4132714,b06fa5f6b7f7a0fe56d579af4e6c150b2544c0abc0613cfcb490bf23b7b6beda,PDF signature and EOF,2026-05-13T00:00:00.000Z,pt_BR,353219fb-9923-4cdc-b8a4-40de2f6c08a1,downloads-demonstracoes-contabeis-pdf,data/catalogs/20260906T181843,
Banco_do_Brasil,2026,1T26,Demonstrações Contábeis em IFRS,Demonstrações Contábeis em IFRS 1T26,https://api.mziq.com/mzfilemanager/v2/d/5760dff3-15e1-4962-9e81-322a0b3d0bbd/e1ed6ba7-093f-3b8e-bcfe-4610f00f80c4?origin=2,https://ri.bb.com.br/informacoes-financeiras/central-de-resultados/,documents/Banco_do_Brasil/2026/1T26/Demonstracoes_Contabeis_em_IFRS_1T26__10ee073b462a.pdf,downloaded,pdf,2530968,10ee073b462ae1cb481b62f778545adf03dbed70022268cf92cbe331723490b4,PDF signature and EOF,2026-05-13T00:00:00.000Z,pt_BR,f8cb01e0-c438-463e-a92a-e5dc365bf1f8,downloads-demonstracoes-contabeis-em-ifrs,data/catalogs/20260906T181843,
Banco_do_Brasil,2026,1T26,Relatório da Administração,Relatório da  Administração 1T26,https://api.mziq.com/mzfilemanager/v2/d/5760dff3-15e1-4962-9e81-322a0b3d0bbd/d142fcd0-e474-3654-8c06-e157c22f0bed?origin=2,https://ri.bb.com.br/informacoes-financeiras/central-de-resultados/,documents/Banco_do_Brasil/2026/1T26/Relatorio_da_Administracao_1T26__1fee7e1fbb57.docx,downloaded,docx,5669497,1fee7e1fbb57f76fb108e7096b49194b0b4312a0cf80205e81b28fe82d0b0365,ZIP CRC verified,2026-05-13T00:00:00.000Z,pt_BR,277158e2-d82a-4000-a97f-8960f80351b8,relatorio-administracao,data/catalogs/20260906T181843,
Banco_do_Brasil,2026,1T26,Sumário do Resultado,Sumário do Resultado 1T26,https://api.mziq.com/mzfilemanager/v2/d/5760dff3-15e1-4962-9e81-322a0b3d0bbd/1800ebd8-ea21-f06f-4ef4-daf4a0a0a352?origin=2,https://ri.bb.com.br/informacoes-financeiras/central-de-resultados/,documents/Banco_do_Brasil/2026/1T26/Sumario_do_Resultado_1T26__2c82d768b5df.pdf,downloaded,pdf,197449,2c82d768b5df11469efdc895a5acdc6d2d283ea039675173fd4af88d33f5a1ab,PDF signature and EOF,2026-05-13T00:00:00.000Z,pt_BR,09919579-b588-4dd1-bfb3-81a476fd7836,sumario-resultado,data/catalogs/20260906T181843,
Banco_do_Brasil,2026,1T26,Séries Históricas,Séries Históricas 1T26,https://api.mziq.com/mzfilemanager/v2/d/5760dff3-15e1-4962-9e81-322a0b3d0bbd/487685c8-8eaf-b348-c53f-2e97b6aa2a86?origin=2,https://ri.bb.com.br/informacoes-financeiras/central-de-resultados/,documents/Banco_do_Brasil/2026/1T26/Series_Historicas_1T26__ec61bde1c536.xlsx,downloaded,xlsx,1097305,ec61bde1c5366f8f80e61e6b59bfd3f1a18120bbe93079b6a000ecad6a2dafd4,ZIP CRC verified,2026-05-13T00:00:00.000Z,pt_BR,bba6238a-817c-4937-852b-7fa76685700f,downloads-series-historicas,data/catalogs/20260906T181843,
Banco_do_Brasil,2026,1T26,Transcrição da Teleconferência,Transcrição Videoconferência 1T26,https://api.mziq.com/mzfilemanager/v2/d/5760dff3-15e1-4962-9e81-322a0b3d0bbd/50b0571f-7f42-db0e-ac87-53e102618dab?origin=2,https://ri.bb.com.br/informacoes-financeiras/central-de-resultados/,documents/Banco_do_Brasil/2026/1T26/Transcricao_Videoconferencia_1T26__d3f9be0ee5c4.pdf,downloaded,pdf,234001,d3f9be0ee5c407a4d4709797a6eb6271df311ed60db1e876990512f5ae229fec,PDF signature and EOF,2026-05-20T00:00:00.000Z,pt_BR,a582137c-6d77-4b0d-8852-45a7834a17c7,tele-transcricao,data/catalogs/20260906T181843,
Banco_do_Brasil,2026,1T26,Vídeo Apresentação de Resultado,1T26 Apresentação de Resultados,https://api.mziq.com/mzfilemanager/v2/d/5760dff3-15e1-4962-9e81-322a0b3d0bbd/726bbdf2-6094-f06b-31c6-e4a69ee6d0f7?origin=2,https://ri.bb.com.br/informacoes-financeiras/central-de-resultados/,documents/Banco_do_Brasil/2026/1T26/1T26_Apresentacao_de_Resultados__bd7f278e.url,external_link,,,,Official catalog link; streaming/page not archived,2026-05-13T00:00:00.000Z,pt_BR,bd7f278e-7e95-496e-8c15-7de2974dc679,gravacao,data/catalogs/20260906T181843,
Banco_do_Brasil,2026,1T26,Vídeo Live de Resultados,Video Live 1T26,https://api.mziq.com/mzfilemanager/v2/d/5760dff3-15e1-4962-9e81-322a0b3d0bbd/428ab138-cb8f-b575-d904-a81c53e7d790?origin=2,https://ri.bb.com.br/informacoes-financeiras/central-de-resultados/,documents/Banco_do_Brasil/2026/1T26/Video_Live_1T26__e39108a4.url,external_link,,,,Official catalog link; streaming/page not archived,2026-05-14T00:00:00.000Z,pt_BR,e39108a4-0ed2-4389-ac4c-ab008995fa0d,Video Live,data/catalogs/20260906T181843,
Banco_do_Brasil,2026,1T26,Áudio da Teleconferência,Audio Webcast - 1T26,https://api.mziq.com/mzfilemanager/v2/d/5760dff3-15e1-4962-9e81-322a0b3d0bbd/3d2cf812-a9f4-0c44-0971-5b64b02670af?origin=2,https://ri.bb.com.br/informacoes-financeiras/central-de-resultados/,documents/Banco_do_Brasil/2026/1T26/Audio_Webcast_-_1T26__626c73ee.url,external_link,,,,Official catalog link; streaming/page not archived,2026-05-14T00:00:00.000Z,pt_BR,626c73ee-eb6f-4a34-ad77-40c4b9e4378e,tele-audio,data/catalogs/20260906T181843,
Banco_do_Brasil,2026,2T26,Análise do Desempenho,Analise de Desempenho - 2T26,https://api.mziq.com/mzfilemanager/v2/d/5760dff3-15e1-4962-9e81-322a0b3d0bbd/baf82bc7-3aa3-a91d-72c4-fdbde495644c?origin=2,https://ri.bb.com.br/informacoes-financeiras/central-de-resultados/,documents/Banco_do_Brasil/2026/2T26/Analise_de_Desempenho_-_2T26__61b49780a902.pdf,downloaded,pdf,6801277,61b49780a9025c4f89ac7b4a97f1dcd7d499154c818b392118866b4a2f15a291,PDF signature and EOF,2026-08-17T00:00:00.000Z,pt_BR,69e9f3f6-e779-4113-a9b3-1779b7fea343,downloads-analise-do-desempenho,data/catalogs/20260906T181843,
Banco_do_Brasil,2026,2T26,Apresentação Institucional,Institucional 2T26,https://api.mziq.com/mzfilemanager/v2/d/5760dff3-15e1-4962-9e81-322a0b3d0bbd/5a9610b7-de84-6c13-7010-cd0025aafb0f?origin=2,https://ri.bb.com.br/informacoes-financeiras/central-de-resultados/,documents/Banco_do_Brasil/2026/2T26/Institucional_2T26__c835c3067956.pdf,downloaded,pdf,7005776,c835c306795628b31b562d82d37b71ae75c2786f31144b90ee3e0885ba67553c,PDF signature and EOF,2026-09-01T00:00:00.000Z,pt_BR,06f687a1-535e-4448-ac77-87c320a54737,resultados-trimestrais,data/catalogs/20260906T181843,
Banco_do_Brasil,2026,2T26,Apresentação da Teleconferência,2T26 Apresentação de Resultados,https://api.mziq.com/mzfilemanager/v2/d/5760dff3-15e1-4962-9e81-322a0b3d0bbd/3563339f-85c7-176a-07b2-fa1fd0f2917c?origin=2,https://ri.bb.com.br/informacoes-financeiras/central-de-resultados/,documents/Banco_do_Brasil/2026/2T26/2T26_Apresentacao_de_Resultados__5b78c885c2ec.pdf,downloaded,pdf,5057037,5b78c885c2ecae092bfbb4fbfe9a023d2346d82e68af0dea27c027a79a381b0e,PDF signature and EOF,2026-08-13T00:00:00.000Z,pt_BR,f9add280-37f0-456c-97f6-7f50f7fe53d9,tele-apresentacao,data/catalogs/20260906T181843,
Banco_do_Brasil,2026,2T26,BB Notícias ,BB Notícias 2T26,https://api.mziq.com/mzfilemanager/v2/d/5760dff3-15e1-4962-9e81-322a0b3d0bbd/5dfc7f96-3dce-b011-58db-289d43cfc00d?origin=2,https://ri.bb.com.br/informacoes-financeiras/central-de-resultados/,documents/Banco_do_Brasil/2026/2T26/BB_Noticias_2T26__8bea498f0435.pdf,downloaded,pdf,235434,8bea498f043571e643b38278716c04d8dba65260331beb503bcae5ec05d00396,PDF signature and EOF,2026-08-12T00:00:00.000Z,pt_BR,91527c75-f0a3-4e0e-a9c1-3db95da86d1e,downloads-bb-noticias,data/catalogs/20260906T181843,
Banco_do_Brasil,2026,2T26,Boletim InformAções BB,BB Boletim InformAções 2T26,https://api.mziq.com/mzfilemanager/v2/d/5760dff3-15e1-4962-9e81-322a0b3d0bbd/6ef265fb-094b-3e35-89c0-017d1acea535?origin=2,https://ri.bb.com.br/informacoes-financeiras/central-de-resultados/,documents/Banco_do_Brasil/2026/2T26/BB_Boletim_InformAcoes_2T26__dcaf6f2df4b1.pdf,downloaded,pdf,947279,dcaf6f2df4b110ca591453369b920f3e8fcd32df3dd8d46994aef6ad500e4a06,PDF signature and EOF,2026-09-03T00:00:00.000Z,pt_BR,00ffa41c-c909-4c2a-a552-008caf98fb76,boletim_trimestral,data/catalogs/20260906T181843,
Banco_do_Brasil,2026,2T26,Demonstrações Contábeis,Demonstrações Contábeis 2T26,https://api.mziq.com/mzfilemanager/v2/d/5760dff3-15e1-4962-9e81-322a0b3d0bbd/815eef24-a220-1a2c-8d6e-7d17d7c458a9?origin=2,https://ri.bb.com.br/informacoes-financeiras/central-de-resultados/,documents/Banco_do_Brasil/2026/2T26/Demonstracoes_Contabeis_2T26__3a4921830640.docx,downloaded,docx,3312684,3a49218306400945371df2bc100ca60adb946170f08c152d4f35717bbd927732,ZIP CRC verified,2026-08-12T00:00:00.000Z,pt_BR,d83f2670-5b2d-4ad7-8bec-0903033a4382,downloads-demonstracoes-contabeis,data/catalogs/20260906T181843,
Banco_do_Brasil,2026,2T26,Demonstrações Contábeis PDF,Demonstrações Contábeis PDF 2T26,https://api.mziq.com/mzfilemanager/v2/d/5760dff3-15e1-4962-9e81-322a0b3d0bbd/8e0ed08b-f661-f270-dee3-2de71bf10a3c?origin=2,https://ri.bb.com.br/informacoes-financeiras/central-de-resultados/,documents/Banco_do_Brasil/2026/2T26/Demonstracoes_Contabeis_PDF_2T26__eca85b5ab6ae.pdf,downloaded,pdf,5187397,eca85b5ab6aeb16d97e1a6921802a8ef6dac392e36fd979c95bb3c87df7d69a4,PDF signature and EOF,2026-08-12T00:00:00.000Z,pt_BR,4f7c1dda-a22d-421f-849c-ef8422124fe0,downloads-demonstracoes-contabeis-pdf,data/catalogs/20260906T181843,
Banco_do_Brasil,2026,2T26,Demonstrações Contábeis em IFRS,Demonstrações Contábeis em IFRS 2T26,https://api.mziq.com/mzfilemanager/v2/d/5760dff3-15e1-4962-9e81-322a0b3d0bbd/9fa3a595-cc81-72a8-2045-09d95568e7b2?origin=2,https://ri.bb.com.br/informacoes-financeiras/central-de-resultados/,documents/Banco_do_Brasil/2026/2T26/Demonstracoes_Contabeis_em_IFRS_2T26__a291f50da4f3.pdf,downloaded,pdf,2537647,a291f50da4f31642c5d8c5f1ab442bdeedd8dc17937df4eb3fcaee5aa4640800,PDF signature and EOF,2026-08-12T00:00:00.000Z,pt_BR,dd070eda-d3b4-46f4-bdfd-f1ba7ab12b7b,downloads-demonstracoes-contabeis-em-ifrs,data/catalogs/20260906T181843,
Banco_do_Brasil,2026,2T26,Relatório da Administração,Relatório da  Administração 2T26,https://api.mziq.com/mzfilemanager/v2/d/5760dff3-15e1-4962-9e81-322a0b3d0bbd/b6d5f750-aa11-431d-adb4-c8ca357b0eb4?origin=2,https://ri.bb.com.br/informacoes-financeiras/central-de-resultados/,documents/Banco_do_Brasil/2026/2T26/Relatorio_da_Administracao_2T26__516806d4e897.docx,downloaded,docx,1767458,516806d4e8975adc9faef2f4dcb308c3d68e467b6ac9c79d313121cb76c63d42,ZIP CRC verified,2026-08-12T00:00:00.000Z,pt_BR,d8cc3cc6-e35d-4827-affd-1c81bf59f101,relatorio-administracao,data/catalogs/20260906T181843,
Banco_do_Brasil,2026,2T26,Sumário do Resultado,Sumário do Resultado 2T26,https://api.mziq.com/mzfilemanager/v2/d/5760dff3-15e1-4962-9e81-322a0b3d0bbd/0c274143-4a80-6c81-fe93-6a5486efaa04?origin=2,https://ri.bb.com.br/informacoes-financeiras/central-de-resultados/,documents/Banco_do_Brasil/2026/2T26/Sumario_do_Resultado_2T26__a716c84471fb.pdf,downloaded,pdf,195897,a716c84471fbafd280f95eb4320d8896a5e27fd55879bff1ac2e7c76a5211fba,PDF signature and EOF,2026-08-12T00:00:00.000Z,pt_BR,0aa9537b-333d-4700-9bdf-17b5dc3f9bf8,sumario-resultado,data/catalogs/20260906T181843,
Banco_do_Brasil,2026,2T26,Transcrição da Teleconferência,Transcrição Videoconferência 2T26,https://api.mziq.com/mzfilemanager/v2/d/5760dff3-15e1-4962-9e81-322a0b3d0bbd/905ea3b6-7071-5287-3303-d5b17986d6eb?origin=2,https://ri.bb.com.br/informacoes-financeiras/central-de-resultados/,documents/Banco_do_Brasil/2026/2T26/Transcricao_Videoconferencia_2T26__d16f35290915.pdf,downloaded,pdf,264003,d16f35290915f38e51a3314658ecb9f1df6124d39102cf5c634de7c906ed10fb,PDF signature and EOF,2026-08-18T00:00:00.000Z,pt_BR,13ed530c-8870-43f2-81eb-860cb8e87e27,tele-transcricao,data/catalogs/20260906T181843,
Banco_do_Brasil,2026,2T26,Vídeo Apresentação de Resultado,2T26 Apresentação de Resultados,https://api.mziq.com/mzfilemanager/v2/d/5760dff3-15e1-4962-9e81-322a0b3d0bbd/63760a41-d2c0-3942-c76c-13c23d137db0?origin=2,https://ri.bb.com.br/informacoes-financeiras/central-de-resultados/,documents/Banco_do_Brasil/2026/2T26/2T26_Apresentacao_de_Resultados__fb7b3b4b.url,external_link,,,,Official catalog link; streaming/page not archived,2026-08-12T00:00:00.000Z,pt_BR,fb7b3b4b-cb48-4bd6-b8d4-254e97d308b4,gravacao,data/catalogs/20260906T181843,
Banco_do_Brasil,2026,2T26,Vídeo Live de Resultados,Video Live 2T26,https://api.mziq.com/mzfilemanager/v2/d/5760dff3-15e1-4962-9e81-322a0b3d0bbd/39fd9b5a-dd0b-067d-cca7-b0a4b07de9ba?origin=2,https://ri.bb.com.br/informacoes-financeiras/central-de-resultados/,documents/Banco_do_Brasil/2026/2T26/Video_Live_2T26__eeb21b27.url,external_link,,,,Official catalog link; streaming/page not archived,2026-08-13T00:00:00.000Z,pt_BR,eeb21b27-e65c-4a7b-8936-ada2c8e1a31d,Video Live,data/catalogs/20260906T181843,
Banco_do_Brasil,2026,2T26,downloads-series-historicas,Séries Históricas 2T26,https://api.mziq.com/mzfilemanager/v2/d/5760dff3-15e1-4962-9e81-322a0b3d0bbd/57f31488-1d17-f384-a832-c381f00e6a1f?origin=2,https://ri.bb.com.br/informacoes-financeiras/central-de-resultados/,documents/Banco_do_Brasil/2026/2T26/Series_Historicas_2T26__5137c248b8ef.xlsx,downloaded,xlsx,1113616,5137c248b8ef08c957644c4a9b9ffe2c87d52b7105c66b821f7e33644ac857f0,ZIP CRC verified,,,c8983fb3-6a67-4688-a7b0-e2dbdc428ee6,downloads-series-historicas,,
Banco_do_Brasil,2026,2T26,Áudio da Teleconferência,Audio Live 2T26,https://api.mziq.com/mzfilemanager/v2/d/5760dff3-15e1-4962-9e81-322a0b3d0bbd/af7594f2-bd1f-7943-0ac8-1cdcebf8875e?origin=2,https://ri.bb.com.br/informacoes-financeiras/central-de-resultados/,documents/Banco_do_Brasil/2026/2T26/Audio_Live_2T26__0feecedf.url,external_link,,,,Official catalog link; streaming/page not archived,2026-08-13T00:00:00.000Z,pt_BR,0feecedf-fbf6-4b20-b419-554cf3434b9a,tele-audio,data/catalogs/20260906T181843,
Bradesco,2024,1T24,Anexos Pilar 3,Bradesco 1T24 - Anexos Pilar 3,https://api.mziq.com/mzfilemanager/v2/d/80f2e993-0a30-421a-9470-a4d5c8ad5e9f/ad0cf5f5-9573-39f5-53be-711aae621130?origin=2,https://www.bradescori.com.br/informacoes-ao-mercado/central-de-resultados/,documents/Bradesco/2024/1T24/Bradesco_1T24_-_Anexos_Pilar_3__d1cd08378f88.xlsx,downloaded,xlsx,1084437,d1cd08378f88aca10a94934c01651f05839cd7319f2f5910c6c50ceb681bddbc,ZIP CRC verified,2024-05-02T00:00:00.000Z,pt_BR,4f3e5745-2b5c-4cb2-b8a7-9f76580c749d,gerenciamento_de_riscos_anexos_pilar,data/catalogs/20260906T182455,
Bradesco,2024,1T24,Apresentação da Videoconferência,Bradesco 1T24 - Apresentação de Resultados,https://api.mziq.com/mzfilemanager/v2/d/80f2e993-0a30-421a-9470-a4d5c8ad5e9f/9b45cfd7-94d9-4f1b-0af2-38ea4ff46c95?origin=2,https://www.bradescori.com.br/informacoes-ao-mercado/central-de-resultados/,documents/Bradesco/2024/1T24/Bradesco_1T24_-_Apresentacao_de_Resultados__d5a15d0d98c0.pdf,downloaded,pdf,6446107,d5a15d0d98c090aa3b50f555825cccc118de34d6de18922464b8d25fb3dd18c8,PDF signature and EOF,2024-05-02T00:00:00.000Z,pt_BR,3512b802-eca9-4bff-8127-cf3e2435c055,apresentacoes_institucionais_teleconferencia,data/catalogs/20260906T182455,
Bradesco,2024,1T24,Conferência de Resultados,Bradesco 1T24 -  Videoconferência de Resultados,https://api.mziq.com/mzfilemanager/v2/d/80f2e993-0a30-421a-9470-a4d5c8ad5e9f/a414c0a2-7e0c-0a49-4bad-cb29dfe929e9?origin=2,https://www.bradescori.com.br/informacoes-ao-mercado/central-de-resultados/,documents/Bradesco/2024/1T24/Bradesco_1T24_-_Videoconferencia_de_Resultados__5964799c.url,external_link,,,,Official catalog link; streaming/page not archived,2024-05-02T00:00:00.000Z,pt_BR,5964799c-0b55-4792-929e-9d8237de1d44,videoconferencia_resultados,data/catalogs/20260906T182455,
Bradesco,2024,1T24,Demonstrações Financeiras Consolidadas - IFRS,Demonstrações Financeiras Consolidadas - IFRS 1T24,https://api.mziq.com/mzfilemanager/v2/d/80f2e993-0a30-421a-9470-a4d5c8ad5e9f/58f28b69-414b-9457-6c81-6b0656767fc0?origin=2,https://www.bradescori.com.br/informacoes-ao-mercado/central-de-resultados/,documents/Bradesco/2024/1T24/Demonstracoes_Financeiras_Consolidadas_-_IFRS_1T24__a24093bd823a.pdf,downloaded,pdf,2249622,a24093bd823acf2435a86d8f82522ce9b4505593dbb567973d151c7fad143591,PDF signature and EOF,2024-05-02T00:00:00.000Z,pt_BR,d11117c0-bc22-4a3b-885d-23ed482f4530,relatorios_ifrs,data/catalogs/20260906T182455,
Bradesco,2024,1T24,Gerenciamento de Riscos | Pilar 3,Bradesco 1T24 - Relatório de Gerenciamento de Riscos,https://api.mziq.com/mzfilemanager/v2/d/80f2e993-0a30-421a-9470-a4d5c8ad5e9f/42eb381d-f85a-0881-cabb-063e2af17b5e?origin=2,https://www.bradescori.com.br/informacoes-ao-mercado/central-de-resultados/,documents/Bradesco/2024/1T24/Bradesco_1T24_-_Relatorio_de_Gerenciamento_de_Riscos__8a8829f182f0.pdf,downloaded,pdf,2303110,8a8829f182f0750e511dd9a68e41f41bf5acb9cb96e1381d8d7ed3569bce2bbe,PDF signature and EOF,2024-05-02T00:00:00.000Z,pt_BR,c09fe773-cfef-4e3b-a45d-8d6b2a84cb6a,gerenciamento_de_riscos_gerenciamento_de_riscos,data/catalogs/20260906T182455,
Bradesco,2024,1T24,Informativo Trimestral,Bradesco 1T24 - Informativo Trimestral,https://api.mziq.com/mzfilemanager/v2/d/80f2e993-0a30-421a-9470-a4d5c8ad5e9f/504b1ff7-9bd7-dfda-5782-0460fd847650?origin=2,https://www.bradescori.com.br/informacoes-ao-mercado/central-de-resultados/,documents/Bradesco/2024/1T24/Bradesco_1T24_-_Informativo_Trimestral__dfc158277c98.pdf,downloaded,pdf,1760757,dfc158277c9884f6833fca5135378e9be336222b9aa9b4d0ff2afe21fce406e4,PDF signature and EOF,2024-05-10T00:00:00.000Z,pt_BR,49e4fcd4-ac8c-4248-b8be-c0683a40beb7,_informativos,data/catalogs/20260906T182455,
Bradesco,2024,1T24,Podcast,Bradesco 1T24 - Podcast Resultados,https://api.mziq.com/mzfilemanager/v2/d/80f2e993-0a30-421a-9470-a4d5c8ad5e9f/386cc46b-d299-2577-80f6-f191f2f4dfdc?origin=2,https://www.bradescori.com.br/informacoes-ao-mercado/central-de-resultados/,documents/Bradesco/2024/1T24/Bradesco_1T24_-_Podcast_Resultados__e6782967.url,external_link,,,,Official catalog link; streaming/page not archived,2024-05-02T00:00:00.000Z,pt_BR,e6782967-ef19-49a4-af6d-101225f4c0fd,teleconferencias_podcast,data/catalogs/20260906T182455,
Bradesco,2024,1T24,Press Release,Bradesco 1T24 - Press Release,https://api.mziq.com/mzfilemanager/v2/d/80f2e993-0a30-421a-9470-a4d5c8ad5e9f/1d856abc-1c52-7594-bdf2-63181ac4711b?origin=2,https://www.bradescori.com.br/informacoes-ao-mercado/central-de-resultados/,documents/Bradesco/2024/1T24/Bradesco_1T24_-_Press_Release__4f56909ff226.pdf,downloaded,pdf,180445,4f56909ff22627b2176d25e97e0904c3856655e2ac249636bb774d064176a9b7,PDF signature and EOF,2024-05-02T00:00:00.000Z,pt_BR,58be4e77-7b89-455d-8253-6529ef0964ee,relatorios_press_release,data/catalogs/20260906T182455,
Bradesco,2024,1T24,Relatório de Análise Econômica e Financeira,Bradesco 1T24 - Relatório de Análise Econômica e Financeira,https://api.mziq.com/mzfilemanager/v2/d/80f2e993-0a30-421a-9470-a4d5c8ad5e9f/d2826501-c336-4d76-0974-83283967f2c6?origin=2,https://www.bradescori.com.br/informacoes-ao-mercado/central-de-resultados/,documents/Bradesco/2024/1T24/Bradesco_1T24_-_Relatorio_de_Analise_Economica_e_Financeira__749f41d9b4dd.pdf,downloaded,pdf,4022761,749f41d9b4ddacf05d72969ecacb19b8bafd353749f26f8ff706270323418498,PDF signature and EOF,2024-05-02T00:00:00.000Z,pt_BR,e31945d9-7730-4ad1-90db-abe32811d1d4,relatorios_relatorio_de_analise_economica,data/catalogs/20260906T182455,
Bradesco,2024,1T24,Séries Históricas,Bradesco 1T24 - Séries Históricas,https://api.mziq.com/mzfilemanager/v2/d/80f2e993-0a30-421a-9470-a4d5c8ad5e9f/9f7d5c27-44b2-fba2-05ca-d6e385739912?origin=2,https://www.bradescori.com.br/informacoes-ao-mercado/central-de-resultados/,documents/Bradesco/2024/1T24/Bradesco_1T24_-_Series_Historicas__8aef1492b2ec.xlsx,downloaded,xlsx,1189877,8aef1492b2eccf1f87ac8f7ba86d7ee69208aadccb0c226327e4b7d66d1fab25,ZIP CRC verified,2024-05-02T00:00:00.000Z,pt_BR,1a85908c-7c0a-4ea9-b14c-2c1f13857746,relatorios_series_historicas,data/catalogs/20260906T182455,
Bradesco,2024,1T24,Transcrição,Bradesco 1T24 - Transcrição Videoconferência,https://api.mziq.com/mzfilemanager/v2/d/80f2e993-0a30-421a-9470-a4d5c8ad5e9f/ebbb3c67-0e8f-a9a0-7e43-8a631cfc1791?origin=2,https://www.bradescori.com.br/informacoes-ao-mercado/central-de-resultados/,documents/Bradesco/2024/1T24/Bradesco_1T24_-_Transcricao_Videoconferencia__46b41de0d361.pdf,downloaded,pdf,668461,46b41de0d361cc9aa551feddb6b77a753b69c8994b4a7ec4b31106b0b159fc64,PDF signature and EOF,2024-05-02T00:00:00.000Z,pt_BR,f19e8c49-b014-4998-bbf8-dcd0f87ebfac,teleconferencias_transcricao,data/catalogs/20260906T182455,
Bradesco,2024,2T24,Anexos Pilar 3,Bradesco 2T24 - Anexos Pilar 3,https://api.mziq.com/mzfilemanager/v2/d/80f2e993-0a30-421a-9470-a4d5c8ad5e9f/12c2cbc0-9b3a-9ce0-c224-535b2ee6dda5?origin=2,https://www.bradescori.com.br/informacoes-ao-mercado/central-de-resultados/,documents/Bradesco/2024/2T24/Bradesco_2T24_-_Anexos_Pilar_3__9fec0f9e2441.xlsx,downloaded,xlsx,1080397,9fec0f9e2441d7bb6df90c505d1e580dfe38f76e1a027fcc89380740f15ff6bf,ZIP CRC verified,2024-08-12T00:00:00.000Z,pt_BR,6bb5af94-e42f-488d-aaf9-49e26e864547,gerenciamento_de_riscos_anexos_pilar,data/catalogs/20260906T182455,
Bradesco,2024,2T24,Apresentação da Videoconferência,Bradesco 2T24 - Apresentação de Resultados,https://api.mziq.com/mzfilemanager/v2/d/80f2e993-0a30-421a-9470-a4d5c8ad5e9f/d5c273bb-c75f-76ae-d9e0-fa30f13db939?origin=2,https://www.bradescori.com.br/informacoes-ao-mercado/central-de-resultados/,documents/Bradesco/2024/2T24/Bradesco_2T24_-_Apresentacao_de_Resultados__18fdc50feb6c.pdf,downloaded,pdf,1647154,18fdc50feb6c33e80151bd54b07a8b95993ee6391d120c8f6ac4d3b36694fb1f,PDF signature and EOF,2024-08-05T00:00:00.000Z,pt_BR,781a0e57-f941-4ed8-9889-4648b234833e,apresentacoes_institucionais_teleconferencia,data/catalogs/20260906T182455,
Bradesco,2024,2T24,Conferência de Resultados,Bradesco 2T24 -  Videoconferência de Resultados,https://api.mziq.com/mzfilemanager/v2/d/80f2e993-0a30-421a-9470-a4d5c8ad5e9f/555b774c-e09b-7255-36fb-3fc83b02cf1f?origin=2,https://www.bradescori.com.br/informacoes-ao-mercado/central-de-resultados/,documents/Bradesco/2024/2T24/Bradesco_2T24_-_Videoconferencia_de_Resultados__c21f06f5.url,external_link,,,,Official catalog link; streaming/page not archived,2024-08-05T00:00:00.000Z,pt_BR,c21f06f5-2c21-4179-af28-4d5182f7091b,videoconferencia_resultados,data/catalogs/20260906T182455,
Bradesco,2024,2T24,Demonstrações Financeiras Consolidadas - IFRS,Demonstrações Financeiras Consolidadas - IFRS 1S24,https://api.mziq.com/mzfilemanager/v2/d/80f2e993-0a30-421a-9470-a4d5c8ad5e9f/57129dcd-608a-c992-2c37-d4dbea38b2c5?origin=2,https://www.bradescori.com.br/informacoes-ao-mercado/central-de-resultados/,documents/Bradesco/2024/2T24/Demonstracoes_Financeiras_Consolidadas_-_IFRS_1S24__a967d962d204.pdf,downloaded,pdf,2790144,a967d962d204bf1e67f2c79a40ceb3d532c534a2a103772be9c3e9cfef74a9a6,PDF signature and EOF,2024-08-05T00:00:00.000Z,pt_BR,7495337d-7fbb-4a1a-ac3f-1222ce55548c,relatorios_ifrs,data/catalogs/20260906T182455,
Bradesco,2024,2T24,Gerenciamento de Riscos | Pilar 3,Bradesco 2T24 - Relatório de Gerenciamento de Riscos,https://api.mziq.com/mzfilemanager/v2/d/80f2e993-0a30-421a-9470-a4d5c8ad5e9f/4f39c98c-ddf3-ec4b-5739-ed4bfa844a18?origin=2,https://www.bradescori.com.br/informacoes-ao-mercado/central-de-resultados/,documents/Bradesco/2024/2T24/Bradesco_2T24_-_Relatorio_de_Gerenciamento_de_Riscos__72be0564629f.pdf,downloaded,pdf,2483989,72be0564629f79aa987f564488c9e847611edce8cb0eb31c60de7065d0d38ba2,PDF signature and EOF,2024-08-05T00:00:00.000Z,pt_BR,5d6fb6db-48bc-493b-b3db-fe35896e9358,gerenciamento_de_riscos_gerenciamento_de_riscos,data/catalogs/20260906T182455,
Bradesco,2024,2T24,Informativo Trimestral,Bradesco 2T24 - Informativo Trimestral,https://api.mziq.com/mzfilemanager/v2/d/80f2e993-0a30-421a-9470-a4d5c8ad5e9f/e6b853f2-715b-7550-3654-07338a8599a5?origin=2,https://www.bradescori.com.br/informacoes-ao-mercado/central-de-resultados/,documents/Bradesco/2024/2T24/Bradesco_2T24_-_Informativo_Trimestral__7862982da672.pdf,downloaded,pdf,1212529,7862982da6722841a61285bf600423ffb5fe10746e2bb47c4169535049fc9a7a,PDF signature and EOF,2024-08-14T00:00:00.000Z,pt_BR,ef34aaa5-626d-4786-b46a-e9573f89cd6e,_informativos,data/catalogs/20260906T182455,
Bradesco,2024,2T24,Podcast,Bradesco 2T24 - Podcast Resultados,https://api.mziq.com/mzfilemanager/v2/d/80f2e993-0a30-421a-9470-a4d5c8ad5e9f/872e9c8d-768d-c19a-4172-259fb3b2bc1e?origin=2,https://www.bradescori.com.br/informacoes-ao-mercado/central-de-resultados/,documents/Bradesco/2024/2T24/Bradesco_2T24_-_Podcast_Resultados__a1e46518.url,external_link,,,,Official catalog link; streaming/page not archived,2024-08-05T00:00:00.000Z,pt_BR,a1e46518-703f-4b95-a079-9750aca3449c,teleconferencias_podcast,data/catalogs/20260906T182455,
Bradesco,2024,2T24,Press Release,Bradesco 2T24 - Press Release,https://api.mziq.com/mzfilemanager/v2/d/80f2e993-0a30-421a-9470-a4d5c8ad5e9f/7532e562-e8a7-06bd-0df2-21cdb8c88955?origin=2,https://www.bradescori.com.br/informacoes-ao-mercado/central-de-resultados/,documents/Bradesco/2024/2T24/Bradesco_2T24_-_Press_Release__16c050d21596.pdf,downloaded,pdf,252849,16c050d2159653801162e3bd1691aab69f3e127607e7e349624854d2a7f0e39a,PDF signature and EOF,2024-08-05T00:00:00.000Z,pt_BR,018540e6-fb43-48b9-b8c2-28b01d0c12c0,relatorios_press_release,data/catalogs/20260906T182455,
Bradesco,2024,2T24,Relatório de Análise Econômica e Financeira,Bradesco 2T24 - Relatório de Análise Econômica e Financeira,https://api.mziq.com/mzfilemanager/v2/d/80f2e993-0a30-421a-9470-a4d5c8ad5e9f/b5c93b4d-efc9-8adf-f78f-de94e36172cc?origin=2,https://www.bradescori.com.br/informacoes-ao-mercado/central-de-resultados/,documents/Bradesco/2024/2T24/Bradesco_2T24_-_Relatorio_de_Analise_Economica_e_Financeira__4b5b7ee501d4.pdf,downloaded,pdf,4202261,4b5b7ee501d4bbbce7543ce19d488f08af6206eff21776c6efa442d1149ba412,PDF signature and EOF,2024-08-05T00:00:00.000Z,pt_BR,d94aafbf-2567-4c92-acbc-5758d04af717,relatorios_relatorio_de_analise_economica,data/catalogs/20260906T182455,
Bradesco,2024,2T24,Séries Históricas,Bradesco 2T24 - Séries Históricas,https://api.mziq.com/mzfilemanager/v2/d/80f2e993-0a30-421a-9470-a4d5c8ad5e9f/1fa32711-5826-15c6-c211-d0c64e3aff56?origin=2,https://www.bradescori.com.br/informacoes-ao-mercado/central-de-resultados/,documents/Bradesco/2024/2T24/Bradesco_2T24_-_Series_Historicas__27f080668c54.xlsx,downloaded,xlsx,1220721,27f080668c542c08a91bf63c3fd0d23351fc06569c00f06f129cc2cbbae500c3,ZIP CRC verified,2024-08-05T00:00:00.000Z,pt_BR,1e3431e2-14d8-4a2f-955c-8a67d8285e86,relatorios_series_historicas,data/catalogs/20260906T182455,
Bradesco,2024,2T24,Transcrição,Bradesco 2T24 - Transcrição Videoconferência,https://api.mziq.com/mzfilemanager/v2/d/80f2e993-0a30-421a-9470-a4d5c8ad5e9f/4f5cbda7-dce7-93f3-8031-27d0113fd0fa?origin=2,https://www.bradescori.com.br/informacoes-ao-mercado/central-de-resultados/,documents/Bradesco/2024/2T24/Bradesco_2T24_-_Transcricao_Videoconferencia__40a4eb0082a3.pdf,downloaded,pdf,650958,40a4eb0082a361a4602a5dcfc45f22c94e3d49be4a12e77ae4a974d480b15c9f,PDF signature and EOF,2024-08-08T00:00:00.000Z,pt_BR,743a1834-0989-4810-839c-eeaab67ad1f9,teleconferencias_transcricao,data/catalogs/20260906T182455,
Bradesco,2024,3T24,Anexos Pilar 3,Bradesco 3T24 - Anexos Pilar 3,https://api.mziq.com/mzfilemanager/v2/d/80f2e993-0a30-421a-9470-a4d5c8ad5e9f/bcbf20bd-ce80-a5d7-54c3-8a9f8195dfeb?origin=2,https://www.bradescori.com.br/informacoes-ao-mercado/central-de-resultados/,documents/Bradesco/2024/3T24/Bradesco_3T24_-_Anexos_Pilar_3__1d8fddd6a8d9.xlsx,downloaded,xlsx,1131415,1d8fddd6a8d9ea9587a6fd3916d3cc0508c78e6d20bac25c48d92b1f1eb191ce,ZIP CRC verified,2024-10-31T00:00:00.000Z,pt_BR,aedffcde-fe05-4710-8cc1-dd7cb7edaeef,gerenciamento_de_riscos_anexos_pilar,data/catalogs/20260906T182455,
Bradesco,2024,3T24,Apresentação da Videoconferência,Bradesco 3T24 - Apresentação de Resultados,https://api.mziq.com/mzfilemanager/v2/d/80f2e993-0a30-421a-9470-a4d5c8ad5e9f/6cbfef49-d49f-5bcb-68c4-aef2b7fd123a?origin=2,https://www.bradescori.com.br/informacoes-ao-mercado/central-de-resultados/,documents/Bradesco/2024/3T24/Bradesco_3T24_-_Apresentacao_de_Resultados__007de8cd6ace.pdf,downloaded,pdf,2125968,007de8cd6ace76576852402c64e2374a1d5d468d2b886b66b45d85e7abb0caea,PDF signature and EOF,2024-10-31T00:00:00.000Z,pt_BR,90f33629-6d21-4b68-9650-85556fa77349,apresentacoes_institucionais_teleconferencia,data/catalogs/20260906T182455,
Bradesco,2024,3T24,Conferência de Resultados,Bradesco 3T24 -  Videoconferência de Resultados,https://api.mziq.com/mzfilemanager/v2/d/80f2e993-0a30-421a-9470-a4d5c8ad5e9f/a5babc00-a664-444a-700d-5b252b5aedcc?origin=2,https://www.bradescori.com.br/informacoes-ao-mercado/central-de-resultados/,documents/Bradesco/2024/3T24/Bradesco_3T24_-_Videoconferencia_de_Resultados__3cd6c76f.url,external_link,,,,Official catalog link; streaming/page not archived,2024-10-31T00:00:00.000Z,pt_BR,3cd6c76f-eab8-467c-8995-f39e1a896d41,videoconferencia_resultados,data/catalogs/20260906T182455,
Bradesco,2024,3T24,Demonstrações Financeiras Consolidadas - IFRS,Demonstrações Financeiras Consolidadas - IFRS 3T24,https://api.mziq.com/mzfilemanager/v2/d/80f2e993-0a30-421a-9470-a4d5c8ad5e9f/55af6f7f-8286-66d3-4b83-3af212a6e9bc?origin=2,https://www.bradescori.com.br/informacoes-ao-mercado/central-de-resultados/,documents/Bradesco/2024/3T24/Demonstracoes_Financeiras_Consolidadas_-_IFRS_3T24__01cccaadf448.pdf,downloaded,pdf,2412558,01cccaadf448f0a00c6dc0b5c8a599d73ae883ed84861c457a4f4fc0d94ba990,PDF signature and EOF,2024-11-01T00:00:00.000Z,pt_BR,9487cd32-e374-42fe-a4e6-ebd92906e4e2,relatorios_ifrs,data/catalogs/20260906T182455,
Bradesco,2024,3T24,Gerenciamento de Riscos | Pilar 3,Bradesco 3T24 - Relatório de Gerenciamento de Riscos,https://api.mziq.com/mzfilemanager/v2/d/80f2e993-0a30-421a-9470-a4d5c8ad5e9f/1079c45f-0b0a-48a5-7023-5700f0d7f469?origin=2,https://www.bradescori.com.br/informacoes-ao-mercado/central-de-resultados/,documents/Bradesco/2024/3T24/Bradesco_3T24_-_Relatorio_de_Gerenciamento_de_Riscos__d165a1254d20.pdf,downloaded,pdf,1168138,d165a1254d20fc237ffd205d08cbfeed5c130d9b3851187d07d68662fa1b2e2b,PDF signature and EOF,2024-10-31T00:00:00.000Z,pt_BR,6ac7645d-e941-40bb-8076-3296d7f967c9,gerenciamento_de_riscos_gerenciamento_de_riscos,data/catalogs/20260906T182455,
Bradesco,2024,3T24,Informativo Trimestral,Bradesco 3T24 - Informativo Trimestral,https://api.mziq.com/mzfilemanager/v2/d/80f2e993-0a30-421a-9470-a4d5c8ad5e9f/5fe391bc-3690-b594-c615-3c37bd106922?origin=2,https://www.bradescori.com.br/informacoes-ao-mercado/central-de-resultados/,documents/Bradesco/2024/3T24/Bradesco_3T24_-_Informativo_Trimestral__ea95f71be51d.pdf,downloaded,pdf,1319602,ea95f71be51d600fbefef9eb681afdf0f05193d8a5bb80d1979a0a7ed2536ead,PDF signature and EOF,2024-11-06T00:00:00.000Z,pt_BR,ca06346b-8024-485d-a36b-58736e9af8c1,_informativos,data/catalogs/20260906T182455,
Bradesco,2024,3T24,Podcast,Bradesco 3T24 - Podcast Resultados,https://api.mziq.com/mzfilemanager/v2/d/80f2e993-0a30-421a-9470-a4d5c8ad5e9f/98992076-45bc-6cac-911c-ecbfa62d26c7?origin=2,https://www.bradescori.com.br/informacoes-ao-mercado/central-de-resultados/,documents/Bradesco/2024/3T24/Bradesco_3T24_-_Podcast_Resultados__d51c98f5.url,external_link,,,,Official catalog link; streaming/page not archived,2024-10-31T00:00:00.000Z,pt_BR,d51c98f5-50e3-46c8-a87a-f0a9d45c7f2a,teleconferencias_podcast,data/catalogs/20260906T182455,
Bradesco,2024,3T24,Press Release,Bradesco 3T24 - Press Release,https://api.mziq.com/mzfilemanager/v2/d/80f2e993-0a30-421a-9470-a4d5c8ad5e9f/6962e722-df35-de2f-e029-3dd740c8c295?origin=2,https://www.bradescori.com.br/informacoes-ao-mercado/central-de-resultados/,documents/Bradesco/2024/3T24/Bradesco_3T24_-_Press_Release__b1443a12efd0.pdf,downloaded,pdf,596645,b1443a12efd0a7f26b4c8cba08362893ab4789652f9ceee4ebf825171a309855,PDF signature and EOF,2024-10-31T00:00:00.000Z,pt_BR,f1e9367c-cdcd-4f25-95db-9612b43d801c,relatorios_press_release,data/catalogs/20260906T182455,
Bradesco,2024,3T24,Relatório de Análise Econômica e Financeira,Bradesco 3T24 - Relatório de Análise Econômica e Financeira,https://api.mziq.com/mzfilemanager/v2/d/80f2e993-0a30-421a-9470-a4d5c8ad5e9f/09ff796f-b2e3-52a4-347f-71a28c9a0b8d?origin=2,https://www.bradescori.com.br/informacoes-ao-mercado/central-de-resultados/,documents/Bradesco/2024/3T24/Bradesco_3T24_-_Relatorio_de_Analise_Economica_e_Financeira__8c0b5d56f20a.pdf,downloaded,pdf,5544268,8c0b5d56f20a2aa8fc269f7f8e5c0876ea7832aefb09c657a59c34d5c3532030,PDF signature and EOF,2024-10-31T00:00:00.000Z,pt_BR,c9f81a37-700f-4610-9916-d81d948efca0,relatorios_relatorio_de_analise_economica,data/catalogs/20260906T182455,
Bradesco,2024,3T24,Séries Históricas,Bradesco 3T24 - Séries Históricas,https://api.mziq.com/mzfilemanager/v2/d/80f2e993-0a30-421a-9470-a4d5c8ad5e9f/f77cc725-0ea3-154b-da5e-3e71b4fc22f3?origin=2,https://www.bradescori.com.br/informacoes-ao-mercado/central-de-resultados/,documents/Bradesco/2024/3T24/Bradesco_3T24_-_Series_Historicas__d0a41589f079.xlsx,downloaded,xlsx,1220508,d0a41589f0793f4423b49450091e7482fd23f38afb1d19b3116e950d2254f254,ZIP CRC verified,2024-10-31T00:00:00.000Z,pt_BR,814c3652-72c5-4b04-b082-4300c9ce51eb,relatorios_series_historicas,data/catalogs/20260906T182455,
Bradesco,2024,3T24,Transcrição,Bradesco 3T24 - Transcrição Videoconferência,https://api.mziq.com/mzfilemanager/v2/d/80f2e993-0a30-421a-9470-a4d5c8ad5e9f/82003b88-0273-41cd-8683-cfdfe5b15be4?origin=2,https://www.bradescori.com.br/informacoes-ao-mercado/central-de-resultados/,documents/Bradesco/2024/3T24/Bradesco_3T24_-_Transcricao_Videoconferencia__3896d3cdeeaf.pdf,downloaded,pdf,241242,3896d3cdeeaffede85846b3b67b598559a398db0bc20a95620df542b5f84e653,PDF signature and EOF,2024-10-31T00:00:00.000Z,pt_BR,a1d1dc41-6027-4901-b838-44272de6b78b,teleconferencias_transcricao,data/catalogs/20260906T182455,
Bradesco,2024,4T24,Anexos Pilar 3,Bradesco 4T24 - Anexos Pilar 3,https://api.mziq.com/mzfilemanager/v2/d/80f2e993-0a30-421a-9470-a4d5c8ad5e9f/1b7230fd-5e46-4878-81db-0600f85e73b0?origin=2,https://www.bradescori.com.br/informacoes-ao-mercado/central-de-resultados/,documents/Bradesco/2024/4T24/Bradesco_4T24_-_Anexos_Pilar_3__be8cde098989.xlsx,downloaded,xlsx,1215416,be8cde098989c6ddd81b683425f928da873825c47615a84bfdf832633a06c757,ZIP CRC verified,2025-05-20T00:00:00.000Z,pt_BR,a6d9e75e-8f9e-4848-8867-8ccbfdbd0be9,gerenciamento_de_riscos_anexos_pilar,data/catalogs/20260906T182455,
Bradesco,2024,4T24,Apresentação da Videoconferência,Bradesco 4T24 - Apresentação de Resultados,https://api.mziq.com/mzfilemanager/v2/d/80f2e993-0a30-421a-9470-a4d5c8ad5e9f/d1c37dfe-17e3-5d93-e325-3aba83be0922?origin=2,https://www.bradescori.com.br/informacoes-ao-mercado/central-de-resultados/,documents/Bradesco/2024/4T24/Bradesco_4T24_-_Apresentacao_de_Resultados__2333bbf1d6be.pdf,downloaded,pdf,3204293,2333bbf1d6be2dcc0361a6ecdcf030b1c36542e2b5c813872db06f8228dea5fc,PDF signature and EOF,2025-02-07T00:00:00.000Z,pt_BR,50f5ff48-77a7-417b-8f5c-1a903b1802b4,apresentacoes_institucionais_teleconferencia,data/catalogs/20260906T182455,
Bradesco,2024,4T24,Conferência de Resultados,Bradesco 4T24 -  Videoconferência de Resultados,https://api.mziq.com/mzfilemanager/v2/d/80f2e993-0a30-421a-9470-a4d5c8ad5e9f/e52e8ef6-5010-c5fd-b89d-8672a77391b2?origin=2,https://www.bradescori.com.br/informacoes-ao-mercado/central-de-resultados/,documents/Bradesco/2024/4T24/Bradesco_4T24_-_Videoconferencia_de_Resultados__6db11bd2.url,external_link,,,,Official catalog link; streaming/page not archived,2025-02-07T00:00:00.000Z,pt_BR,6db11bd2-937c-4c08-92db-a5817d65c709,videoconferencia_resultados,data/catalogs/20260906T182455,
Bradesco,2024,4T24,Demonstrações Financeiras Consolidadas - IFRS,Demonstrações Financeiras Consolidadas - IFRS 4T24,https://api.mziq.com/mzfilemanager/v2/d/80f2e993-0a30-421a-9470-a4d5c8ad5e9f/b3b53a19-d9b1-a819-614d-6899d110b44a?origin=2,https://www.bradescori.com.br/informacoes-ao-mercado/central-de-resultados/,documents/Bradesco/2024/4T24/Demonstracoes_Financeiras_Consolidadas_-_IFRS_4T24__d970bf6ac105.pdf,downloaded,pdf,2592735,d970bf6ac105740ed8d15df7b3da1d220b972eb0bb15756c43dc232e680e22b0,PDF signature and EOF,2025-02-07T00:00:00.000Z,pt_BR,7d8a0b39-b9d4-4c0f-9c8d-8ad35ad7a8c7,relatorios_ifrs,data/catalogs/20260906T182455,
Bradesco,2024,4T24,Gerenciamento de Riscos | Pilar 3,Bradesco 4T24 - Relatório de Gerenciamento de Riscos,https://api.mziq.com/mzfilemanager/v2/d/80f2e993-0a30-421a-9470-a4d5c8ad5e9f/8382733b-2502-4734-2f59-732bebfa9595?origin=2,https://www.bradescori.com.br/informacoes-ao-mercado/central-de-resultados/,documents/Bradesco/2024/4T24/Bradesco_4T24_-_Relatorio_de_Gerenciamento_de_Riscos__7f66afa300be.pdf,downloaded,pdf,1357331,7f66afa300bef005449e7d3cdd8dc3113d1d033729a8633125c955d095e370e7,PDF signature and EOF,2025-03-31T00:00:00.000Z,pt_BR,1a693845-e134-421e-a53d-ff67c21b11e4,gerenciamento_de_riscos_gerenciamento_de_riscos,data/catalogs/20260906T182455,
Bradesco,2024,4T24,Informativo Trimestral,Bradesco 4T24 - Informativo Trimestral,https://api.mziq.com/mzfilemanager/v2/d/80f2e993-0a30-421a-9470-a4d5c8ad5e9f/d6c0080c-7c3c-e328-d7d4-90e1211b0f9d?origin=2,https://www.bradescori.com.br/informacoes-ao-mercado/central-de-resultados/,documents/Bradesco/2024/4T24/Bradesco_4T24_-_Informativo_Trimestral__6fc5ac644598.pdf,downloaded,pdf,2113069,6fc5ac6445987cc2a9ef9bc0f3bfb0ab247daa1116ad8aa7e239188b0f1de1ac,PDF signature and EOF,2025-02-17T00:00:00.000Z,pt_BR,91e4969b-e58c-474f-a646-9586f7a34cd9,_informativos,data/catalogs/20260906T182455,
Bradesco,2024,4T24,Podcast,Bradesco 4T24 - Podcast Resultados,https://api.mziq.com/mzfilemanager/v2/d/80f2e993-0a30-421a-9470-a4d5c8ad5e9f/54f34c9e-438d-26da-0e21-75ea52577b9f?origin=2,https://www.bradescori.com.br/informacoes-ao-mercado/central-de-resultados/,documents/Bradesco/2024/4T24/Bradesco_4T24_-_Podcast_Resultados__8c73352e.url,external_link,,,,Official catalog link; streaming/page not archived,2025-02-07T00:00:00.000Z,pt_BR,8c73352e-75a7-4cac-89ed-c2f958b7a282,teleconferencias_podcast,data/catalogs/20260906T182455,
Bradesco,2024,4T24,Press Release,Bradesco 4T24 - Press Release,https://api.mziq.com/mzfilemanager/v2/d/80f2e993-0a30-421a-9470-a4d5c8ad5e9f/e9fd068a-3b90-9064-8576-cc7c8c45249d?origin=2,https://www.bradescori.com.br/informacoes-ao-mercado/central-de-resultados/,documents/Bradesco/2024/4T24/Bradesco_4T24_-_Press_Release__b08d153fbe3e.pdf,downloaded,pdf,567183,b08d153fbe3e02fee19c80e3511915c0bb6c8a7a52b004399f45d130d4223c4d,PDF signature and EOF,2025-02-07T00:00:00.000Z,pt_BR,4d0efae1-6318-4b1c-9fb6-a70f7a15e5c0,relatorios_press_release,data/catalogs/20260906T182455,
Bradesco,2024,4T24,Relatório de Análise Econômica e Financeira,Bradesco 4T24 - Relatório de Análise Econômica e Financeira,https://api.mziq.com/mzfilemanager/v2/d/80f2e993-0a30-421a-9470-a4d5c8ad5e9f/dc350110-f1fb-916f-8d03-7c20cb9c61a0?origin=2,https://www.bradescori.com.br/informacoes-ao-mercado/central-de-resultados/,documents/Bradesco/2024/4T24/Bradesco_4T24_-_Relatorio_de_Analise_Economica_e_Financeira__ad125a31ebe4.pdf,downloaded,pdf,5130551,ad125a31ebe469ccb1905e0bfd6894a8f802b6f63b67178f172642feebfef6dc,PDF signature and EOF,2025-02-07T00:00:00.000Z,pt_BR,91508573-bcea-4d63-a33c-cb4b89b32641,relatorios_relatorio_de_analise_economica,data/catalogs/20260906T182455,
Bradesco,2024,4T24,Séries Históricas,Bradesco 4T24 - Séries Históricas,https://api.mziq.com/mzfilemanager/v2/d/80f2e993-0a30-421a-9470-a4d5c8ad5e9f/0324f578-81e3-29ac-c593-4b83d38e1d12?origin=2,https://www.bradescori.com.br/informacoes-ao-mercado/central-de-resultados/,documents/Bradesco/2024/4T24/Bradesco_4T24_-_Series_Historicas__53ad23d13dda.xlsx,downloaded,xlsx,1212242,53ad23d13dda903a55cfefd0e57c2cf67b061f2bb7e2777cc35f0ef2494e9d5e,ZIP CRC verified,2025-02-07T00:00:00.000Z,pt_BR,565944b2-342f-4531-aa77-2878ae22cef7,relatorios_series_historicas,data/catalogs/20260906T182455,
Bradesco,2024,4T24,Transcrição,Bradesco 4T24 - Transcrição Videoconferência,https://api.mziq.com/mzfilemanager/v2/d/80f2e993-0a30-421a-9470-a4d5c8ad5e9f/21ddee9f-e6f4-8857-a874-03fbdaa774fb?origin=2,https://www.bradescori.com.br/informacoes-ao-mercado/central-de-resultados/,documents/Bradesco/2024/4T24/Bradesco_4T24_-_Transcricao_Videoconferencia__05524a32ce6a.pdf,downloaded,pdf,254092,05524a32ce6a2f722c1fe0ed4c0df941a2005723e87249ae9069fec9926244a8,PDF signature and EOF,2025-02-07T00:00:00.000Z,pt_BR,7e79f07b-33a1-486c-8df2-05f8aff7501a,teleconferencias_transcricao,data/catalogs/20260906T182455,
Bradesco,2026,1T26,Anexos Pilar 3,Bradesco 1T26 - Anexos Pilar 3,https://api.mziq.com/mzfilemanager/v2/d/80f2e993-0a30-421a-9470-a4d5c8ad5e9f/5b0425d5-e3ca-562e-b631-b18b48d9734f?origin=2,https://www.bradescori.com.br/informacoes-ao-mercado/central-de-resultados/,documents/Bradesco/2026/1T26/Bradesco_1T26_-_Anexos_Pilar_3__94f6c454238a.xlsx,downloaded,xlsx,1163957,94f6c454238ac872924ffd61e6c139793bec21213b1afa2f91905fe1317511ae,ZIP CRC verified,2026-05-06T00:00:00.000Z,pt_BR,90c66f56-1e1e-4c6d-a92a-af55c563153e,gerenciamento_de_riscos_anexos_pilar,data/catalogs/20260906T181843,
Bradesco,2026,1T26,Apresentação da Videoconferência,Bradesco 1T26 - Apresentação de Resultados,https://api.mziq.com/mzfilemanager/v2/d/80f2e993-0a30-421a-9470-a4d5c8ad5e9f/2a3c3776-7c17-55d6-0c6a-2a9a0b306272?origin=2,https://www.bradescori.com.br/informacoes-ao-mercado/central-de-resultados/,documents/Bradesco/2026/1T26/Bradesco_1T26_-_Apresentacao_de_Resultados__59520ef21b03.pdf,downloaded,pdf,1107002,59520ef21b0374d22f2e6b1aeb062949e4e82cd7ab22e4297816139a0bf91a0c,PDF signature and EOF,2026-05-06T00:00:00.000Z,pt_BR,62e33c62-62b1-430a-a690-e66ca0c6a036,apresentacoes_institucionais_teleconferencia,data/catalogs/20260906T181843,
Bradesco,2026,1T26,Conferência de Resultados,Bradesco 1T26 -  Videoconferência de Resultados,https://api.mziq.com/mzfilemanager/v2/d/80f2e993-0a30-421a-9470-a4d5c8ad5e9f/964c0bf2-e893-fc9c-a943-05e6ac002467?origin=2,https://www.bradescori.com.br/informacoes-ao-mercado/central-de-resultados/,documents/Bradesco/2026/1T26/Bradesco_1T26_-_Videoconferencia_de_Resultados__51d1fb7e.url,external_link,,,,Official catalog link; streaming/page not archived,2026-05-07T00:00:00.000Z,pt_BR,51d1fb7e-f42d-4e80-a800-7957ba990e9f,videoconferencia_resultados,data/catalogs/20260906T181843,
Bradesco,2026,1T26,Demonstrações Financeiras Consolidadas - IFRS,Demonstrações Financeiras Consolidadas - IFRS 1T26,https://api.mziq.com/mzfilemanager/v2/d/80f2e993-0a30-421a-9470-a4d5c8ad5e9f/24a261f8-2b88-a9d1-4372-bbcdf873261a?origin=2,https://www.bradescori.com.br/informacoes-ao-mercado/central-de-resultados/,documents/Bradesco/2026/1T26/Demonstracoes_Financeiras_Consolidadas_-_IFRS_1T26__eaa64698cf8e.pdf,downloaded,pdf,2162356,eaa64698cf8ebb449758af76dad9c581e27a1417864aab26ac7c786f208323cc,PDF signature and EOF,2026-05-06T00:00:00.000Z,pt_BR,3d2902db-f798-437f-8f2e-33567b294325,relatorios_ifrs,data/catalogs/20260906T181843,
Bradesco,2026,1T26,Gerenciamento de Riscos | Pilar 3,Bradesco 1T26 - Relatório de Gerenciamento de Riscos,https://api.mziq.com/mzfilemanager/v2/d/80f2e993-0a30-421a-9470-a4d5c8ad5e9f/2f3c4629-390a-9938-c1aa-5caa389d35f6?origin=2,https://www.bradescori.com.br/informacoes-ao-mercado/central-de-resultados/,documents/Bradesco/2026/1T26/Bradesco_1T26_-_Relatorio_de_Gerenciamento_de_Riscos__59fe846e16cd.pdf,downloaded,pdf,1323140,59fe846e16cd850a54fec13619ec91e03652ee24032d0d5f9a28c3994811bda2,PDF signature and EOF,2026-05-06T00:00:00.000Z,pt_BR,cd20f782-6c99-4cc0-8abb-5d1ec64929f2,gerenciamento_de_riscos_gerenciamento_de_riscos,data/catalogs/20260906T181843,
Bradesco,2026,1T26,Informativo Trimestral,Bradesco 1T26 - Informativo Trimestral,https://api.mziq.com/mzfilemanager/v2/d/80f2e993-0a30-421a-9470-a4d5c8ad5e9f/2e3e7884-7772-0993-51f8-1d6eea0782f9?origin=2,https://www.bradescori.com.br/informacoes-ao-mercado/central-de-resultados/,documents/Bradesco/2026/1T26/Bradesco_1T26_-_Informativo_Trimestral__04c1f24c2df7.pdf,downloaded,pdf,1126167,04c1f24c2df720af055a42e3affba107390a85facf92b2f16365f5cc116a63a4,PDF signature and EOF,2026-05-11T00:00:00.000Z,pt_BR,fdb5a2d8-d20f-4f46-894d-d73f4b2e4ad6,_informativos,data/catalogs/20260906T181843,
Bradesco,2026,1T26,Podcast,Bradesco 1T26 - Podcast Resultados,https://api.mziq.com/mzfilemanager/v2/d/80f2e993-0a30-421a-9470-a4d5c8ad5e9f/c02b3b5e-f5b1-22e9-2a11-d3bd5c90a46a?origin=2,https://www.bradescori.com.br/informacoes-ao-mercado/central-de-resultados/,documents/Bradesco/2026/1T26/Bradesco_1T26_-_Podcast_Resultados__c5eed92e.url,external_link,,,,Official catalog link; streaming/page not archived,2026-05-06T00:00:00.000Z,pt_BR,c5eed92e-b65a-4dec-9240-303c251e1d50,teleconferencias_podcast,data/catalogs/20260906T181843,
Bradesco,2026,1T26,Press Release,Bradesco 1T26 - Press Release,https://api.mziq.com/mzfilemanager/v2/d/80f2e993-0a30-421a-9470-a4d5c8ad5e9f/e0e76101-1b63-4e68-374e-6e2c17bad93b?origin=2,https://www.bradescori.com.br/informacoes-ao-mercado/central-de-resultados/,documents/Bradesco/2026/1T26/Bradesco_1T26_-_Press_Release__705585e72b9e.pdf,downloaded,pdf,314336,705585e72b9eb0dd4352c2fb7244d03fa04245fbb178d268a6ea6cb45267a6bb,PDF signature and EOF,2026-05-06T00:00:00.000Z,pt_BR,bdd8a1fc-7832-49a9-b404-874e1d29b181,relatorios_press_release,data/catalogs/20260906T181843,
Bradesco,2026,1T26,Relatório de Análise Econômica e Financeira,Bradesco 1T26 - Relatório de Análise Econômica e Financeira,https://api.mziq.com/mzfilemanager/v2/d/80f2e993-0a30-421a-9470-a4d5c8ad5e9f/7cb24c7c-e2f1-eb15-8222-620ba0d80519?origin=2,https://www.bradescori.com.br/informacoes-ao-mercado/central-de-resultados/,documents/Bradesco/2026/1T26/Bradesco_1T26_-_Relatorio_de_Analise_Economica_e_Financeira__a240046aa0c8.pdf,downloaded,pdf,7734622,a240046aa0c85525e71d85e180b6ed86999ad2cd5682c862248fa67a692caf03,PDF signature and EOF,2026-05-06T00:00:00.000Z,pt_BR,316f6c86-2646-4d3a-905d-63ba3c485b34,relatorios_relatorio_de_analise_economica,data/catalogs/20260906T181843,
Bradesco,2026,1T26,Séries Históricas,Bradesco 1T26 - Séries Históricas,https://api.mziq.com/mzfilemanager/v2/d/80f2e993-0a30-421a-9470-a4d5c8ad5e9f/1ebf7ac6-6fb2-1636-7486-59d4361da4c7?origin=2,https://www.bradescori.com.br/informacoes-ao-mercado/central-de-resultados/,documents/Bradesco/2026/1T26/Bradesco_1T26_-_Series_Historicas__e29d02c2966a.xlsx,downloaded,xlsx,1433687,e29d02c2966a8979f9ee2f695bb67298e92e27e5c35945368c585245e749c875,ZIP CRC verified,2026-05-06T00:00:00.000Z,pt_BR,f82b01f6-99ce-432b-9c50-06ae2840e513,relatorios_series_historicas,data/catalogs/20260906T181843,
Bradesco,2026,1T26,Transcrição,Bradesco 1T26 - Transcrição Videoconferência,https://api.mziq.com/mzfilemanager/v2/d/80f2e993-0a30-421a-9470-a4d5c8ad5e9f/3de54cff-b058-343b-15b8-33d3e7786410?origin=2,https://www.bradescori.com.br/informacoes-ao-mercado/central-de-resultados/,documents/Bradesco/2026/1T26/Bradesco_1T26_-_Transcricao_Videoconferencia__83376cb5474f.pdf,downloaded,pdf,231432,83376cb5474f291a34bc2c9625e8547e418ac2d716d4f1dab27783bc295beaef,PDF signature and EOF,2026-05-11T00:00:00.000Z,pt_BR,c563f6ca-842d-4c23-b62e-dd830d99981c,teleconferencias_transcricao,data/catalogs/20260906T181843,
Bradesco,2026,2T26,Anexos Pilar 3,Bradesco 2T26 - Anexos Pilar 3,https://api.mziq.com/mzfilemanager/v2/d/80f2e993-0a30-421a-9470-a4d5c8ad5e9f/3093295a-080e-a598-7f2d-5a5d1a86dca4?origin=2,https://www.bradescori.com.br/informacoes-ao-mercado/central-de-resultados/,documents/Bradesco/2026/2T26/Bradesco_2T26_-_Anexos_Pilar_3__a48a39bee020.xlsx,downloaded,xlsx,1140598,a48a39bee020303b3314800d87ff925feae8343f04483214ac118434930873cc,ZIP CRC verified,2026-08-05T00:00:00.000Z,pt_BR,d0e031f1-4026-4b92-9a99-1ef89e8be02f,gerenciamento_de_riscos_anexos_pilar,data/catalogs/20260906T181843,
Bradesco,2026,2T26,Apresentação da Videoconferência,Bradesco 2T26 - Apresentação de Resultados,https://api.mziq.com/mzfilemanager/v2/d/80f2e993-0a30-421a-9470-a4d5c8ad5e9f/0d7bd847-dbe1-3055-874d-420cbba33877?origin=2,https://www.bradescori.com.br/informacoes-ao-mercado/central-de-resultados/,documents/Bradesco/2026/2T26/Bradesco_2T26_-_Apresentacao_de_Resultados__8fff38ed77c9.pdf,downloaded,pdf,2071900,8fff38ed77c9419826897f81c59e8bed78644739b847dd55b4da5cef5415e169,PDF signature and EOF,2026-08-05T00:00:00.000Z,pt_BR,88c8e56b-69ed-49be-b7c9-12788294771f,apresentacoes_institucionais_teleconferencia,data/catalogs/20260906T181843,
Bradesco,2026,2T26,Conferência de Resultados,Bradesco 2T26 -  Videoconferência de Resultados,https://api.mziq.com/mzfilemanager/v2/d/80f2e993-0a30-421a-9470-a4d5c8ad5e9f/0772800b-7587-b8b3-5339-34c2a19483d1?origin=2,https://www.bradescori.com.br/informacoes-ao-mercado/central-de-resultados/,documents/Bradesco/2026/2T26/Bradesco_2T26_-_Videoconferencia_de_Resultados__f481c443.url,external_link,,,,Official catalog link; streaming/page not archived,2026-08-06T00:00:00.000Z,pt_BR,f481c443-e6fb-4840-ae8b-9a49ff70f3d0,videoconferencia_resultados,data/catalogs/20260906T181843,
Bradesco,2026,2T26,Demonstrações Financeiras Consolidadas - IFRS,Demonstrações Financeiras Consolidadas - IFRS 1S26,https://api.mziq.com/mzfilemanager/v2/d/80f2e993-0a30-421a-9470-a4d5c8ad5e9f/0679a922-596c-b5d0-df49-60a851cccb8b?origin=2,https://www.bradescori.com.br/informacoes-ao-mercado/central-de-resultados/,documents/Bradesco/2026/2T26/Demonstracoes_Financeiras_Consolidadas_-_IFRS_1S26__ded945abfd66.pdf,downloaded,pdf,2697277,ded945abfd66a41369d3b7d9e4927323390a53f15cb13a8c504e5406fda7bcea,PDF signature and EOF,2026-08-05T00:00:00.000Z,pt_BR,701a45b7-90f6-46cd-9e89-cde03f29c3e8,relatorios_ifrs,data/catalogs/20260906T181843,
Bradesco,2026,2T26,Gerenciamento de Riscos | Pilar 3,Bradesco 2T26 - Relatório de Gerenciamento de Riscos,https://api.mziq.com/mzfilemanager/v2/d/80f2e993-0a30-421a-9470-a4d5c8ad5e9f/3cfc71cc-13d5-bc0c-3bfd-cf2ad26e7203?origin=2,https://www.bradescori.com.br/informacoes-ao-mercado/central-de-resultados/,documents/Bradesco/2026/2T26/Bradesco_2T26_-_Relatorio_de_Gerenciamento_de_Riscos__0047f3590141.pdf,downloaded,pdf,1529386,0047f3590141b980b2efee44e44a3553b004ed3d1d803c848051301beacff33b,PDF signature and EOF,2026-08-05T00:00:00.000Z,pt_BR,3660b0fa-c786-48d6-92ea-2fb8147d293c,gerenciamento_de_riscos_gerenciamento_de_riscos,data/catalogs/20260906T181843,
Bradesco,2026,2T26,Informativo Trimestral,Bradesco 2T26 - Informativo Trimestral,https://api.mziq.com/mzfilemanager/v2/d/80f2e993-0a30-421a-9470-a4d5c8ad5e9f/77081ffe-0106-b749-ed1a-4dda8027e554?origin=2,https://www.bradescori.com.br/informacoes-ao-mercado/central-de-resultados/,documents/Bradesco/2026/2T26/Bradesco_2T26_-_Informativo_Trimestral__8e0e3414ec24.pdf,downloaded,pdf,1031552,8e0e3414ec24970698e03ca04ea755dcf6ef289990f686c69b62f436cf3b7620,PDF signature and EOF,2026-08-07T00:00:00.000Z,pt_BR,4e6157e9-4a83-4690-b145-7031351f48a5,_informativos,data/catalogs/20260906T181843,
Bradesco,2026,2T26,Podcast,Bradesco 2T26 - Podcast Resultados,https://api.mziq.com/mzfilemanager/v2/d/80f2e993-0a30-421a-9470-a4d5c8ad5e9f/124ade2a-e0e8-ae02-eee2-2aa949a3cccd?origin=2,https://www.bradescori.com.br/informacoes-ao-mercado/central-de-resultados/,documents/Bradesco/2026/2T26/Bradesco_2T26_-_Podcast_Resultados__5421d4c4.url,external_link,,,,Official catalog link; streaming/page not archived,2026-08-05T00:00:00.000Z,pt_BR,5421d4c4-91a1-485f-a4f2-e817b4df76d0,teleconferencias_podcast,data/catalogs/20260906T181843,
Bradesco,2026,2T26,Press Release,Bradesco 2T26 - Press Release,https://api.mziq.com/mzfilemanager/v2/d/80f2e993-0a30-421a-9470-a4d5c8ad5e9f/108e06bf-b649-e356-203c-ac94477b336d?origin=2,https://www.bradescori.com.br/informacoes-ao-mercado/central-de-resultados/,documents/Bradesco/2026/2T26/Bradesco_2T26_-_Press_Release__767b88c60a6a.pdf,downloaded,pdf,312369,767b88c60a6a5e9864d4b5859c8b05db5df06dabdc5aeb354de1e66d2e5d66e1,PDF signature and EOF,2026-08-05T00:00:00.000Z,pt_BR,c6d0a200-7fad-4313-aee3-f3f518c0c20f,relatorios_press_release,data/catalogs/20260906T181843,
Bradesco,2026,2T26,Relatório de Análise Econômica e Financeira,Bradesco 2T26 - Relatório de Análise Econômica e Financeira,https://api.mziq.com/mzfilemanager/v2/d/80f2e993-0a30-421a-9470-a4d5c8ad5e9f/b7c34f8d-92f6-7ba4-f408-d518a7211a7a?origin=2,https://www.bradescori.com.br/informacoes-ao-mercado/central-de-resultados/,documents/Bradesco/2026/2T26/Bradesco_2T26_-_Relatorio_de_Analise_Economica_e_Financeira__cde0b85c1bec.pdf,downloaded,pdf,7338512,cde0b85c1bec0615802e03a55cc36ce3be10b4560b18b678c45ed541c9d5d965,PDF signature and EOF,2026-08-05T00:00:00.000Z,pt_BR,9bc5ed70-3ed6-4907-85f9-f01f4a38ebad,relatorios_relatorio_de_analise_economica,data/catalogs/20260906T181843,
Bradesco,2026,2T26,Transcrição,Bradesco 2T26 - Transcrição Videoconferência,https://api.mziq.com/mzfilemanager/v2/d/80f2e993-0a30-421a-9470-a4d5c8ad5e9f/be0ad776-9fc8-1817-2e50-cba7d4c90144?origin=2,https://www.bradescori.com.br/informacoes-ao-mercado/central-de-resultados/,documents/Bradesco/2026/2T26/Bradesco_2T26_-_Transcricao_Videoconferencia__5530f86527c2.pdf,downloaded,pdf,239473,5530f86527c2b792550199fd72f4e4887d903220a60d8c78cc4f18ecfff85641,PDF signature and EOF,2026-08-12T00:00:00.000Z,pt_BR,768c1965-e239-4963-ab2f-1828900254da,teleconferencias_transcricao,data/catalogs/20260906T181843,
Bradesco,2026,2T26,relatorios_series_historicas,Bradesco 2T26 - Séries Históricas,https://api.mziq.com/mzfilemanager/v2/d/80f2e993-0a30-421a-9470-a4d5c8ad5e9f/b88dfb3a-44ac-75fa-8ded-55cb087dafef?origin=2,https://www.bradescori.com.br/informacoes-ao-mercado/central-de-resultados/,documents/Bradesco/2026/2T26/Bradesco_2T26_-_Series_Historicas__0e6d77287103.xlsx,downloaded,xlsx,1450429,0e6d77287103e4b7a7a7c9ac0c987de910637b4f7c5ff73a5bd69551ea8bcbb3,ZIP CRC verified,,,1e65e015-bb72-4c6f-8217-b48deb5b1cee,relatorios_series_historicas,,
Caixa,2024,1T24,Apresentação de Resultados,Apresentação de Resultados 1T24,https://api.mziq.com/mzfilemanager/v2/d/fb86b0b8-b4e9-407b-a575-ba3668a566a9/5f8ca1f5-4696-f5b1-e3f3-9421f5a26f19?origin=2,https://ri.caixa.gov.br/informacoes-financeiras/central-de-resultados/,documents/Caixa/2024/1T24/Apresentacao_de_Resultados_1T24__97c44c07199f.pdf,downloaded,pdf,32470561,97c44c07199fb4bb058236deb217b961959dfca6bf21fca90894328da5feda2a,PDF signature and EOF,2024-05-16T00:00:00.000Z,pt_BR,b66dddea-35ce-48bf-90b3-0b10eb11a877,central-apresentacao-de-resultados,data/catalogs/20260906T182455,
Caixa,2024,1T24,BrGaap - Demonstrações Contábeis,BrGaap - Demonstrações Contábeis,https://api.mziq.com/mzfilemanager/v2/d/fb86b0b8-b4e9-407b-a575-ba3668a566a9/a098d716-508d-8998-5f52-a1f7bd60f062?origin=2,https://ri.caixa.gov.br/informacoes-financeiras/central-de-resultados/,documents/Caixa/2024/1T24/BrGaap_-_Demonstracoes_Contabeis__50d81b99965a.pdf,downloaded,pdf,1510983,50d81b99965acde392c5500175c2d22bd530f4f92a5400d3bcae8a33954d2f26,PDF signature and EOF,2024-05-15T00:00:00.000Z,pt_BR,4aad61bc-03d1-416c-acf3-b0f8cdf1b4b3,central-brgaap-demonstracoes-contabeis,data/catalogs/20260906T182455,
Caixa,2024,1T24,BrGaap - Demonstrações Contábeis editável,BrGaap - Demonstrações Contábeis Editável,https://api.mziq.com/mzfilemanager/v2/d/fb86b0b8-b4e9-407b-a575-ba3668a566a9/41611769-8c15-5d7d-3f2c-d0656656fc87?origin=2,https://ri.caixa.gov.br/informacoes-financeiras/central-de-resultados/,documents/Caixa/2024/1T24/BrGaap_-_Demonstracoes_Contabeis_Editavel__c36ec3feb58a.docx,downloaded,docx,2102939,c36ec3feb58ae34f111f96f230867aa817bc45114c16f5b96c31c708a945784c,ZIP CRC verified,2024-05-15T00:00:00.000Z,pt_BR,06e42c46-4a51-4edc-9fc1-304f54ae5d0c,central-brgaap-demonstracoes-contabeis-editavel,data/catalogs/20260906T182455,
Caixa,2024,1T24,IFRS - Demonstrações contábeis consolidadas,IFRS - Demonstrações contábeis consolidadas 1T24,https://api.mziq.com/mzfilemanager/v2/d/fb86b0b8-b4e9-407b-a575-ba3668a566a9/f635bfa7-6ec0-f966-70c2-0c617243f0b7?origin=2,https://ri.caixa.gov.br/informacoes-financeiras/central-de-resultados/,documents/Caixa/2024/1T24/IFRS_-_Demonstracoes_contabeis_consolidadas_1T24__226a4a934616.pdf,downloaded,pdf,3146670,226a4a934616035c92d89451a5b603560c1be78d35a050c064a3f9acc16d3e70,PDF signature and EOF,2024-10-30T00:00:00.000Z,pt_BR,c8a8a456-3c56-4776-9f7f-b65a84625317,central-ifrs-demonstracoes-contabeis-consolidadas,data/catalogs/20260906T182455,
Caixa,2024,1T24,IFRS - Demonstrações contábeis consolidadas editáveis,IFRS - Demonstrações contábeis consolidadas editáveis 1T24,https://api.mziq.com/mzfilemanager/v2/d/fb86b0b8-b4e9-407b-a575-ba3668a566a9/f54cb279-ff6c-7a8b-6ee4-18ba7325119a?origin=2,https://ri.caixa.gov.br/informacoes-financeiras/central-de-resultados/,documents/Caixa/2024/1T24/IFRS_-_Demonstracoes_contabeis_consolidadas_editaveis_1T24__da450e636743.docx,downloaded,docx,2195086,da450e6367432d896b08648780e2518a132638542943bb494f353fdaaf418398,ZIP CRC verified,2024-10-30T00:00:00.000Z,pt_BR,251c4731-74e6-42f8-9057-60998eafde1c,central-ifrs-demonstracoes-contabeis-consolidadas-editáveis,data/catalogs/20260906T182455,
Caixa,2024,1T24,IFRS - Relatório da Administração,IFRS – Relatório da Administração 1T24,https://api.mziq.com/mzfilemanager/v2/d/fb86b0b8-b4e9-407b-a575-ba3668a566a9/b5f1b986-80cd-50bf-d218-3b3612b8cdd9?origin=2,https://ri.caixa.gov.br/informacoes-financeiras/central-de-resultados/,documents/Caixa/2024/1T24/IFRS_Relatorio_da_Administracao_1T24__c6ef06db2b16.pdf,downloaded,pdf,3047890,c6ef06db2b169279bde968580d1183e470db01e57c82be666e4775f4fa404b7a,PDF signature and EOF,2024-10-30T00:00:00.000Z,pt_BR,b6b9a09e-b11a-4a93-a6f6-6db387bf13af,ifrs_relatório_adminisração,data/catalogs/20260906T182455,
Caixa,2024,1T24,Relatório da Administração,Relatório da Administração,https://api.mziq.com/mzfilemanager/v2/d/fb86b0b8-b4e9-407b-a575-ba3668a566a9/9e738100-350c-6205-fdfc-34e05458c0a4?origin=2,https://ri.caixa.gov.br/informacoes-financeiras/central-de-resultados/,documents/Caixa/2024/1T24/Relatorio_da_Administracao__18a78cade0d3.pdf,downloaded,pdf,2457524,18a78cade0d3368b6a07ffbe710b6f089b6dcfddbee175612a32e72889bd3553,PDF signature and EOF,2024-05-15T00:00:00.000Z,pt_BR,70ffb482-698e-4ad5-aa83-95c8f406949f,central-relatorio-da-administracao,data/catalogs/20260906T182455,
Caixa,2024,1T24,Relatório de Análise de Desempenho,Relatório de Análise de Desempenho 1T24,https://api.mziq.com/mzfilemanager/v2/d/fb86b0b8-b4e9-407b-a575-ba3668a566a9/5c834b3c-ba8d-ad8a-0791-c010beeffd44?origin=2,https://ri.caixa.gov.br/informacoes-financeiras/central-de-resultados/,documents/Caixa/2024/1T24/Relatorio_de_Analise_de_Desempenho_1T24__277dc98b02da.pdf,downloaded,pdf,684426,277dc98b02da5392bc4db7e385d7e666e8f6205a45a6fe7b85814e0ba42c4516,PDF signature and EOF,2024-05-15T00:00:00.000Z,pt_BR,741f8ecd-a457-4aae-8002-e98881f16fcd,central-relatorio-de-analise-de-desempenho,data/catalogs/20260906T182455,
Caixa,2024,2T24,Apresentação de Resultados,Apresentação de Resultados 2T24,https://api.mziq.com/mzfilemanager/v2/d/fb86b0b8-b4e9-407b-a575-ba3668a566a9/7aee09cd-554a-1ccb-ccdb-cb54d1bc1bf2?origin=2,https://ri.caixa.gov.br/informacoes-financeiras/central-de-resultados/,,failed,,,,,2024-08-22T00:00:00.000Z,pt_BR,4b0a9c4a-6490-4e50-adfb-5ee54c5adffe,central-apresentacao-de-resultados,data/catalogs/20260906T182455,curl: (28) Operation timed out after 1200005 milliseconds with 33962085 out of 42285378 bytes received
Caixa,2024,2T24,BrGaap - Demonstrações Contábeis,BrGaap - Demonstrações Contábeis,https://api.mziq.com/mzfilemanager/v2/d/fb86b0b8-b4e9-407b-a575-ba3668a566a9/b52ecdb4-8b1f-d310-5e6f-914b850611c0?origin=2,https://ri.caixa.gov.br/informacoes-financeiras/central-de-resultados/,documents/Caixa/2024/2T24/BrGaap_-_Demonstracoes_Contabeis__428f4000e07f.pdf,downloaded,pdf,2091960,428f4000e07fd015a8c7b821df17ed7ca6678c242f6f56a2b4e0b8e9b042d5ee,PDF signature and EOF,2024-08-21T00:00:00.000Z,pt_BR,39661857-814d-4ca8-8857-c5530c10b88a,central-brgaap-demonstracoes-contabeis,data/catalogs/20260906T182455,
Caixa,2024,2T24,BrGaap - Demonstrações Contábeis editável,BrGaap - Demonstrações Contábeis Editável,https://api.mziq.com/mzfilemanager/v2/d/fb86b0b8-b4e9-407b-a575-ba3668a566a9/31fe904b-853f-4262-1e7b-073406609b3e?origin=2,https://ri.caixa.gov.br/informacoes-financeiras/central-de-resultados/,documents/Caixa/2024/2T24/BrGaap_-_Demonstracoes_Contabeis_Editavel__c8cab6650dd0.docx,downloaded,docx,2310227,c8cab6650dd05abe41ba0dec4379433e85a7f9ac440cbeb2ebc288c9451ff246,ZIP CRC verified,2024-08-21T00:00:00.000Z,pt_BR,3638144c-c1d1-478e-b923-4a264f214a33,central-brgaap-demonstracoes-contabeis-editavel,data/catalogs/20260906T182455,
Caixa,2024,2T24,IFRS - Demonstrações contábeis consolidadas,IFRS - Demonstrações contábeis consolidadas 2T24,https://api.mziq.com/mzfilemanager/v2/d/fb86b0b8-b4e9-407b-a575-ba3668a566a9/930d3c5b-19fd-5653-e572-b7de18eae876?origin=2,https://ri.caixa.gov.br/informacoes-financeiras/central-de-resultados/,documents/Caixa/2024/2T24/IFRS_-_Demonstracoes_contabeis_consolidadas_2T24__2107ee304d1d.pdf,downloaded,pdf,4498149,2107ee304d1d21f2fb29ded145baf0993512102eaaf2dc7997a4b7af4deba049,PDF signature and EOF,2025-02-05T00:00:00.000Z,pt_BR,bb8cce82-0f83-4f5b-99b6-81b16bb26fd3,central-ifrs-demonstracoes-contabeis-consolidadas,data/catalogs/20260906T182455,
Caixa,2024,2T24,IFRS - Demonstrações contábeis consolidadas editáveis,IFRS - Demonstrações contábeis consolidadas editáveis 2T24,https://api.mziq.com/mzfilemanager/v2/d/fb86b0b8-b4e9-407b-a575-ba3668a566a9/40268b17-9541-3bdc-1abe-4bfc097524ed?origin=2,https://ri.caixa.gov.br/informacoes-financeiras/central-de-resultados/,documents/Caixa/2024/2T24/IFRS_-_Demonstracoes_contabeis_consolidadas_editaveis_2T24__653708c552f5.docx,downloaded,docx,1834526,653708c552f556c4b8e2b65315c6993b2f54fb8226f950e78582879e193fca3b,ZIP CRC verified,2025-02-05T00:00:00.000Z,pt_BR,8ead33cb-f56e-4738-adc9-784b2de615d4,central-ifrs-demonstracoes-contabeis-consolidadas-editáveis,data/catalogs/20260906T182455,
Caixa,2024,2T24,IFRS - Relatório da Administração,IFRS – Relatório da Administração 2T24,https://api.mziq.com/mzfilemanager/v2/d/fb86b0b8-b4e9-407b-a575-ba3668a566a9/70d29f3b-5f50-90f7-e502-898fb03f7f1b?origin=2,https://ri.caixa.gov.br/informacoes-financeiras/central-de-resultados/,documents/Caixa/2024/2T24/IFRS_Relatorio_da_Administracao_2T24__1bad1fb18ad1.pdf,downloaded,pdf,2162184,1bad1fb18ad15568ec8564e015a853b7d61741ef1ff54455f7850eca3c4f4173,PDF signature and EOF,2025-02-05T00:00:00.000Z,pt_BR,f48427cb-cf05-4f02-8c5c-a7bf62dabf26,ifrs_relatório_adminisração,data/catalogs/20260906T182455,
Caixa,2024,2T24,Relatório da Administração,Relatório da Administração,https://api.mziq.com/mzfilemanager/v2/d/fb86b0b8-b4e9-407b-a575-ba3668a566a9/39cc5570-8367-1a72-7aa5-1e9ae6bdf34d?origin=2,https://ri.caixa.gov.br/informacoes-financeiras/central-de-resultados/,documents/Caixa/2024/2T24/Relatorio_da_Administracao__4bf001c22584.pdf,downloaded,pdf,2462053,4bf001c22584c13454ddf633ccdcc775c2ea73b1da3aa5559ab686cf7ffab20d,PDF signature and EOF,2024-08-21T00:00:00.000Z,pt_BR,cf7d1b3e-6bfc-4a29-9a8f-588022fa3c7f,central-relatorio-da-administracao,data/catalogs/20260906T182455,
Caixa,2024,2T24,Relatório de Análise de Desempenho,Relatório de Análise de Desempenho 2T24,https://api.mziq.com/mzfilemanager/v2/d/fb86b0b8-b4e9-407b-a575-ba3668a566a9/32613f87-8f1c-2dfa-1688-a6f219b35421?origin=2,https://ri.caixa.gov.br/informacoes-financeiras/central-de-resultados/,documents/Caixa/2024/2T24/Relatorio_de_Analise_de_Desempenho_2T24__c9d839482ff7.pdf,downloaded,pdf,720610,c9d839482ff7ace06fc2571e723598474c3e996a7bdc0ab8acb01fd09fe4ab6d,PDF signature and EOF,2024-08-21T00:00:00.000Z,pt_BR,1782d63a-4643-42ad-a960-733b0877b7c2,central-relatorio-de-analise-de-desempenho,data/catalogs/20260906T182455,
Caixa,2024,3T24,Apresentação de Resultados,Apresentação de Resultados 3T24,https://api.mziq.com/mzfilemanager/v2/d/fb86b0b8-b4e9-407b-a575-ba3668a566a9/2053dbd2-e208-ef88-1c40-77bac1aea659?origin=2,https://ri.caixa.gov.br/informacoes-financeiras/central-de-resultados/,documents/Caixa/2024/3T24/Apresentacao_de_Resultados_3T24__4061980e822f.pdf,downloaded,pdf,31059718,4061980e822f074380bbbe668b43153158c52d68b876e92d817b015a61a6f86e,PDF signature and EOF,2024-11-13T00:00:00.000Z,pt_BR,5765424b-4cf3-40ca-bc9e-be16eae53c1d,central-apresentacao-de-resultados,data/catalogs/20260906T182455,
Caixa,2024,3T24,BrGaap - Demonstrações Contábeis,BrGaap - Demonstrações Contábeis,https://api.mziq.com/mzfilemanager/v2/d/fb86b0b8-b4e9-407b-a575-ba3668a566a9/5568333c-f24e-95e0-2d23-1e80e6ca66f3?origin=2,https://ri.caixa.gov.br/informacoes-financeiras/central-de-resultados/,documents/Caixa/2024/3T24/BrGaap_-_Demonstracoes_Contabeis__9f03a0e6913a.pdf,downloaded,pdf,1691442,9f03a0e6913a1d01c88b612e2b96b57285f5989c3d203559176f4d4d426741f8,PDF signature and EOF,2024-11-12T00:00:00.000Z,pt_BR,37145f66-5717-4e70-8ef8-d9aefacd567f,central-brgaap-demonstracoes-contabeis,data/catalogs/20260906T182455,
Caixa,2024,3T24,BrGaap - Demonstrações Contábeis editável,BrGaap - Demonstrações Contábeis Editável,https://api.mziq.com/mzfilemanager/v2/d/fb86b0b8-b4e9-407b-a575-ba3668a566a9/6347026a-ecdc-af10-1118-a8382efb83fc?origin=2,https://ri.caixa.gov.br/informacoes-financeiras/central-de-resultados/,documents/Caixa/2024/3T24/BrGaap_-_Demonstracoes_Contabeis_Editavel__827f1112319a.docx,downloaded,docx,2249600,827f1112319ace8e322636b8aa406509025bc62a668d81307fee6cc78a2f6caa,ZIP CRC verified,2024-11-12T00:00:00.000Z,pt_BR,476bc9fa-f522-4f86-89f4-1b2422614815,central-brgaap-demonstracoes-contabeis-editavel,data/catalogs/20260906T182455,
Caixa,2024,3T24,IFRS - Demonstrações contábeis consolidadas,IFRS - Demonstrações contábeis consolidadas 3T24,https://api.mziq.com/mzfilemanager/v2/d/fb86b0b8-b4e9-407b-a575-ba3668a566a9/2c8310fd-a047-60bf-1f9c-ad77bdb2dac0?origin=2,https://ri.caixa.gov.br/informacoes-financeiras/central-de-resultados/,documents/Caixa/2024/3T24/IFRS_-_Demonstracoes_contabeis_consolidadas_3T24__762ad36ca534.pdf,downloaded,pdf,3418711,762ad36ca534c92b389f011e21635dbdedcd8684dcac9c08b961c003e33e479f,PDF signature and EOF,2025-02-05T00:00:00.000Z,pt_BR,323d2adf-94d2-4d21-ae1f-41eff72fc08c,central-ifrs-demonstracoes-contabeis-consolidadas,data/catalogs/20260906T182455,
Caixa,2024,3T24,IFRS - Demonstrações contábeis consolidadas editáveis,IFRS - Demonstrações contábeis consolidadas editáveis 3T24,https://api.mziq.com/mzfilemanager/v2/d/fb86b0b8-b4e9-407b-a575-ba3668a566a9/be5c409d-65d1-c24d-b649-c78b49565581?origin=2,https://ri.caixa.gov.br/informacoes-financeiras/central-de-resultados/,documents/Caixa/2024/3T24/IFRS_-_Demonstracoes_contabeis_consolidadas_editaveis_3T24__99d2cdb716d2.docx,downloaded,docx,1708430,99d2cdb716d204f03e9617e7921541a1f7f66ba9870dab7bfb546b0eb54a8b6f,ZIP CRC verified,2025-02-05T00:00:00.000Z,pt_BR,61afb8fc-2a4a-42a5-8366-f2de238d09c7,central-ifrs-demonstracoes-contabeis-consolidadas-editáveis,data/catalogs/20260906T182455,
Caixa,2024,3T24,IFRS - Relatório da Administração,IFRS – Relatório da Administração 3T24,https://api.mziq.com/mzfilemanager/v2/d/fb86b0b8-b4e9-407b-a575-ba3668a566a9/6f4605c6-adb8-e2ab-c746-304826dde65a?origin=2,https://ri.caixa.gov.br/informacoes-financeiras/central-de-resultados/,documents/Caixa/2024/3T24/IFRS_Relatorio_da_Administracao_3T24__fbf442fdb3fb.pdf,downloaded,pdf,2275334,fbf442fdb3fb5e148110802abdb62a59b7b8a024aa273833c30813e697702d7f,PDF signature and EOF,2025-04-09T00:00:00.000Z,pt_BR,4bc42852-8c35-4d26-bf6b-fb621b09f3e7,ifrs_relatório_adminisração,data/catalogs/20260906T182455,
Caixa,2024,3T24,Relatório da Administração,Relatório da Administração,https://api.mziq.com/mzfilemanager/v2/d/fb86b0b8-b4e9-407b-a575-ba3668a566a9/5ee62bde-4676-a21f-97dd-4a60e979809b?origin=2,https://ri.caixa.gov.br/informacoes-financeiras/central-de-resultados/,documents/Caixa/2024/3T24/Relatorio_da_Administracao__b23b06d5ec41.pdf,downloaded,pdf,2627962,b23b06d5ec41f4c06a8279aa042dc0d6922c4ef9e1e74ab602fe70a4b5735849,PDF signature and EOF,2024-11-12T00:00:00.000Z,pt_BR,c2449fbf-c8dc-43e5-8807-929b337d308e,central-relatorio-da-administracao,data/catalogs/20260906T182455,
Caixa,2024,3T24,Relatório de Análise de Desempenho,Relatório de Análise de Desempenho 3T24,https://api.mziq.com/mzfilemanager/v2/d/fb86b0b8-b4e9-407b-a575-ba3668a566a9/884a0f1e-3266-f1b3-9161-445853e82727?origin=2,https://ri.caixa.gov.br/informacoes-financeiras/central-de-resultados/,documents/Caixa/2024/3T24/Relatorio_de_Analise_de_Desempenho_3T24__58a4b47328a0.pdf,downloaded,pdf,1095085,58a4b47328a07173dd6ef3fb2a9855d08a05d4413d54162249cf16abcd54f38a,PDF signature and EOF,2024-11-12T00:00:00.000Z,pt_BR,28805156-65da-4bef-831d-676474eb3900,central-relatorio-de-analise-de-desempenho,data/catalogs/20260906T182455,
Caixa,2024,4T24,Apresentação de Resultados,Apresentação de Resultados 4T24,https://api.mziq.com/mzfilemanager/v2/d/fb86b0b8-b4e9-407b-a575-ba3668a566a9/5d6a858d-e0d1-4f41-402e-95b3e18a964c?origin=2,https://ri.caixa.gov.br/informacoes-financeiras/central-de-resultados/,documents/Caixa/2024/4T24/Apresentacao_de_Resultados_4T24__2463377e9d67.pdf,downloaded,pdf,24315209,2463377e9d67e5ac340e999c54a5feb51acad7a3c39bc16a2403ebfb8385bc3e,PDF signature and EOF,2025-02-26T00:00:00.000Z,pt_BR,67e8cc1a-d3aa-41e8-929c-00c144984b61,central-apresentacao-de-resultados,data/catalogs/20260906T182455,
Caixa,2024,4T24,BrGaap - Demonstrações Contábeis,BrGaap - Demonstrações Contábeis,https://api.mziq.com/mzfilemanager/v2/d/fb86b0b8-b4e9-407b-a575-ba3668a566a9/eeacbc99-375e-405e-7eba-fc29fa1e562f?origin=2,https://ri.caixa.gov.br/informacoes-financeiras/central-de-resultados/,documents/Caixa/2024/4T24/BrGaap_-_Demonstracoes_Contabeis__97b21336e2a6.pdf,downloaded,pdf,4346363,97b21336e2a6b37eb2c298097de580bc56099cb3bf0cd21b26f341ab18a6fd3d,PDF signature and EOF,2025-02-25T00:00:00.000Z,pt_BR,07db3f3f-f8c0-4be1-a6b9-5269b694237a,central-brgaap-demonstracoes-contabeis,data/catalogs/20260906T182455,
Caixa,2024,4T24,BrGaap - Demonstrações Contábeis editável,BrGaap - Demonstrações Contábeis Editável,https://api.mziq.com/mzfilemanager/v2/d/fb86b0b8-b4e9-407b-a575-ba3668a566a9/1dd84bc7-f49e-dc81-7813-dfe590822a3e?origin=2,https://ri.caixa.gov.br/informacoes-financeiras/central-de-resultados/,documents/Caixa/2024/4T24/BrGaap_-_Demonstracoes_Contabeis_Editavel__f275b26c8a68.docx,downloaded,docx,2505578,f275b26c8a68b41f1188cc1fb1cb5e44f5698ba4bf3295883c0d5e9991a3863b,ZIP CRC verified,2025-02-25T00:00:00.000Z,pt_BR,eeac44a3-e776-44fa-93ca-7b6c360c4523,central-brgaap-demonstracoes-contabeis-editavel,data/catalogs/20260906T182455,
Caixa,2024,4T24,IFRS - Demonstrações contábeis consolidadas,IFRS - Demonstrações contábeis consolidadas 4T24,https://api.mziq.com/mzfilemanager/v2/d/fb86b0b8-b4e9-407b-a575-ba3668a566a9/60981114-380d-cb89-c201-9e191e41be42?origin=2,https://ri.caixa.gov.br/informacoes-financeiras/central-de-resultados/,documents/Caixa/2024/4T24/IFRS_-_Demonstracoes_contabeis_consolidadas_4T24__7428d569d550.pdf,downloaded,pdf,4195319,7428d569d5509a8eebbcd6a435bd168f5a6cd8c8e0aafd9271864dafbcd50b01,PDF signature and EOF,2025-05-30T00:00:00.000Z,pt_BR,51d8f7b1-3e6d-4a66-ac75-f1275a687631,central-ifrs-demonstracoes-contabeis-consolidadas,data/catalogs/20260906T182455,
Caixa,2024,4T24,IFRS - Demonstrações contábeis consolidadas editáveis,IFRS - Demonstrações contábeis consolidadas editáveis 4T24,https://api.mziq.com/mzfilemanager/v2/d/fb86b0b8-b4e9-407b-a575-ba3668a566a9/3d1cc818-b673-7150-f668-2bfd03ba735f?origin=2,https://ri.caixa.gov.br/informacoes-financeiras/central-de-resultados/,documents/Caixa/2024/4T24/IFRS_-_Demonstracoes_contabeis_consolidadas_editaveis_4T24__8c0d9521cc24.docx,downloaded,docx,1889350,8c0d9521cc2401c9b230ace705f473c3b48d2499df01b22e7e09778dda9a4ce6,ZIP CRC verified,2025-05-30T00:00:00.000Z,pt_BR,a1e45e58-f444-4f6f-872e-67cdcfcdc66e,central-ifrs-demonstracoes-contabeis-consolidadas-editáveis,data/catalogs/20260906T182455,
Caixa,2024,4T24,IFRS - Relatório da Administração,IFRS – Relatório da Administração 4T24,https://api.mziq.com/mzfilemanager/v2/d/fb86b0b8-b4e9-407b-a575-ba3668a566a9/ff2e55f1-6475-c54e-3925-050492ddacaa?origin=2,https://ri.caixa.gov.br/informacoes-financeiras/central-de-resultados/,documents/Caixa/2024/4T24/IFRS_Relatorio_da_Administracao_4T24__6d0aa59639f2.pdf,downloaded,pdf,2072316,6d0aa59639f28745a8649c9c0c0afe4cf44fd130c551c949b050aaa9a2d754d7,PDF signature and EOF,2025-05-30T00:00:00.000Z,pt_BR,8607dc48-3e24-47ac-924f-38e9c74d949d,ifrs_relatório_adminisração,data/catalogs/20260906T182455,
Caixa,2024,4T24,Relatório Integrado,Relatório Integrado CAIXA 2024,https://api.mziq.com/mzfilemanager/v2/d/fb86b0b8-b4e9-407b-a575-ba3668a566a9/934fa4cb-17da-0205-ab45-06da35051f9a?origin=2,https://ri.caixa.gov.br/informacoes-financeiras/central-de-resultados/,documents/Caixa/2024/4T24/Relatorio_Integrado_CAIXA_2024__41ff5baa69f8.pdf,downloaded,pdf,15951361,41ff5baa69f88c078a9736323372c5551e17d50df89dfb433f47e7c540c69d51,PDF signature and EOF,2025-05-29T00:00:00.000Z,pt_BR,b75d3a8a-51d3-407f-beb9-cf0ff722db9c,relatorio-integrado,data/catalogs/20260906T182455,
Caixa,2024,4T24,Relatório da Administração,Relatório da Administração,https://api.mziq.com/mzfilemanager/v2/d/fb86b0b8-b4e9-407b-a575-ba3668a566a9/b6478a0d-0e39-fb89-fdd0-c63e37a1a85e?origin=2,https://ri.caixa.gov.br/informacoes-financeiras/central-de-resultados/,documents/Caixa/2024/4T24/Relatorio_da_Administracao__a7e8806d59c1.pdf,downloaded,pdf,2426759,a7e8806d59c1e872afc9b76b99b0d909cde394416176c1655ac473f405a20f58,PDF signature and EOF,2025-02-25T00:00:00.000Z,pt_BR,2d8a2982-37de-4b3f-a9d9-79a7cc49e9af,central-relatorio-da-administracao,data/catalogs/20260906T182455,
Caixa,2024,4T24,Relatório de Análise de Desempenho,Relatório de Análise de Desempenho 4T24,https://api.mziq.com/mzfilemanager/v2/d/fb86b0b8-b4e9-407b-a575-ba3668a566a9/d20ccd60-4633-cb49-5e27-6e128b32a528?origin=2,https://ri.caixa.gov.br/informacoes-financeiras/central-de-resultados/,documents/Caixa/2024/4T24/Relatorio_de_Analise_de_Desempenho_4T24__63c27aa819ea.pdf,downloaded,pdf,840618,63c27aa819eacb6b105e9634b64d938fc44c52b6b6eb60646691d22c6f68074b,PDF signature and EOF,2025-02-25T00:00:00.000Z,pt_BR,ad08cc2d-f7aa-4a2e-a2d7-53e23da6160d,central-relatorio-de-analise-de-desempenho,data/catalogs/20260906T182455,
Caixa,2025,3T25,IFRS - Demonstrações contábeis consolidadas,IFRS - Demonstrações contábeis consolidadas 3T25,https://api.mziq.com/mzfilemanager/v2/d/fb86b0b8-b4e9-407b-a575-ba3668a566a9/4d0b738e-03e3-12f5-b97f-412c3b669335?origin=2,https://ri.caixa.gov.br/informacoes-financeiras/central-de-resultados/,documents/Caixa/2025/3T25/IFRS_-_Demonstracoes_contabeis_consolidadas_3T25__5c8c4d2a54c7.pdf,downloaded,pdf,1410280,5c8c4d2a54c71780cf56587f89b97e097d9728ccec7bfdc5e322f0adf79322a2,PDF signature and EOF,2026-04-27T00:00:00.000Z,pt_BR,0fbef136-15a9-47f2-8669-7c46db25ebda,central-ifrs-demonstracoes-contabeis-consolidadas,data/catalogs/20260906T175541,
Caixa,2025,3T25,IFRS - Demonstrações contábeis consolidadas editáveis,IFRS - Demonstrações contábeis consolidadas editáveis 3T25,https://api.mziq.com/mzfilemanager/v2/d/fb86b0b8-b4e9-407b-a575-ba3668a566a9/341ef96d-af26-5ba2-7a5d-6a248223674a?origin=2,https://ri.caixa.gov.br/informacoes-financeiras/central-de-resultados/,documents/Caixa/2025/3T25/IFRS_-_Demonstracoes_contabeis_consolidadas_editaveis_3T25__b95d267b64ad.docx,downloaded,docx,1639211,b95d267b64ad41aeccdfd21b6a270fe6072099fedf3a453e18a4bd0dcfd3608b,ZIP CRC verified,2026-04-27T00:00:00.000Z,pt_BR,66cdca90-3cdc-4fba-b6db-47636e14019a,central-ifrs-demonstracoes-contabeis-consolidadas-editáveis,data/catalogs/20260906T175541,
Caixa,2025,3T25,IFRS - Relatório da Administração,IFRS – Relatório da Administração 3T25,https://api.mziq.com/mzfilemanager/v2/d/fb86b0b8-b4e9-407b-a575-ba3668a566a9/281d81a9-2954-a276-371a-9c0933cf33b9?origin=2,https://ri.caixa.gov.br/informacoes-financeiras/central-de-resultados/,documents/Caixa/2025/3T25/IFRS_Relatorio_da_Administracao_3T25__c4d91447c6ae.pdf,downloaded,pdf,2332417,c4d91447c6aee85487a0d82387070554a473792ae71ee446341d9e5f66beeb85,PDF signature and EOF,2026-04-27T00:00:00.000Z,pt_BR,b3c927aa-5698-4808-99b4-35d6476cc256,ifrs_relatório_adminisração,data/catalogs/20260906T175541,
Caixa,2025,4T25,IFRS - Demonstrações contábeis consolidadas editáveis,IFRS - Demonstrações contábeis consolidadas editáveis 4T25,https://api.mziq.com/mzfilemanager/v2/d/fb86b0b8-b4e9-407b-a575-ba3668a566a9/36a21c9e-c6fc-7949-d7d7-6ca84fec74d3?origin=2,https://ri.caixa.gov.br/informacoes-financeiras/central-de-resultados/,documents/Caixa/2025/4T25/IFRS_-_Demonstracoes_contabeis_consolidadas_editaveis_4T25__8e92f4cae20e.docx,downloaded,docx,1625713,8e92f4cae20e6c23b30b7d50481d28eadbee2727abb4807c1ae7cb814d91c5a8,ZIP CRC verified,2026-04-27T00:00:00.000Z,pt_BR,ac2a89ef-9f76-433c-a380-9fe939a002c1,central-ifrs-demonstracoes-contabeis-consolidadas-editáveis,data/catalogs/20260906T175541,
Caixa,2025,4T25,IFRS - Relatório da Administração,IFRS – Relatório da Administração 4T25,https://api.mziq.com/mzfilemanager/v2/d/fb86b0b8-b4e9-407b-a575-ba3668a566a9/f6727161-6237-5d9b-b95c-4aca961c0843?origin=2,https://ri.caixa.gov.br/informacoes-financeiras/central-de-resultados/,documents/Caixa/2025/4T25/IFRS_Relatorio_da_Administracao_4T25__caf1c11405c5.pdf,downloaded,pdf,2811661,caf1c11405c59d09fe69b3a59e9d0bdfcc241ad7bc9b5f39b9c16ac9cfafa8b8,PDF signature and EOF,2026-04-27T00:00:00.000Z,pt_BR,18a61a28-f3a0-47fd-900a-0e1757d3bcb6,ifrs_relatório_adminisração,data/catalogs/20260906T175541,
Caixa,2026,1T26,Apresentação de Resultados,Apresentação de Resultados 1T26,https://api.mziq.com/mzfilemanager/v2/d/fb86b0b8-b4e9-407b-a575-ba3668a566a9/1daf6a8e-547d-2caf-ec7d-a5ac9e0bb5c6?origin=2,https://ri.caixa.gov.br/informacoes-financeiras/central-de-resultados/,documents/Caixa/2026/1T26/Apresentacao_de_Resultados_1T26__c00bcba8c758.pdf,downloaded,pdf,18264815,c00bcba8c758b03f8983ede2cdf02e4447dd83ae0cde24aa3388d329dfdd5b77,PDF signature and EOF,2026-05-15T00:00:00.000Z,pt_BR,9b1c4031-f7a3-4c12-b5dc-9602b43bd1ff,central-apresentacao-de-resultados,data/catalogs/20260906T181843,
Caixa,2026,1T26,BrGaap - Demonstrações Contábeis,BrGaap - Demonstrações Contábeis 1T26,https://api.mziq.com/mzfilemanager/v2/d/fb86b0b8-b4e9-407b-a575-ba3668a566a9/feafc950-3ff6-19c0-90d5-f7ce7b465081?origin=2,https://ri.caixa.gov.br/informacoes-financeiras/central-de-resultados/,documents/Caixa/2026/1T26/BrGaap_-_Demonstracoes_Contabeis_1T26__6bb1140876b2.pdf,downloaded,pdf,1933337,6bb1140876b27dbfd87bffb57692dbac23cc023a215644f096db2a28e536899f,PDF signature and EOF,2026-05-14T00:00:00.000Z,pt_BR,ff846964-1fc3-4410-a7ad-7c1e23b3ea18,central-brgaap-demonstracoes-contabeis,data/catalogs/20260906T181843,
Caixa,2026,1T26,BrGaap - Demonstrações Contábeis editável,BrGaap - Demonstrações Contábeis Editável 1T26,https://api.mziq.com/mzfilemanager/v2/d/fb86b0b8-b4e9-407b-a575-ba3668a566a9/0c35ab28-4969-fc02-2dbd-634ac05a12b3?origin=2,https://ri.caixa.gov.br/informacoes-financeiras/central-de-resultados/,documents/Caixa/2026/1T26/BrGaap_-_Demonstracoes_Contabeis_Editavel_1T26__bf7543d4cc7a.docx,downloaded,docx,2033749,bf7543d4cc7a7d32ddc5730d9ee337e44ebf72d8751d9ce8d909768f9706fe1e,ZIP CRC verified,2026-05-14T00:00:00.000Z,pt_BR,16e29a88-76ca-49c4-81b6-51acd15398fa,central-brgaap-demonstracoes-contabeis-editavel,data/catalogs/20260906T181843,
Caixa,2026,1T26,IFRS - Demonstrações contábeis consolidadas,IFRS - Demonstrações contábeis consolidadas 1T26,https://api.mziq.com/mzfilemanager/v2/d/fb86b0b8-b4e9-407b-a575-ba3668a566a9/a6141af9-a7a9-321d-a0d8-0bfa1da3e38f?origin=2,https://ri.caixa.gov.br/informacoes-financeiras/central-de-resultados/,documents/Caixa/2026/1T26/IFRS_-_Demonstracoes_contabeis_consolidadas_1T26__cd718f8537ba.pdf,downloaded,pdf,1439268,cd718f8537bad337eaac1a2566a2d7e114271f3055eb7f3adf2b299caa6dce75,PDF signature and EOF,2026-07-06T00:00:00.000Z,pt_BR,a204a72f-b9af-4142-8059-5bd111ec00e4,central-ifrs-demonstracoes-contabeis-consolidadas,data/catalogs/20260906T181843,
Caixa,2026,1T26,IFRS - Demonstrações contábeis consolidadas editáveis,IFRS - Demonstrações contábeis consolidadas editáveis 1T26,https://api.mziq.com/mzfilemanager/v2/d/fb86b0b8-b4e9-407b-a575-ba3668a566a9/4e36b5d8-88c4-57e5-653c-5ccf0b9d3b3d?origin=2,https://ri.caixa.gov.br/informacoes-financeiras/central-de-resultados/,documents/Caixa/2026/1T26/IFRS_-_Demonstracoes_contabeis_consolidadas_editaveis_1T26__307b52943637.docx,downloaded,docx,1135991,307b529436373f82cd129d1036da5c070e27b0cdbdaa1cec8da6c2bae8ffef06,ZIP CRC verified,2026-07-06T00:00:00.000Z,pt_BR,54ece57a-2496-4ae8-893a-d5f9b8501b44,central-ifrs-demonstracoes-contabeis-consolidadas-editáveis,data/catalogs/20260906T181843,
Caixa,2026,1T26,IFRS - Relatório da Administração,IFRS – Relatório da Administração 1T26,https://api.mziq.com/mzfilemanager/v2/d/fb86b0b8-b4e9-407b-a575-ba3668a566a9/0ff07084-a7fa-9284-c103-1ea40401da2b?origin=2,https://ri.caixa.gov.br/informacoes-financeiras/central-de-resultados/,documents/Caixa/2026/1T26/IFRS_Relatorio_da_Administracao_1T26__defcd2eef0db.pdf,downloaded,pdf,2488711,defcd2eef0db27f47e10dea41f1f404d56b23538e5cab3ed5edb7812db7c12a5,PDF signature and EOF,2026-07-06T00:00:00.000Z,pt_BR,e74ef684-4035-4ea4-9334-9a64798990d7,ifrs_relatório_adminisração,data/catalogs/20260906T181843,
Caixa,2026,1T26,Press Release,Press Release 1T26,https://api.mziq.com/mzfilemanager/v2/d/fb86b0b8-b4e9-407b-a575-ba3668a566a9/f98f226a-2e14-308f-b5b1-a2a811cac94d?origin=2,https://ri.caixa.gov.br/informacoes-financeiras/central-de-resultados/,documents/Caixa/2026/1T26/Press_Release_1T26__02314466c8ca.pdf,downloaded,pdf,311282,02314466c8cacbc85a8f16a7cfedea852e57ed0d7bf14eca28b7315db1b8d8fd,PDF signature and EOF,2026-08-27T00:00:00.000Z,pt_BR,70bdf986-0fc7-4c72-a30a-ed71d0248052,central-press-release,data/catalogs/20260906T181843,
Caixa,2026,1T26,Relatório da Administração,Relatório da Administração 1T26,https://api.mziq.com/mzfilemanager/v2/d/fb86b0b8-b4e9-407b-a575-ba3668a566a9/01963b4d-43ea-66e0-b638-9c62356641e6?origin=2,https://ri.caixa.gov.br/informacoes-financeiras/central-de-resultados/,documents/Caixa/2026/1T26/Relatorio_da_Administracao_1T26__f79395386e1a.pdf,downloaded,pdf,2818962,f79395386e1a93edcff30a3be62ca51e5afef9ba9999f199b4331919809afcfd,PDF signature and EOF,2026-05-14T00:00:00.000Z,pt_BR,26976903-c772-40eb-805c-d51bdd5d8dba,central-relatorio-da-administracao,data/catalogs/20260906T181843,
Caixa,2026,1T26,Relatório de Análise de Desempenho,Relatório de Análise de Desempenho 1T26,https://api.mziq.com/mzfilemanager/v2/d/fb86b0b8-b4e9-407b-a575-ba3668a566a9/0310f05a-c6b5-b949-3ee4-b1463b04f54b?origin=2,https://ri.caixa.gov.br/informacoes-financeiras/central-de-resultados/,documents/Caixa/2026/1T26/Relatorio_de_Analise_de_Desempenho_1T26__360d4c3f04e5.pdf,downloaded,pdf,1981711,360d4c3f04e5b58b9fcac4543e4c68826716c39c1a612d5cbd3f5a555a06937d,PDF signature and EOF,2026-05-14T00:00:00.000Z,pt_BR,fa90dbf2-c0b2-4e37-9706-9231ea3cc92e,central-relatorio-de-analise-de-desempenho,data/catalogs/20260906T181843,
Caixa,2026,2T26,BrGaap - Demonstrações Contábeis,BrGaap - Demonstrações Contábeis 2T26,https://api.mziq.com/mzfilemanager/v2/d/fb86b0b8-b4e9-407b-a575-ba3668a566a9/642e7b13-4cfc-9878-b712-e61e7a4120ea?origin=2,https://ri.caixa.gov.br/informacoes-financeiras/central-de-resultados/,documents/Caixa/2026/2T26/BrGaap_-_Demonstracoes_Contabeis_2T26__d1162b90c2df.pdf,downloaded,pdf,2522246,d1162b90c2df2ea5e88b3fc1b1f7b00d76eddcfaea23d99af0152fa318c3f4c6,PDF signature and EOF,2026-08-26T00:00:00.000Z,pt_BR,5acd5c88-88c9-48fa-82c3-3ff5af6ef64e,central-brgaap-demonstracoes-contabeis,data/catalogs/20260906T181843,
Caixa,2026,2T26,BrGaap - Demonstrações Contábeis editável,BrGaap - Demonstrações Contábeis Editável 2T26,https://api.mziq.com/mzfilemanager/v2/d/fb86b0b8-b4e9-407b-a575-ba3668a566a9/d49101da-7a12-b6e8-66ca-0ebc437c4b8e?origin=2,https://ri.caixa.gov.br/informacoes-financeiras/central-de-resultados/,documents/Caixa/2026/2T26/BrGaap_-_Demonstracoes_Contabeis_Editavel_2T26__008657ff370d.docx,downloaded,docx,1885817,008657ff370da058ef98d445532fa0616438fae10a4b42082684a4bb49b3df6f,ZIP CRC verified,2026-08-26T00:00:00.000Z,pt_BR,3bf9b01e-3217-4369-ac35-18fd606cf9e3,central-brgaap-demonstracoes-contabeis-editavel,data/catalogs/20260906T181843,
Caixa,2026,2T26,IFRS - Demonstrações contábeis consolidadas,IFRS - Demonstrações contábeis consolidadas 2T26,https://api.mziq.com/mzfilemanager/v2/d/fb86b0b8-b4e9-407b-a575-ba3668a566a9/734cdb53-9bcc-8a24-532b-ce20bf7ad16a?origin=2,https://ri.caixa.gov.br/informacoes-financeiras/central-de-resultados/,documents/Caixa/2026/2T26/IFRS_-_Demonstracoes_contabeis_consolidadas_2T26__75f4daac10fc.pdf,downloaded,pdf,2049919,75f4daac10fca353554b4008da80166e61ce898c8a3b9e39cd790e5e6ccfeb1a,PDF signature and EOF,2026-08-26T00:00:00.000Z,pt_BR,420b8ab5-9fe7-4df7-b848-6405859ed3ee,central-ifrs-demonstracoes-contabeis-consolidadas,data/catalogs/20260906T181843,
Caixa,2026,2T26,IFRS - Demonstrações contábeis consolidadas editáveis,IFRS - Demonstrações contábeis consolidadas editáveis 2T26,https://api.mziq.com/mzfilemanager/v2/d/fb86b0b8-b4e9-407b-a575-ba3668a566a9/8ff367db-39c7-b072-aa3c-3c322a8f4548?origin=2,https://ri.caixa.gov.br/informacoes-financeiras/central-de-resultados/,documents/Caixa/2026/2T26/IFRS_-_Demonstracoes_contabeis_consolidadas_editaveis_2T26__04bb28640734.docx,downloaded,docx,1507608,04bb286407344ec9c5769faaf08a0081a4ad1374791fe5c6ef72c0ce6ba60a0b,ZIP CRC verified,2026-08-26T00:00:00.000Z,pt_BR,6d39448b-3e85-4ced-b133-ce0c0a39fa6d,central-ifrs-demonstracoes-contabeis-consolidadas-editáveis,data/catalogs/20260906T181843,
Caixa,2026,2T26,IFRS - Relatório da Administração,IFRS – Relatório da Administração 2T26,https://api.mziq.com/mzfilemanager/v2/d/fb86b0b8-b4e9-407b-a575-ba3668a566a9/4282ccd5-5061-9a88-4079-29523ade7448?origin=2,https://ri.caixa.gov.br/informacoes-financeiras/central-de-resultados/,documents/Caixa/2026/2T26/IFRS_Relatorio_da_Administracao_2T26__4afab46dd511.pdf,downloaded,pdf,2385539,4afab46dd51172c520be4eec2f777992b66764c0cac602fb61425554b2965404,PDF signature and EOF,2026-08-26T00:00:00.000Z,pt_BR,a84051f4-3b1d-4fe6-8333-f03dbca4f1a5,ifrs_relatório_adminisração,data/catalogs/20260906T181843,
Caixa,2026,2T26,Press Release,Press Release 2T26,https://api.mziq.com/mzfilemanager/v2/d/fb86b0b8-b4e9-407b-a575-ba3668a566a9/ad5e1548-7e2a-1570-4038-514e194cb229?origin=2,https://ri.caixa.gov.br/informacoes-financeiras/central-de-resultados/,documents/Caixa/2026/2T26/Press_Release_2T26__4be90c83cd7b.pdf,downloaded,pdf,308165,4be90c83cd7b240e3a61fba57cc64642e535ffb93f256e350d1c7a7f7e62b5c3,PDF signature and EOF,2026-08-27T00:00:00.000Z,pt_BR,0635acaf-09da-42ac-9a0e-7dbdfc78347c,central-press-release,data/catalogs/20260906T181843,
Caixa,2026,2T26,Relatório da Administração,Relatório da Administração 2T26,https://api.mziq.com/mzfilemanager/v2/d/fb86b0b8-b4e9-407b-a575-ba3668a566a9/6a4883f2-39cd-2a00-d389-aa521d2f3aca?origin=2,https://ri.caixa.gov.br/informacoes-financeiras/central-de-resultados/,documents/Caixa/2026/2T26/Relatorio_da_Administracao_2T26__a251eca7fe5d.pdf,downloaded,pdf,2608791,a251eca7fe5d0953f52579a2851771415426128a8d0c24cb929af3a871fc9232,PDF signature and EOF,2026-08-26T00:00:00.000Z,pt_BR,1010e15b-38bd-40e2-aa82-a36b4bde1855,central-relatorio-da-administracao,data/catalogs/20260906T181843,
Caixa,2026,2T26,central-relatorio-de-analise-de-desempenho,Relatório de Análise de Desempenho 2T26,https://api.mziq.com/mzfilemanager/v2/d/fb86b0b8-b4e9-407b-a575-ba3668a566a9/bb24031e-d71e-1660-7cf8-e66703ab1361?origin=2,https://ri.caixa.gov.br/informacoes-financeiras/central-de-resultados/,documents/Caixa/2026/2T26/Relatorio_de_Analise_de_Desempenho_2T26__131132d0814d.pdf,downloaded,pdf,1946843,131132d0814d60ca2f62f694cab4db5429a1caf93049f87095a7bf9648d0d610,PDF signature and EOF,,,15ec572a-2666-4e36-ac4d-6d646040bc09,central-relatorio-de-analise-de-desempenho,,
Itau,2024,1T24,central analise gerencial da operacao,análise gerencial da operação e demonstrações contábeis completas em BRGAAP,https://api.mziq.com/mzfilemanager/v2/d/42787847-4cf6-4461-94a5-40ed237dca33/ce5914f9-490e-ff22-bb08-646c7c9fd86c?origin=2,https://www.itau.com.br/relacoes-com-investidores/resultados-e-relatorios/central-de-resultados/,documents/Itau/2024/1T24/analise_gerencial_da_operacao_e_demonstracoes_contabeis_completas_em_BRGAAP__73df7fa52c37.pdf,downloaded,pdf,5907250,73df7fa52c377df799c2aeff09649054334bae1374fb156eefd909de1d69b86e,PDF signature and EOF,2024-05-06T00:00:00.000Z,pt_BR,dc1e3e71-7968-402f-aaa8-abcfcc39c1c6,central_analise_gerencial_da_operacao,data/catalogs/20260906T182455,
Itau,2024,1T24,central apresentacao,Apresentação de Resultados - 1T24,https://api.mziq.com/mzfilemanager/v2/d/42787847-4cf6-4461-94a5-40ed237dca33/78a97fdd-40e8-37dc-cf08-7739a113e80b?origin=2,https://www.itau.com.br/relacoes-com-investidores/resultados-e-relatorios/central-de-resultados/,documents/Itau/2024/1T24/Apresentacao_de_Resultados_-_1T24__a176940bb7d4.pdf,downloaded,pdf,1691187,a176940bb7d4c8a4aca11634d082fb5e605046fddf8bdd9261f5c3a3e8d7da27,PDF signature and EOF,2024-05-06T00:00:00.000Z,pt_BR,fdf5b869-3c23-466c-90ba-bfb81745f3b4,central_apresentacao,data/catalogs/20260906T182455,
Itau,2024,1T24,central apresentacao institucional,apresentação institucional,https://api.mziq.com/mzfilemanager/v2/d/42787847-4cf6-4461-94a5-40ed237dca33/5a32c5a8-8da5-3c51-3d02-ea5922fdfca3?origin=2,https://www.itau.com.br/relacoes-com-investidores/resultados-e-relatorios/central-de-resultados/,documents/Itau/2024/1T24/apresentacao_institucional__2b52c5080e82.pdf,downloaded,pdf,1531775,2b52c5080e827409774deadeb63cf8881f7b28e90519414c7e69d572772a6e0c,PDF signature and EOF,2024-05-06T00:00:00.000Z,pt_BR,c5bae621-27dc-4421-86d0-c1723dcae5fe,central_apresentacao_institucional,data/catalogs/20260906T182455,
Itau,2024,1T24,central demonstracoes contabeis completas em ifrs,demonstrações contábeis completas em IFRS,https://api.mziq.com/mzfilemanager/v2/d/42787847-4cf6-4461-94a5-40ed237dca33/789bcf43-6883-6edc-7a4a-797c65eb811c?origin=2,https://www.itau.com.br/relacoes-com-investidores/resultados-e-relatorios/central-de-resultados/,documents/Itau/2024/1T24/demonstracoes_contabeis_completas_em_IFRS__91bb3e4521be.pdf,downloaded,pdf,2754873,91bb3e4521be4a35abb77caa555c94b08674280f7219d4bd89cfcd4a12d5c3c6,PDF signature and EOF,2024-05-06T00:00:00.000Z,pt_BR,0cf10ff8-3a7d-4ac9-aa34-fc7e2b674d44,central_demonstracoes_contabeis_completas_em_ifrs,data/catalogs/20260906T182455,
Itau,2024,1T24,central gerenciamento de riscos e capital pilar 3,gerenciamento de riscos e capital - pilar 3 - 1T24,https://api.mziq.com/mzfilemanager/v2/d/42787847-4cf6-4461-94a5-40ed237dca33/ff182fb7-4959-2281-cb9b-1ca666f40b0f?origin=2,https://www.itau.com.br/relacoes-com-investidores/resultados-e-relatorios/central-de-resultados/,documents/Itau/2024/1T24/gerenciamento_de_riscos_e_capital_-_pilar_3_-_1T24__d458e69c910a.pdf,downloaded,pdf,2070927,d458e69c910a9e1432cda73a7bcafe24e1a9e93d4e8ae9b03493d70496cfd04e,PDF signature and EOF,2024-05-06T00:00:00.000Z,pt_BR,2e456b99-5f2c-49bb-a34c-ff992f3bd54f,central_gerenciamento_de_riscos_e_capital_pilar_3,data/catalogs/20260906T182455,
Itau,2024,1T24,central informativo acoes itau em foco,informativo - ações Itaú em foco ,https://api.mziq.com/mzfilemanager/v2/d/42787847-4cf6-4461-94a5-40ed237dca33/875e325a-ccf7-d983-0adf-98a937662f62?origin=2,https://www.itau.com.br/relacoes-com-investidores/resultados-e-relatorios/central-de-resultados/,documents/Itau/2024/1T24/informativo_-_acoes_Itau_em_foco__c86de37050cd.pdf,downloaded,pdf,606503,c86de37050cd0e697156540e6a3e80ac019a616cc5d0cc13c0d766e0c5f45bbc,PDF signature and EOF,2024-05-06T00:00:00.000Z,pt_BR,e0107cdc-1fd6-4fe0-838a-5b2ec12f67a3,central_informativo_acoes_itau_em_foco,data/catalogs/20260906T182455,
Itau,2024,1T24,central transcricao do audio,Transcrição do áudio 1T24,https://api.mziq.com/mzfilemanager/v2/d/42787847-4cf6-4461-94a5-40ed237dca33/55881765-b23a-778e-f8ec-cb0d5b0df12a?origin=2,https://www.itau.com.br/relacoes-com-investidores/resultados-e-relatorios/central-de-resultados/,documents/Itau/2024/1T24/Transcricao_do_audio_1T24__adb25c5c.url,external_link,,,,Official catalog link; streaming/page not archived,2024-05-07T00:00:00.000Z,pt_BR,adb25c5c-e2fb-4c11-90df-8510e53fff61,central_transcricao_do_audio,data/catalogs/20260906T182455,
Itau,2024,1T24,central video,vídeo 1T24,https://api.mziq.com/mzfilemanager/v2/d/42787847-4cf6-4461-94a5-40ed237dca33/ad1eb306-6313-b999-7821-849faca6bc51?origin=2,https://www.itau.com.br/relacoes-com-investidores/resultados-e-relatorios/central-de-resultados/,documents/Itau/2024/1T24/video_1T24__7ac00151.url,external_link,,,,Official catalog link; streaming/page not archived,2024-06-03T00:00:00.000Z,pt_BR,7ac00151-2b81-4ba8-9595-262e6423f4c5,central_video,data/catalogs/20260906T182455,
Itau,2024,2T24,central analise gerencial da operacao,análise gerencial da operação e demonstrações contábeis completas em BRGAAP,https://api.mziq.com/mzfilemanager/v2/d/42787847-4cf6-4461-94a5-40ed237dca33/13ff847a-9927-3bf7-cd38-e3373798959b?origin=2,https://www.itau.com.br/relacoes-com-investidores/resultados-e-relatorios/central-de-resultados/,documents/Itau/2024/2T24/analise_gerencial_da_operacao_e_demonstracoes_contabeis_completas_em_BRGAAP__78869d60108a.pdf,downloaded,pdf,5982822,78869d60108a10976d02a97a7278f1048a1563079d10f56e600d13bb76d732dc,PDF signature and EOF,2024-08-06T00:00:00.000Z,pt_BR,2c186491-86dd-4a54-9300-c59be85a1563,central_analise_gerencial_da_operacao,data/catalogs/20260906T182455,
Itau,2024,2T24,central apresentacao,Apresentação de Resultados - 2T24,https://api.mziq.com/mzfilemanager/v2/d/42787847-4cf6-4461-94a5-40ed237dca33/91bf2ed7-4151-bae2-37a1-b336b7c04d71?origin=2,https://www.itau.com.br/relacoes-com-investidores/resultados-e-relatorios/central-de-resultados/,documents/Itau/2024/2T24/Apresentacao_de_Resultados_-_2T24__a988bb897f09.pdf,downloaded,pdf,2212915,a988bb897f09db1f3d2b8621944eb66fa1b0a792d3600dd3900eadb84a98c904,PDF signature and EOF,2024-08-07T00:00:00.000Z,pt_BR,0406ea97-fb07-4f6b-b230-098529fe5f29,central_apresentacao,data/catalogs/20260906T182455,
Itau,2024,2T24,central apresentacao institucional,apresentação institucional,https://api.mziq.com/mzfilemanager/v2/d/42787847-4cf6-4461-94a5-40ed237dca33/f8c7ace9-a419-7ac0-2a2e-06021002ba47?origin=2,https://www.itau.com.br/relacoes-com-investidores/resultados-e-relatorios/central-de-resultados/,documents/Itau/2024/2T24/apresentacao_institucional__501b34a81d7d.pdf,downloaded,pdf,1544937,501b34a81d7d349fb42b7411bf61c8a5ff7489bcf464055c7244d1e37aae133b,PDF signature and EOF,2024-08-07T00:00:00.000Z,pt_BR,540ce15b-f44a-449e-9cba-a5e56891a94b,central_apresentacao_institucional,data/catalogs/20260906T182455,
Itau,2024,2T24,central demonstracoes contabeis completas em ifrs,demonstrações contábeis completas em IFRS,https://api.mziq.com/mzfilemanager/v2/d/42787847-4cf6-4461-94a5-40ed237dca33/c9691242-00a0-b364-6172-74550ac0e186?origin=2,https://www.itau.com.br/relacoes-com-investidores/resultados-e-relatorios/central-de-resultados/,documents/Itau/2024/2T24/demonstracoes_contabeis_completas_em_IFRS__cd49f3ee71f4.pdf,downloaded,pdf,2514517,cd49f3ee71f4aa58c99080a1f3a66558f16c55013033183463d94b5e9796444d,PDF signature and EOF,2024-08-06T00:00:00.000Z,pt_BR,af1d85b7-1f52-4a1e-864d-4ea6979c8a42,central_demonstracoes_contabeis_completas_em_ifrs,data/catalogs/20260906T182455,
Itau,2024,2T24,central gerenciamento de riscos e capital pilar 3,gerenciamento de riscos e capital - pilar 3 - 2T24,https://api.mziq.com/mzfilemanager/v2/d/42787847-4cf6-4461-94a5-40ed237dca33/5081e8ec-d68e-b680-4cac-9dbcf752a7d1?origin=2,https://www.itau.com.br/relacoes-com-investidores/resultados-e-relatorios/central-de-resultados/,documents/Itau/2024/2T24/gerenciamento_de_riscos_e_capital_-_pilar_3_-_2T24__f3834fbc564a.pdf,downloaded,pdf,1344377,f3834fbc564af02d59c614ea03331dea35c806db81ec3e8bdff11398b37e90ca,PDF signature and EOF,2024-08-06T00:00:00.000Z,pt_BR,612548e4-e9a3-4e91-83a7-53dd3e887ef1,central_gerenciamento_de_riscos_e_capital_pilar_3,data/catalogs/20260906T182455,
Itau,2024,2T24,central informativo acoes itau em foco,informativo - ações Itaú em foco ,https://api.mziq.com/mzfilemanager/v2/d/42787847-4cf6-4461-94a5-40ed237dca33/9e68120e-20bf-9a8e-99c5-05c4e053f29a?origin=2,https://www.itau.com.br/relacoes-com-investidores/resultados-e-relatorios/central-de-resultados/,documents/Itau/2024/2T24/informativo_-_acoes_Itau_em_foco__7febe2c2e7e6.pdf,downloaded,pdf,851355,7febe2c2e7e624615587c355a1c2e340b44b9feb275f376e4b0c01f6a07b27cc,PDF signature and EOF,2024-08-14T00:00:00.000Z,pt_BR,dde88866-be22-4804-be72-116b6b685c59,central_informativo_acoes_itau_em_foco,data/catalogs/20260906T182455,
Itau,2024,2T24,central transcricao do audio,Transcrição do áudio 2T24,https://api.mziq.com/mzfilemanager/v2/d/42787847-4cf6-4461-94a5-40ed237dca33/b9c43b27-8712-03c6-5891-f12082abdbfb?origin=2,https://www.itau.com.br/relacoes-com-investidores/resultados-e-relatorios/central-de-resultados/,documents/Itau/2024/2T24/Transcricao_do_audio_2T24__c59bf068.url,external_link,,,,Official catalog link; streaming/page not archived,2024-08-07T00:00:00.000Z,pt_BR,c59bf068-9ccc-42ee-8fcd-d6d954e5a237,central_transcricao_do_audio,data/catalogs/20260906T182455,
Itau,2024,2T24,central video,vídeo 2T24,https://api.mziq.com/mzfilemanager/v2/d/42787847-4cf6-4461-94a5-40ed237dca33/251cb577-2fde-e233-53e7-afac8e74f7eb?origin=2,https://www.itau.com.br/relacoes-com-investidores/resultados-e-relatorios/central-de-resultados/,documents/Itau/2024/2T24/video_2T24__493d3919.url,external_link,,,,Official catalog link; streaming/page not archived,2024-08-07T00:00:00.000Z,pt_BR,493d3919-8318-49ef-acad-7a008c1e2735,central_video,data/catalogs/20260906T182455,
Itau,2024,3T24,central analise gerencial da operacao,análise gerencial da operação e demonstrações contábeis completas em BRGAAP,https://api.mziq.com/mzfilemanager/v2/d/42787847-4cf6-4461-94a5-40ed237dca33/96089672-5277-fbaf-7e4e-0c0ba154a58d?origin=2,https://www.itau.com.br/relacoes-com-investidores/resultados-e-relatorios/central-de-resultados/,documents/Itau/2024/3T24/analise_gerencial_da_operacao_e_demonstracoes_contabeis_completas_em_BRGAAP__42e58eb177b7.pdf,downloaded,pdf,6359885,42e58eb177b74a7c085383091c38fc9819c48308d799e0d643e850ba719fda2a,PDF signature and EOF,2024-11-04T00:00:00.000Z,pt_BR,cc5e8460-f96e-4c8f-94e2-83a4b08c5aad,central_analise_gerencial_da_operacao,data/catalogs/20260906T182455,
Itau,2024,3T24,central apresentacao,Apresentação de Resultados - 3T24,https://api.mziq.com/mzfilemanager/v2/d/42787847-4cf6-4461-94a5-40ed237dca33/ff5020a3-e647-023d-6239-fe32c78bcb63?origin=2,https://www.itau.com.br/relacoes-com-investidores/resultados-e-relatorios/central-de-resultados/,documents/Itau/2024/3T24/Apresentacao_de_Resultados_-_3T24__735c474c72b5.pdf,downloaded,pdf,993816,735c474c72b5f8c0618a9023df279418dc1c1dfb2cb23dbced7ec53df1161689,PDF signature and EOF,2024-11-05T00:00:00.000Z,pt_BR,65af5dbe-c0fd-4237-ba28-3033158f5845,central_apresentacao,data/catalogs/20260906T182455,
Itau,2024,3T24,central apresentacao institucional,apresentação institucional,https://api.mziq.com/mzfilemanager/v2/d/42787847-4cf6-4461-94a5-40ed237dca33/94447a9d-a289-4deb-e6dc-52cdf3b00543?origin=2,https://www.itau.com.br/relacoes-com-investidores/resultados-e-relatorios/central-de-resultados/,documents/Itau/2024/3T24/apresentacao_institucional__eef6f57fd62d.pdf,downloaded,pdf,1559158,eef6f57fd62d85536b8e914253ddaed223a903732168474dd49ea03696116ecd,PDF signature and EOF,2024-11-05T00:00:00.000Z,pt_BR,977ee272-054d-4453-bfb6-3cf1e539ce42,central_apresentacao_institucional,data/catalogs/20260906T182455,
Itau,2024,3T24,central demonstracoes contabeis completas em ifrs,demonstrações contábeis completas em IFRS,https://api.mziq.com/mzfilemanager/v2/d/42787847-4cf6-4461-94a5-40ed237dca33/2548e448-18e2-e55a-a6bd-bc51b227890c?origin=2,https://www.itau.com.br/relacoes-com-investidores/resultados-e-relatorios/central-de-resultados/,documents/Itau/2024/3T24/demonstracoes_contabeis_completas_em_IFRS__c87fc64c72dd.pdf,downloaded,pdf,2771940,c87fc64c72ddbbbf0c0d99331cd4bffae3b7e7d35745d6a156a50982ead80016,PDF signature and EOF,2024-11-04T00:00:00.000Z,pt_BR,d2469f96-5faa-402b-adc0-def36f915293,central_demonstracoes_contabeis_completas_em_ifrs,data/catalogs/20260906T182455,
Itau,2024,3T24,central gerenciamento de riscos e capital pilar 3,gerenciamento de riscos e capital - pilar 3 - 3T24,https://api.mziq.com/mzfilemanager/v2/d/42787847-4cf6-4461-94a5-40ed237dca33/64b0a940-d18f-3ea4-d5f2-8adf95691039?origin=2,https://www.itau.com.br/relacoes-com-investidores/resultados-e-relatorios/central-de-resultados/,documents/Itau/2024/3T24/gerenciamento_de_riscos_e_capital_-_pilar_3_-_3T24__d9c9d0842168.pdf,downloaded,pdf,1762457,d9c9d0842168269b8e6edc67c4f8d3e389003b297bcf454a7f0076c6a588cd01,PDF signature and EOF,2024-11-04T00:00:00.000Z,pt_BR,e83812d5-0f1e-4e74-8873-a030dc90d989,central_gerenciamento_de_riscos_e_capital_pilar_3,data/catalogs/20260906T182455,
Itau,2024,3T24,central informativo acoes itau em foco,informativo - ações Itaú em foco ,https://api.mziq.com/mzfilemanager/v2/d/42787847-4cf6-4461-94a5-40ed237dca33/10df6ef0-bea2-17f3-2342-e5d1b1109aaa?origin=2,https://www.itau.com.br/relacoes-com-investidores/resultados-e-relatorios/central-de-resultados/,documents/Itau/2024/3T24/informativo_-_acoes_Itau_em_foco__887cf9a23385.pdf,downloaded,pdf,702982,887cf9a2338563228a25534da8233936de6f97a8e0c7df99e49d5da86a464d44,PDF signature and EOF,2024-11-13T00:00:00.000Z,pt_BR,a75a43d0-1724-4637-b573-341a8e9bfa5b,central_informativo_acoes_itau_em_foco,data/catalogs/20260906T182455,
Itau,2024,3T24,central transcricao do audio,Transcrição do áudio 3T24,https://api.mziq.com/mzfilemanager/v2/d/42787847-4cf6-4461-94a5-40ed237dca33/48aea717-315a-76c7-3c48-6712ae08d0de?origin=2,https://www.itau.com.br/relacoes-com-investidores/resultados-e-relatorios/central-de-resultados/,documents/Itau/2024/3T24/Transcricao_do_audio_3T24__2872faca.url,external_link,,,,Official catalog link; streaming/page not archived,2024-11-05T00:00:00.000Z,pt_BR,2872faca-56e6-4f08-a91e-25c52000de71,central_transcricao_do_audio,data/catalogs/20260906T182455,
Itau,2024,3T24,central video,vídeo 3T24,https://api.mziq.com/mzfilemanager/v2/d/42787847-4cf6-4461-94a5-40ed237dca33/56156952-f375-820d-8851-30b031d253d5?origin=2,https://www.itau.com.br/relacoes-com-investidores/resultados-e-relatorios/central-de-resultados/,documents/Itau/2024/3T24/video_3T24__737aba94.url,external_link,,,,Official catalog link; streaming/page not archived,2024-11-18T00:00:00.000Z,pt_BR,737aba94-53c1-4356-92c9-400821cdc616,central_video,data/catalogs/20260906T182455,
Itau,2024,4T24,central analise gerencial da operacao,Análise gerencial da operação e demonstrações contábeis completas em BRGAAP,https://api.mziq.com/mzfilemanager/v2/d/42787847-4cf6-4461-94a5-40ed237dca33/f330718c-87e8-ad3a-3c7d-b8d014db95cf?origin=2,https://www.itau.com.br/relacoes-com-investidores/resultados-e-relatorios/central-de-resultados/,documents/Itau/2024/4T24/Analise_gerencial_da_operacao_e_demonstracoes_contabeis_completas_em_BRGAAP__6a574843da4e.pdf,downloaded,pdf,9387631,6a574843da4e02741ab11c730850fb5bb87b84bbc15c20ed01974d7db3ef55e3,PDF signature and EOF,2025-02-05T00:00:00.000Z,pt_BR,36be0ab5-82d9-4365-bc60-a47e0526269e,central_analise_gerencial_da_operacao,data/catalogs/20260906T182455,
Itau,2024,4T24,central apresentacao,Apresentação de Resultados - 4T24,https://api.mziq.com/mzfilemanager/v2/d/42787847-4cf6-4461-94a5-40ed237dca33/1182c2ec-ea05-7a1c-bd2d-f1f392285245?origin=2,https://www.itau.com.br/relacoes-com-investidores/resultados-e-relatorios/central-de-resultados/,documents/Itau/2024/4T24/Apresentacao_de_Resultados_-_4T24__832bec72d242.pdf,downloaded,pdf,1215191,832bec72d242243c7847e78111bc49a7865a2c7384a14212e43dc6ae9f89037d,PDF signature and EOF,2025-02-05T00:00:00.000Z,pt_BR,72f837ab-4c7e-4a36-a33a-25cb2e9149fb,central_apresentacao,data/catalogs/20260906T182455,
Itau,2024,4T24,central apresentacao institucional,Apresentação Institucional,https://api.mziq.com/mzfilemanager/v2/d/42787847-4cf6-4461-94a5-40ed237dca33/e80da43f-c4a7-be01-811c-890e516ce293?origin=2,https://www.itau.com.br/relacoes-com-investidores/resultados-e-relatorios/central-de-resultados/,documents/Itau/2024/4T24/Apresentacao_Institucional__651453c52e7f.pdf,downloaded,pdf,1518386,651453c52e7fb9208c4e5d5d40c96c748c88559805196d86f3d19d0edcf3a4c5,PDF signature and EOF,2025-02-05T00:00:00.000Z,pt_BR,da4a5f06-3768-461d-981c-a17483f23e5a,central_apresentacao_institucional,data/catalogs/20260906T182455,
Itau,2024,4T24,central demonstracoes contabeis completas em ifrs,Demonstrações contábeis completas em IFRS,https://api.mziq.com/mzfilemanager/v2/d/42787847-4cf6-4461-94a5-40ed237dca33/3be7ac0a-899e-8dee-0ca0-35bd825116b6?origin=2,https://www.itau.com.br/relacoes-com-investidores/resultados-e-relatorios/central-de-resultados/,documents/Itau/2024/4T24/Demonstracoes_contabeis_completas_em_IFRS__329c3be86a0b.pdf,downloaded,pdf,3601481,329c3be86a0b1781edda60b3c87cbd4602e445111d05f018caefa022469c914c,PDF signature and EOF,2025-02-05T00:00:00.000Z,pt_BR,d6f4ce9d-9d93-4438-a98a-459bf0f48371,central_demonstracoes_contabeis_completas_em_ifrs,data/catalogs/20260906T182455,
Itau,2024,4T24,central gerenciamento de riscos e capital pilar 3,Gerenciamento de riscos e capital - Pilar 3 - 4T24,https://api.mziq.com/mzfilemanager/v2/d/42787847-4cf6-4461-94a5-40ed237dca33/ed470ec5-1ef9-6490-a20f-ae0e4607fc6c?origin=2,https://www.itau.com.br/relacoes-com-investidores/resultados-e-relatorios/central-de-resultados/,documents/Itau/2024/4T24/Gerenciamento_de_riscos_e_capital_-_Pilar_3_-_4T24__faa43efd33dc.pdf,downloaded,pdf,4140495,faa43efd33dc7095d009ede93bb143c053de7047e34bb6d6476e78097a5c2624,PDF signature and EOF,2025-03-31T00:00:00.000Z,pt_BR,f91157a1-43d3-466b-8e4d-ac0bdb803d6f,central_gerenciamento_de_riscos_e_capital_pilar_3,data/catalogs/20260906T182455,
Itau,2024,4T24,central informativo acoes itau em foco,Informativo - Ações Itaú em Foco ,https://api.mziq.com/mzfilemanager/v2/d/42787847-4cf6-4461-94a5-40ed237dca33/7dc16db5-79b7-c83b-a95b-bb1f448f8bc2?origin=2,https://www.itau.com.br/relacoes-com-investidores/resultados-e-relatorios/central-de-resultados/,documents/Itau/2024/4T24/Informativo_-_Acoes_Itau_em_Foco__315ea9600965.pdf,downloaded,pdf,170288,315ea96009655e75ee4bf928c61fabd6279605ef80f0c379f6033482d3dc1a74,PDF signature and EOF,2025-02-19T00:00:00.000Z,pt_BR,606a7265-b1cb-4216-aeac-ac7aff49a8ae,central_informativo_acoes_itau_em_foco,data/catalogs/20260906T182455,
Itau,2024,4T24,central transcricao do audio,Transcrição do áudio 4T24,https://api.mziq.com/mzfilemanager/v2/d/42787847-4cf6-4461-94a5-40ed237dca33/6a53d278-a177-09d6-c0c8-943a62561eac?origin=2,https://www.itau.com.br/relacoes-com-investidores/resultados-e-relatorios/central-de-resultados/,documents/Itau/2024/4T24/Transcricao_do_audio_4T24__77018b8b.url,external_link,,,,Official catalog link; streaming/page not archived,2025-02-07T00:00:00.000Z,pt_BR,77018b8b-cd7d-4cff-bdfc-c5e329b5eccd,central_transcricao_do_audio,data/catalogs/20260906T182455,
Itau,2024,4T24,central video,vídeo 4T24,https://api.mziq.com/mzfilemanager/v2/d/42787847-4cf6-4461-94a5-40ed237dca33/c5a99296-a885-bd18-2e63-9f136f73fffe?origin=2,https://www.itau.com.br/relacoes-com-investidores/resultados-e-relatorios/central-de-resultados/,documents/Itau/2024/4T24/video_4T24__5df766b1.url,external_link,,,,Official catalog link; streaming/page not archived,2025-02-06T00:00:00.000Z,pt_BR,5df766b1-b5f0-4800-8826-d858e51bfa01,central_video,data/catalogs/20260906T182455,
Itau,2026,1T26,central apresentacao,Apresentação de Resultados ,https://api.mziq.com/mzfilemanager/v2/d/42787847-4cf6-4461-94a5-40ed237dca33/309d095e-23d6-30e1-d944-4db1362c8e0f?origin=2,https://www.itau.com.br/relacoes-com-investidores/resultados-e-relatorios/central-de-resultados/,documents/Itau/2026/1T26/Apresentacao_de_Resultados__551a3d0afb00.pdf,downloaded,pdf,826532,551a3d0afb00d018f18e3de00b202cfbaf7e6b585d236de22864ff7c8594452a,PDF signature and EOF,2026-05-05T00:00:00.000Z,pt_BR,b89715ed-4abf-417e-b2dc-8b1f019cd5fd,central_apresentacao,data/catalogs/20260906T181843,
Itau,2026,1T26,central apresentacao institucional,Apresentação Institucional,https://api.mziq.com/mzfilemanager/v2/d/42787847-4cf6-4461-94a5-40ed237dca33/333bd104-5c51-6f3f-0a7c-40ddca93a25a?origin=2,https://www.itau.com.br/relacoes-com-investidores/resultados-e-relatorios/central-de-resultados/,documents/Itau/2026/1T26/Apresentacao_Institucional__5cfe62748c37.pdf,downloaded,pdf,1593638,5cfe62748c373b9e562647a23d7011cee4d5968b5416847513d5d28d217cb8d7,PDF signature and EOF,2026-05-05T00:00:00.000Z,pt_BR,3146b4ad-bbf1-434e-a95c-9f47b65fa7df,central_apresentacao_institucional,data/catalogs/20260906T181843,
Itau,2026,1T26,central demonstracoes contabeis completas em ifrs,Demonstrações contábeis completas em IFRS,https://api.mziq.com/mzfilemanager/v2/d/42787847-4cf6-4461-94a5-40ed237dca33/5d2656ef-95af-ef58-0ee1-bf2688dd6645?origin=2,https://www.itau.com.br/relacoes-com-investidores/resultados-e-relatorios/central-de-resultados/,documents/Itau/2026/1T26/Demonstracoes_contabeis_completas_em_IFRS__8e4d843de04f.pdf,downloaded,pdf,10322235,8e4d843de04fe198ed31af58751b5516c459b587b09b3b51876e8c8ea610c85f,PDF signature and EOF,2026-05-05T00:00:00.000Z,pt_BR,16ada2c8-4488-43a2-9474-c6c2cd355cd6,central_demonstracoes_contabeis_completas_em_ifrs,data/catalogs/20260906T181843,
Itau,2026,1T26,central factsheet,Factsheet 1T26,https://api.mziq.com/mzfilemanager/v2/d/42787847-4cf6-4461-94a5-40ed237dca33/ea3095ae-3e28-7c7f-fd6a-db9997f254cc?origin=2,https://www.itau.com.br/relacoes-com-investidores/resultados-e-relatorios/central-de-resultados/,documents/Itau/2026/1T26/Factsheet_1T26__6f47c212e2ea.pdf,downloaded,pdf,935107,6f47c212e2eadc9d421226b9366996b01d26a311cead3d649e27ffe829ef212c,PDF signature and EOF,2026-05-25T00:00:00.000Z,pt_BR,7d1ed714-d2aa-483c-9f6e-9205547cb632,central_factsheet,data/catalogs/20260906T181843,
Itau,2026,1T26,central informativo acoes itau em foco,Informativo - Ações Itaú em Foco ,https://api.mziq.com/mzfilemanager/v2/d/42787847-4cf6-4461-94a5-40ed237dca33/a1b3bef5-4d77-f09d-7f7b-d62e20164bcb?origin=2,https://www.itau.com.br/relacoes-com-investidores/resultados-e-relatorios/central-de-resultados/,documents/Itau/2026/1T26/Informativo_-_Acoes_Itau_em_Foco__31fc42d32b60.pdf,downloaded,pdf,2133441,31fc42d32b6028ae084de391a179627865d7a8a16e58d52208020a0f79ca31e0,PDF signature and EOF,2026-05-25T00:00:00.000Z,pt_BR,137e4488-6cb7-4bb8-83fb-146bac358bbf,central_informativo_acoes_itau_em_foco,data/catalogs/20260906T181843,
Itau,2026,1T26,central transcricao do audio,Transcrição do áudio 1T26,https://api.mziq.com/mzfilemanager/v2/d/42787847-4cf6-4461-94a5-40ed237dca33/12b1b502-0107-4389-bde2-62e2320ca12b?origin=2,https://www.itau.com.br/relacoes-com-investidores/resultados-e-relatorios/central-de-resultados/,documents/Itau/2026/1T26/Transcricao_do_audio_1T26__1d07bb95.url,external_link,,,,Official catalog link; streaming/page not archived,2026-05-06T00:00:00.000Z,pt_BR,1d07bb95-bbd1-4827-a974-b3a7a6d6ebb6,central_transcricao_do_audio,data/catalogs/20260906T181843,
Itau,2026,1T26,central video,vídeo 1T26,https://api.mziq.com/mzfilemanager/v2/d/42787847-4cf6-4461-94a5-40ed237dca33/24ef3b6b-cf22-49d1-b019-c239629e0dea?origin=2,https://www.itau.com.br/relacoes-com-investidores/resultados-e-relatorios/central-de-resultados/,documents/Itau/2026/1T26/video_1T26__e84d307d.url,external_link,,,,Official catalog link; streaming/page not archived,2026-05-06T00:00:00.000Z,pt_BR,e84d307d-e887-4d9d-8564-138e4bf7512e,central_video,data/catalogs/20260906T181843,
Itau,2026,2T26,central apresentacao,Apresentação de Resultados ,https://api.mziq.com/mzfilemanager/v2/d/42787847-4cf6-4461-94a5-40ed237dca33/978c7174-bc04-1014-865c-e05f019f5180?origin=2,https://www.itau.com.br/relacoes-com-investidores/resultados-e-relatorios/central-de-resultados/,documents/Itau/2026/2T26/Apresentacao_de_Resultados__79e8245d1f61.pdf,downloaded,pdf,818106,79e8245d1f611590895e892557d3123c3f7368c8f60650a8d0e46c79c99e0831,PDF signature and EOF,2026-08-04T00:00:00.000Z,pt_BR,94c11b79-18c9-4f12-996a-a3c8eaeb6c60,central_apresentacao,data/catalogs/20260906T181843,
Itau,2026,2T26,central apresentacao institucional,Apresentação Institucional,https://api.mziq.com/mzfilemanager/v2/d/42787847-4cf6-4461-94a5-40ed237dca33/a99a8a04-35af-4897-6365-c4ef18a6436b?origin=2,https://www.itau.com.br/relacoes-com-investidores/resultados-e-relatorios/central-de-resultados/,documents/Itau/2026/2T26/Apresentacao_Institucional__b4dd91c33889.pdf,downloaded,pdf,1616012,b4dd91c33889266dfc3bbf472ba5587952840c47194f85ac93ed35d685d1041b,PDF signature and EOF,2026-08-04T00:00:00.000Z,pt_BR,4a09b75d-e51f-4bf8-afd2-b1cdb0621187,central_apresentacao_institucional,data/catalogs/20260906T181843,
Itau,2026,2T26,central factsheet,Factsheet 2T26,https://api.mziq.com/mzfilemanager/v2/d/42787847-4cf6-4461-94a5-40ed237dca33/6d8a197b-1cd3-914a-935f-cf946f497d89?origin=2,https://www.itau.com.br/relacoes-com-investidores/resultados-e-relatorios/central-de-resultados/,documents/Itau/2026/2T26/Factsheet_2T26__283c1cfc019c.pdf,downloaded,pdf,381285,283c1cfc019c607fd35c7d7fd4dc90d2e784bb777298eb836b4aaaf8bb6896d0,PDF signature and EOF,2026-08-07T00:00:00.000Z,pt_BR,c22021c2-891e-47d4-9947-9054d1d4e0f2,central_factsheet,data/catalogs/20260906T181843,
Itau,2026,2T26,central gerenciamento de riscos e capital pilar 3,Gerenciamento de riscos e capital - Pilar 3 - 2T26,https://api.mziq.com/mzfilemanager/v2/d/42787847-4cf6-4461-94a5-40ed237dca33/c89a30a1-418e-ec1a-acdf-a08040a1fd6e?origin=2,https://www.itau.com.br/relacoes-com-investidores/resultados-e-relatorios/central-de-resultados/,documents/Itau/2026/2T26/Gerenciamento_de_riscos_e_capital_-_Pilar_3_-_2T26__b46ae3487c2e.pdf,downloaded,pdf,1555553,b46ae3487c2e875e86a0a98d9b7c9554b9e49e69830a584731bbdef0b26cf0b7,PDF signature and EOF,2026-08-04T00:00:00.000Z,pt_BR,57766e46-f606-4f11-b0d1-e15b186eace5,central_gerenciamento_de_riscos_e_capital_pilar_3,data/catalogs/20260906T181843,
Itau,2026,2T26,central informativo acoes itau em foco,Informativo - Ações Itaú em Foco ,https://api.mziq.com/mzfilemanager/v2/d/42787847-4cf6-4461-94a5-40ed237dca33/9c5d7340-3259-90b4-e5f7-592d27991477?origin=2,https://www.itau.com.br/relacoes-com-investidores/resultados-e-relatorios/central-de-resultados/,documents/Itau/2026/2T26/Informativo_-_Acoes_Itau_em_Foco__a00f93766482.pdf,downloaded,pdf,3392137,a00f937664828ccea99ca5ef215ded7fd638937130f911969f01921ba3f17f26,PDF signature and EOF,2026-08-07T00:00:00.000Z,pt_BR,8b793ba4-fdc4-48f7-8b63-31a1ea3afdc2,central_informativo_acoes_itau_em_foco,data/catalogs/20260906T181843,
Itau,2026,2T26,central transcricao do audio,Transcrição do áudio 2T26,https://api.mziq.com/mzfilemanager/v2/d/42787847-4cf6-4461-94a5-40ed237dca33/0e7b113d-f8c6-5bf4-de2f-eff0a413d0b1?origin=2,https://www.itau.com.br/relacoes-com-investidores/resultados-e-relatorios/central-de-resultados/,documents/Itau/2026/2T26/Transcricao_do_audio_2T26__101166a0.url,external_link,,,,Official catalog link; streaming/page not archived,2026-08-05T00:00:00.000Z,pt_BR,101166a0-e0fc-4764-aa18-65370a348d61,central_transcricao_do_audio,data/catalogs/20260906T181843,
Itau,2026,2T26,central video,vídeo 2T26,https://api.mziq.com/mzfilemanager/v2/d/42787847-4cf6-4461-94a5-40ed237dca33/4e9f2d23-7c92-4ce9-46fb-41292af839d1?origin=2,https://www.itau.com.br/relacoes-com-investidores/resultados-e-relatorios/central-de-resultados/,documents/Itau/2026/2T26/video_2T26__3031fdee.url,external_link,,,,Official catalog link; streaming/page not archived,2026-08-10T00:00:00.000Z,pt_BR,3031fdee-dc0e-42e8-bd69-ab06227cc794,central_video,data/catalogs/20260906T181843,
Itau,2026,2T26,historical_series,Planilha de Séries Históricas 2T26,https://api.mziq.com/mzfilemanager/v2/d/42787847-4cf6-4461-94a5-40ed237dca33/dd4bec5c-fb49-759c-fabc-b5db791b0aae?origin=2,https://www.itau.com.br/relacoes-com-investidores/resultados-e-relatorios/central-de-resultados/,documents/Itau/2026/2T26/Planilha_de_Series_Historicas_2T26__7747b90df4b5.xlsx,downloaded,xlsx,555150,7747b90df4b515679c7dfe0dd5215cb4bffcf696a3af55bcd7afdf863b487001,ZIP CRC verified,,,supplement-dd4bec5c,supplement,,
Santander,2024,1T24,apresentacao de resultados,Apresentação de Resultados 1T24,https://api.mziq.com/mzfilemanager/v2/d/a2595886-9fbb-4339-8a38-71d6ce7c7d36/6002b029-4b25-45da-b7d5-9f94e1fe631c?origin=2,https://www.santander.com.br/ri/resultados-e-relatorios/divulgacao-de-resultados/,documents/Santander/2024/1T24/Apresentacao_de_Resultados_1T24__7cace8d2bbd5.pdf,downloaded,pdf,4710121,7cace8d2bbd557463f7e2c06bc11561c6253a89fb85733f83dbd61ecd6d4301f,PDF signature and EOF,2024-03-01T00:00:00.000Z,pt_BR,57ec8104-064c-4345-b8b7-21bd2f19d8d9,divulgacao_de_resultados_apresentacao_de_resultados,data/catalogs/20260906T182455,
Santander,2024,1T24,demonstracoes financeiras brgaap,Demonstrações Financeiras BRGAAP 1T24,https://api.mziq.com/mzfilemanager/v2/d/a2595886-9fbb-4339-8a38-71d6ce7c7d36/aa1427e9-daec-44cf-bcf7-a6fbed87b0df?origin=2,https://www.santander.com.br/ri/resultados-e-relatorios/divulgacao-de-resultados/,documents/Santander/2024/1T24/Demonstracoes_Financeiras_BRGAAP_1T24__c7f87ddd3a3c.pdf,downloaded,pdf,8394921,c7f87ddd3a3c7732cdae0bede2f952f8d330cdf91a55f76b28b36d5833e664b2,PDF signature and EOF,2024-03-01T00:00:00.000Z,pt_BR,2106429e-6bb2-4696-ad2a-29e87ab873b6,divulgacao_de_resultados_demonstracoes_financeiras_brgaap,data/catalogs/20260906T182455,
Santander,2024,1T24,demonstracoes financeiras ifrs,Demonstrações Financeiras IFRS 1T24,https://api.mziq.com/mzfilemanager/v2/d/a2595886-9fbb-4339-8a38-71d6ce7c7d36/efc37332-9290-4667-92dc-0f28fe9d1e4f?origin=2,https://www.santander.com.br/ri/resultados-e-relatorios/divulgacao-de-resultados/,documents/Santander/2024/1T24/Demonstracoes_Financeiras_IFRS_1T24__956328581f78.pdf,downloaded,pdf,3177081,956328581f78778e291a6409e4dceec35f93a62edb3bcfb78285641b184cb6ab,PDF signature and EOF,2024-03-01T00:00:00.000Z,pt_BR,9b303df1-37ff-4081-a7a3-1ff78067f5e4,divulgacao_de_resultados_demonstracoes_financeiras_ifrs,data/catalogs/20260906T182455,
Santander,2024,1T24,informativo ao investidor pf,Informativo ao investidor PF 1T24,https://api.mziq.com/mzfilemanager/v2/d/a2595886-9fbb-4339-8a38-71d6ce7c7d36/b34d799a-baa6-4469-b6ab-82bb8af73d42?origin=2,https://www.santander.com.br/ri/resultados-e-relatorios/divulgacao-de-resultados/,documents/Santander/2024/1T24/Informativo_ao_investidor_PF_1T24__4cdaced1ba5e.pdf,downloaded,pdf,2258787,4cdaced1ba5eaaef3b90f9cfa8b2ea0c7060504e30e4772f53eee37362e0f5a9,PDF signature and EOF,2024-03-01T00:00:00.000Z,pt_BR,c073fde6-db71-4823-a793-c8d2908b3280,divulgacao_de_resultados_informativo_ao_investidor_pf,data/catalogs/20260906T182455,
Santander,2024,1T24,informe de resultados,Informe de Resultados  1T24,https://api.mziq.com/mzfilemanager/v2/d/a2595886-9fbb-4339-8a38-71d6ce7c7d36/64a6ebbe-4d07-4ff1-aeb7-bb5e2c2213a1?origin=2,https://www.santander.com.br/ri/resultados-e-relatorios/divulgacao-de-resultados/,documents/Santander/2024/1T24/Informe_de_Resultados_1T24__6e9e9ef6f82c.pdf,downloaded,pdf,8171983,6e9e9ef6f82c1b94768a70afb0dcacf579f14e3585f9589c88236ee85c2d7d08,PDF signature and EOF,2024-03-01T00:00:00.000Z,pt_BR,005b02db-807e-413a-b60f-510fec47873e,divulgacao_de_resultados_informe_de_resultados,data/catalogs/20260906T182455,
Santander,2024,1T24,serie historica brgaap,Série Histórica BRGAAP 1T24,https://api.mziq.com/mzfilemanager/v2/d/a2595886-9fbb-4339-8a38-71d6ce7c7d36/9d8f3d6d-6bf1-44d2-8a4b-dc125571e9e8?origin=2,https://www.santander.com.br/ri/resultados-e-relatorios/divulgacao-de-resultados/,documents/Santander/2024/1T24/Serie_Historica_BRGAAP_1T24__a1c20aeb5472.xls,downloaded,xls,1273344,a1c20aeb5472c92b2091f46ade93941fd8172ef37a93292e1ce728772af114cb,signature,2024-03-01T00:00:00.000Z,pt_BR,e2ec88e6-4e65-497d-a1b0-d21afb790d3a,divulgacao_de_resultados_serie_historica_brgaap,data/catalogs/20260906T182455,
Santander,2024,1T24,teleconferencia de resultados,Teleconferência de Resultados - 1T24,https://api.mziq.com/mzfilemanager/v2/d/a2595886-9fbb-4339-8a38-71d6ce7c7d36/7be1a16b-bb34-e7fb-47af-233f8745ab2f?origin=2,https://www.santander.com.br/ri/resultados-e-relatorios/divulgacao-de-resultados/,documents/Santander/2024/1T24/Teleconferencia_de_Resultados_-_1T24__c24e99e3.url,external_link,,,,Official catalog link; streaming/page not archived,2024-03-31T00:00:00.000Z,pt_BR,c24e99e3-86e5-470e-a2fc-990cfb361d9f,divulgacao_de_resultados_teleconferencia_de_resultados,data/catalogs/20260906T182455,
Santander,2024,1T24,transcricao videoconferencia de resultados,Transcrição Videoconferência de Resultados 1T24,https://api.mziq.com/mzfilemanager/v2/d/a2595886-9fbb-4339-8a38-71d6ce7c7d36/68248c71-7574-49c5-ac9c-505783908991?origin=2,https://www.santander.com.br/ri/resultados-e-relatorios/divulgacao-de-resultados/,documents/Santander/2024/1T24/Transcricao_Videoconferencia_de_Resultados_1T24__ca375500.url,external_link,,,,Official catalog link; streaming/page not archived,2024-03-01T00:00:00.000Z,pt_BR,ca375500-c911-4679-b136-2826814370b9,divulgacao_de_resultados_transcricao_videoconferencia_de_resultados,data/catalogs/20260906T182455,
Santander,2024,2T24,apresentacao de resultados,Apresentação de Resultados 2T24,https://api.mziq.com/mzfilemanager/v2/d/a2595886-9fbb-4339-8a38-71d6ce7c7d36/35be3034-4347-40c1-a5ea-634401821738?origin=2,https://www.santander.com.br/ri/resultados-e-relatorios/divulgacao-de-resultados/,documents/Santander/2024/2T24/Apresentacao_de_Resultados_2T24__4cf8b8d1f506.pdf,downloaded,pdf,2000189,4cf8b8d1f50667d7bd6866e61c4c3ab27b6e6fbc43919bad2e1a105b4cae5c00,PDF signature and EOF,2024-06-01T00:00:00.000Z,pt_BR,8b85f6d4-f5df-4c3f-910e-a67e1f7e6518,divulgacao_de_resultados_apresentacao_de_resultados,data/catalogs/20260906T182455,
Santander,2024,2T24,demonstracoes financeiras brgaap,Demonstrações Financeiras BRGAAP 2T24,https://api.mziq.com/mzfilemanager/v2/d/a2595886-9fbb-4339-8a38-71d6ce7c7d36/500850fa-317d-444e-8479-28a20593e9d4?origin=2,https://www.santander.com.br/ri/resultados-e-relatorios/divulgacao-de-resultados/,documents/Santander/2024/2T24/Demonstracoes_Financeiras_BRGAAP_2T24__310a976682ef.pdf,downloaded,pdf,4539649,310a976682efdd54db0d2b11e8533e442fc6f6d348a97ff9c1bd586b9ef9e0f8,PDF signature and EOF,2024-06-01T00:00:00.000Z,pt_BR,f909075e-cc11-4da1-b08a-9325b6093e28,divulgacao_de_resultados_demonstracoes_financeiras_brgaap,data/catalogs/20260906T182455,
Santander,2024,2T24,demonstracoes financeiras ifrs,Demonstrações Financeiras IFRS 2T24,https://api.mziq.com/mzfilemanager/v2/d/a2595886-9fbb-4339-8a38-71d6ce7c7d36/481ee83f-1d74-47d5-989c-0d7644c006b6?origin=2,https://www.santander.com.br/ri/resultados-e-relatorios/divulgacao-de-resultados/,documents/Santander/2024/2T24/Demonstracoes_Financeiras_IFRS_2T24__48e7499e02af.pdf,downloaded,pdf,2726906,48e7499e02af1f172d1138b49c807bc165820c77e7b0bedca664e2fe91341b7d,PDF signature and EOF,2024-06-01T00:00:00.000Z,pt_BR,179e2547-09b3-4bae-bf7b-54bae3198535,divulgacao_de_resultados_demonstracoes_financeiras_ifrs,data/catalogs/20260906T182455,
Santander,2024,2T24,informativo ao investidor pf,Informativo ao investidor PF 2T24,https://api.mziq.com/mzfilemanager/v2/d/a2595886-9fbb-4339-8a38-71d6ce7c7d36/99b78551-09d8-4ee0-a41e-fc59c2132394?origin=2,https://www.santander.com.br/ri/resultados-e-relatorios/divulgacao-de-resultados/,documents/Santander/2024/2T24/Informativo_ao_investidor_PF_2T24__2398261312a5.pdf,downloaded,pdf,3014230,2398261312a52236516b6f54d49e6ad322a03aa596e19486067a7caee7347ad6,PDF signature and EOF,2024-06-01T00:00:00.000Z,pt_BR,88e5073a-4076-4c4e-a024-a4bb2605ba11,divulgacao_de_resultados_informativo_ao_investidor_pf,data/catalogs/20260906T182455,
Santander,2024,2T24,informe de resultados,Informe de Resultados 2T24,https://api.mziq.com/mzfilemanager/v2/d/a2595886-9fbb-4339-8a38-71d6ce7c7d36/fe085ec7-a22b-4c4c-9808-f6d9c6ca92c0?origin=2,https://www.santander.com.br/ri/resultados-e-relatorios/divulgacao-de-resultados/,documents/Santander/2024/2T24/Informe_de_Resultados_2T24__6c770268185f.pdf,downloaded,pdf,1894795,6c770268185fd26a575617d586d693ceeb4ea1e387832903d7f1c2aea8e27668,PDF signature and EOF,2024-06-01T00:00:00.000Z,pt_BR,2030b5b3-85ea-4428-8183-1f7eda38753e,divulgacao_de_resultados_informe_de_resultados,data/catalogs/20260906T182455,
Santander,2024,2T24,serie historica brgaap,Série Histórica BRGAAP 2T24,https://api.mziq.com/mzfilemanager/v2/d/a2595886-9fbb-4339-8a38-71d6ce7c7d36/7f92c4ab-fdb6-4c86-aed2-89350fc3dfba?origin=2,https://www.santander.com.br/ri/resultados-e-relatorios/divulgacao-de-resultados/,documents/Santander/2024/2T24/Serie_Historica_BRGAAP_2T24__96374e7b5cef.xls,downloaded,xls,1561600,96374e7b5cef0d02200b93b5a2e46cbc31a37c4898902902c1623056b72339d0,signature,2024-06-01T00:00:00.000Z,pt_BR,e7c89e54-e59f-4ae4-87d8-0e3281efdf6d,divulgacao_de_resultados_serie_historica_brgaap,data/catalogs/20260906T182455,
Santander,2024,2T24,teleconferencia de resultados,Teleconferência de Resultados - 2T24,https://api.mziq.com/mzfilemanager/v2/d/a2595886-9fbb-4339-8a38-71d6ce7c7d36/5bc6605b-a8d8-89b4-aaa9-06cdc1fef590?origin=2,https://www.santander.com.br/ri/resultados-e-relatorios/divulgacao-de-resultados/,documents/Santander/2024/2T24/Teleconferencia_de_Resultados_-_2T24__f62f0867.url,external_link,,,,Official catalog link; streaming/page not archived,2024-06-30T00:00:00.000Z,pt_BR,f62f0867-87e5-48b6-bf01-6d68a52cf213,divulgacao_de_resultados_teleconferencia_de_resultados,data/catalogs/20260906T182455,
Santander,2024,2T24,transcricao videoconferencia de resultados,Transcrição Videoconferência de Resultados 2T24,https://api.mziq.com/mzfilemanager/v2/d/a2595886-9fbb-4339-8a38-71d6ce7c7d36/6d2746a7-3f21-48a8-9133-cd2d7a93188d?origin=2,https://www.santander.com.br/ri/resultados-e-relatorios/divulgacao-de-resultados/,documents/Santander/2024/2T24/Transcricao_Videoconferencia_de_Resultados_2T24__cd9d9dbc.url,external_link,,,,Official catalog link; streaming/page not archived,2024-06-01T00:00:00.000Z,pt_BR,cd9d9dbc-836a-48ad-a48c-c82424d737ab,divulgacao_de_resultados_transcricao_videoconferencia_de_resultados,data/catalogs/20260906T182455,
Santander,2024,3T24,apresentacao de resultados,Apresentação de Resultados 3T24,https://api.mziq.com/mzfilemanager/v2/d/a2595886-9fbb-4339-8a38-71d6ce7c7d36/baa59e6a-e8f4-450d-89ee-76098ac6bfef?origin=2,https://www.santander.com.br/ri/resultados-e-relatorios/divulgacao-de-resultados/,documents/Santander/2024/3T24/Apresentacao_de_Resultados_3T24__deca9c84b2c7.pdf,downloaded,pdf,5433848,deca9c84b2c73f946503a3d827fa5dc49e3e449f11394add19077c5988456c68,PDF signature and EOF,2024-09-01T00:00:00.000Z,pt_BR,62750c96-9670-4390-ac44-09c73afbfba6,divulgacao_de_resultados_apresentacao_de_resultados,data/catalogs/20260906T182455,
Santander,2024,3T24,demonstracoes financeiras brgaap,Demonstrações Financeiras BRGAAP 3T24,https://api.mziq.com/mzfilemanager/v2/d/a2595886-9fbb-4339-8a38-71d6ce7c7d36/48c89ca4-5f06-4138-8f2e-b6a2568edd92?origin=2,https://www.santander.com.br/ri/resultados-e-relatorios/divulgacao-de-resultados/,documents/Santander/2024/3T24/Demonstracoes_Financeiras_BRGAAP_3T24__fcb2d3c19ab3.pdf,downloaded,pdf,11992941,fcb2d3c19ab38fd31c37c01ea30968d30d68b57c0e3c05480559c2f008973133,PDF signature and EOF,2024-09-01T00:00:00.000Z,pt_BR,74e563f1-a9a5-4b0e-969a-057170d441b4,divulgacao_de_resultados_demonstracoes_financeiras_brgaap,data/catalogs/20260906T182455,
Santander,2024,3T24,demonstracoes financeiras ifrs,Demonstrações Financeiras IFRS 3T24,https://api.mziq.com/mzfilemanager/v2/d/a2595886-9fbb-4339-8a38-71d6ce7c7d36/d9c9b885-e964-4d1d-a4d7-4f040eb07168?origin=2,https://www.santander.com.br/ri/resultados-e-relatorios/divulgacao-de-resultados/,documents/Santander/2024/3T24/Demonstracoes_Financeiras_IFRS_3T24__b2a3a4a5f9fc.pdf,downloaded,pdf,8490245,b2a3a4a5f9fc7a9eb37e658276326574bfb4454458abcd7404e7ed62b858c920,PDF signature and EOF,2024-09-01T00:00:00.000Z,pt_BR,4833e578-27e1-45f9-acb0-67d9e4c147d6,divulgacao_de_resultados_demonstracoes_financeiras_ifrs,data/catalogs/20260906T182455,
Santander,2024,3T24,informativo ao investidor pf,Informativo ao investidor PF 3T24,https://api.mziq.com/mzfilemanager/v2/d/a2595886-9fbb-4339-8a38-71d6ce7c7d36/687d7f0a-5f56-4303-a8d5-c34cd3fe4abd?origin=2,https://www.santander.com.br/ri/resultados-e-relatorios/divulgacao-de-resultados/,documents/Santander/2024/3T24/Informativo_ao_investidor_PF_3T24__0ed9914bc238.pdf,downloaded,pdf,1876916,0ed9914bc238d40e220862cfb6baa9188dce6b93719e63c0dd40df1f92c29951,PDF signature and EOF,2024-09-01T00:00:00.000Z,pt_BR,b079c063-5563-45ba-90e8-40ab8ab6ca28,divulgacao_de_resultados_informativo_ao_investidor_pf,data/catalogs/20260906T182455,
Santander,2024,3T24,informe de resultados,Informe de Resultados 3T24,https://api.mziq.com/mzfilemanager/v2/d/a2595886-9fbb-4339-8a38-71d6ce7c7d36/690a06c6-074c-4764-98d2-df47c6d0cb70?origin=2,https://www.santander.com.br/ri/resultados-e-relatorios/divulgacao-de-resultados/,documents/Santander/2024/3T24/Informe_de_Resultados_3T24__459f8faefbe3.pdf,downloaded,pdf,9961634,459f8faefbe3dc406db63ccd1b86649002a30694da193a7499d85c6c59220adf,PDF signature and EOF,2024-09-01T00:00:00.000Z,pt_BR,d64711e6-6633-462c-bc55-d18eaca6299f,divulgacao_de_resultados_informe_de_resultados,data/catalogs/20260906T182455,
Santander,2024,3T24,serie historica brgaap,Série Histórica BRGAAP 3T24,https://api.mziq.com/mzfilemanager/v2/d/a2595886-9fbb-4339-8a38-71d6ce7c7d36/491f508a-ff14-4fb0-91b7-be3583811cfe?origin=2,https://www.santander.com.br/ri/resultados-e-relatorios/divulgacao-de-resultados/,documents/Santander/2024/3T24/Serie_Historica_BRGAAP_3T24__3add12518362.xls,downloaded,xls,1318912,3add125183621ef97b0df6eb1d6305f23abdb6f6f40a57d2c30053674ce33ab5,signature,2024-09-01T00:00:00.000Z,pt_BR,d8794e18-2624-4260-93df-ce8938f4f3a5,divulgacao_de_resultados_serie_historica_brgaap,data/catalogs/20260906T182455,
Santander,2024,3T24,teleconferencia de resultados,Teleconferência de Resultados - 3T24,https://api.mziq.com/mzfilemanager/v2/d/a2595886-9fbb-4339-8a38-71d6ce7c7d36/79affe60-160f-fe80-51b0-ba96d00cfc1f?origin=2,https://www.santander.com.br/ri/resultados-e-relatorios/divulgacao-de-resultados/,documents/Santander/2024/3T24/Teleconferencia_de_Resultados_-_3T24__82570a50.url,external_link,,,,Official catalog link; streaming/page not archived,2024-09-30T00:00:00.000Z,pt_BR,82570a50-5277-4d0e-af99-2b7ebd61d930,divulgacao_de_resultados_teleconferencia_de_resultados,data/catalogs/20260906T182455,
Santander,2024,3T24,transcricao videoconferencia de resultados,Transcrição Videoconferência de Resultados 3T24,https://api.mziq.com/mzfilemanager/v2/d/a2595886-9fbb-4339-8a38-71d6ce7c7d36/30a1e3cd-040d-49c9-ab5e-be53a11945df?origin=2,https://www.santander.com.br/ri/resultados-e-relatorios/divulgacao-de-resultados/,documents/Santander/2024/3T24/Transcricao_Videoconferencia_de_Resultados_3T24__c45afc37.url,external_link,,,,Official catalog link; streaming/page not archived,2024-09-01T00:00:00.000Z,pt_BR,c45afc37-ddbc-472c-8c81-64ca9a27e392,divulgacao_de_resultados_transcricao_videoconferencia_de_resultados,data/catalogs/20260906T182455,
Santander,2024,4T24,apresentacao de resultados,Apresentação de Resultados 4T24,https://api.mziq.com/mzfilemanager/v2/d/a2595886-9fbb-4339-8a38-71d6ce7c7d36/90196931-1fb8-4d32-9b7d-d190c97f5f20?origin=2,https://www.santander.com.br/ri/resultados-e-relatorios/divulgacao-de-resultados/,documents/Santander/2024/4T24/Apresentacao_de_Resultados_4T24__f90c3aee37c1.pdf,downloaded,pdf,3883238,f90c3aee37c194f7ee1f26e12b11a69b1f7cc698cead1f3d0771c40328618272,PDF signature and EOF,2024-12-01T00:00:00.000Z,pt_BR,c57b01e1-bffc-474e-94e3-f0d085fb2456,divulgacao_de_resultados_apresentacao_de_resultados,data/catalogs/20260906T182455,
Santander,2024,4T24,demonstracoes financeiras brgaap,Demonstrações Financeiras BRGAAP 4T24,https://api.mziq.com/mzfilemanager/v2/d/a2595886-9fbb-4339-8a38-71d6ce7c7d36/539c919c-e072-4d32-922a-f5c9f103fc29?origin=2,https://www.santander.com.br/ri/resultados-e-relatorios/divulgacao-de-resultados/,documents/Santander/2024/4T24/Demonstracoes_Financeiras_BRGAAP_4T24__3e380a644a1c.pdf,downloaded,pdf,7595385,3e380a644a1c5da3b3db0e46bbc5af524e387b15f0c12999b33a47cab6f99ceb,PDF signature and EOF,2024-12-01T00:00:00.000Z,pt_BR,501abeb0-596b-4586-b2be-59385b975ec0,divulgacao_de_resultados_demonstracoes_financeiras_brgaap,data/catalogs/20260906T182455,
Santander,2024,4T24,demonstracoes financeiras ifrs,Demonstrações Financeiras IFRS 4T24,https://api.mziq.com/mzfilemanager/v2/d/a2595886-9fbb-4339-8a38-71d6ce7c7d36/eba9657c-7dbe-4e74-8067-10f6c3fb9bdf?origin=2,https://www.santander.com.br/ri/resultados-e-relatorios/divulgacao-de-resultados/,documents/Santander/2024/4T24/Demonstracoes_Financeiras_IFRS_4T24__3da1e1da6bf4.pdf,downloaded,pdf,7607820,3da1e1da6bf463ab2c57aa22404c628ab350d5b6a1e0ff86cb4b57cc789f0438,PDF signature and EOF,2024-12-01T00:00:00.000Z,pt_BR,44aecdfb-e3cc-4e53-8e52-9d5e6dff5dbf,divulgacao_de_resultados_demonstracoes_financeiras_ifrs,data/catalogs/20260906T182455,
Santander,2024,4T24,informativo ao investidor pf,Informativo ao investidor PF 4T24,https://api.mziq.com/mzfilemanager/v2/d/a2595886-9fbb-4339-8a38-71d6ce7c7d36/5da076e8-0fb7-4c63-93bf-b1f7e8f58c23?origin=2,https://www.santander.com.br/ri/resultados-e-relatorios/divulgacao-de-resultados/,documents/Santander/2024/4T24/Informativo_ao_investidor_PF_4T24__232180276869.pdf,downloaded,pdf,3101879,232180276869821a9a796c294af0194bc82b6356f565166aacdea0743960a7af,PDF signature and EOF,2024-12-01T00:00:00.000Z,pt_BR,d0cc727f-90ca-4a34-8787-e27065863bca,divulgacao_de_resultados_informativo_ao_investidor_pf,data/catalogs/20260906T182455,
Santander,2024,4T24,informe de resultados,Informe de Resultados 4T24,https://api.mziq.com/mzfilemanager/v2/d/a2595886-9fbb-4339-8a38-71d6ce7c7d36/59e8370a-35af-42fd-b184-f5678632b7fd?origin=2,https://www.santander.com.br/ri/resultados-e-relatorios/divulgacao-de-resultados/,documents/Santander/2024/4T24/Informe_de_Resultados_4T24__9db36386611e.pdf,downloaded,pdf,9577692,9db36386611eca948a6ddf4697031de0735a8cb148ddc32f4c7542ca8230d477,PDF signature and EOF,2024-12-01T00:00:00.000Z,pt_BR,8984a985-ba08-4371-86fa-95900aad6551,divulgacao_de_resultados_informe_de_resultados,data/catalogs/20260906T182455,
Santander,2024,4T24,serie historica brgaap,Série Histórica BRGAAP 4T24,https://api.mziq.com/mzfilemanager/v2/d/a2595886-9fbb-4339-8a38-71d6ce7c7d36/adb7d7d6-2f50-4099-a6e6-6043fc3227a1?origin=2,https://www.santander.com.br/ri/resultados-e-relatorios/divulgacao-de-resultados/,documents/Santander/2024/4T24/Serie_Historica_BRGAAP_4T24__21c8603175da.xls,downloaded,xls,1529856,21c8603175da51232c73f6b23ce2273bcb132374e339582eeb24a53d822e860c,signature,2024-12-01T00:00:00.000Z,pt_BR,3482bf60-8afc-4ebf-9829-dbd164caf9fe,divulgacao_de_resultados_serie_historica_brgaap,data/catalogs/20260906T182455,
Santander,2024,4T24,teleconferencia de resultados,Teleconferência de Resultados - 4T24,https://api.mziq.com/mzfilemanager/v2/d/a2595886-9fbb-4339-8a38-71d6ce7c7d36/25b18b62-269e-54e9-dff7-dfb333dd5048?origin=2,https://www.santander.com.br/ri/resultados-e-relatorios/divulgacao-de-resultados/,documents/Santander/2024/4T24/Teleconferencia_de_Resultados_-_4T24__bc312343.url,external_link,,,,Official catalog link; streaming/page not archived,2024-12-31T00:00:00.000Z,pt_BR,bc312343-6118-43a6-8c60-4f3d17057460,divulgacao_de_resultados_teleconferencia_de_resultados,data/catalogs/20260906T182455,
Santander,2024,4T24,transcricao videoconferencia de resultados,Transcrição Videoconferência de Resultados 4T24,https://api.mziq.com/mzfilemanager/v2/d/a2595886-9fbb-4339-8a38-71d6ce7c7d36/7c97a16d-6287-49e6-96e2-3cb784712d71?origin=2,https://www.santander.com.br/ri/resultados-e-relatorios/divulgacao-de-resultados/,documents/Santander/2024/4T24/Transcricao_Videoconferencia_de_Resultados_4T24__52551a0f.url,external_link,,,,Official catalog link; streaming/page not archived,2024-12-01T00:00:00.000Z,pt_BR,52551a0f-133a-481e-88a7-13ecf841b804,divulgacao_de_resultados_transcricao_videoconferencia_de_resultados,data/catalogs/20260906T182455,
Santander,2026,1T26,apresentacao de resultados,Apresentação de Resultados 1T26,https://api.mziq.com/mzfilemanager/v2/d/a2595886-9fbb-4339-8a38-71d6ce7c7d36/227b8257-7fe0-6666-8706-75a5b5ccbb7b?origin=2,https://www.santander.com.br/ri/resultados-e-relatorios/divulgacao-de-resultados/,documents/Santander/2026/1T26/Apresentacao_de_Resultados_1T26__64006250e8f3.pdf,downloaded,pdf,1253227,64006250e8f326eab63a440583506856f1eb0e7c573c4574bc13d4afd08642c1,PDF signature and EOF,2026-04-29T00:00:00.000Z,pt_BR,164d2fb4-556e-458b-ae93-08abeafcffb5,divulgacao_de_resultados_apresentacao_de_resultados,data/catalogs/20260906T181843,
Santander,2026,1T26,demonstracoes financeiras brgaap,Demonstrações Financeiras BRGAAP 1T26,https://api.mziq.com/mzfilemanager/v2/d/a2595886-9fbb-4339-8a38-71d6ce7c7d36/5d53f66c-403e-f06b-4adf-b6ab16beac51?origin=2,https://www.santander.com.br/ri/resultados-e-relatorios/divulgacao-de-resultados/,documents/Santander/2026/1T26/Demonstracoes_Financeiras_BRGAAP_1T26__f9542500138f.pdf,downloaded,pdf,5375271,f9542500138fa1d98b99416c4b11b00ef8b4a5a236964253f5b04e0a7d428961,PDF signature and EOF,2026-04-29T00:00:00.000Z,pt_BR,9295c311-b147-45a5-acde-6cb6015d89f3,divulgacao_de_resultados_demonstracoes_financeiras_brgaap,data/catalogs/20260906T181843,
Santander,2026,1T26,demonstracoes financeiras ifrs,Demonstrações Financeiras IFRS 1T26,https://api.mziq.com/mzfilemanager/v2/d/a2595886-9fbb-4339-8a38-71d6ce7c7d36/461d837c-9ccc-ef6c-7c1c-b8650027bb38?origin=2,https://www.santander.com.br/ri/resultados-e-relatorios/divulgacao-de-resultados/,documents/Santander/2026/1T26/Demonstracoes_Financeiras_IFRS_1T26__35f306cd7096.pdf,downloaded,pdf,4327509,35f306cd70962e981e619fa0f67388301ae4375c4d977fb920c9e0b389cb5ce2,PDF signature and EOF,2026-04-29T00:00:00.000Z,pt_BR,3becd653-234c-41fc-9dfd-f4b2be3e719d,divulgacao_de_resultados_demonstracoes_financeiras_ifrs,data/catalogs/20260906T181843,
Santander,2026,1T26,informativo ao investidor pf,Informativo ao investidor PF 1T26,https://api.mziq.com/mzfilemanager/v2/d/a2595886-9fbb-4339-8a38-71d6ce7c7d36/67022a93-9bc4-089f-50fc-bb88d188f15f?origin=2,https://www.santander.com.br/ri/resultados-e-relatorios/divulgacao-de-resultados/,documents/Santander/2026/1T26/Informativo_ao_investidor_PF_1T26__bfbdd0d0d9c6.pdf,downloaded,pdf,2132826,bfbdd0d0d9c63a57246a1ed85a118ce0c28d0491a2d4ee23a7cfced4c94137ef,PDF signature and EOF,2026-04-30T00:00:00.000Z,pt_BR,81c31acb-f9e8-4374-b450-7a59b1c8ec7a,divulgacao_de_resultados_informativo_ao_investidor_pf,data/catalogs/20260906T181843,
Santander,2026,1T26,informe de resultados,Informe de Resultados 1T26,https://api.mziq.com/mzfilemanager/v2/d/a2595886-9fbb-4339-8a38-71d6ce7c7d36/9f86d50a-0466-c9bc-9f56-865a5dff0a16?origin=2,https://www.santander.com.br/ri/resultados-e-relatorios/divulgacao-de-resultados/,documents/Santander/2026/1T26/Informe_de_Resultados_1T26__b7484fee9120.pdf,downloaded,pdf,1073864,b7484fee9120ae49f7fcac898b563015867dbbe60593b05db6093be2a667e37e,PDF signature and EOF,2026-04-29T00:00:00.000Z,pt_BR,c0956c36-c72a-4250-8a17-1a49119bb5eb,divulgacao_de_resultados_informe_de_resultados,data/catalogs/20260906T181843,
Santander,2026,1T26,teleconferencia de resultados,Teleconferência de Resultados - 1T26,https://api.mziq.com/mzfilemanager/v2/d/a2595886-9fbb-4339-8a38-71d6ce7c7d36/6f45f874-3a85-4993-aa60-6e529a9c8435?origin=2,https://www.santander.com.br/ri/resultados-e-relatorios/divulgacao-de-resultados/,documents/Santander/2026/1T26/Teleconferencia_de_Resultados_-_1T26__a345888d.url,external_link,,,,Official catalog link; streaming/page not archived,2026-04-30T00:00:00.000Z,pt_BR,a345888d-3b54-4fc5-b904-28c45781a27f,divulgacao_de_resultados_teleconferencia_de_resultados,data/catalogs/20260906T181843,
Santander,2026,1T26,transcricao videoconferencia de resultados,Transcrição 1T26,https://api.mziq.com/mzfilemanager/v2/d/a2595886-9fbb-4339-8a38-71d6ce7c7d36/ad599d8b-4061-014b-cd33-947ac530b36c?origin=2,https://www.santander.com.br/ri/resultados-e-relatorios/divulgacao-de-resultados/,documents/Santander/2026/1T26/Transcricao_1T26__de6201a0.url,external_link,,,,Official catalog link; streaming/page not archived,2026-05-05T00:00:00.000Z,pt_BR,de6201a0-d68e-4220-81a1-1f67982512ad,divulgacao_de_resultados_transcricao_videoconferencia_de_resultados,data/catalogs/20260906T181843,
Santander,2026,2T26,apresentacao de resultados,Apresentação de Resultados 2T26,https://api.mziq.com/mzfilemanager/v2/d/a2595886-9fbb-4339-8a38-71d6ce7c7d36/f814fa72-0138-d7ca-b2df-52b80aba8ae8?origin=2,https://www.santander.com.br/ri/resultados-e-relatorios/divulgacao-de-resultados/,documents/Santander/2026/2T26/Apresentacao_de_Resultados_2T26__2579cfdf5e0a.pdf,downloaded,pdf,1186780,2579cfdf5e0acb877f55b82e5975b9c29df78fbca739d28e628e004867c2a8bc,PDF signature and EOF,2026-07-29T00:00:00.000Z,pt_BR,1194a8f9-cf95-481d-9bdf-5040625229d6,divulgacao_de_resultados_apresentacao_de_resultados,data/catalogs/20260906T181843,
Santander,2026,2T26,divulgacao_de_resultados_serie_historica_brgaap,Séries Históricas 2T26,https://api.mziq.com/mzfilemanager/v2/d/a2595886-9fbb-4339-8a38-71d6ce7c7d36/c1507f83-7641-55bd-d35c-a8bb4f995750?origin=2,https://www.santander.com.br/ri/resultados-e-relatorios/divulgacao-de-resultados/,documents/Santander/2026/2T26/Series_Historicas_2T26__0b04dac5a2f3.xlsx,downloaded,xlsx,6128989,0b04dac5a2f30e47e7bb52d7d92f1e3c713c054e0f8afafb2ab916442baa774c,ZIP CRC verified,,,89565855-36ac-4158-ab25-57c992e2953f,divulgacao_de_resultados_serie_historica_brgaap,,
Santander,2026,2T26,informativo ao investidor pf,Informativo ao investidor PF 2T26,https://api.mziq.com/mzfilemanager/v2/d/a2595886-9fbb-4339-8a38-71d6ce7c7d36/16472130-0828-5c02-5207-44417d8b66bf?origin=2,https://www.santander.com.br/ri/resultados-e-relatorios/divulgacao-de-resultados/,documents/Santander/2026/2T26/Informativo_ao_investidor_PF_2T26__6b142280440e.pdf,downloaded,pdf,1321593,6b142280440e1a34912112b896e66dff640a9f1e9d4f8777b50d7ed72cc6d389,PDF signature and EOF,2026-07-30T00:00:00.000Z,pt_BR,d2d2f738-5c79-481b-b8e7-39b6b4beaec3,divulgacao_de_resultados_informativo_ao_investidor_pf,data/catalogs/20260906T181843,
Santander,2026,2T26,informe de resultados,Informe de Resultados 2T26,https://api.mziq.com/mzfilemanager/v2/d/a2595886-9fbb-4339-8a38-71d6ce7c7d36/5395e890-a68c-8c25-7c30-399ec6928c53?origin=2,https://www.santander.com.br/ri/resultados-e-relatorios/divulgacao-de-resultados/,documents/Santander/2026/2T26/Informe_de_Resultados_2T26__b89f1153b19e.pdf,downloaded,pdf,1112423,b89f1153b19e3fc865ee6f3aaaf2c748e0791aa9de3b3490d013041c990305a8,PDF signature and EOF,2026-07-29T00:00:00.000Z,pt_BR,325eb033-551d-42b6-ad94-189602953e10,divulgacao_de_resultados_informe_de_resultados,data/catalogs/20260906T181843,
Santander,2026,2T26,teleconferencia de resultados,Teleconferência de Resultados - 2T26,https://api.mziq.com/mzfilemanager/v2/d/a2595886-9fbb-4339-8a38-71d6ce7c7d36/a9e46ed9-a5e5-046b-5664-7fc00a866191?origin=2,https://www.santander.com.br/ri/resultados-e-relatorios/divulgacao-de-resultados/,documents/Santander/2026/2T26/Teleconferencia_de_Resultados_-_2T26__de993edf.url,external_link,,,,Official catalog link; streaming/page not archived,2026-07-29T00:00:00.000Z,pt_BR,de993edf-4bed-4cd2-b465-d7f3fe6bfda2,divulgacao_de_resultados_teleconferencia_de_resultados,data/catalogs/20260906T181843,
Santander,2026,2T26,transcricao videoconferencia de resultados,Transcrição 2T26,https://api.mziq.com/mzfilemanager/v2/d/a2595886-9fbb-4339-8a38-71d6ce7c7d36/548e8590-b869-23bd-e4c4-497d5167aa58?origin=2,https://www.santander.com.br/ri/resultados-e-relatorios/divulgacao-de-resultados/,documents/Santander/2026/2T26/Transcricao_2T26__99b0ecf7.url,external_link,,,,Official catalog link; streaming/page not archived,2026-07-30T00:00:00.000Z,pt_BR,99b0ecf7-53ab-4ac7-a3f6-24e1ebfed741,divulgacao_de_resultados_transcricao_videoconferencia_de_resultados,data/catalogs/20260906T181843,
