bank,id,year,period,title,type,category,url,portal,publication_date,language,catalog,external_link,status,path,sha256,bytes,format,validated,catalog_presence,discovered_via
Banco_do_Brasil,00ffa41c-c909-4c2a-a552-008caf98fb76,2026,2T26,BB Boletim InformAções 2T26,Boletim InformAções BB,boletim_trimestral,https://api.mziq.com/mzfilemanager/v2/d/5760dff3-15e1-4962-9e81-322a0b3d0bbd/6ef265fb-094b-3e35-89c0-017d1acea535?origin=2,https://ri.bb.com.br/informacoes-financeiras/central-de-resultados/,2026-09-03T00:00:00.000Z,pt_BR,data/catalogs/20260906T181843,False,downloaded,documents/Banco_do_Brasil/2026/2T26/BB_Boletim_InformAcoes_2T26__dcaf6f2df4b1.pdf,dcaf6f2df4b110ca591453369b920f3e8fcd32df3dd8d46994aef6ad500e4a06,947279,pdf,PDF signature and EOF,not_seen_this_run,
Banco_do_Brasil,06f687a1-535e-4448-ac77-87c320a54737,2026,2T26,Institucional 2T26,Apresentação Institucional,resultados-trimestrais,https://api.mziq.com/mzfilemanager/v2/d/5760dff3-15e1-4962-9e81-322a0b3d0bbd/5a9610b7-de84-6c13-7010-cd0025aafb0f?origin=2,https://ri.bb.com.br/informacoes-financeiras/central-de-resultados/,2026-09-01T00:00:00.000Z,pt_BR,data/catalogs/20260906T181843,False,downloaded,documents/Banco_do_Brasil/2026/2T26/Institucional_2T26__c835c3067956.pdf,c835c306795628b31b562d82d37b71ae75c2786f31144b90ee3e0885ba67553c,7005776,pdf,PDF signature and EOF,not_seen_this_run,
Banco_do_Brasil,13ed530c-8870-43f2-81eb-860cb8e87e27,2026,2T26,Transcrição Videoconferência 2T26,Transcrição da Teleconferência,tele-transcricao,https://api.mziq.com/mzfilemanager/v2/d/5760dff3-15e1-4962-9e81-322a0b3d0bbd/905ea3b6-7071-5287-3303-d5b17986d6eb?origin=2,https://ri.bb.com.br/informacoes-financeiras/central-de-resultados/,2026-08-18T00:00:00.000Z,pt_BR,data/catalogs/20260906T181843,False,downloaded,documents/Banco_do_Brasil/2026/2T26/Transcricao_Videoconferencia_2T26__d16f35290915.pdf,d16f35290915f38e51a3314658ecb9f1df6124d39102cf5c634de7c906ed10fb,264003,pdf,PDF signature and EOF,not_seen_this_run,
Banco_do_Brasil,0feecedf-fbf6-4b20-b419-554cf3434b9a,2026,2T26,Audio Live 2T26,Áudio da Teleconferência,tele-audio,https://api.mziq.com/mzfilemanager/v2/d/5760dff3-15e1-4962-9e81-322a0b3d0bbd/af7594f2-bd1f-7943-0ac8-1cdcebf8875e?origin=2,https://ri.bb.com.br/informacoes-financeiras/central-de-resultados/,2026-08-13T00:00:00.000Z,pt_BR,data/catalogs/20260906T181843,False,external_link,documents/Banco_do_Brasil/2026/2T26/Audio_Live_2T26__0feecedf.url,,,,Official catalog link; streaming/page not archived,not_seen_this_run,
Banco_do_Brasil,eeb21b27-e65c-4a7b-8936-ada2c8e1a31d,2026,2T26,Video Live 2T26,Vídeo Live de Resultados,Video Live,https://api.mziq.com/mzfilemanager/v2/d/5760dff3-15e1-4962-9e81-322a0b3d0bbd/39fd9b5a-dd0b-067d-cca7-b0a4b07de9ba?origin=2,https://ri.bb.com.br/informacoes-financeiras/central-de-resultados/,2026-08-13T00:00:00.000Z,pt_BR,data/catalogs/20260906T181843,True,external_link,documents/Banco_do_Brasil/2026/2T26/Video_Live_2T26__eeb21b27.url,,,,Official catalog link; streaming/page not archived,not_seen_this_run,
Banco_do_Brasil,0aa9537b-333d-4700-9bdf-17b5dc3f9bf8,2026,2T26,Sumário do Resultado 2T26,Sumário do Resultado,sumario-resultado,https://api.mziq.com/mzfilemanager/v2/d/5760dff3-15e1-4962-9e81-322a0b3d0bbd/0c274143-4a80-6c81-fe93-6a5486efaa04?origin=2,https://ri.bb.com.br/informacoes-financeiras/central-de-resultados/,2026-08-12T00:00:00.000Z,pt_BR,data/catalogs/20260906T181843,False,downloaded,documents/Banco_do_Brasil/2026/2T26/Sumario_do_Resultado_2T26__a716c84471fb.pdf,a716c84471fbafd280f95eb4320d8896a5e27fd55879bff1ac2e7c76a5211fba,195897,pdf,PDF signature and EOF,not_seen_this_run,
Banco_do_Brasil,4f7c1dda-a22d-421f-849c-ef8422124fe0,2026,2T26,Demonstrações Contábeis PDF 2T26,Demonstrações Contábeis PDF,downloads-demonstracoes-contabeis-pdf,https://api.mziq.com/mzfilemanager/v2/d/5760dff3-15e1-4962-9e81-322a0b3d0bbd/8e0ed08b-f661-f270-dee3-2de71bf10a3c?origin=2,https://ri.bb.com.br/informacoes-financeiras/central-de-resultados/,2026-08-12T00:00:00.000Z,pt_BR,data/catalogs/20260906T181843,False,downloaded,documents/Banco_do_Brasil/2026/2T26/Demonstracoes_Contabeis_PDF_2T26__eca85b5ab6ae.pdf,eca85b5ab6aeb16d97e1a6921802a8ef6dac392e36fd979c95bb3c87df7d69a4,5187397,pdf,PDF signature and EOF,not_seen_this_run,
Banco_do_Brasil,69e9f3f6-e779-4113-a9b3-1779b7fea343,2026,2T26,Analise de Desempenho - 2T26,Análise do Desempenho,downloads-analise-do-desempenho,https://api.mziq.com/mzfilemanager/v2/d/5760dff3-15e1-4962-9e81-322a0b3d0bbd/baf82bc7-3aa3-a91d-72c4-fdbde495644c?origin=2,https://ri.bb.com.br/informacoes-financeiras/central-de-resultados/,2026-08-17T00:00:00.000Z,pt_BR,data/catalogs/20260906T181843,False,downloaded,documents/Banco_do_Brasil/2026/2T26/Analise_de_Desempenho_-_2T26__61b49780a902.pdf,61b49780a9025c4f89ac7b4a97f1dcd7d499154c818b392118866b4a2f15a291,6801277,pdf,PDF signature and EOF,not_seen_this_run,
Banco_do_Brasil,91527c75-f0a3-4e0e-a9c1-3db95da86d1e,2026,2T26,BB Notícias 2T26,BB Notícias ,downloads-bb-noticias,https://api.mziq.com/mzfilemanager/v2/d/5760dff3-15e1-4962-9e81-322a0b3d0bbd/5dfc7f96-3dce-b011-58db-289d43cfc00d?origin=2,https://ri.bb.com.br/informacoes-financeiras/central-de-resultados/,2026-08-12T00:00:00.000Z,pt_BR,data/catalogs/20260906T181843,False,downloaded,documents/Banco_do_Brasil/2026/2T26/BB_Noticias_2T26__8bea498f0435.pdf,8bea498f043571e643b38278716c04d8dba65260331beb503bcae5ec05d00396,235434,pdf,PDF signature and EOF,not_seen_this_run,
Banco_do_Brasil,c8983fb3-6a67-4688-a7b0-e2dbdc428ee6,2026,2T26,Séries Históricas 2T26,downloads-series-historicas,downloads-series-historicas,https://api.mziq.com/mzfilemanager/v2/d/5760dff3-15e1-4962-9e81-322a0b3d0bbd/57f31488-1d17-f384-a832-c381f00e6a1f?origin=2,https://ri.bb.com.br/informacoes-financeiras/central-de-resultados/,,,,,downloaded,documents/Banco_do_Brasil/2026/2T26/Series_Historicas_2T26__5137c248b8ef.xlsx,5137c248b8ef08c957644c4a9b9ffe2c87d52b7105c66b821f7e33644ac857f0,1113616,xlsx,ZIP CRC verified,not_seen_this_run,
Banco_do_Brasil,d83f2670-5b2d-4ad7-8bec-0903033a4382,2026,2T26,Demonstrações Contábeis 2T26,Demonstrações Contábeis,downloads-demonstracoes-contabeis,https://api.mziq.com/mzfilemanager/v2/d/5760dff3-15e1-4962-9e81-322a0b3d0bbd/815eef24-a220-1a2c-8d6e-7d17d7c458a9?origin=2,https://ri.bb.com.br/informacoes-financeiras/central-de-resultados/,2026-08-12T00:00:00.000Z,pt_BR,data/catalogs/20260906T181843,False,downloaded,documents/Banco_do_Brasil/2026/2T26/Demonstracoes_Contabeis_2T26__3a4921830640.docx,3a49218306400945371df2bc100ca60adb946170f08c152d4f35717bbd927732,3312684,docx,ZIP CRC verified,not_seen_this_run,
Banco_do_Brasil,d8cc3cc6-e35d-4827-affd-1c81bf59f101,2026,2T26,Relatório da  Administração 2T26,Relatório da Administração,relatorio-administracao,https://api.mziq.com/mzfilemanager/v2/d/5760dff3-15e1-4962-9e81-322a0b3d0bbd/b6d5f750-aa11-431d-adb4-c8ca357b0eb4?origin=2,https://ri.bb.com.br/informacoes-financeiras/central-de-resultados/,2026-08-12T00:00:00.000Z,pt_BR,data/catalogs/20260906T181843,False,downloaded,documents/Banco_do_Brasil/2026/2T26/Relatorio_da_Administracao_2T26__516806d4e897.docx,516806d4e8975adc9faef2f4dcb308c3d68e467b6ac9c79d313121cb76c63d42,1767458,docx,ZIP CRC verified,not_seen_this_run,
Banco_do_Brasil,dd070eda-d3b4-46f4-bdfd-f1ba7ab12b7b,2026,2T26,Demonstrações Contábeis em IFRS 2T26,Demonstrações Contábeis em IFRS,downloads-demonstracoes-contabeis-em-ifrs,https://api.mziq.com/mzfilemanager/v2/d/5760dff3-15e1-4962-9e81-322a0b3d0bbd/9fa3a595-cc81-72a8-2045-09d95568e7b2?origin=2,https://ri.bb.com.br/informacoes-financeiras/central-de-resultados/,2026-08-12T00:00:00.000Z,pt_BR,data/catalogs/20260906T181843,False,downloaded,documents/Banco_do_Brasil/2026/2T26/Demonstracoes_Contabeis_em_IFRS_2T26__a291f50da4f3.pdf,a291f50da4f31642c5d8c5f1ab442bdeedd8dc17937df4eb3fcaee5aa4640800,2537647,pdf,PDF signature and EOF,not_seen_this_run,
Banco_do_Brasil,f9add280-37f0-456c-97f6-7f50f7fe53d9,2026,2T26,2T26 Apresentação de Resultados,Apresentação da Teleconferência,tele-apresentacao,https://api.mziq.com/mzfilemanager/v2/d/5760dff3-15e1-4962-9e81-322a0b3d0bbd/3563339f-85c7-176a-07b2-fa1fd0f2917c?origin=2,https://ri.bb.com.br/informacoes-financeiras/central-de-resultados/,2026-08-13T00:00:00.000Z,pt_BR,data/catalogs/20260906T181843,False,downloaded,documents/Banco_do_Brasil/2026/2T26/2T26_Apresentacao_de_Resultados__5b78c885c2ec.pdf,5b78c885c2ecae092bfbb4fbfe9a023d2346d82e68af0dea27c027a79a381b0e,5057037,pdf,PDF signature and EOF,not_seen_this_run,
Banco_do_Brasil,fb7b3b4b-cb48-4bd6-b8d4-254e97d308b4,2026,2T26,2T26 Apresentação de Resultados,Vídeo Apresentação de Resultado,gravacao,https://api.mziq.com/mzfilemanager/v2/d/5760dff3-15e1-4962-9e81-322a0b3d0bbd/63760a41-d2c0-3942-c76c-13c23d137db0?origin=2,https://ri.bb.com.br/informacoes-financeiras/central-de-resultados/,2026-08-12T00:00:00.000Z,pt_BR,data/catalogs/20260906T181843,True,external_link,documents/Banco_do_Brasil/2026/2T26/2T26_Apresentacao_de_Resultados__fb7b3b4b.url,,,,Official catalog link; streaming/page not archived,not_seen_this_run,
Banco_do_Brasil,d56c7b05-4457-45fc-a6f5-cf0c1742f1ff,2026,1T26,Institucional 1T26,Apresentação Institucional,resultados-trimestrais,https://api.mziq.com/mzfilemanager/v2/d/5760dff3-15e1-4962-9e81-322a0b3d0bbd/90e38ce5-6517-807f-8418-afb8a13a5c3f?origin=2,https://ri.bb.com.br/informacoes-financeiras/central-de-resultados/,2026-06-08T00:00:00.000Z,pt_BR,data/catalogs/20260906T181843,False,downloaded,documents/Banco_do_Brasil/2026/1T26/Institucional_1T26__5cff517c6e12.pdf,5cff517c6e12d424c3f6d0d672d277eea003050ee6ac6412f5fb7d97040169cd,3496269,pdf,PDF signature and EOF,not_seen_this_run,
Banco_do_Brasil,626c73ee-eb6f-4a34-ad77-40c4b9e4378e,2026,1T26,Audio Webcast - 1T26,Áudio da Teleconferência,tele-audio,https://api.mziq.com/mzfilemanager/v2/d/5760dff3-15e1-4962-9e81-322a0b3d0bbd/3d2cf812-a9f4-0c44-0971-5b64b02670af?origin=2,https://ri.bb.com.br/informacoes-financeiras/central-de-resultados/,2026-05-14T00:00:00.000Z,pt_BR,data/catalogs/20260906T181843,False,external_link,documents/Banco_do_Brasil/2026/1T26/Audio_Webcast_-_1T26__626c73ee.url,,,,Official catalog link; streaming/page not archived,not_seen_this_run,
Banco_do_Brasil,e39108a4-0ed2-4389-ac4c-ab008995fa0d,2026,1T26,Video Live 1T26,Vídeo Live de Resultados,Video Live,https://api.mziq.com/mzfilemanager/v2/d/5760dff3-15e1-4962-9e81-322a0b3d0bbd/428ab138-cb8f-b575-d904-a81c53e7d790?origin=2,https://ri.bb.com.br/informacoes-financeiras/central-de-resultados/,2026-05-14T00:00:00.000Z,pt_BR,data/catalogs/20260906T181843,True,external_link,documents/Banco_do_Brasil/2026/1T26/Video_Live_1T26__e39108a4.url,,,,Official catalog link; streaming/page not archived,not_seen_this_run,
Banco_do_Brasil,09919579-b588-4dd1-bfb3-81a476fd7836,2026,1T26,Sumário do Resultado 1T26,Sumário do Resultado,sumario-resultado,https://api.mziq.com/mzfilemanager/v2/d/5760dff3-15e1-4962-9e81-322a0b3d0bbd/1800ebd8-ea21-f06f-4ef4-daf4a0a0a352?origin=2,https://ri.bb.com.br/informacoes-financeiras/central-de-resultados/,2026-05-13T00:00:00.000Z,pt_BR,data/catalogs/20260906T181843,False,downloaded,documents/Banco_do_Brasil/2026/1T26/Sumario_do_Resultado_1T26__2c82d768b5df.pdf,2c82d768b5df11469efdc895a5acdc6d2d283ea039675173fd4af88d33f5a1ab,197449,pdf,PDF signature and EOF,not_seen_this_run,
Banco_do_Brasil,277158e2-d82a-4000-a97f-8960f80351b8,2026,1T26,Relatório da  Administração 1T26,Relatório da Administração,relatorio-administracao,https://api.mziq.com/mzfilemanager/v2/d/5760dff3-15e1-4962-9e81-322a0b3d0bbd/d142fcd0-e474-3654-8c06-e157c22f0bed?origin=2,https://ri.bb.com.br/informacoes-financeiras/central-de-resultados/,2026-05-13T00:00:00.000Z,pt_BR,data/catalogs/20260906T181843,False,downloaded,documents/Banco_do_Brasil/2026/1T26/Relatorio_da_Administracao_1T26__1fee7e1fbb57.docx,1fee7e1fbb57f76fb108e7096b49194b0b4312a0cf80205e81b28fe82d0b0365,5669497,docx,ZIP CRC verified,not_seen_this_run,
Banco_do_Brasil,353219fb-9923-4cdc-b8a4-40de2f6c08a1,2026,1T26,Demonstrações Contábeis PDF 1T26,Demonstrações Contábeis PDF,downloads-demonstracoes-contabeis-pdf,https://api.mziq.com/mzfilemanager/v2/d/5760dff3-15e1-4962-9e81-322a0b3d0bbd/eed501c3-db22-a6a8-40c6-362070a9b98e?origin=2,https://ri.bb.com.br/informacoes-financeiras/central-de-resultados/,2026-05-13T00:00:00.000Z,pt_BR,data/catalogs/20260906T181843,False,downloaded,documents/Banco_do_Brasil/2026/1T26/Demonstracoes_Contabeis_PDF_1T26__b06fa5f6b7f7.pdf,b06fa5f6b7f7a0fe56d579af4e6c150b2544c0abc0613cfcb490bf23b7b6beda,4132714,pdf,PDF signature and EOF,not_seen_this_run,
Banco_do_Brasil,5c27a788-fdd5-4810-8cde-0acd0352fb09,2026,1T26,1T26 Apresentação de Resultados,Apresentação da Teleconferência,tele-apresentacao,https://api.mziq.com/mzfilemanager/v2/d/5760dff3-15e1-4962-9e81-322a0b3d0bbd/f9a97a10-6fbf-af14-da56-aadeec7f3402?origin=2,https://ri.bb.com.br/informacoes-financeiras/central-de-resultados/,2026-05-13T00:00:00.000Z,pt_BR,data/catalogs/20260906T181843,False,downloaded,documents/Banco_do_Brasil/2026/1T26/1T26_Apresentacao_de_Resultados__56eeef55b0e8.pdf,56eeef55b0e8a7efc7dbdb89eeb0fc13e061bd6409019cc1b5feb370cf6f3353,3448392,pdf,PDF signature and EOF,not_seen_this_run,
Banco_do_Brasil,7b50b4c1-71fe-48f4-83cf-ebca3ca65f8a,2026,1T26,Demonstrações Contábeis 1T26,Demonstrações Contábeis,downloads-demonstracoes-contabeis,https://api.mziq.com/mzfilemanager/v2/d/5760dff3-15e1-4962-9e81-322a0b3d0bbd/363e0f2c-7a6c-fcc6-6b10-8c108f99b19d?origin=2,https://ri.bb.com.br/informacoes-financeiras/central-de-resultados/,2026-05-13T00:00:00.000Z,pt_BR,data/catalogs/20260906T181843,False,downloaded,documents/Banco_do_Brasil/2026/1T26/Demonstracoes_Contabeis_1T26__30d5d0180d68.docx,30d5d0180d684b1ef2ca7f80002bd72f9ac5acfbfeab9d3da4894217a9f63e14,2979053,docx,ZIP CRC verified,not_seen_this_run,
Banco_do_Brasil,894da5ba-4184-473b-86aa-b102899d05ad,2026,1T26,Analise de Desempenho - 1T26,Análise do Desempenho,downloads-analise-do-desempenho,https://api.mziq.com/mzfilemanager/v2/d/5760dff3-15e1-4962-9e81-322a0b3d0bbd/2581a9f8-639a-2ae9-d782-bf6c88dd4c1b?origin=2,https://ri.bb.com.br/informacoes-financeiras/central-de-resultados/,2026-05-13T00:00:00.000Z,pt_BR,data/catalogs/20260906T181843,False,downloaded,documents/Banco_do_Brasil/2026/1T26/Analise_de_Desempenho_-_1T26__97e65672ca02.pdf,97e65672ca0241ff89f53407ef9418be2ba0aa3652b71efee494d8de27f53e94,6221213,pdf,PDF signature and EOF,not_seen_this_run,
Banco_do_Brasil,bba6238a-817c-4937-852b-7fa76685700f,2026,1T26,Séries Históricas 1T26,Séries Históricas,downloads-series-historicas,https://api.mziq.com/mzfilemanager/v2/d/5760dff3-15e1-4962-9e81-322a0b3d0bbd/487685c8-8eaf-b348-c53f-2e97b6aa2a86?origin=2,https://ri.bb.com.br/informacoes-financeiras/central-de-resultados/,2026-05-13T00:00:00.000Z,pt_BR,data/catalogs/20260906T181843,False,downloaded,documents/Banco_do_Brasil/2026/1T26/Series_Historicas_1T26__ec61bde1c536.xlsx,ec61bde1c5366f8f80e61e6b59bfd3f1a18120bbe93079b6a000ecad6a2dafd4,1097305,xlsx,ZIP CRC verified,not_seen_this_run,
Banco_do_Brasil,bd7f278e-7e95-496e-8c15-7de2974dc679,2026,1T26,1T26 Apresentação de Resultados,Vídeo Apresentação de Resultado,gravacao,https://api.mziq.com/mzfilemanager/v2/d/5760dff3-15e1-4962-9e81-322a0b3d0bbd/726bbdf2-6094-f06b-31c6-e4a69ee6d0f7?origin=2,https://ri.bb.com.br/informacoes-financeiras/central-de-resultados/,2026-05-13T00:00:00.000Z,pt_BR,data/catalogs/20260906T181843,True,external_link,documents/Banco_do_Brasil/2026/1T26/1T26_Apresentacao_de_Resultados__bd7f278e.url,,,,Official catalog link; streaming/page not archived,not_seen_this_run,
Banco_do_Brasil,e9e7a27d-8e48-43c6-962d-02cbfa1f8b61,2026,1T26,BB Notícias 1T26,BB Notícias ,downloads-bb-noticias,https://api.mziq.com/mzfilemanager/v2/d/5760dff3-15e1-4962-9e81-322a0b3d0bbd/b753df71-6097-d406-7bbe-f1e5a0b1ed97?origin=2,https://ri.bb.com.br/informacoes-financeiras/central-de-resultados/,2026-05-13T00:00:00.000Z,pt_BR,data/catalogs/20260906T181843,False,downloaded,documents/Banco_do_Brasil/2026/1T26/BB_Noticias_1T26__424ec9cca9ee.pdf,424ec9cca9ee4d9af3b4f90d4b208cb3a12b744afdbd5f4212acb21dcb676cf6,187343,pdf,PDF signature and EOF,not_seen_this_run,
Banco_do_Brasil,f8cb01e0-c438-463e-a92a-e5dc365bf1f8,2026,1T26,Demonstrações Contábeis em IFRS 1T26,Demonstrações Contábeis em IFRS,downloads-demonstracoes-contabeis-em-ifrs,https://api.mziq.com/mzfilemanager/v2/d/5760dff3-15e1-4962-9e81-322a0b3d0bbd/e1ed6ba7-093f-3b8e-bcfe-4610f00f80c4?origin=2,https://ri.bb.com.br/informacoes-financeiras/central-de-resultados/,2026-05-13T00:00:00.000Z,pt_BR,data/catalogs/20260906T181843,False,downloaded,documents/Banco_do_Brasil/2026/1T26/Demonstracoes_Contabeis_em_IFRS_1T26__10ee073b462a.pdf,10ee073b462ae1cb481b62f778545adf03dbed70022268cf92cbe331723490b4,2530968,pdf,PDF signature and EOF,not_seen_this_run,
Banco_do_Brasil,01764608-f148-48d3-9803-2750a8677ab9,2026,1T26,BB Boletim InformAções 1T26,Boletim InformAções BB,boletim_trimestral,https://api.mziq.com/mzfilemanager/v2/d/5760dff3-15e1-4962-9e81-322a0b3d0bbd/5a4b28b1-2f1a-7784-0e3e-94a7dbfbfd99?origin=2,https://ri.bb.com.br/informacoes-financeiras/central-de-resultados/,2026-06-02T00:00:00.000Z,pt_BR,data/catalogs/20260906T181843,False,downloaded,documents/Banco_do_Brasil/2026/1T26/BB_Boletim_InformAcoes_1T26__01fb8971dec0.pdf,01fb8971dec0e628b6bc838f6beb373899137f2a9edc5b5586f1340398233b0e,423660,pdf,PDF signature and EOF,not_seen_this_run,
Banco_do_Brasil,a582137c-6d77-4b0d-8852-45a7834a17c7,2026,1T26,Transcrição Videoconferência 1T26,Transcrição da Teleconferência,tele-transcricao,https://api.mziq.com/mzfilemanager/v2/d/5760dff3-15e1-4962-9e81-322a0b3d0bbd/50b0571f-7f42-db0e-ac87-53e102618dab?origin=2,https://ri.bb.com.br/informacoes-financeiras/central-de-resultados/,2026-05-20T00:00:00.000Z,pt_BR,data/catalogs/20260906T181843,False,downloaded,documents/Banco_do_Brasil/2026/1T26/Transcricao_Videoconferencia_1T26__d3f9be0ee5c4.pdf,d3f9be0ee5c407a4d4709797a6eb6271df311ed60db1e876990512f5ae229fec,234001,pdf,PDF signature and EOF,not_seen_this_run,
Caixa,0635acaf-09da-42ac-9a0e-7dbdfc78347c,2026,2T26,Press Release 2T26,Press Release,central-press-release,https://api.mziq.com/mzfilemanager/v2/d/fb86b0b8-b4e9-407b-a575-ba3668a566a9/ad5e1548-7e2a-1570-4038-514e194cb229?origin=2,https://ri.caixa.gov.br/informacoes-financeiras/central-de-resultados/,2026-08-27T00:00:00.000Z,pt_BR,data/catalogs/20260906T181843,False,downloaded,documents/Caixa/2026/2T26/Press_Release_2T26__4be90c83cd7b.pdf,4be90c83cd7b240e3a61fba57cc64642e535ffb93f256e350d1c7a7f7e62b5c3,308165,pdf,PDF signature and EOF,not_seen_this_run,
Caixa,70bdf986-0fc7-4c72-a30a-ed71d0248052,2026,1T26,Press Release 1T26,Press Release,central-press-release,https://api.mziq.com/mzfilemanager/v2/d/fb86b0b8-b4e9-407b-a575-ba3668a566a9/f98f226a-2e14-308f-b5b1-a2a811cac94d?origin=2,https://ri.caixa.gov.br/informacoes-financeiras/central-de-resultados/,2026-08-27T00:00:00.000Z,pt_BR,data/catalogs/20260906T181843,False,downloaded,documents/Caixa/2026/1T26/Press_Release_1T26__02314466c8ca.pdf,02314466c8cacbc85a8f16a7cfedea852e57ed0d7bf14eca28b7315db1b8d8fd,311282,pdf,PDF signature and EOF,not_seen_this_run,
Caixa,cb62e72c-c696-497a-8add-e45c7d4b4f14,2026,2T26,Apresentação de Resultados 2T26 - Forms,Apresentação de Resultados,central-apresentacao-de-resultados,https://api.mziq.com/mzfilemanager/v2/d/fb86b0b8-b4e9-407b-a575-ba3668a566a9/f82f5cec-a182-7ed2-f847-c8c930ede389?origin=2,https://ri.caixa.gov.br/informacoes-financeiras/central-de-resultados/,2026-08-27T00:00:00.000Z,pt_BR,data/catalogs/20260906T193319,False,downloaded,documents/Caixa/2026/2T26/Apresentacao_de_Resultados_2T26_-_Forms__cd9d65367b61.pdf,cd9d65367b6137a133f5484aa146698a6187883c2231772b8ee3f0f616a7b6ce,15453241,pdf,PDF signature and EOF,,
Caixa,1010e15b-38bd-40e2-aa82-a36b4bde1855,2026,2T26,Relatório da Administração 2T26,Relatório da Administração,central-relatorio-da-administracao,https://api.mziq.com/mzfilemanager/v2/d/fb86b0b8-b4e9-407b-a575-ba3668a566a9/6a4883f2-39cd-2a00-d389-aa521d2f3aca?origin=2,https://ri.caixa.gov.br/informacoes-financeiras/central-de-resultados/,2026-08-26T00:00:00.000Z,pt_BR,data/catalogs/20260906T181843,False,downloaded,documents/Caixa/2026/2T26/Relatorio_da_Administracao_2T26__a251eca7fe5d.pdf,a251eca7fe5d0953f52579a2851771415426128a8d0c24cb929af3a871fc9232,2608791,pdf,PDF signature and EOF,not_seen_this_run,
Caixa,15ec572a-2666-4e36-ac4d-6d646040bc09,2026,2T26,Relatório de Análise de Desempenho 2T26,central-relatorio-de-analise-de-desempenho,central-relatorio-de-analise-de-desempenho,https://api.mziq.com/mzfilemanager/v2/d/fb86b0b8-b4e9-407b-a575-ba3668a566a9/bb24031e-d71e-1660-7cf8-e66703ab1361?origin=2,https://ri.caixa.gov.br/informacoes-financeiras/central-de-resultados/,,,,,downloaded,documents/Caixa/2026/2T26/Relatorio_de_Analise_de_Desempenho_2T26__131132d0814d.pdf,131132d0814d60ca2f62f694cab4db5429a1caf93049f87095a7bf9648d0d610,1946843,pdf,PDF signature and EOF,not_seen_this_run,
Caixa,3bf9b01e-3217-4369-ac35-18fd606cf9e3,2026,2T26,BrGaap - Demonstrações Contábeis Editável 2T26,BrGaap - Demonstrações Contábeis editável,central-brgaap-demonstracoes-contabeis-editavel,https://api.mziq.com/mzfilemanager/v2/d/fb86b0b8-b4e9-407b-a575-ba3668a566a9/d49101da-7a12-b6e8-66ca-0ebc437c4b8e?origin=2,https://ri.caixa.gov.br/informacoes-financeiras/central-de-resultados/,2026-08-26T00:00:00.000Z,pt_BR,data/catalogs/20260906T181843,False,downloaded,documents/Caixa/2026/2T26/BrGaap_-_Demonstracoes_Contabeis_Editavel_2T26__008657ff370d.docx,008657ff370da058ef98d445532fa0616438fae10a4b42082684a4bb49b3df6f,1885817,docx,ZIP CRC verified,not_seen_this_run,
Caixa,420b8ab5-9fe7-4df7-b848-6405859ed3ee,2026,2T26,IFRS - Demonstrações contábeis consolidadas 2T26,IFRS - Demonstrações contábeis consolidadas,central-ifrs-demonstracoes-contabeis-consolidadas,https://api.mziq.com/mzfilemanager/v2/d/fb86b0b8-b4e9-407b-a575-ba3668a566a9/734cdb53-9bcc-8a24-532b-ce20bf7ad16a?origin=2,https://ri.caixa.gov.br/informacoes-financeiras/central-de-resultados/,2026-08-26T00:00:00.000Z,pt_BR,data/catalogs/20260906T181843,False,downloaded,documents/Caixa/2026/2T26/IFRS_-_Demonstracoes_contabeis_consolidadas_2T26__75f4daac10fc.pdf,75f4daac10fca353554b4008da80166e61ce898c8a3b9e39cd790e5e6ccfeb1a,2049919,pdf,PDF signature and EOF,not_seen_this_run,
Caixa,5acd5c88-88c9-48fa-82c3-3ff5af6ef64e,2026,2T26,BrGaap - Demonstrações Contábeis 2T26,BrGaap - Demonstrações Contábeis,central-brgaap-demonstracoes-contabeis,https://api.mziq.com/mzfilemanager/v2/d/fb86b0b8-b4e9-407b-a575-ba3668a566a9/642e7b13-4cfc-9878-b712-e61e7a4120ea?origin=2,https://ri.caixa.gov.br/informacoes-financeiras/central-de-resultados/,2026-08-26T00:00:00.000Z,pt_BR,data/catalogs/20260906T181843,False,downloaded,documents/Caixa/2026/2T26/BrGaap_-_Demonstracoes_Contabeis_2T26__d1162b90c2df.pdf,d1162b90c2df2ea5e88b3fc1b1f7b00d76eddcfaea23d99af0152fa318c3f4c6,2522246,pdf,PDF signature and EOF,not_seen_this_run,
Caixa,6d39448b-3e85-4ced-b133-ce0c0a39fa6d,2026,2T26,IFRS - Demonstrações contábeis consolidadas editáveis 2T26,IFRS - Demonstrações contábeis consolidadas editáveis,central-ifrs-demonstracoes-contabeis-consolidadas-editáveis,https://api.mziq.com/mzfilemanager/v2/d/fb86b0b8-b4e9-407b-a575-ba3668a566a9/8ff367db-39c7-b072-aa3c-3c322a8f4548?origin=2,https://ri.caixa.gov.br/informacoes-financeiras/central-de-resultados/,2026-08-26T00:00:00.000Z,pt_BR,data/catalogs/20260906T181843,False,downloaded,documents/Caixa/2026/2T26/IFRS_-_Demonstracoes_contabeis_consolidadas_editaveis_2T26__04bb28640734.docx,04bb286407344ec9c5769faaf08a0081a4ad1374791fe5c6ef72c0ce6ba60a0b,1507608,docx,ZIP CRC verified,not_seen_this_run,
Caixa,a84051f4-3b1d-4fe6-8333-f03dbca4f1a5,2026,2T26,IFRS – Relatório da Administração 2T26,IFRS - Relatório da Administração,ifrs_relatório_adminisração,https://api.mziq.com/mzfilemanager/v2/d/fb86b0b8-b4e9-407b-a575-ba3668a566a9/4282ccd5-5061-9a88-4079-29523ade7448?origin=2,https://ri.caixa.gov.br/informacoes-financeiras/central-de-resultados/,2026-08-26T00:00:00.000Z,pt_BR,data/catalogs/20260906T181843,False,downloaded,documents/Caixa/2026/2T26/IFRS_Relatorio_da_Administracao_2T26__4afab46dd511.pdf,4afab46dd51172c520be4eec2f777992b66764c0cac602fb61425554b2965404,2385539,pdf,PDF signature and EOF,not_seen_this_run,
Caixa,3f298f3b-eaaf-40b4-834e-98aea0b84bed,2026,1T26,Apresentação Institucional 1T26,Apresentação Institucional ,apresentacao-institucional-central,https://api.mziq.com/mzfilemanager/v2/d/fb86b0b8-b4e9-407b-a575-ba3668a566a9/54f13dd5-e1fc-ca52-f1aa-d5f8fce0698b?origin=2,https://ri.caixa.gov.br/informacoes-financeiras/central-de-resultados/,2026-07-29T00:00:00.000Z,pt_BR,data/catalogs/20260906T193319,False,downloaded,documents/Caixa/2026/1T26/Apresentacao_Institucional_1T26__7472a71e59de.pdf,7472a71e59de3bebbd097e43822fea9d744c5030d3fa54f564af6f61ba726c70,24323229,pdf,PDF signature and EOF,,
Caixa,54ece57a-2496-4ae8-893a-d5f9b8501b44,2026,1T26,IFRS - Demonstrações contábeis consolidadas editáveis 1T26,IFRS - Demonstrações contábeis consolidadas editáveis,central-ifrs-demonstracoes-contabeis-consolidadas-editáveis,https://api.mziq.com/mzfilemanager/v2/d/fb86b0b8-b4e9-407b-a575-ba3668a566a9/4e36b5d8-88c4-57e5-653c-5ccf0b9d3b3d?origin=2,https://ri.caixa.gov.br/informacoes-financeiras/central-de-resultados/,2026-07-06T00:00:00.000Z,pt_BR,data/catalogs/20260906T181843,False,downloaded,documents/Caixa/2026/1T26/IFRS_-_Demonstracoes_contabeis_consolidadas_editaveis_1T26__307b52943637.docx,307b529436373f82cd129d1036da5c070e27b0cdbdaa1cec8da6c2bae8ffef06,1135991,docx,ZIP CRC verified,not_seen_this_run,
Caixa,a204a72f-b9af-4142-8059-5bd111ec00e4,2026,1T26,IFRS - Demonstrações contábeis consolidadas 1T26,IFRS - Demonstrações contábeis consolidadas,central-ifrs-demonstracoes-contabeis-consolidadas,https://api.mziq.com/mzfilemanager/v2/d/fb86b0b8-b4e9-407b-a575-ba3668a566a9/a6141af9-a7a9-321d-a0d8-0bfa1da3e38f?origin=2,https://ri.caixa.gov.br/informacoes-financeiras/central-de-resultados/,2026-07-06T00:00:00.000Z,pt_BR,data/catalogs/20260906T181843,False,downloaded,documents/Caixa/2026/1T26/IFRS_-_Demonstracoes_contabeis_consolidadas_1T26__cd718f8537ba.pdf,cd718f8537bad337eaac1a2566a2d7e114271f3055eb7f3adf2b299caa6dce75,1439268,pdf,PDF signature and EOF,not_seen_this_run,
Caixa,e74ef684-4035-4ea4-9334-9a64798990d7,2026,1T26,IFRS – Relatório da Administração 1T26,IFRS - Relatório da Administração,ifrs_relatório_adminisração,https://api.mziq.com/mzfilemanager/v2/d/fb86b0b8-b4e9-407b-a575-ba3668a566a9/0ff07084-a7fa-9284-c103-1ea40401da2b?origin=2,https://ri.caixa.gov.br/informacoes-financeiras/central-de-resultados/,2026-07-06T00:00:00.000Z,pt_BR,data/catalogs/20260906T181843,False,downloaded,documents/Caixa/2026/1T26/IFRS_Relatorio_da_Administracao_1T26__defcd2eef0db.pdf,defcd2eef0db27f47e10dea41f1f404d56b23538e5cab3ed5edb7812db7c12a5,2488711,pdf,PDF signature and EOF,not_seen_this_run,
Caixa,9b1c4031-f7a3-4c12-b5dc-9602b43bd1ff,2026,1T26,Apresentação de Resultados 1T26,Apresentação de Resultados,central-apresentacao-de-resultados,https://api.mziq.com/mzfilemanager/v2/d/fb86b0b8-b4e9-407b-a575-ba3668a566a9/1daf6a8e-547d-2caf-ec7d-a5ac9e0bb5c6?origin=2,https://ri.caixa.gov.br/informacoes-financeiras/central-de-resultados/,2026-05-15T00:00:00.000Z,pt_BR,data/catalogs/20260906T181843,False,downloaded,documents/Caixa/2026/1T26/Apresentacao_de_Resultados_1T26__c00bcba8c758.pdf,c00bcba8c758b03f8983ede2cdf02e4447dd83ae0cde24aa3388d329dfdd5b77,18264815,pdf,PDF signature and EOF,not_seen_this_run,
Caixa,16e29a88-76ca-49c4-81b6-51acd15398fa,2026,1T26,BrGaap - Demonstrações Contábeis Editável 1T26,BrGaap - Demonstrações Contábeis editável,central-brgaap-demonstracoes-contabeis-editavel,https://api.mziq.com/mzfilemanager/v2/d/fb86b0b8-b4e9-407b-a575-ba3668a566a9/0c35ab28-4969-fc02-2dbd-634ac05a12b3?origin=2,https://ri.caixa.gov.br/informacoes-financeiras/central-de-resultados/,2026-05-14T00:00:00.000Z,pt_BR,data/catalogs/20260906T181843,False,downloaded,documents/Caixa/2026/1T26/BrGaap_-_Demonstracoes_Contabeis_Editavel_1T26__bf7543d4cc7a.docx,bf7543d4cc7a7d32ddc5730d9ee337e44ebf72d8751d9ce8d909768f9706fe1e,2033749,docx,ZIP CRC verified,not_seen_this_run,
Caixa,26976903-c772-40eb-805c-d51bdd5d8dba,2026,1T26,Relatório da Administração 1T26,Relatório da Administração,central-relatorio-da-administracao,https://api.mziq.com/mzfilemanager/v2/d/fb86b0b8-b4e9-407b-a575-ba3668a566a9/01963b4d-43ea-66e0-b638-9c62356641e6?origin=2,https://ri.caixa.gov.br/informacoes-financeiras/central-de-resultados/,2026-05-14T00:00:00.000Z,pt_BR,data/catalogs/20260906T181843,False,downloaded,documents/Caixa/2026/1T26/Relatorio_da_Administracao_1T26__f79395386e1a.pdf,f79395386e1a93edcff30a3be62ca51e5afef9ba9999f199b4331919809afcfd,2818962,pdf,PDF signature and EOF,not_seen_this_run,
Caixa,fa90dbf2-c0b2-4e37-9706-9231ea3cc92e,2026,1T26,Relatório de Análise de Desempenho 1T26,Relatório de Análise de Desempenho,central-relatorio-de-analise-de-desempenho,https://api.mziq.com/mzfilemanager/v2/d/fb86b0b8-b4e9-407b-a575-ba3668a566a9/0310f05a-c6b5-b949-3ee4-b1463b04f54b?origin=2,https://ri.caixa.gov.br/informacoes-financeiras/central-de-resultados/,2026-05-14T00:00:00.000Z,pt_BR,data/catalogs/20260906T181843,False,downloaded,documents/Caixa/2026/1T26/Relatorio_de_Analise_de_Desempenho_1T26__360d4c3f04e5.pdf,360d4c3f04e5b58b9fcac4543e4c68826716c39c1a612d5cbd3f5a555a06937d,1981711,pdf,PDF signature and EOF,not_seen_this_run,
Caixa,ff846964-1fc3-4410-a7ad-7c1e23b3ea18,2026,1T26,BrGaap - Demonstrações Contábeis 1T26,BrGaap - Demonstrações Contábeis,central-brgaap-demonstracoes-contabeis,https://api.mziq.com/mzfilemanager/v2/d/fb86b0b8-b4e9-407b-a575-ba3668a566a9/feafc950-3ff6-19c0-90d5-f7ce7b465081?origin=2,https://ri.caixa.gov.br/informacoes-financeiras/central-de-resultados/,2026-05-14T00:00:00.000Z,pt_BR,data/catalogs/20260906T181843,False,downloaded,documents/Caixa/2026/1T26/BrGaap_-_Demonstracoes_Contabeis_1T26__6bb1140876b2.pdf,6bb1140876b27dbfd87bffb57692dbac23cc023a215644f096db2a28e536899f,1933337,pdf,PDF signature and EOF,not_seen_this_run,
Bradesco,768c1965-e239-4963-ab2f-1828900254da,2026,2T26,Bradesco 2T26 - Transcrição Videoconferência,Transcrição,teleconferencias_transcricao,https://api.mziq.com/mzfilemanager/v2/d/80f2e993-0a30-421a-9470-a4d5c8ad5e9f/be0ad776-9fc8-1817-2e50-cba7d4c90144?origin=2,https://www.bradescori.com.br/informacoes-ao-mercado/central-de-resultados/,2026-08-12T00:00:00.000Z,pt_BR,data/catalogs/20260906T181843,False,downloaded,documents/Bradesco/2026/2T26/Bradesco_2T26_-_Transcricao_Videoconferencia__5530f86527c2.pdf,5530f86527c2b792550199fd72f4e4887d903220a60d8c78cc4f18ecfff85641,239473,pdf,PDF signature and EOF,not_seen_this_run,
Bradesco,4e6157e9-4a83-4690-b145-7031351f48a5,2026,2T26,Bradesco 2T26 - Informativo Trimestral,Informativo Trimestral,_informativos,https://api.mziq.com/mzfilemanager/v2/d/80f2e993-0a30-421a-9470-a4d5c8ad5e9f/77081ffe-0106-b749-ed1a-4dda8027e554?origin=2,https://www.bradescori.com.br/informacoes-ao-mercado/central-de-resultados/,2026-08-07T00:00:00.000Z,pt_BR,data/catalogs/20260906T181843,False,downloaded,documents/Bradesco/2026/2T26/Bradesco_2T26_-_Informativo_Trimestral__8e0e3414ec24.pdf,8e0e3414ec24970698e03ca04ea755dcf6ef289990f686c69b62f436cf3b7620,1031552,pdf,PDF signature and EOF,not_seen_this_run,
Bradesco,f481c443-e6fb-4840-ae8b-9a49ff70f3d0,2026,2T26,Bradesco 2T26 -  Videoconferência de Resultados,Conferência de Resultados,videoconferencia_resultados,https://api.mziq.com/mzfilemanager/v2/d/80f2e993-0a30-421a-9470-a4d5c8ad5e9f/0772800b-7587-b8b3-5339-34c2a19483d1?origin=2,https://www.bradescori.com.br/informacoes-ao-mercado/central-de-resultados/,2026-08-06T00:00:00.000Z,pt_BR,data/catalogs/20260906T181843,True,external_link,documents/Bradesco/2026/2T26/Bradesco_2T26_-_Videoconferencia_de_Resultados__f481c443.url,,,,Official catalog link; streaming/page not archived,not_seen_this_run,
Bradesco,1e65e015-bb72-4c6f-8217-b48deb5b1cee,2026,2T26,Bradesco 2T26 - Séries Históricas,relatorios_series_historicas,relatorios_series_historicas,https://api.mziq.com/mzfilemanager/v2/d/80f2e993-0a30-421a-9470-a4d5c8ad5e9f/b88dfb3a-44ac-75fa-8ded-55cb087dafef?origin=2,https://www.bradescori.com.br/informacoes-ao-mercado/central-de-resultados/,,,,,downloaded,documents/Bradesco/2026/2T26/Bradesco_2T26_-_Series_Historicas__0e6d77287103.xlsx,0e6d77287103e4b7a7a7c9ac0c987de910637b4f7c5ff73a5bd69551ea8bcbb3,1450429,xlsx,ZIP CRC verified,not_seen_this_run,
Bradesco,3660b0fa-c786-48d6-92ea-2fb8147d293c,2026,2T26,Bradesco 2T26 - Relatório de Gerenciamento de Riscos,Gerenciamento de Riscos | Pilar 3,gerenciamento_de_riscos_gerenciamento_de_riscos,https://api.mziq.com/mzfilemanager/v2/d/80f2e993-0a30-421a-9470-a4d5c8ad5e9f/3cfc71cc-13d5-bc0c-3bfd-cf2ad26e7203?origin=2,https://www.bradescori.com.br/informacoes-ao-mercado/central-de-resultados/,2026-08-05T00:00:00.000Z,pt_BR,data/catalogs/20260906T181843,False,downloaded,documents/Bradesco/2026/2T26/Bradesco_2T26_-_Relatorio_de_Gerenciamento_de_Riscos__0047f3590141.pdf,0047f3590141b980b2efee44e44a3553b004ed3d1d803c848051301beacff33b,1529386,pdf,PDF signature and EOF,not_seen_this_run,
Bradesco,5421d4c4-91a1-485f-a4f2-e817b4df76d0,2026,2T26,Bradesco 2T26 - Podcast Resultados,Podcast,teleconferencias_podcast,https://api.mziq.com/mzfilemanager/v2/d/80f2e993-0a30-421a-9470-a4d5c8ad5e9f/124ade2a-e0e8-ae02-eee2-2aa949a3cccd?origin=2,https://www.bradescori.com.br/informacoes-ao-mercado/central-de-resultados/,2026-08-05T00:00:00.000Z,pt_BR,data/catalogs/20260906T181843,False,external_link,documents/Bradesco/2026/2T26/Bradesco_2T26_-_Podcast_Resultados__5421d4c4.url,,,,Official catalog link; streaming/page not archived,not_seen_this_run,
Bradesco,701a45b7-90f6-46cd-9e89-cde03f29c3e8,2026,2T26,Demonstrações Financeiras Consolidadas - IFRS 1S26,Demonstrações Financeiras Consolidadas - IFRS,relatorios_ifrs,https://api.mziq.com/mzfilemanager/v2/d/80f2e993-0a30-421a-9470-a4d5c8ad5e9f/0679a922-596c-b5d0-df49-60a851cccb8b?origin=2,https://www.bradescori.com.br/informacoes-ao-mercado/central-de-resultados/,2026-08-05T00:00:00.000Z,pt_BR,data/catalogs/20260906T181843,False,downloaded,documents/Bradesco/2026/2T26/Demonstracoes_Financeiras_Consolidadas_-_IFRS_1S26__ded945abfd66.pdf,ded945abfd66a41369d3b7d9e4927323390a53f15cb13a8c504e5406fda7bcea,2697277,pdf,PDF signature and EOF,not_seen_this_run,
Bradesco,88c8e56b-69ed-49be-b7c9-12788294771f,2026,2T26,Bradesco 2T26 - Apresentação de Resultados,Apresentação da Videoconferência,apresentacoes_institucionais_teleconferencia,https://api.mziq.com/mzfilemanager/v2/d/80f2e993-0a30-421a-9470-a4d5c8ad5e9f/0d7bd847-dbe1-3055-874d-420cbba33877?origin=2,https://www.bradescori.com.br/informacoes-ao-mercado/central-de-resultados/,2026-08-05T00:00:00.000Z,pt_BR,data/catalogs/20260906T181843,False,downloaded,documents/Bradesco/2026/2T26/Bradesco_2T26_-_Apresentacao_de_Resultados__8fff38ed77c9.pdf,8fff38ed77c9419826897f81c59e8bed78644739b847dd55b4da5cef5415e169,2071900,pdf,PDF signature and EOF,not_seen_this_run,
Bradesco,9bc5ed70-3ed6-4907-85f9-f01f4a38ebad,2026,2T26,Bradesco 2T26 - Relatório de Análise Econômica e Financeira,Relatório de Análise Econômica e Financeira,relatorios_relatorio_de_analise_economica,https://api.mziq.com/mzfilemanager/v2/d/80f2e993-0a30-421a-9470-a4d5c8ad5e9f/b7c34f8d-92f6-7ba4-f408-d518a7211a7a?origin=2,https://www.bradescori.com.br/informacoes-ao-mercado/central-de-resultados/,2026-08-05T00:00:00.000Z,pt_BR,data/catalogs/20260906T181843,False,downloaded,documents/Bradesco/2026/2T26/Bradesco_2T26_-_Relatorio_de_Analise_Economica_e_Financeira__cde0b85c1bec.pdf,cde0b85c1bec0615802e03a55cc36ce3be10b4560b18b678c45ed541c9d5d965,7338512,pdf,PDF signature and EOF,not_seen_this_run,
Bradesco,c6d0a200-7fad-4313-aee3-f3f518c0c20f,2026,2T26,Bradesco 2T26 - Press Release,Press Release,relatorios_press_release,https://api.mziq.com/mzfilemanager/v2/d/80f2e993-0a30-421a-9470-a4d5c8ad5e9f/108e06bf-b649-e356-203c-ac94477b336d?origin=2,https://www.bradescori.com.br/informacoes-ao-mercado/central-de-resultados/,2026-08-05T00:00:00.000Z,pt_BR,data/catalogs/20260906T181843,False,downloaded,documents/Bradesco/2026/2T26/Bradesco_2T26_-_Press_Release__767b88c60a6a.pdf,767b88c60a6a5e9864d4b5859c8b05db5df06dabdc5aeb354de1e66d2e5d66e1,312369,pdf,PDF signature and EOF,not_seen_this_run,
Bradesco,d0e031f1-4026-4b92-9a99-1ef89e8be02f,2026,2T26,Bradesco 2T26 - Anexos Pilar 3,Anexos Pilar 3,gerenciamento_de_riscos_anexos_pilar,https://api.mziq.com/mzfilemanager/v2/d/80f2e993-0a30-421a-9470-a4d5c8ad5e9f/3093295a-080e-a598-7f2d-5a5d1a86dca4?origin=2,https://www.bradescori.com.br/informacoes-ao-mercado/central-de-resultados/,2026-08-05T00:00:00.000Z,pt_BR,data/catalogs/20260906T181843,False,downloaded,documents/Bradesco/2026/2T26/Bradesco_2T26_-_Anexos_Pilar_3__a48a39bee020.xlsx,a48a39bee020303b3314800d87ff925feae8343f04483214ac118434930873cc,1140598,xlsx,ZIP CRC verified,not_seen_this_run,
Bradesco,c563f6ca-842d-4c23-b62e-dd830d99981c,2026,1T26,Bradesco 1T26 - Transcrição Videoconferência,Transcrição,teleconferencias_transcricao,https://api.mziq.com/mzfilemanager/v2/d/80f2e993-0a30-421a-9470-a4d5c8ad5e9f/3de54cff-b058-343b-15b8-33d3e7786410?origin=2,https://www.bradescori.com.br/informacoes-ao-mercado/central-de-resultados/,2026-05-11T00:00:00.000Z,pt_BR,data/catalogs/20260906T181843,False,downloaded,documents/Bradesco/2026/1T26/Bradesco_1T26_-_Transcricao_Videoconferencia__83376cb5474f.pdf,83376cb5474f291a34bc2c9625e8547e418ac2d716d4f1dab27783bc295beaef,231432,pdf,PDF signature and EOF,not_seen_this_run,
Bradesco,fdb5a2d8-d20f-4f46-894d-d73f4b2e4ad6,2026,1T26,Bradesco 1T26 - Informativo Trimestral,Informativo Trimestral,_informativos,https://api.mziq.com/mzfilemanager/v2/d/80f2e993-0a30-421a-9470-a4d5c8ad5e9f/2e3e7884-7772-0993-51f8-1d6eea0782f9?origin=2,https://www.bradescori.com.br/informacoes-ao-mercado/central-de-resultados/,2026-05-11T00:00:00.000Z,pt_BR,data/catalogs/20260906T181843,False,downloaded,documents/Bradesco/2026/1T26/Bradesco_1T26_-_Informativo_Trimestral__04c1f24c2df7.pdf,04c1f24c2df720af055a42e3affba107390a85facf92b2f16365f5cc116a63a4,1126167,pdf,PDF signature and EOF,not_seen_this_run,
Bradesco,51d1fb7e-f42d-4e80-a800-7957ba990e9f,2026,1T26,Bradesco 1T26 -  Videoconferência de Resultados,Conferência de Resultados,videoconferencia_resultados,https://api.mziq.com/mzfilemanager/v2/d/80f2e993-0a30-421a-9470-a4d5c8ad5e9f/964c0bf2-e893-fc9c-a943-05e6ac002467?origin=2,https://www.bradescori.com.br/informacoes-ao-mercado/central-de-resultados/,2026-05-07T00:00:00.000Z,pt_BR,data/catalogs/20260906T181843,True,external_link,documents/Bradesco/2026/1T26/Bradesco_1T26_-_Videoconferencia_de_Resultados__51d1fb7e.url,,,,Official catalog link; streaming/page not archived,not_seen_this_run,
Bradesco,316f6c86-2646-4d3a-905d-63ba3c485b34,2026,1T26,Bradesco 1T26 - Relatório de Análise Econômica e Financeira,Relatório de Análise Econômica e Financeira,relatorios_relatorio_de_analise_economica,https://api.mziq.com/mzfilemanager/v2/d/80f2e993-0a30-421a-9470-a4d5c8ad5e9f/7cb24c7c-e2f1-eb15-8222-620ba0d80519?origin=2,https://www.bradescori.com.br/informacoes-ao-mercado/central-de-resultados/,2026-05-06T00:00:00.000Z,pt_BR,data/catalogs/20260906T181843,False,downloaded,documents/Bradesco/2026/1T26/Bradesco_1T26_-_Relatorio_de_Analise_Economica_e_Financeira__a240046aa0c8.pdf,a240046aa0c85525e71d85e180b6ed86999ad2cd5682c862248fa67a692caf03,7734622,pdf,PDF signature and EOF,not_seen_this_run,
Bradesco,3d2902db-f798-437f-8f2e-33567b294325,2026,1T26,Demonstrações Financeiras Consolidadas - IFRS 1T26,Demonstrações Financeiras Consolidadas - IFRS,relatorios_ifrs,https://api.mziq.com/mzfilemanager/v2/d/80f2e993-0a30-421a-9470-a4d5c8ad5e9f/24a261f8-2b88-a9d1-4372-bbcdf873261a?origin=2,https://www.bradescori.com.br/informacoes-ao-mercado/central-de-resultados/,2026-05-06T00:00:00.000Z,pt_BR,data/catalogs/20260906T181843,False,downloaded,documents/Bradesco/2026/1T26/Demonstracoes_Financeiras_Consolidadas_-_IFRS_1T26__eaa64698cf8e.pdf,eaa64698cf8ebb449758af76dad9c581e27a1417864aab26ac7c786f208323cc,2162356,pdf,PDF signature and EOF,not_seen_this_run,
Bradesco,62e33c62-62b1-430a-a690-e66ca0c6a036,2026,1T26,Bradesco 1T26 - Apresentação de Resultados,Apresentação da Videoconferência,apresentacoes_institucionais_teleconferencia,https://api.mziq.com/mzfilemanager/v2/d/80f2e993-0a30-421a-9470-a4d5c8ad5e9f/2a3c3776-7c17-55d6-0c6a-2a9a0b306272?origin=2,https://www.bradescori.com.br/informacoes-ao-mercado/central-de-resultados/,2026-05-06T00:00:00.000Z,pt_BR,data/catalogs/20260906T181843,False,downloaded,documents/Bradesco/2026/1T26/Bradesco_1T26_-_Apresentacao_de_Resultados__59520ef21b03.pdf,59520ef21b0374d22f2e6b1aeb062949e4e82cd7ab22e4297816139a0bf91a0c,1107002,pdf,PDF signature and EOF,not_seen_this_run,
Bradesco,90c66f56-1e1e-4c6d-a92a-af55c563153e,2026,1T26,Bradesco 1T26 - Anexos Pilar 3,Anexos Pilar 3,gerenciamento_de_riscos_anexos_pilar,https://api.mziq.com/mzfilemanager/v2/d/80f2e993-0a30-421a-9470-a4d5c8ad5e9f/5b0425d5-e3ca-562e-b631-b18b48d9734f?origin=2,https://www.bradescori.com.br/informacoes-ao-mercado/central-de-resultados/,2026-05-06T00:00:00.000Z,pt_BR,data/catalogs/20260906T181843,False,downloaded,documents/Bradesco/2026/1T26/Bradesco_1T26_-_Anexos_Pilar_3__94f6c454238a.xlsx,94f6c454238ac872924ffd61e6c139793bec21213b1afa2f91905fe1317511ae,1163957,xlsx,ZIP CRC verified,not_seen_this_run,
Bradesco,bdd8a1fc-7832-49a9-b404-874e1d29b181,2026,1T26,Bradesco 1T26 - Press Release,Press Release,relatorios_press_release,https://api.mziq.com/mzfilemanager/v2/d/80f2e993-0a30-421a-9470-a4d5c8ad5e9f/e0e76101-1b63-4e68-374e-6e2c17bad93b?origin=2,https://www.bradescori.com.br/informacoes-ao-mercado/central-de-resultados/,2026-05-06T00:00:00.000Z,pt_BR,data/catalogs/20260906T181843,False,downloaded,documents/Bradesco/2026/1T26/Bradesco_1T26_-_Press_Release__705585e72b9e.pdf,705585e72b9eb0dd4352c2fb7244d03fa04245fbb178d268a6ea6cb45267a6bb,314336,pdf,PDF signature and EOF,not_seen_this_run,
Bradesco,c5eed92e-b65a-4dec-9240-303c251e1d50,2026,1T26,Bradesco 1T26 - Podcast Resultados,Podcast,teleconferencias_podcast,https://api.mziq.com/mzfilemanager/v2/d/80f2e993-0a30-421a-9470-a4d5c8ad5e9f/c02b3b5e-f5b1-22e9-2a11-d3bd5c90a46a?origin=2,https://www.bradescori.com.br/informacoes-ao-mercado/central-de-resultados/,2026-05-06T00:00:00.000Z,pt_BR,data/catalogs/20260906T181843,False,external_link,documents/Bradesco/2026/1T26/Bradesco_1T26_-_Podcast_Resultados__c5eed92e.url,,,,Official catalog link; streaming/page not archived,not_seen_this_run,
Bradesco,cd20f782-6c99-4cc0-8abb-5d1ec64929f2,2026,1T26,Bradesco 1T26 - Relatório de Gerenciamento de Riscos,Gerenciamento de Riscos | Pilar 3,gerenciamento_de_riscos_gerenciamento_de_riscos,https://api.mziq.com/mzfilemanager/v2/d/80f2e993-0a30-421a-9470-a4d5c8ad5e9f/2f3c4629-390a-9938-c1aa-5caa389d35f6?origin=2,https://www.bradescori.com.br/informacoes-ao-mercado/central-de-resultados/,2026-05-06T00:00:00.000Z,pt_BR,data/catalogs/20260906T181843,False,downloaded,documents/Bradesco/2026/1T26/Bradesco_1T26_-_Relatorio_de_Gerenciamento_de_Riscos__59fe846e16cd.pdf,59fe846e16cd850a54fec13619ec91e03652ee24032d0d5f9a28c3994811bda2,1323140,pdf,PDF signature and EOF,not_seen_this_run,
Bradesco,f82b01f6-99ce-432b-9c50-06ae2840e513,2026,1T26,Bradesco 1T26 - Séries Históricas,Séries Históricas,relatorios_series_historicas,https://api.mziq.com/mzfilemanager/v2/d/80f2e993-0a30-421a-9470-a4d5c8ad5e9f/1ebf7ac6-6fb2-1636-7486-59d4361da4c7?origin=2,https://www.bradescori.com.br/informacoes-ao-mercado/central-de-resultados/,2026-05-06T00:00:00.000Z,pt_BR,data/catalogs/20260906T181843,False,downloaded,documents/Bradesco/2026/1T26/Bradesco_1T26_-_Series_Historicas__e29d02c2966a.xlsx,e29d02c2966a8979f9ee2f695bb67298e92e27e5c35945368c585245e749c875,1433687,xlsx,ZIP CRC verified,not_seen_this_run,
Santander,bc312343-6118-43a6-8c60-4f3d17057460,2024,4T24,Teleconferência de Resultados - 4T24,teleconferencia de resultados,divulgacao_de_resultados_teleconferencia_de_resultados,https://api.mziq.com/mzfilemanager/v2/d/a2595886-9fbb-4339-8a38-71d6ce7c7d36/25b18b62-269e-54e9-dff7-dfb333dd5048?origin=2,https://www.santander.com.br/ri/resultados-e-relatorios/divulgacao-de-resultados/,2024-12-31T00:00:00.000Z,pt_BR,data/catalogs/20260906T182455,True,external_link,documents/Santander/2024/4T24/Teleconferencia_de_Resultados_-_4T24__bc312343.url,,,,Official catalog link; streaming/page not archived,,
Santander,3482bf60-8afc-4ebf-9829-dbd164caf9fe,2024,4T24,Série Histórica BRGAAP 4T24,serie historica brgaap,divulgacao_de_resultados_serie_historica_brgaap,https://api.mziq.com/mzfilemanager/v2/d/a2595886-9fbb-4339-8a38-71d6ce7c7d36/adb7d7d6-2f50-4099-a6e6-6043fc3227a1?origin=2,https://www.santander.com.br/ri/resultados-e-relatorios/divulgacao-de-resultados/,2024-12-01T00:00:00.000Z,pt_BR,data/catalogs/20260906T182455,False,downloaded,documents/Santander/2024/4T24/Serie_Historica_BRGAAP_4T24__21c8603175da.xls,21c8603175da51232c73f6b23ce2273bcb132374e339582eeb24a53d822e860c,1529856,xls,signature,,
Santander,44aecdfb-e3cc-4e53-8e52-9d5e6dff5dbf,2024,4T24,Demonstrações Financeiras IFRS 4T24,demonstracoes financeiras ifrs,divulgacao_de_resultados_demonstracoes_financeiras_ifrs,https://api.mziq.com/mzfilemanager/v2/d/a2595886-9fbb-4339-8a38-71d6ce7c7d36/eba9657c-7dbe-4e74-8067-10f6c3fb9bdf?origin=2,https://www.santander.com.br/ri/resultados-e-relatorios/divulgacao-de-resultados/,2024-12-01T00:00:00.000Z,pt_BR,data/catalogs/20260906T182455,False,downloaded,documents/Santander/2024/4T24/Demonstracoes_Financeiras_IFRS_4T24__3da1e1da6bf4.pdf,3da1e1da6bf463ab2c57aa22404c628ab350d5b6a1e0ff86cb4b57cc789f0438,7607820,pdf,PDF signature and EOF,,
Santander,501abeb0-596b-4586-b2be-59385b975ec0,2024,4T24,Demonstrações Financeiras BRGAAP 4T24,demonstracoes financeiras brgaap,divulgacao_de_resultados_demonstracoes_financeiras_brgaap,https://api.mziq.com/mzfilemanager/v2/d/a2595886-9fbb-4339-8a38-71d6ce7c7d36/539c919c-e072-4d32-922a-f5c9f103fc29?origin=2,https://www.santander.com.br/ri/resultados-e-relatorios/divulgacao-de-resultados/,2024-12-01T00:00:00.000Z,pt_BR,data/catalogs/20260906T182455,False,downloaded,documents/Santander/2024/4T24/Demonstracoes_Financeiras_BRGAAP_4T24__3e380a644a1c.pdf,3e380a644a1c5da3b3db0e46bbc5af524e387b15f0c12999b33a47cab6f99ceb,7595385,pdf,PDF signature and EOF,,
Santander,52551a0f-133a-481e-88a7-13ecf841b804,2024,4T24,Transcrição Videoconferência de Resultados 4T24,transcricao videoconferencia de resultados,divulgacao_de_resultados_transcricao_videoconferencia_de_resultados,https://api.mziq.com/mzfilemanager/v2/d/a2595886-9fbb-4339-8a38-71d6ce7c7d36/7c97a16d-6287-49e6-96e2-3cb784712d71?origin=2,https://www.santander.com.br/ri/resultados-e-relatorios/divulgacao-de-resultados/,2024-12-01T00:00:00.000Z,pt_BR,data/catalogs/20260906T193319,False,downloaded,documents/Santander/2024/4T24/Transcricao_Videoconferencia_de_Resultados_4T24__c81774871453.pdf,c81774871453275e7394ceda04454b597ef8eff02937a9a7de9b533453555ce8,264466,pdf,Recovered signature-validated content-addressed download,,
Santander,8984a985-ba08-4371-86fa-95900aad6551,2024,4T24,Informe de Resultados 4T24,informe de resultados,divulgacao_de_resultados_informe_de_resultados,https://api.mziq.com/mzfilemanager/v2/d/a2595886-9fbb-4339-8a38-71d6ce7c7d36/59e8370a-35af-42fd-b184-f5678632b7fd?origin=2,https://www.santander.com.br/ri/resultados-e-relatorios/divulgacao-de-resultados/,2024-12-01T00:00:00.000Z,pt_BR,data/catalogs/20260906T182455,False,downloaded,documents/Santander/2024/4T24/Informe_de_Resultados_4T24__9db36386611e.pdf,9db36386611eca948a6ddf4697031de0735a8cb148ddc32f4c7542ca8230d477,9577692,pdf,PDF signature and EOF,,
Santander,c57b01e1-bffc-474e-94e3-f0d085fb2456,2024,4T24,Apresentação de Resultados 4T24,apresentacao de resultados,divulgacao_de_resultados_apresentacao_de_resultados,https://api.mziq.com/mzfilemanager/v2/d/a2595886-9fbb-4339-8a38-71d6ce7c7d36/90196931-1fb8-4d32-9b7d-d190c97f5f20?origin=2,https://www.santander.com.br/ri/resultados-e-relatorios/divulgacao-de-resultados/,2024-12-01T00:00:00.000Z,pt_BR,data/catalogs/20260906T182455,False,downloaded,documents/Santander/2024/4T24/Apresentacao_de_Resultados_4T24__f90c3aee37c1.pdf,f90c3aee37c194f7ee1f26e12b11a69b1f7cc698cead1f3d0771c40328618272,3883238,pdf,PDF signature and EOF,,
Santander,d0cc727f-90ca-4a34-8787-e27065863bca,2024,4T24,Informativo ao investidor PF 4T24,informativo ao investidor pf,divulgacao_de_resultados_informativo_ao_investidor_pf,https://api.mziq.com/mzfilemanager/v2/d/a2595886-9fbb-4339-8a38-71d6ce7c7d36/5da076e8-0fb7-4c63-93bf-b1f7e8f58c23?origin=2,https://www.santander.com.br/ri/resultados-e-relatorios/divulgacao-de-resultados/,2024-12-01T00:00:00.000Z,pt_BR,data/catalogs/20260906T182455,False,downloaded,documents/Santander/2024/4T24/Informativo_ao_investidor_PF_4T24__232180276869.pdf,232180276869821a9a796c294af0194bc82b6356f565166aacdea0743960a7af,3101879,pdf,PDF signature and EOF,,
Santander,82570a50-5277-4d0e-af99-2b7ebd61d930,2024,3T24,Teleconferência de Resultados - 3T24,teleconferencia de resultados,divulgacao_de_resultados_teleconferencia_de_resultados,https://api.mziq.com/mzfilemanager/v2/d/a2595886-9fbb-4339-8a38-71d6ce7c7d36/79affe60-160f-fe80-51b0-ba96d00cfc1f?origin=2,https://www.santander.com.br/ri/resultados-e-relatorios/divulgacao-de-resultados/,2024-09-30T00:00:00.000Z,pt_BR,data/catalogs/20260906T182455,True,external_link,documents/Santander/2024/3T24/Teleconferencia_de_Resultados_-_3T24__82570a50.url,,,,Official catalog link; streaming/page not archived,,
Santander,4833e578-27e1-45f9-acb0-67d9e4c147d6,2024,3T24,Demonstrações Financeiras IFRS 3T24,demonstracoes financeiras ifrs,divulgacao_de_resultados_demonstracoes_financeiras_ifrs,https://api.mziq.com/mzfilemanager/v2/d/a2595886-9fbb-4339-8a38-71d6ce7c7d36/d9c9b885-e964-4d1d-a4d7-4f040eb07168?origin=2,https://www.santander.com.br/ri/resultados-e-relatorios/divulgacao-de-resultados/,2024-09-01T00:00:00.000Z,pt_BR,data/catalogs/20260906T182455,False,downloaded,documents/Santander/2024/3T24/Demonstracoes_Financeiras_IFRS_3T24__b2a3a4a5f9fc.pdf,b2a3a4a5f9fc7a9eb37e658276326574bfb4454458abcd7404e7ed62b858c920,8490245,pdf,PDF signature and EOF,,
Santander,62750c96-9670-4390-ac44-09c73afbfba6,2024,3T24,Apresentação de Resultados 3T24,apresentacao de resultados,divulgacao_de_resultados_apresentacao_de_resultados,https://api.mziq.com/mzfilemanager/v2/d/a2595886-9fbb-4339-8a38-71d6ce7c7d36/baa59e6a-e8f4-450d-89ee-76098ac6bfef?origin=2,https://www.santander.com.br/ri/resultados-e-relatorios/divulgacao-de-resultados/,2024-09-01T00:00:00.000Z,pt_BR,data/catalogs/20260906T182455,False,downloaded,documents/Santander/2024/3T24/Apresentacao_de_Resultados_3T24__deca9c84b2c7.pdf,deca9c84b2c73f946503a3d827fa5dc49e3e449f11394add19077c5988456c68,5433848,pdf,PDF signature and EOF,,
Santander,74e563f1-a9a5-4b0e-969a-057170d441b4,2024,3T24,Demonstrações Financeiras BRGAAP 3T24,demonstracoes financeiras brgaap,divulgacao_de_resultados_demonstracoes_financeiras_brgaap,https://api.mziq.com/mzfilemanager/v2/d/a2595886-9fbb-4339-8a38-71d6ce7c7d36/48c89ca4-5f06-4138-8f2e-b6a2568edd92?origin=2,https://www.santander.com.br/ri/resultados-e-relatorios/divulgacao-de-resultados/,2024-09-01T00:00:00.000Z,pt_BR,data/catalogs/20260906T182455,False,downloaded,documents/Santander/2024/3T24/Demonstracoes_Financeiras_BRGAAP_3T24__fcb2d3c19ab3.pdf,fcb2d3c19ab38fd31c37c01ea30968d30d68b57c0e3c05480559c2f008973133,11992941,pdf,PDF signature and EOF,,
Santander,b079c063-5563-45ba-90e8-40ab8ab6ca28,2024,3T24,Informativo ao investidor PF 3T24,informativo ao investidor pf,divulgacao_de_resultados_informativo_ao_investidor_pf,https://api.mziq.com/mzfilemanager/v2/d/a2595886-9fbb-4339-8a38-71d6ce7c7d36/687d7f0a-5f56-4303-a8d5-c34cd3fe4abd?origin=2,https://www.santander.com.br/ri/resultados-e-relatorios/divulgacao-de-resultados/,2024-09-01T00:00:00.000Z,pt_BR,data/catalogs/20260906T182455,False,downloaded,documents/Santander/2024/3T24/Informativo_ao_investidor_PF_3T24__0ed9914bc238.pdf,0ed9914bc238d40e220862cfb6baa9188dce6b93719e63c0dd40df1f92c29951,1876916,pdf,PDF signature and EOF,,
Santander,c45afc37-ddbc-472c-8c81-64ca9a27e392,2024,3T24,Transcrição Videoconferência de Resultados 3T24,transcricao videoconferencia de resultados,divulgacao_de_resultados_transcricao_videoconferencia_de_resultados,https://api.mziq.com/mzfilemanager/v2/d/a2595886-9fbb-4339-8a38-71d6ce7c7d36/30a1e3cd-040d-49c9-ab5e-be53a11945df?origin=2,https://www.santander.com.br/ri/resultados-e-relatorios/divulgacao-de-resultados/,2024-09-01T00:00:00.000Z,pt_BR,data/catalogs/20260906T193319,False,downloaded,documents/Santander/2024/3T24/Transcricao_Videoconferencia_de_Resultados_3T24__1c4f0310528a.pdf,1c4f0310528aec452680da6c74a7fa6f5ae7e7854e4ac0c6be8ada784f6e52f0,207472,pdf,Recovered signature-validated content-addressed download,,
Santander,d64711e6-6633-462c-bc55-d18eaca6299f,2024,3T24,Informe de Resultados 3T24,informe de resultados,divulgacao_de_resultados_informe_de_resultados,https://api.mziq.com/mzfilemanager/v2/d/a2595886-9fbb-4339-8a38-71d6ce7c7d36/690a06c6-074c-4764-98d2-df47c6d0cb70?origin=2,https://www.santander.com.br/ri/resultados-e-relatorios/divulgacao-de-resultados/,2024-09-01T00:00:00.000Z,pt_BR,data/catalogs/20260906T182455,False,downloaded,documents/Santander/2024/3T24/Informe_de_Resultados_3T24__459f8faefbe3.pdf,459f8faefbe3dc406db63ccd1b86649002a30694da193a7499d85c6c59220adf,9961634,pdf,PDF signature and EOF,,
Santander,d8794e18-2624-4260-93df-ce8938f4f3a5,2024,3T24,Série Histórica BRGAAP 3T24,serie historica brgaap,divulgacao_de_resultados_serie_historica_brgaap,https://api.mziq.com/mzfilemanager/v2/d/a2595886-9fbb-4339-8a38-71d6ce7c7d36/491f508a-ff14-4fb0-91b7-be3583811cfe?origin=2,https://www.santander.com.br/ri/resultados-e-relatorios/divulgacao-de-resultados/,2024-09-01T00:00:00.000Z,pt_BR,data/catalogs/20260906T182455,False,downloaded,documents/Santander/2024/3T24/Serie_Historica_BRGAAP_3T24__3add12518362.xls,3add125183621ef97b0df6eb1d6305f23abdb6f6f40a57d2c30053674ce33ab5,1318912,xls,signature,,
Santander,f62f0867-87e5-48b6-bf01-6d68a52cf213,2024,2T24,Teleconferência de Resultados - 2T24,teleconferencia de resultados,divulgacao_de_resultados_teleconferencia_de_resultados,https://api.mziq.com/mzfilemanager/v2/d/a2595886-9fbb-4339-8a38-71d6ce7c7d36/5bc6605b-a8d8-89b4-aaa9-06cdc1fef590?origin=2,https://www.santander.com.br/ri/resultados-e-relatorios/divulgacao-de-resultados/,2024-06-30T00:00:00.000Z,pt_BR,data/catalogs/20260906T182455,True,external_link,documents/Santander/2024/2T24/Teleconferencia_de_Resultados_-_2T24__f62f0867.url,,,,Official catalog link; streaming/page not archived,,
Santander,179e2547-09b3-4bae-bf7b-54bae3198535,2024,2T24,Demonstrações Financeiras IFRS 2T24,demonstracoes financeiras ifrs,divulgacao_de_resultados_demonstracoes_financeiras_ifrs,https://api.mziq.com/mzfilemanager/v2/d/a2595886-9fbb-4339-8a38-71d6ce7c7d36/481ee83f-1d74-47d5-989c-0d7644c006b6?origin=2,https://www.santander.com.br/ri/resultados-e-relatorios/divulgacao-de-resultados/,2024-06-01T00:00:00.000Z,pt_BR,data/catalogs/20260906T182455,False,downloaded,documents/Santander/2024/2T24/Demonstracoes_Financeiras_IFRS_2T24__48e7499e02af.pdf,48e7499e02af1f172d1138b49c807bc165820c77e7b0bedca664e2fe91341b7d,2726906,pdf,PDF signature and EOF,,
Santander,2030b5b3-85ea-4428-8183-1f7eda38753e,2024,2T24,Informe de Resultados 2T24,informe de resultados,divulgacao_de_resultados_informe_de_resultados,https://api.mziq.com/mzfilemanager/v2/d/a2595886-9fbb-4339-8a38-71d6ce7c7d36/fe085ec7-a22b-4c4c-9808-f6d9c6ca92c0?origin=2,https://www.santander.com.br/ri/resultados-e-relatorios/divulgacao-de-resultados/,2024-06-01T00:00:00.000Z,pt_BR,data/catalogs/20260906T182455,False,downloaded,documents/Santander/2024/2T24/Informe_de_Resultados_2T24__6c770268185f.pdf,6c770268185fd26a575617d586d693ceeb4ea1e387832903d7f1c2aea8e27668,1894795,pdf,PDF signature and EOF,,
Santander,88e5073a-4076-4c4e-a024-a4bb2605ba11,2024,2T24,Informativo ao investidor PF 2T24,informativo ao investidor pf,divulgacao_de_resultados_informativo_ao_investidor_pf,https://api.mziq.com/mzfilemanager/v2/d/a2595886-9fbb-4339-8a38-71d6ce7c7d36/99b78551-09d8-4ee0-a41e-fc59c2132394?origin=2,https://www.santander.com.br/ri/resultados-e-relatorios/divulgacao-de-resultados/,2024-06-01T00:00:00.000Z,pt_BR,data/catalogs/20260906T182455,False,downloaded,documents/Santander/2024/2T24/Informativo_ao_investidor_PF_2T24__2398261312a5.pdf,2398261312a52236516b6f54d49e6ad322a03aa596e19486067a7caee7347ad6,3014230,pdf,PDF signature and EOF,,
Santander,8b85f6d4-f5df-4c3f-910e-a67e1f7e6518,2024,2T24,Apresentação de Resultados 2T24,apresentacao de resultados,divulgacao_de_resultados_apresentacao_de_resultados,https://api.mziq.com/mzfilemanager/v2/d/a2595886-9fbb-4339-8a38-71d6ce7c7d36/35be3034-4347-40c1-a5ea-634401821738?origin=2,https://www.santander.com.br/ri/resultados-e-relatorios/divulgacao-de-resultados/,2024-06-01T00:00:00.000Z,pt_BR,data/catalogs/20260906T182455,False,downloaded,documents/Santander/2024/2T24/Apresentacao_de_Resultados_2T24__4cf8b8d1f506.pdf,4cf8b8d1f50667d7bd6866e61c4c3ab27b6e6fbc43919bad2e1a105b4cae5c00,2000189,pdf,PDF signature and EOF,,
Santander,cd9d9dbc-836a-48ad-a48c-c82424d737ab,2024,2T24,Transcrição Videoconferência de Resultados 2T24,transcricao videoconferencia de resultados,divulgacao_de_resultados_transcricao_videoconferencia_de_resultados,https://api.mziq.com/mzfilemanager/v2/d/a2595886-9fbb-4339-8a38-71d6ce7c7d36/6d2746a7-3f21-48a8-9133-cd2d7a93188d?origin=2,https://www.santander.com.br/ri/resultados-e-relatorios/divulgacao-de-resultados/,2024-06-01T00:00:00.000Z,pt_BR,data/catalogs/20260906T193319,False,downloaded,documents/Santander/2024/2T24/Transcricao_Videoconferencia_de_Resultados_2T24__d5267352b65a.pdf,d5267352b65a84c26b3d04a65a02aff9c3d345138f7c1e0a7ab4c2a3fc27b645,222393,pdf,Recovered signature-validated content-addressed download,,
Santander,e7c89e54-e59f-4ae4-87d8-0e3281efdf6d,2024,2T24,Série Histórica BRGAAP 2T24,serie historica brgaap,divulgacao_de_resultados_serie_historica_brgaap,https://api.mziq.com/mzfilemanager/v2/d/a2595886-9fbb-4339-8a38-71d6ce7c7d36/7f92c4ab-fdb6-4c86-aed2-89350fc3dfba?origin=2,https://www.santander.com.br/ri/resultados-e-relatorios/divulgacao-de-resultados/,2024-06-01T00:00:00.000Z,pt_BR,data/catalogs/20260906T182455,False,downloaded,documents/Santander/2024/2T24/Serie_Historica_BRGAAP_2T24__96374e7b5cef.xls,96374e7b5cef0d02200b93b5a2e46cbc31a37c4898902902c1623056b72339d0,1561600,xls,signature,,
Santander,f909075e-cc11-4da1-b08a-9325b6093e28,2024,2T24,Demonstrações Financeiras BRGAAP 2T24,demonstracoes financeiras brgaap,divulgacao_de_resultados_demonstracoes_financeiras_brgaap,https://api.mziq.com/mzfilemanager/v2/d/a2595886-9fbb-4339-8a38-71d6ce7c7d36/500850fa-317d-444e-8479-28a20593e9d4?origin=2,https://www.santander.com.br/ri/resultados-e-relatorios/divulgacao-de-resultados/,2024-06-01T00:00:00.000Z,pt_BR,data/catalogs/20260906T182455,False,downloaded,documents/Santander/2024/2T24/Demonstracoes_Financeiras_BRGAAP_2T24__310a976682ef.pdf,310a976682efdd54db0d2b11e8533e442fc6f6d348a97ff9c1bd586b9ef9e0f8,4539649,pdf,PDF signature and EOF,,
Santander,c24e99e3-86e5-470e-a2fc-990cfb361d9f,2024,1T24,Teleconferência de Resultados - 1T24,teleconferencia de resultados,divulgacao_de_resultados_teleconferencia_de_resultados,https://api.mziq.com/mzfilemanager/v2/d/a2595886-9fbb-4339-8a38-71d6ce7c7d36/7be1a16b-bb34-e7fb-47af-233f8745ab2f?origin=2,https://www.santander.com.br/ri/resultados-e-relatorios/divulgacao-de-resultados/,2024-03-31T00:00:00.000Z,pt_BR,data/catalogs/20260906T182455,True,external_link,documents/Santander/2024/1T24/Teleconferencia_de_Resultados_-_1T24__c24e99e3.url,,,,Official catalog link; streaming/page not archived,,
Santander,005b02db-807e-413a-b60f-510fec47873e,2024,1T24,Informe de Resultados  1T24,informe de resultados,divulgacao_de_resultados_informe_de_resultados,https://api.mziq.com/mzfilemanager/v2/d/a2595886-9fbb-4339-8a38-71d6ce7c7d36/64a6ebbe-4d07-4ff1-aeb7-bb5e2c2213a1?origin=2,https://www.santander.com.br/ri/resultados-e-relatorios/divulgacao-de-resultados/,2024-03-01T00:00:00.000Z,pt_BR,data/catalogs/20260906T182455,False,downloaded,documents/Santander/2024/1T24/Informe_de_Resultados_1T24__6e9e9ef6f82c.pdf,6e9e9ef6f82c1b94768a70afb0dcacf579f14e3585f9589c88236ee85c2d7d08,8171983,pdf,PDF signature and EOF,,
Santander,2106429e-6bb2-4696-ad2a-29e87ab873b6,2024,1T24,Demonstrações Financeiras BRGAAP 1T24,demonstracoes financeiras brgaap,divulgacao_de_resultados_demonstracoes_financeiras_brgaap,https://api.mziq.com/mzfilemanager/v2/d/a2595886-9fbb-4339-8a38-71d6ce7c7d36/aa1427e9-daec-44cf-bcf7-a6fbed87b0df?origin=2,https://www.santander.com.br/ri/resultados-e-relatorios/divulgacao-de-resultados/,2024-03-01T00:00:00.000Z,pt_BR,data/catalogs/20260906T182455,False,downloaded,documents/Santander/2024/1T24/Demonstracoes_Financeiras_BRGAAP_1T24__c7f87ddd3a3c.pdf,c7f87ddd3a3c7732cdae0bede2f952f8d330cdf91a55f76b28b36d5833e664b2,8394921,pdf,PDF signature and EOF,,
Santander,57ec8104-064c-4345-b8b7-21bd2f19d8d9,2024,1T24,Apresentação de Resultados 1T24,apresentacao de resultados,divulgacao_de_resultados_apresentacao_de_resultados,https://api.mziq.com/mzfilemanager/v2/d/a2595886-9fbb-4339-8a38-71d6ce7c7d36/6002b029-4b25-45da-b7d5-9f94e1fe631c?origin=2,https://www.santander.com.br/ri/resultados-e-relatorios/divulgacao-de-resultados/,2024-03-01T00:00:00.000Z,pt_BR,data/catalogs/20260906T182455,False,downloaded,documents/Santander/2024/1T24/Apresentacao_de_Resultados_1T24__7cace8d2bbd5.pdf,7cace8d2bbd557463f7e2c06bc11561c6253a89fb85733f83dbd61ecd6d4301f,4710121,pdf,PDF signature and EOF,,
Santander,9b303df1-37ff-4081-a7a3-1ff78067f5e4,2024,1T24,Demonstrações Financeiras IFRS 1T24,demonstracoes financeiras ifrs,divulgacao_de_resultados_demonstracoes_financeiras_ifrs,https://api.mziq.com/mzfilemanager/v2/d/a2595886-9fbb-4339-8a38-71d6ce7c7d36/efc37332-9290-4667-92dc-0f28fe9d1e4f?origin=2,https://www.santander.com.br/ri/resultados-e-relatorios/divulgacao-de-resultados/,2024-03-01T00:00:00.000Z,pt_BR,data/catalogs/20260906T182455,False,downloaded,documents/Santander/2024/1T24/Demonstracoes_Financeiras_IFRS_1T24__956328581f78.pdf,956328581f78778e291a6409e4dceec35f93a62edb3bcfb78285641b184cb6ab,3177081,pdf,PDF signature and EOF,,
Santander,c073fde6-db71-4823-a793-c8d2908b3280,2024,1T24,Informativo ao investidor PF 1T24,informativo ao investidor pf,divulgacao_de_resultados_informativo_ao_investidor_pf,https://api.mziq.com/mzfilemanager/v2/d/a2595886-9fbb-4339-8a38-71d6ce7c7d36/b34d799a-baa6-4469-b6ab-82bb8af73d42?origin=2,https://www.santander.com.br/ri/resultados-e-relatorios/divulgacao-de-resultados/,2024-03-01T00:00:00.000Z,pt_BR,data/catalogs/20260906T182455,False,downloaded,documents/Santander/2024/1T24/Informativo_ao_investidor_PF_1T24__4cdaced1ba5e.pdf,4cdaced1ba5eaaef3b90f9cfa8b2ea0c7060504e30e4772f53eee37362e0f5a9,2258787,pdf,PDF signature and EOF,,
Santander,ca375500-c911-4679-b136-2826814370b9,2024,1T24,Transcrição Videoconferência de Resultados 1T24,transcricao videoconferencia de resultados,divulgacao_de_resultados_transcricao_videoconferencia_de_resultados,https://api.mziq.com/mzfilemanager/v2/d/a2595886-9fbb-4339-8a38-71d6ce7c7d36/68248c71-7574-49c5-ac9c-505783908991?origin=2,https://www.santander.com.br/ri/resultados-e-relatorios/divulgacao-de-resultados/,2024-03-01T00:00:00.000Z,pt_BR,data/catalogs/20260906T193319,False,downloaded,documents/Santander/2024/1T24/Transcricao_Videoconferencia_de_Resultados_1T24__363f700eeda1.pdf,363f700eeda129520eb0996bdc0a3ebeab80f39f439039976322d213ead9feea,213828,pdf,Recovered signature-validated content-addressed download,,
Santander,e2ec88e6-4e65-497d-a1b0-d21afb790d3a,2024,1T24,Série Histórica BRGAAP 1T24,serie historica brgaap,divulgacao_de_resultados_serie_historica_brgaap,https://api.mziq.com/mzfilemanager/v2/d/a2595886-9fbb-4339-8a38-71d6ce7c7d36/9d8f3d6d-6bf1-44d2-8a4b-dc125571e9e8?origin=2,https://www.santander.com.br/ri/resultados-e-relatorios/divulgacao-de-resultados/,2024-03-01T00:00:00.000Z,pt_BR,data/catalogs/20260906T182455,False,downloaded,documents/Santander/2024/1T24/Serie_Historica_BRGAAP_1T24__a1c20aeb5472.xls,a1c20aeb5472c92b2091f46ade93941fd8172ef37a93292e1ce728772af114cb,1273344,xls,signature,,
Caixa,51d8f7b1-3e6d-4a66-ac75-f1275a687631,2024,4T24,IFRS - Demonstrações contábeis consolidadas 4T24,IFRS - Demonstrações contábeis consolidadas,central-ifrs-demonstracoes-contabeis-consolidadas,https://api.mziq.com/mzfilemanager/v2/d/fb86b0b8-b4e9-407b-a575-ba3668a566a9/60981114-380d-cb89-c201-9e191e41be42?origin=2,https://ri.caixa.gov.br/informacoes-financeiras/central-de-resultados/,2025-05-30T00:00:00.000Z,pt_BR,data/catalogs/20260906T182455,False,downloaded,documents/Caixa/2024/4T24/IFRS_-_Demonstracoes_contabeis_consolidadas_4T24__7428d569d550.pdf,7428d569d5509a8eebbcd6a435bd168f5a6cd8c8e0aafd9271864dafbcd50b01,4195319,pdf,PDF signature and EOF,,
Caixa,8607dc48-3e24-47ac-924f-38e9c74d949d,2024,4T24,IFRS – Relatório da Administração 4T24,IFRS - Relatório da Administração,ifrs_relatório_adminisração,https://api.mziq.com/mzfilemanager/v2/d/fb86b0b8-b4e9-407b-a575-ba3668a566a9/ff2e55f1-6475-c54e-3925-050492ddacaa?origin=2,https://ri.caixa.gov.br/informacoes-financeiras/central-de-resultados/,2025-05-30T00:00:00.000Z,pt_BR,data/catalogs/20260906T182455,False,downloaded,documents/Caixa/2024/4T24/IFRS_Relatorio_da_Administracao_4T24__6d0aa59639f2.pdf,6d0aa59639f28745a8649c9c0c0afe4cf44fd130c551c949b050aaa9a2d754d7,2072316,pdf,PDF signature and EOF,,
Caixa,a1e45e58-f444-4f6f-872e-67cdcfcdc66e,2024,4T24,IFRS - Demonstrações contábeis consolidadas editáveis 4T24,IFRS - Demonstrações contábeis consolidadas editáveis,central-ifrs-demonstracoes-contabeis-consolidadas-editáveis,https://api.mziq.com/mzfilemanager/v2/d/fb86b0b8-b4e9-407b-a575-ba3668a566a9/3d1cc818-b673-7150-f668-2bfd03ba735f?origin=2,https://ri.caixa.gov.br/informacoes-financeiras/central-de-resultados/,2025-05-30T00:00:00.000Z,pt_BR,data/catalogs/20260906T182455,False,downloaded,documents/Caixa/2024/4T24/IFRS_-_Demonstracoes_contabeis_consolidadas_editaveis_4T24__8c0d9521cc24.docx,8c0d9521cc2401c9b230ace705f473c3b48d2499df01b22e7e09778dda9a4ce6,1889350,docx,ZIP CRC verified,,
Caixa,b75d3a8a-51d3-407f-beb9-cf0ff722db9c,2024,4T24,Relatório Integrado CAIXA 2024,Relatório Integrado,relatorio-integrado,https://api.mziq.com/mzfilemanager/v2/d/fb86b0b8-b4e9-407b-a575-ba3668a566a9/934fa4cb-17da-0205-ab45-06da35051f9a?origin=2,https://ri.caixa.gov.br/informacoes-financeiras/central-de-resultados/,2025-05-29T00:00:00.000Z,pt_BR,data/catalogs/20260906T182455,False,downloaded,documents/Caixa/2024/4T24/Relatorio_Integrado_CAIXA_2024__41ff5baa69f8.pdf,41ff5baa69f88c078a9736323372c5551e17d50df89dfb433f47e7c540c69d51,15951361,pdf,PDF signature and EOF,,
Caixa,4bc42852-8c35-4d26-bf6b-fb621b09f3e7,2024,3T24,IFRS – Relatório da Administração 3T24,IFRS - Relatório da Administração,ifrs_relatório_adminisração,https://api.mziq.com/mzfilemanager/v2/d/fb86b0b8-b4e9-407b-a575-ba3668a566a9/6f4605c6-adb8-e2ab-c746-304826dde65a?origin=2,https://ri.caixa.gov.br/informacoes-financeiras/central-de-resultados/,2025-04-09T00:00:00.000Z,pt_BR,data/catalogs/20260906T182455,False,downloaded,documents/Caixa/2024/3T24/IFRS_Relatorio_da_Administracao_3T24__fbf442fdb3fb.pdf,fbf442fdb3fb5e148110802abdb62a59b7b8a024aa273833c30813e697702d7f,2275334,pdf,PDF signature and EOF,,
Caixa,67e8cc1a-d3aa-41e8-929c-00c144984b61,2024,4T24,Apresentação de Resultados 4T24,Apresentação de Resultados,central-apresentacao-de-resultados,https://api.mziq.com/mzfilemanager/v2/d/fb86b0b8-b4e9-407b-a575-ba3668a566a9/5d6a858d-e0d1-4f41-402e-95b3e18a964c?origin=2,https://ri.caixa.gov.br/informacoes-financeiras/central-de-resultados/,2025-02-26T00:00:00.000Z,pt_BR,data/catalogs/20260906T182455,False,downloaded,documents/Caixa/2024/4T24/Apresentacao_de_Resultados_4T24__2463377e9d67.pdf,2463377e9d67e5ac340e999c54a5feb51acad7a3c39bc16a2403ebfb8385bc3e,24315209,pdf,PDF signature and EOF,,
Caixa,07db3f3f-f8c0-4be1-a6b9-5269b694237a,2024,4T24,BrGaap - Demonstrações Contábeis,BrGaap - Demonstrações Contábeis,central-brgaap-demonstracoes-contabeis,https://api.mziq.com/mzfilemanager/v2/d/fb86b0b8-b4e9-407b-a575-ba3668a566a9/eeacbc99-375e-405e-7eba-fc29fa1e562f?origin=2,https://ri.caixa.gov.br/informacoes-financeiras/central-de-resultados/,2025-02-25T00:00:00.000Z,pt_BR,data/catalogs/20260906T182455,False,downloaded,documents/Caixa/2024/4T24/BrGaap_-_Demonstracoes_Contabeis__97b21336e2a6.pdf,97b21336e2a6b37eb2c298097de580bc56099cb3bf0cd21b26f341ab18a6fd3d,4346363,pdf,PDF signature and EOF,,
Caixa,2d8a2982-37de-4b3f-a9d9-79a7cc49e9af,2024,4T24,Relatório da Administração,Relatório da Administração,central-relatorio-da-administracao,https://api.mziq.com/mzfilemanager/v2/d/fb86b0b8-b4e9-407b-a575-ba3668a566a9/b6478a0d-0e39-fb89-fdd0-c63e37a1a85e?origin=2,https://ri.caixa.gov.br/informacoes-financeiras/central-de-resultados/,2025-02-25T00:00:00.000Z,pt_BR,data/catalogs/20260906T182455,False,downloaded,documents/Caixa/2024/4T24/Relatorio_da_Administracao__a7e8806d59c1.pdf,a7e8806d59c1e872afc9b76b99b0d909cde394416176c1655ac473f405a20f58,2426759,pdf,PDF signature and EOF,,
Caixa,ad08cc2d-f7aa-4a2e-a2d7-53e23da6160d,2024,4T24,Relatório de Análise de Desempenho 4T24,Relatório de Análise de Desempenho,central-relatorio-de-analise-de-desempenho,https://api.mziq.com/mzfilemanager/v2/d/fb86b0b8-b4e9-407b-a575-ba3668a566a9/d20ccd60-4633-cb49-5e27-6e128b32a528?origin=2,https://ri.caixa.gov.br/informacoes-financeiras/central-de-resultados/,2025-02-25T00:00:00.000Z,pt_BR,data/catalogs/20260906T182455,False,downloaded,documents/Caixa/2024/4T24/Relatorio_de_Analise_de_Desempenho_4T24__63c27aa819ea.pdf,63c27aa819eacb6b105e9634b64d938fc44c52b6b6eb60646691d22c6f68074b,840618,pdf,PDF signature and EOF,,
Caixa,eeac44a3-e776-44fa-93ca-7b6c360c4523,2024,4T24,BrGaap - Demonstrações Contábeis Editável,BrGaap - Demonstrações Contábeis editável,central-brgaap-demonstracoes-contabeis-editavel,https://api.mziq.com/mzfilemanager/v2/d/fb86b0b8-b4e9-407b-a575-ba3668a566a9/1dd84bc7-f49e-dc81-7813-dfe590822a3e?origin=2,https://ri.caixa.gov.br/informacoes-financeiras/central-de-resultados/,2025-02-25T00:00:00.000Z,pt_BR,data/catalogs/20260906T182455,False,downloaded,documents/Caixa/2024/4T24/BrGaap_-_Demonstracoes_Contabeis_Editavel__f275b26c8a68.docx,f275b26c8a68b41f1188cc1fb1cb5e44f5698ba4bf3295883c0d5e9991a3863b,2505578,docx,ZIP CRC verified,,
Caixa,323d2adf-94d2-4d21-ae1f-41eff72fc08c,2024,3T24,IFRS - Demonstrações contábeis consolidadas 3T24,IFRS - Demonstrações contábeis consolidadas,central-ifrs-demonstracoes-contabeis-consolidadas,https://api.mziq.com/mzfilemanager/v2/d/fb86b0b8-b4e9-407b-a575-ba3668a566a9/2c8310fd-a047-60bf-1f9c-ad77bdb2dac0?origin=2,https://ri.caixa.gov.br/informacoes-financeiras/central-de-resultados/,2025-02-05T00:00:00.000Z,pt_BR,data/catalogs/20260906T182455,False,downloaded,documents/Caixa/2024/3T24/IFRS_-_Demonstracoes_contabeis_consolidadas_3T24__762ad36ca534.pdf,762ad36ca534c92b389f011e21635dbdedcd8684dcac9c08b961c003e33e479f,3418711,pdf,PDF signature and EOF,,
Caixa,61afb8fc-2a4a-42a5-8366-f2de238d09c7,2024,3T24,IFRS - Demonstrações contábeis consolidadas editáveis 3T24,IFRS - Demonstrações contábeis consolidadas editáveis,central-ifrs-demonstracoes-contabeis-consolidadas-editáveis,https://api.mziq.com/mzfilemanager/v2/d/fb86b0b8-b4e9-407b-a575-ba3668a566a9/be5c409d-65d1-c24d-b649-c78b49565581?origin=2,https://ri.caixa.gov.br/informacoes-financeiras/central-de-resultados/,2025-02-05T00:00:00.000Z,pt_BR,data/catalogs/20260906T182455,False,downloaded,documents/Caixa/2024/3T24/IFRS_-_Demonstracoes_contabeis_consolidadas_editaveis_3T24__99d2cdb716d2.docx,99d2cdb716d204f03e9617e7921541a1f7f66ba9870dab7bfb546b0eb54a8b6f,1708430,docx,ZIP CRC verified,,
Caixa,8ead33cb-f56e-4738-adc9-784b2de615d4,2024,2T24,IFRS - Demonstrações contábeis consolidadas editáveis 2T24,IFRS - Demonstrações contábeis consolidadas editáveis,central-ifrs-demonstracoes-contabeis-consolidadas-editáveis,https://api.mziq.com/mzfilemanager/v2/d/fb86b0b8-b4e9-407b-a575-ba3668a566a9/40268b17-9541-3bdc-1abe-4bfc097524ed?origin=2,https://ri.caixa.gov.br/informacoes-financeiras/central-de-resultados/,2025-02-05T00:00:00.000Z,pt_BR,data/catalogs/20260906T182455,False,downloaded,documents/Caixa/2024/2T24/IFRS_-_Demonstracoes_contabeis_consolidadas_editaveis_2T24__653708c552f5.docx,653708c552f556c4b8e2b65315c6993b2f54fb8226f950e78582879e193fca3b,1834526,docx,ZIP CRC verified,,
Caixa,bb8cce82-0f83-4f5b-99b6-81b16bb26fd3,2024,2T24,IFRS - Demonstrações contábeis consolidadas 2T24,IFRS - Demonstrações contábeis consolidadas,central-ifrs-demonstracoes-contabeis-consolidadas,https://api.mziq.com/mzfilemanager/v2/d/fb86b0b8-b4e9-407b-a575-ba3668a566a9/930d3c5b-19fd-5653-e572-b7de18eae876?origin=2,https://ri.caixa.gov.br/informacoes-financeiras/central-de-resultados/,2025-02-05T00:00:00.000Z,pt_BR,data/catalogs/20260906T182455,False,downloaded,documents/Caixa/2024/2T24/IFRS_-_Demonstracoes_contabeis_consolidadas_2T24__2107ee304d1d.pdf,2107ee304d1d21f2fb29ded145baf0993512102eaaf2dc7997a4b7af4deba049,4498149,pdf,PDF signature and EOF,,
Caixa,f48427cb-cf05-4f02-8c5c-a7bf62dabf26,2024,2T24,IFRS – Relatório da Administração 2T24,IFRS - Relatório da Administração,ifrs_relatório_adminisração,https://api.mziq.com/mzfilemanager/v2/d/fb86b0b8-b4e9-407b-a575-ba3668a566a9/70d29f3b-5f50-90f7-e502-898fb03f7f1b?origin=2,https://ri.caixa.gov.br/informacoes-financeiras/central-de-resultados/,2025-02-05T00:00:00.000Z,pt_BR,data/catalogs/20260906T182455,False,downloaded,documents/Caixa/2024/2T24/IFRS_Relatorio_da_Administracao_2T24__1bad1fb18ad1.pdf,1bad1fb18ad15568ec8564e015a853b7d61741ef1ff54455f7850eca3c4f4173,2162184,pdf,PDF signature and EOF,,
Caixa,5765424b-4cf3-40ca-bc9e-be16eae53c1d,2024,3T24,Apresentação de Resultados 3T24,Apresentação de Resultados,central-apresentacao-de-resultados,https://api.mziq.com/mzfilemanager/v2/d/fb86b0b8-b4e9-407b-a575-ba3668a566a9/2053dbd2-e208-ef88-1c40-77bac1aea659?origin=2,https://ri.caixa.gov.br/informacoes-financeiras/central-de-resultados/,2024-11-13T00:00:00.000Z,pt_BR,data/catalogs/20260906T182455,False,downloaded,documents/Caixa/2024/3T24/Apresentacao_de_Resultados_3T24__4061980e822f.pdf,4061980e822f074380bbbe668b43153158c52d68b876e92d817b015a61a6f86e,31059718,pdf,PDF signature and EOF,,
Caixa,28805156-65da-4bef-831d-676474eb3900,2024,3T24,Relatório de Análise de Desempenho 3T24,Relatório de Análise de Desempenho,central-relatorio-de-analise-de-desempenho,https://api.mziq.com/mzfilemanager/v2/d/fb86b0b8-b4e9-407b-a575-ba3668a566a9/884a0f1e-3266-f1b3-9161-445853e82727?origin=2,https://ri.caixa.gov.br/informacoes-financeiras/central-de-resultados/,2024-11-12T00:00:00.000Z,pt_BR,data/catalogs/20260906T182455,False,downloaded,documents/Caixa/2024/3T24/Relatorio_de_Analise_de_Desempenho_3T24__58a4b47328a0.pdf,58a4b47328a07173dd6ef3fb2a9855d08a05d4413d54162249cf16abcd54f38a,1095085,pdf,PDF signature and EOF,,
Caixa,37145f66-5717-4e70-8ef8-d9aefacd567f,2024,3T24,BrGaap - Demonstrações Contábeis,BrGaap - Demonstrações Contábeis,central-brgaap-demonstracoes-contabeis,https://api.mziq.com/mzfilemanager/v2/d/fb86b0b8-b4e9-407b-a575-ba3668a566a9/5568333c-f24e-95e0-2d23-1e80e6ca66f3?origin=2,https://ri.caixa.gov.br/informacoes-financeiras/central-de-resultados/,2024-11-12T00:00:00.000Z,pt_BR,data/catalogs/20260906T182455,False,downloaded,documents/Caixa/2024/3T24/BrGaap_-_Demonstracoes_Contabeis__9f03a0e6913a.pdf,9f03a0e6913a1d01c88b612e2b96b57285f5989c3d203559176f4d4d426741f8,1691442,pdf,PDF signature and EOF,,
Caixa,476bc9fa-f522-4f86-89f4-1b2422614815,2024,3T24,BrGaap - Demonstrações Contábeis Editável,BrGaap - Demonstrações Contábeis editável,central-brgaap-demonstracoes-contabeis-editavel,https://api.mziq.com/mzfilemanager/v2/d/fb86b0b8-b4e9-407b-a575-ba3668a566a9/6347026a-ecdc-af10-1118-a8382efb83fc?origin=2,https://ri.caixa.gov.br/informacoes-financeiras/central-de-resultados/,2024-11-12T00:00:00.000Z,pt_BR,data/catalogs/20260906T182455,False,downloaded,documents/Caixa/2024/3T24/BrGaap_-_Demonstracoes_Contabeis_Editavel__827f1112319a.docx,827f1112319ace8e322636b8aa406509025bc62a668d81307fee6cc78a2f6caa,2249600,docx,ZIP CRC verified,,
Caixa,c2449fbf-c8dc-43e5-8807-929b337d308e,2024,3T24,Relatório da Administração,Relatório da Administração,central-relatorio-da-administracao,https://api.mziq.com/mzfilemanager/v2/d/fb86b0b8-b4e9-407b-a575-ba3668a566a9/5ee62bde-4676-a21f-97dd-4a60e979809b?origin=2,https://ri.caixa.gov.br/informacoes-financeiras/central-de-resultados/,2024-11-12T00:00:00.000Z,pt_BR,data/catalogs/20260906T182455,False,downloaded,documents/Caixa/2024/3T24/Relatorio_da_Administracao__b23b06d5ec41.pdf,b23b06d5ec41f4c06a8279aa042dc0d6922c4ef9e1e74ab602fe70a4b5735849,2627962,pdf,PDF signature and EOF,,
Caixa,251c4731-74e6-42f8-9057-60998eafde1c,2024,1T24,IFRS - Demonstrações contábeis consolidadas editáveis 1T24,IFRS - Demonstrações contábeis consolidadas editáveis,central-ifrs-demonstracoes-contabeis-consolidadas-editáveis,https://api.mziq.com/mzfilemanager/v2/d/fb86b0b8-b4e9-407b-a575-ba3668a566a9/f54cb279-ff6c-7a8b-6ee4-18ba7325119a?origin=2,https://ri.caixa.gov.br/informacoes-financeiras/central-de-resultados/,2024-10-30T00:00:00.000Z,pt_BR,data/catalogs/20260906T182455,False,downloaded,documents/Caixa/2024/1T24/IFRS_-_Demonstracoes_contabeis_consolidadas_editaveis_1T24__da450e636743.docx,da450e6367432d896b08648780e2518a132638542943bb494f353fdaaf418398,2195086,docx,ZIP CRC verified,,
Caixa,b6b9a09e-b11a-4a93-a6f6-6db387bf13af,2024,1T24,IFRS – Relatório da Administração 1T24,IFRS - Relatório da Administração,ifrs_relatório_adminisração,https://api.mziq.com/mzfilemanager/v2/d/fb86b0b8-b4e9-407b-a575-ba3668a566a9/b5f1b986-80cd-50bf-d218-3b3612b8cdd9?origin=2,https://ri.caixa.gov.br/informacoes-financeiras/central-de-resultados/,2024-10-30T00:00:00.000Z,pt_BR,data/catalogs/20260906T182455,False,downloaded,documents/Caixa/2024/1T24/IFRS_Relatorio_da_Administracao_1T24__c6ef06db2b16.pdf,c6ef06db2b169279bde968580d1183e470db01e57c82be666e4775f4fa404b7a,3047890,pdf,PDF signature and EOF,,
Caixa,c8a8a456-3c56-4776-9f7f-b65a84625317,2024,1T24,IFRS - Demonstrações contábeis consolidadas 1T24,IFRS - Demonstrações contábeis consolidadas,central-ifrs-demonstracoes-contabeis-consolidadas,https://api.mziq.com/mzfilemanager/v2/d/fb86b0b8-b4e9-407b-a575-ba3668a566a9/f635bfa7-6ec0-f966-70c2-0c617243f0b7?origin=2,https://ri.caixa.gov.br/informacoes-financeiras/central-de-resultados/,2024-10-30T00:00:00.000Z,pt_BR,data/catalogs/20260906T182455,False,downloaded,documents/Caixa/2024/1T24/IFRS_-_Demonstracoes_contabeis_consolidadas_1T24__226a4a934616.pdf,226a4a934616035c92d89451a5b603560c1be78d35a050c064a3f9acc16d3e70,3146670,pdf,PDF signature and EOF,,
Caixa,1782d63a-4643-42ad-a960-733b0877b7c2,2024,2T24,Relatório de Análise de Desempenho 2T24,Relatório de Análise de Desempenho,central-relatorio-de-analise-de-desempenho,https://api.mziq.com/mzfilemanager/v2/d/fb86b0b8-b4e9-407b-a575-ba3668a566a9/32613f87-8f1c-2dfa-1688-a6f219b35421?origin=2,https://ri.caixa.gov.br/informacoes-financeiras/central-de-resultados/,2024-08-21T00:00:00.000Z,pt_BR,data/catalogs/20260906T182455,False,downloaded,documents/Caixa/2024/2T24/Relatorio_de_Analise_de_Desempenho_2T24__c9d839482ff7.pdf,c9d839482ff7ace06fc2571e723598474c3e996a7bdc0ab8acb01fd09fe4ab6d,720610,pdf,PDF signature and EOF,,
Caixa,3638144c-c1d1-478e-b923-4a264f214a33,2024,2T24,BrGaap - Demonstrações Contábeis Editável,BrGaap - Demonstrações Contábeis editável,central-brgaap-demonstracoes-contabeis-editavel,https://api.mziq.com/mzfilemanager/v2/d/fb86b0b8-b4e9-407b-a575-ba3668a566a9/31fe904b-853f-4262-1e7b-073406609b3e?origin=2,https://ri.caixa.gov.br/informacoes-financeiras/central-de-resultados/,2024-08-21T00:00:00.000Z,pt_BR,data/catalogs/20260906T182455,False,downloaded,documents/Caixa/2024/2T24/BrGaap_-_Demonstracoes_Contabeis_Editavel__c8cab6650dd0.docx,c8cab6650dd05abe41ba0dec4379433e85a7f9ac440cbeb2ebc288c9451ff246,2310227,docx,ZIP CRC verified,,
Caixa,39661857-814d-4ca8-8857-c5530c10b88a,2024,2T24,BrGaap - Demonstrações Contábeis,BrGaap - Demonstrações Contábeis,central-brgaap-demonstracoes-contabeis,https://api.mziq.com/mzfilemanager/v2/d/fb86b0b8-b4e9-407b-a575-ba3668a566a9/b52ecdb4-8b1f-d310-5e6f-914b850611c0?origin=2,https://ri.caixa.gov.br/informacoes-financeiras/central-de-resultados/,2024-08-21T00:00:00.000Z,pt_BR,data/catalogs/20260906T182455,False,downloaded,documents/Caixa/2024/2T24/BrGaap_-_Demonstracoes_Contabeis__428f4000e07f.pdf,428f4000e07fd015a8c7b821df17ed7ca6678c242f6f56a2b4e0b8e9b042d5ee,2091960,pdf,PDF signature and EOF,,
Caixa,cf7d1b3e-6bfc-4a29-9a8f-588022fa3c7f,2024,2T24,Relatório da Administração,Relatório da Administração,central-relatorio-da-administracao,https://api.mziq.com/mzfilemanager/v2/d/fb86b0b8-b4e9-407b-a575-ba3668a566a9/39cc5570-8367-1a72-7aa5-1e9ae6bdf34d?origin=2,https://ri.caixa.gov.br/informacoes-financeiras/central-de-resultados/,2024-08-21T00:00:00.000Z,pt_BR,data/catalogs/20260906T182455,False,downloaded,documents/Caixa/2024/2T24/Relatorio_da_Administracao__4bf001c22584.pdf,4bf001c22584c13454ddf633ccdcc775c2ea73b1da3aa5559ab686cf7ffab20d,2462053,pdf,PDF signature and EOF,,
Caixa,4b0a9c4a-6490-4e50-adfb-5ee54c5adffe,2024,2T24,Apresentação de Resultados 2T24,Apresentação de Resultados,central-apresentacao-de-resultados,https://api.mziq.com/mzfilemanager/v2/d/fb86b0b8-b4e9-407b-a575-ba3668a566a9/7aee09cd-554a-1ccb-ccdb-cb54d1bc1bf2?origin=2,https://ri.caixa.gov.br/informacoes-financeiras/central-de-resultados/,2024-08-22T00:00:00.000Z,pt_BR,data/catalogs/20260906T193319,False,downloaded,documents/Caixa/2024/2T24/Apresentacao_de_Resultados_2T24__d71b44bc41fa.pdf,d71b44bc41fa034cc30b3ec8979be53a912002576bc2c6a428045410ae840fc1,42285378,pdf,PDF signature and EOF,,
Caixa,b66dddea-35ce-48bf-90b3-0b10eb11a877,2024,1T24,Apresentação de Resultados 1T24,Apresentação de Resultados,central-apresentacao-de-resultados,https://api.mziq.com/mzfilemanager/v2/d/fb86b0b8-b4e9-407b-a575-ba3668a566a9/5f8ca1f5-4696-f5b1-e3f3-9421f5a26f19?origin=2,https://ri.caixa.gov.br/informacoes-financeiras/central-de-resultados/,2024-05-16T00:00:00.000Z,pt_BR,data/catalogs/20260906T182455,False,downloaded,documents/Caixa/2024/1T24/Apresentacao_de_Resultados_1T24__97c44c07199f.pdf,97c44c07199fb4bb058236deb217b961959dfca6bf21fca90894328da5feda2a,32470561,pdf,PDF signature and EOF,,
Caixa,06e42c46-4a51-4edc-9fc1-304f54ae5d0c,2024,1T24,BrGaap - Demonstrações Contábeis Editável,BrGaap - Demonstrações Contábeis editável,central-brgaap-demonstracoes-contabeis-editavel,https://api.mziq.com/mzfilemanager/v2/d/fb86b0b8-b4e9-407b-a575-ba3668a566a9/41611769-8c15-5d7d-3f2c-d0656656fc87?origin=2,https://ri.caixa.gov.br/informacoes-financeiras/central-de-resultados/,2024-05-15T00:00:00.000Z,pt_BR,data/catalogs/20260906T182455,False,downloaded,documents/Caixa/2024/1T24/BrGaap_-_Demonstracoes_Contabeis_Editavel__c36ec3feb58a.docx,c36ec3feb58ae34f111f96f230867aa817bc45114c16f5b96c31c708a945784c,2102939,docx,ZIP CRC verified,,
Caixa,4aad61bc-03d1-416c-acf3-b0f8cdf1b4b3,2024,1T24,BrGaap - Demonstrações Contábeis,BrGaap - Demonstrações Contábeis,central-brgaap-demonstracoes-contabeis,https://api.mziq.com/mzfilemanager/v2/d/fb86b0b8-b4e9-407b-a575-ba3668a566a9/a098d716-508d-8998-5f52-a1f7bd60f062?origin=2,https://ri.caixa.gov.br/informacoes-financeiras/central-de-resultados/,2024-05-15T00:00:00.000Z,pt_BR,data/catalogs/20260906T182455,False,downloaded,documents/Caixa/2024/1T24/BrGaap_-_Demonstracoes_Contabeis__50d81b99965a.pdf,50d81b99965acde392c5500175c2d22bd530f4f92a5400d3bcae8a33954d2f26,1510983,pdf,PDF signature and EOF,,
Caixa,70ffb482-698e-4ad5-aa83-95c8f406949f,2024,1T24,Relatório da Administração,Relatório da Administração,central-relatorio-da-administracao,https://api.mziq.com/mzfilemanager/v2/d/fb86b0b8-b4e9-407b-a575-ba3668a566a9/9e738100-350c-6205-fdfc-34e05458c0a4?origin=2,https://ri.caixa.gov.br/informacoes-financeiras/central-de-resultados/,2024-05-15T00:00:00.000Z,pt_BR,data/catalogs/20260906T182455,False,downloaded,documents/Caixa/2024/1T24/Relatorio_da_Administracao__18a78cade0d3.pdf,18a78cade0d3368b6a07ffbe710b6f089b6dcfddbee175612a32e72889bd3553,2457524,pdf,PDF signature and EOF,,
Caixa,741f8ecd-a457-4aae-8002-e98881f16fcd,2024,1T24,Relatório de Análise de Desempenho 1T24,Relatório de Análise de Desempenho,central-relatorio-de-analise-de-desempenho,https://api.mziq.com/mzfilemanager/v2/d/fb86b0b8-b4e9-407b-a575-ba3668a566a9/5c834b3c-ba8d-ad8a-0791-c010beeffd44?origin=2,https://ri.caixa.gov.br/informacoes-financeiras/central-de-resultados/,2024-05-15T00:00:00.000Z,pt_BR,data/catalogs/20260906T182455,False,downloaded,documents/Caixa/2024/1T24/Relatorio_de_Analise_de_Desempenho_1T24__277dc98b02da.pdf,277dc98b02da5392bc4db7e385d7e666e8f6205a45a6fe7b85814e0ba42c4516,684426,pdf,PDF signature and EOF,,
Banco_do_Brasil,125085ea-6be0-4742-891c-f40732612419,2024,4T24,Institucional 4T24,Apresentação Institucional,resultados-trimestrais,https://api.mziq.com/mzfilemanager/v2/d/5760dff3-15e1-4962-9e81-322a0b3d0bbd/2f869edf-f563-c4a8-9013-7bf52b4ee202?origin=2,https://ri.bb.com.br/informacoes-financeiras/central-de-resultados/,2025-03-17T00:00:00.000Z,pt_BR,data/catalogs/20260906T182455,False,downloaded,documents/Banco_do_Brasil/2024/4T24/Institucional_4T24__7c100913deb4.pdf,7c100913deb4243749c255e37c75a135f8e6fcefef1c8f6385a39df3588dcace,14279302,pdf,PDF signature and EOF,,
Banco_do_Brasil,2e05d21b-8fd7-4500-ab38-159269f53692,2024,4T24,Transcrição Videoconferência 4T24,Transcrição da Teleconferência,tele-transcricao,https://api.mziq.com/mzfilemanager/v2/d/5760dff3-15e1-4962-9e81-322a0b3d0bbd/5f42bfd1-8898-473d-19f6-9ce052315697?origin=2,https://ri.bb.com.br/informacoes-financeiras/central-de-resultados/,2025-03-07T00:00:00.000Z,pt_BR,data/catalogs/20260906T182455,False,downloaded,documents/Banco_do_Brasil/2024/4T24/Transcricao_Videoconferencia_4T24__2bef43bd9c94.pdf,2bef43bd9c94d7f171df07c3812c6d9bda73b867f12b8a045805ce6a0ee121cc,201576,pdf,PDF signature and EOF,,
Banco_do_Brasil,7802b3b7-db4c-42d7-9f16-f0fbfc10dd5c,2024,4T24,Audio 4T24,Áudio da Teleconferência,tele-audio,https://api.mziq.com/mzfilemanager/v2/d/5760dff3-15e1-4962-9e81-322a0b3d0bbd/68b20dc1-9ca1-b2d0-5b5c-4659ca9f6847?origin=2,https://ri.bb.com.br/informacoes-financeiras/central-de-resultados/,2025-02-20T00:00:00.000Z,pt_BR,data/catalogs/20260906T182455,False,external_link,documents/Banco_do_Brasil/2024/4T24/Audio_4T24__7802b3b7.url,,,,Official catalog link; streaming/page not archived,,
Banco_do_Brasil,9f0ee1f2-7d93-4bac-8ed1-4dcdc5128aa4,2024,4T24,Video Live 4T24,Vídeo Live de Resultados,Video Live,https://api.mziq.com/mzfilemanager/v2/d/5760dff3-15e1-4962-9e81-322a0b3d0bbd/e1cbdac6-4f78-366c-b2f8-dcbf7771bc68?origin=2,https://ri.bb.com.br/informacoes-financeiras/central-de-resultados/,2025-02-20T00:00:00.000Z,pt_BR,data/catalogs/20260906T182455,True,external_link,documents/Banco_do_Brasil/2024/4T24/Video_Live_4T24__9f0ee1f2.url,,,,Official catalog link; streaming/page not archived,,
Banco_do_Brasil,169fb42b-99c5-4739-a18a-6bb752d15ab5,2024,4T24,Teleconferência 4T24,Coletiva de Imprensa; Apresentação da Teleconferência,coletivas-de-imprensa,https://api.mziq.com/mzfilemanager/v2/d/5760dff3-15e1-4962-9e81-322a0b3d0bbd/df52d929-deb2-a92d-a29e-42b61b854c20?origin=2,https://ri.bb.com.br/informacoes-financeiras/central-de-resultados/,2025-02-20T00:00:00.000Z,pt_BR,data/catalogs/20260906T182455,False,downloaded,documents/Banco_do_Brasil/2024/4T24/Teleconferencia_4T24__8b116263b052.pdf,8b116263b05218ea4cd68f6caf5c2097021cc05f039193b68f8552c0bc686101,9227497,pdf,PDF signature and EOF,,
Banco_do_Brasil,8486cb05-1005-479a-9d1e-61859df24852,2024,4T24,4T24 Apresentação de Resultados,Vídeo Apresentação de Resultado,gravacao,https://api.mziq.com/mzfilemanager/v2/d/5760dff3-15e1-4962-9e81-322a0b3d0bbd/a6b08c27-b55c-bd34-0832-ae17f9cf8988?origin=2,https://ri.bb.com.br/informacoes-financeiras/central-de-resultados/,2025-02-19T00:00:00.000Z,pt_BR,data/catalogs/20260906T182455,True,external_link,documents/Banco_do_Brasil/2024/4T24/4T24_Apresentacao_de_Resultados__8486cb05.url,,,,Official catalog link; streaming/page not archived,,
Banco_do_Brasil,2ba7013c-023a-4daf-a866-2fa51b781557,2024,4T24,Analise de Desempenho - 4T24,Análise do Desempenho,downloads-analise-do-desempenho,https://api.mziq.com/mzfilemanager/v2/d/5760dff3-15e1-4962-9e81-322a0b3d0bbd/4fefec94-09ca-ec01-47d5-7a57b8eab725?origin=2,https://ri.bb.com.br/informacoes-financeiras/central-de-resultados/,2025-02-19T00:00:00.000Z,pt_BR,data/catalogs/20260906T182455,False,downloaded,documents/Banco_do_Brasil/2024/4T24/Analise_de_Desempenho_-_4T24__6f178e38e77f.pdf,6f178e38e77fa52bc9bbbec3c8a01c2560255d9a8eb72adef0e019db5574c8b4,6567454,pdf,PDF signature and EOF,,
Banco_do_Brasil,33ab21a0-7de5-4e1a-8cd6-d1926a115e01,2024,4T24,Sumário do Resultado 4T24,Sumário do Resultado,sumario-resultado,https://api.mziq.com/mzfilemanager/v2/d/5760dff3-15e1-4962-9e81-322a0b3d0bbd/fb3957f5-2b55-aa96-b753-aa625b45ac02?origin=2,https://ri.bb.com.br/informacoes-financeiras/central-de-resultados/,2025-02-19T00:00:00.000Z,pt_BR,data/catalogs/20260906T182455,False,downloaded,documents/Banco_do_Brasil/2024/4T24/Sumario_do_Resultado_4T24__f08e6f13e1e4.pdf,f08e6f13e1e422235d2bbc0f77b641d2f6c7c859255b1998f61b93d654c40798,395071,pdf,PDF signature and EOF,,
Banco_do_Brasil,43a363b3-4293-4d34-8d4e-184779f0eb26,2024,4T24,Boletim InformAções BB 4T24,Boletim InformAções BB,boletim_trimestral,https://api.mziq.com/mzfilemanager/v2/d/5760dff3-15e1-4962-9e81-322a0b3d0bbd/8f5d95ce-5c3f-2061-7357-1ff0349e3594?origin=2,https://ri.bb.com.br/informacoes-financeiras/central-de-resultados/,2025-03-11T00:00:00.000Z,pt_BR,data/catalogs/20260906T182455,False,downloaded,documents/Banco_do_Brasil/2024/4T24/Boletim_InformAcoes_BB_4T24__9b24d434a076.pdf,9b24d434a0765fc5800ec6ea69e23cab7b1a3e296565c927a22f29797e572c28,968092,pdf,PDF signature and EOF,,
Banco_do_Brasil,4c656ea9-9707-4814-af3b-f3734a861421,2024,4T24,Relatório da  Administração 4T24,Relatório da Administração,relatorio-administracao,https://api.mziq.com/mzfilemanager/v2/d/5760dff3-15e1-4962-9e81-322a0b3d0bbd/6048a81a-fb04-7bb8-6c49-36821b5a005e?origin=2,https://ri.bb.com.br/informacoes-financeiras/central-de-resultados/,2025-02-19T00:00:00.000Z,pt_BR,data/catalogs/20260906T182455,False,downloaded,documents/Banco_do_Brasil/2024/4T24/Relatorio_da_Administracao_4T24__fea1dfc1613f.docx,fea1dfc1613fcc44e0c97dfb9d5dfe0bdb0f72b215abf6a685f37d837722c046,7687616,docx,ZIP CRC verified,,
Banco_do_Brasil,609f13cf-a0a7-46a7-b87c-29ae1ea9f671,2024,4T24,Demonstrações Contábeis em IFRS 4T24,Demonstrações Contábeis em IFRS,downloads-demonstracoes-contabeis-em-ifrs,https://api.mziq.com/mzfilemanager/v2/d/5760dff3-15e1-4962-9e81-322a0b3d0bbd/abf3c957-bc91-db3f-7ce6-fa1a56274183?origin=2,https://ri.bb.com.br/informacoes-financeiras/central-de-resultados/,2025-02-19T00:00:00.000Z,pt_BR,data/catalogs/20260906T182455,False,downloaded,documents/Banco_do_Brasil/2024/4T24/Demonstracoes_Contabeis_em_IFRS_4T24__5a8109a2eac3.pdf,5a8109a2eac30465f601fec8025694591f48a692c0a53e6e0902540246ede824,3369892,pdf,PDF signature and EOF,,
Banco_do_Brasil,66239990-a930-4d1c-8136-bc123fbb2e6d,2024,4T24,BB Notícias 4T24,BB Notícias ,downloads-bb-noticias,https://api.mziq.com/mzfilemanager/v2/d/5760dff3-15e1-4962-9e81-322a0b3d0bbd/a5747011-b67c-0e71-2eae-a27bae5cbbdd?origin=2,https://ri.bb.com.br/informacoes-financeiras/central-de-resultados/,2025-02-19T00:00:00.000Z,pt_BR,data/catalogs/20260906T182455,False,downloaded,documents/Banco_do_Brasil/2024/4T24/BB_Noticias_4T24__a713d92b9774.pdf,a713d92b97740eb7077974dc581130b5bb6ac61a4eeb44f96df74570b461be4c,242777,pdf,PDF signature and EOF,,
Banco_do_Brasil,c359fec4-975f-4dca-a83e-587181975016,2024,4T24,Demonstrações Contábeis 4T24,Demonstrações Contábeis,downloads-demonstracoes-contabeis,https://api.mziq.com/mzfilemanager/v2/d/5760dff3-15e1-4962-9e81-322a0b3d0bbd/a988cdd0-dec2-0d55-0f2e-665b33746dc8?origin=2,https://ri.bb.com.br/informacoes-financeiras/central-de-resultados/,2025-02-19T00:00:00.000Z,pt_BR,data/catalogs/20260906T182455,False,downloaded,documents/Banco_do_Brasil/2024/4T24/Demonstracoes_Contabeis_4T24__a13ff08b76b3.docx,a13ff08b76b3c6a438955410bd5b6fe4f0677279d973cba22f72f677bc0f6e39,2604465,docx,ZIP CRC verified,,
Banco_do_Brasil,d2a74740-20f0-4d8a-8614-b60acdcdf7a7,2024,4T24,Séries Históricas 4T24,Séries Históricas,downloads-series-historicas,https://api.mziq.com/mzfilemanager/v2/d/5760dff3-15e1-4962-9e81-322a0b3d0bbd/443f7c53-cd8a-ba20-bb47-5c97e3e0f465?origin=2,https://ri.bb.com.br/informacoes-financeiras/central-de-resultados/,2025-02-19T00:00:00.000Z,pt_BR,data/catalogs/20260906T182455,False,downloaded,documents/Banco_do_Brasil/2024/4T24/Series_Historicas_4T24__e9c44b9ac8b5.xlsx,e9c44b9ac8b501d445f4398674371199a6dd931beecf46305455c1fa0c425036,1542405,xlsx,ZIP CRC verified,,
Banco_do_Brasil,5a29f842-579c-4f4d-9f49-90c7bcfc6cfe,2024,3T24,Institucional 3T24,Apresentação Institucional,resultados-trimestrais,https://api.mziq.com/mzfilemanager/v2/d/5760dff3-15e1-4962-9e81-322a0b3d0bbd/a7d0ae8f-25b8-ff6a-c336-6217fc01949d?origin=2,https://ri.bb.com.br/informacoes-financeiras/central-de-resultados/,2024-12-30T00:00:00.000Z,pt_BR,data/catalogs/20260906T182455,False,downloaded,documents/Banco_do_Brasil/2024/3T24/Institucional_3T24__678aec8b95d5.pdf,678aec8b95d5337f3737debd865faf9f761fefe8bd9efa22b691b4a886b223c7,6632213,pdf,PDF signature and EOF,,
Banco_do_Brasil,b80c9418-1c09-4370-907e-38e72bf2c5cb,2024,3T24,Séries Históricas 3T24,Séries Históricas,downloads-series-historicas,https://api.mziq.com/mzfilemanager/v2/d/5760dff3-15e1-4962-9e81-322a0b3d0bbd/cf1d8cea-98f1-c785-b33c-387794d47450?origin=2,https://ri.bb.com.br/informacoes-financeiras/central-de-resultados/,2024-12-12T00:00:00.000Z,pt_BR,data/catalogs/20260906T182455,False,downloaded,documents/Banco_do_Brasil/2024/3T24/Series_Historicas_3T24__7e16c2fd9099.xlsx,7e16c2fd90995056b5558f73c241c2c6b1a0622924d1ea56cfd950cb74065337,1505865,xlsx,ZIP CRC verified,,
Banco_do_Brasil,bfe0c86d-94a8-49e4-b3f0-e47461753ac0,2024,3T24,InformAções 3T24,Boletim InformAções BB,boletim_trimestral,https://api.mziq.com/mzfilemanager/v2/d/5760dff3-15e1-4962-9e81-322a0b3d0bbd/7276e557-cce3-1a9e-30b9-99546bfa78a2?origin=2,https://ri.bb.com.br/informacoes-financeiras/central-de-resultados/,2024-12-04T00:00:00.000Z,pt_BR,data/catalogs/20260906T182455,False,downloaded,documents/Banco_do_Brasil/2024/3T24/InformAcoes_3T24__2ab4104be83f.pdf,2ab4104be83f8b970bc8107d3f7a7c8b98f6f8dc0b559ac3c802b8ee4f941508,824029,pdf,PDF signature and EOF,,
Banco_do_Brasil,3fcc1ce6-4d7c-4e7c-9e15-881eb61a7ec2,2024,4T24,Demonstrações Contábeis PDF 4T24,Demonstrações Contábeis PDF,downloads-demonstracoes-contabeis-pdf,https://api.mziq.com/mzfilemanager/v2/d/5760dff3-15e1-4962-9e81-322a0b3d0bbd/ba533eeb-282c-80ae-24f3-88c9e29ccf23?origin=2,https://ri.bb.com.br/informacoes-financeiras/central-de-resultados/,2025-02-19T00:00:00.000Z,pt_BR,data/catalogs/20260906T182455,False,downloaded,documents/Banco_do_Brasil/2024/4T24/Demonstracoes_Contabeis_PDF_4T24__b392839333aa.pdf,b392839333aa8098b85e35e2a319206bc75f22c8c25f6a9848db28855380dea4,5134980,pdf,PDF signature and EOF,,
Banco_do_Brasil,9a9bb176-2c5c-4099-a0dc-a259244b49c6,2024,3T24,Transcrição Videoconferência 3T24,Transcrição da Teleconferência,tele-transcricao,https://api.mziq.com/mzfilemanager/v2/d/5760dff3-15e1-4962-9e81-322a0b3d0bbd/b2e864cb-ff65-280d-0725-2dadfa49d07e?origin=2,https://ri.bb.com.br/informacoes-financeiras/central-de-resultados/,2024-11-27T00:00:00.000Z,pt_BR,data/catalogs/20260906T182455,False,downloaded,documents/Banco_do_Brasil/2024/3T24/Transcricao_Videoconferencia_3T24__18b8068da525.pdf,18b8068da525888143825fdecaea1fb6a69399d0d503b74a2f8b13b17689a9ad,277397,pdf,PDF signature and EOF,,
Banco_do_Brasil,6a8ed2d5-7c79-40e3-a76b-7734ab36ef00,2024,3T24,Audio 3T24,Áudio da Teleconferência,tele-audio,https://api.mziq.com/mzfilemanager/v2/d/5760dff3-15e1-4962-9e81-322a0b3d0bbd/40a39f47-db7d-3197-b400-fef1fa467ca7?origin=2,https://ri.bb.com.br/informacoes-financeiras/central-de-resultados/,2024-11-22T00:00:00.000Z,pt_BR,data/catalogs/20260906T182455,False,external_link,documents/Banco_do_Brasil/2024/3T24/Audio_3T24__6a8ed2d5.url,,,,Official catalog link; streaming/page not archived,,
Banco_do_Brasil,0afec2eb-0e21-4bb1-9753-8a4f0004d4ee,2024,3T24,Video Live 3T24,Vídeo Live de Resultados,Video Live,https://api.mziq.com/mzfilemanager/v2/d/5760dff3-15e1-4962-9e81-322a0b3d0bbd/a668bb52-38d4-cb72-1465-399e37bff0d3?origin=2,https://ri.bb.com.br/informacoes-financeiras/central-de-resultados/,2024-11-14T00:00:00.000Z,pt_BR,data/catalogs/20260906T182455,True,external_link,documents/Banco_do_Brasil/2024/3T24/Video_Live_3T24__0afec2eb.url,,,,Official catalog link; streaming/page not archived,,
Banco_do_Brasil,26c62eb5-fa4f-416c-a187-c1386434db79,2024,3T24,Relatório da  Administração 3T24,Relatório da Administração,relatorio-administracao,https://api.mziq.com/mzfilemanager/v2/d/5760dff3-15e1-4962-9e81-322a0b3d0bbd/6208a5a3-b88c-daae-e551-d434774284cb?origin=2,https://ri.bb.com.br/informacoes-financeiras/central-de-resultados/,2024-11-13T00:00:00.000Z,pt_BR,data/catalogs/20260906T182455,False,downloaded,documents/Banco_do_Brasil/2024/3T24/Relatorio_da_Administracao_3T24__1b7181f56e6a.docx,1b7181f56e6a86d890bfd5e5fcb84c3605e98819eb47411a9f98779f768b8cac,2769368,docx,ZIP CRC verified,,
Banco_do_Brasil,3dd03bea-c3bf-48f4-9257-a4fecc779ac8,2024,3T24,Demonstrações Contábeis em IFRS 3T24,Demonstrações Contábeis em IFRS,downloads-demonstracoes-contabeis-em-ifrs,https://api.mziq.com/mzfilemanager/v2/d/5760dff3-15e1-4962-9e81-322a0b3d0bbd/37666feb-f051-0077-515e-71042dd70223?origin=2,https://ri.bb.com.br/informacoes-financeiras/central-de-resultados/,2024-11-13T00:00:00.000Z,pt_BR,data/catalogs/20260906T182455,False,downloaded,documents/Banco_do_Brasil/2024/3T24/Demonstracoes_Contabeis_em_IFRS_3T24__abfc2cf56789.pdf,abfc2cf56789925e052c2b189a43b3d9ab82bf7e7c5fc527bad2b407207c6a47,2516182,pdf,PDF signature and EOF,,
Banco_do_Brasil,45621087-765e-49a5-b91a-8f3420d83fad,2024,3T24,Demonstrações Contábeis 3T24,Demonstrações Contábeis,downloads-demonstracoes-contabeis,https://api.mziq.com/mzfilemanager/v2/d/5760dff3-15e1-4962-9e81-322a0b3d0bbd/a2409d92-11f6-8513-34c2-5c2522e3c297?origin=2,https://ri.bb.com.br/informacoes-financeiras/central-de-resultados/,2024-11-13T00:00:00.000Z,pt_BR,data/catalogs/20260906T182455,False,downloaded,documents/Banco_do_Brasil/2024/3T24/Demonstracoes_Contabeis_3T24__619691c5c5ee.docx,619691c5c5ee90e1b47143a767d520b867b403f43a4dd140ee9c5c5df941d547,2350699,docx,ZIP CRC verified,,
Banco_do_Brasil,45d97664-991f-4c94-92f4-6cd32c81c0f5,2024,3T24,Teleconferência 3T24,Coletiva de Imprensa; Apresentação da Teleconferência,coletivas-de-imprensa,https://api.mziq.com/mzfilemanager/v2/d/5760dff3-15e1-4962-9e81-322a0b3d0bbd/b2819389-078b-66b2-564c-908335dbb969?origin=2,https://ri.bb.com.br/informacoes-financeiras/central-de-resultados/,2024-11-13T00:00:00.000Z,pt_BR,data/catalogs/20260906T182455,False,downloaded,documents/Banco_do_Brasil/2024/3T24/Teleconferencia_3T24__0fd7722dc822.pdf,0fd7722dc8222c310d3672dded0daa7437816c4efaf45d9b21f20691161c7fd6,6270800,pdf,PDF signature and EOF,,
Banco_do_Brasil,66da6ada-b54d-4800-8fba-6130c4859ba6,2024,3T24,Demonstrações Contábeis PDF 3T24,Demonstrações Contábeis PDF,downloads-demonstracoes-contabeis-pdf,https://api.mziq.com/mzfilemanager/v2/d/5760dff3-15e1-4962-9e81-322a0b3d0bbd/21b40e3e-121d-1abd-24ab-d9e798cdfb1e?origin=2,https://ri.bb.com.br/informacoes-financeiras/central-de-resultados/,2024-11-13T00:00:00.000Z,pt_BR,data/catalogs/20260906T182455,False,downloaded,documents/Banco_do_Brasil/2024/3T24/Demonstracoes_Contabeis_PDF_3T24__93712288eecd.pdf,93712288eecd89b3eedcbb89e3c4047003c85a7c5a023a49ba05e59f68fdb7a0,4648532,pdf,PDF signature and EOF,,
Banco_do_Brasil,858bb2cc-651e-43b8-a8e6-91858c7cd8f5,2024,3T24,Sumário do Resultado 3T24,Sumário do Resultado,sumario-resultado,https://api.mziq.com/mzfilemanager/v2/d/5760dff3-15e1-4962-9e81-322a0b3d0bbd/3c4c24e7-c567-f84d-7107-9d81578d65e7?origin=2,https://ri.bb.com.br/informacoes-financeiras/central-de-resultados/,2024-11-13T00:00:00.000Z,pt_BR,data/catalogs/20260906T182455,False,downloaded,documents/Banco_do_Brasil/2024/3T24/Sumario_do_Resultado_3T24__9815f8b9cdcf.pdf,9815f8b9cdcf5558f6fb501438380ea66023f4fa46f4e12f1e2199792de02cdd,252847,pdf,PDF signature and EOF,,
Banco_do_Brasil,e14b0333-8f96-4e4b-b4b8-267c8cc457c6,2024,3T24,BB Notícias 3T24,BB Notícias ,downloads-bb-noticias,https://api.mziq.com/mzfilemanager/v2/d/5760dff3-15e1-4962-9e81-322a0b3d0bbd/7660e547-30a0-8d93-a6b4-260d6a7f5a5b?origin=2,https://ri.bb.com.br/informacoes-financeiras/central-de-resultados/,2024-11-13T00:00:00.000Z,pt_BR,data/catalogs/20260906T182455,False,downloaded,documents/Banco_do_Brasil/2024/3T24/BB_Noticias_3T24__baaf05e88653.pdf,baaf05e88653d263c8020ff8a353c43a46dfeb2fc06c027554213314956a90f9,161343,pdf,PDF signature and EOF,,
Banco_do_Brasil,fff8a9be-a3a8-45a1-a4d4-ee7ff852d9c2,2024,3T24,3T24 Apresentação de Resultados,Vídeo Apresentação de Resultado,gravacao,https://api.mziq.com/mzfilemanager/v2/d/5760dff3-15e1-4962-9e81-322a0b3d0bbd/652ee7d0-682e-67cf-dba7-0ebca6f01448?origin=2,https://ri.bb.com.br/informacoes-financeiras/central-de-resultados/,2024-11-13T00:00:00.000Z,pt_BR,data/catalogs/20260906T182455,True,external_link,documents/Banco_do_Brasil/2024/3T24/3T24_Apresentacao_de_Resultados__fff8a9be.url,,,,Official catalog link; streaming/page not archived,,
Banco_do_Brasil,d953c4ab-ddf7-4cd7-bb8a-68ee4954776d,2024,3T24,Analise de Desempenho - 3T24,Análise do Desempenho,downloads-analise-do-desempenho,https://api.mziq.com/mzfilemanager/v2/d/5760dff3-15e1-4962-9e81-322a0b3d0bbd/509ea8a0-6aff-47d2-a52e-7ba8cd396e16?origin=2,https://ri.bb.com.br/informacoes-financeiras/central-de-resultados/,2024-11-12T00:00:00.000Z,pt_BR,data/catalogs/20260906T182455,False,downloaded,documents/Banco_do_Brasil/2024/3T24/Analise_de_Desempenho_-_3T24__5a1de6551f3e.pdf,5a1de6551f3ef659f1d51f62d4a4286c20c5b4ecec9a14c5cb0e410f35c4618d,5641030,pdf,PDF signature and EOF,,
Banco_do_Brasil,0ec99a22-81bb-4a3c-a60e-076a0204548f,2024,2T24,Transcrição Resultados 2T24,Transcrição da Teleconferência,tele-transcricao,https://api.mziq.com/mzfilemanager/v2/d/5760dff3-15e1-4962-9e81-322a0b3d0bbd/1d37687e-c96c-cfd0-bdb1-f5f8c97e4544?origin=2,https://ri.bb.com.br/informacoes-financeiras/central-de-resultados/,2024-08-30T00:00:00.000Z,pt_BR,data/catalogs/20260906T182455,False,downloaded,documents/Banco_do_Brasil/2024/2T24/Transcricao_Resultados_2T24__0a669d9b0098.pdf,0a669d9b00988f2b0317908d1661d9b8328fb971239220a5bee393b4e53c628a,210313,pdf,PDF signature and EOF,,
Banco_do_Brasil,ddd621b9-c956-4655-bdf5-a9ed0e9d5151,2024,2T24,InformAções 2T24,Boletim InformAções BB,boletim_trimestral,https://api.mziq.com/mzfilemanager/v2/d/5760dff3-15e1-4962-9e81-322a0b3d0bbd/45d14393-9c33-9cc1-63d2-13d69912c599?origin=2,https://ri.bb.com.br/informacoes-financeiras/central-de-resultados/,2024-08-28T00:00:00.000Z,pt_BR,data/catalogs/20260906T182455,False,downloaded,documents/Banco_do_Brasil/2024/2T24/InformAcoes_2T24__f620cf401e7e.pdf,f620cf401e7e9e82f87fff55e4ea5075fa920e0f11f1a1cde5d4e3437c6379b8,19323832,pdf,PDF signature and EOF,,
Banco_do_Brasil,35f59722-cb89-4c0b-bcea-dd4c1d20659a,2024,2T24,Institucional 2T24,Apresentação Institucional,resultados-trimestrais,https://api.mziq.com/mzfilemanager/v2/d/5760dff3-15e1-4962-9e81-322a0b3d0bbd/03918a7a-ec6d-3c51-9580-332fb4917be5?origin=2,https://ri.bb.com.br/informacoes-financeiras/central-de-resultados/,2024-10-03T00:00:00.000Z,pt_BR,data/catalogs/20260906T182455,False,downloaded,documents/Banco_do_Brasil/2024/2T24/Institucional_2T24__bb4007b27d74.pdf,bb4007b27d7454f42912624b193f7b2ce18c1ae9b8daea64e99216b08e941ac6,8179195,pdf,PDF signature and EOF,,
Banco_do_Brasil,f65338e7-6cc1-4295-8da0-3d9cbedad58c,2024,2T24,Video Live 2T24,Vídeo Live de Resultados,Video Live,https://api.mziq.com/mzfilemanager/v2/d/5760dff3-15e1-4962-9e81-322a0b3d0bbd/ea7418ed-2c59-4316-19c6-d2e0e8cc73a0?origin=2,https://ri.bb.com.br/informacoes-financeiras/central-de-resultados/,2024-08-13T00:00:00.000Z,pt_BR,data/catalogs/20260906T182455,True,external_link,documents/Banco_do_Brasil/2024/2T24/Video_Live_2T24__f65338e7.url,,,,Official catalog link; streaming/page not archived,,
Banco_do_Brasil,5a92b163-8771-4013-a153-7e58dde619cb,2024,2T24,Audio 2T24,Áudio da Teleconferência,tele-audio,https://api.mziq.com/mzfilemanager/v2/d/5760dff3-15e1-4962-9e81-322a0b3d0bbd/eae7c89e-37d3-17e1-817a-449f70dc0606?origin=2,https://ri.bb.com.br/informacoes-financeiras/central-de-resultados/,2024-08-12T00:00:00.000Z,pt_BR,data/catalogs/20260906T182455,False,external_link,documents/Banco_do_Brasil/2024/2T24/Audio_2T24__5a92b163.url,,,,Official catalog link; streaming/page not archived,,
Banco_do_Brasil,2ecc25ba-9c04-44b4-96be-c5f1d01413ea,2024,2T24,Sumário do Resultado 2T24,Sumário do Resultado,sumario-resultado,https://api.mziq.com/mzfilemanager/v2/d/5760dff3-15e1-4962-9e81-322a0b3d0bbd/1685fe4a-994e-faa1-56d3-a921e90d31df?origin=2,https://ri.bb.com.br/informacoes-financeiras/central-de-resultados/,2024-08-07T00:00:00.000Z,pt_BR,data/catalogs/20260906T182455,False,downloaded,documents/Banco_do_Brasil/2024/2T24/Sumario_do_Resultado_2T24__913ee718b4b5.pdf,913ee718b4b55b415f593c8e79ff700ab91c201a444e708e03171fbc702e50c9,241797,pdf,PDF signature and EOF,,
Banco_do_Brasil,3b112eb8-3038-4203-bf64-2898f5669588,2024,2T24,Demonstrações Contábeis 2T24,Demonstrações Contábeis,downloads-demonstracoes-contabeis,https://api.mziq.com/mzfilemanager/v2/d/5760dff3-15e1-4962-9e81-322a0b3d0bbd/bf603091-0517-3229-4076-d31e7838c8f5?origin=2,https://ri.bb.com.br/informacoes-financeiras/central-de-resultados/,2024-08-07T00:00:00.000Z,pt_BR,data/catalogs/20260906T182455,False,downloaded,documents/Banco_do_Brasil/2024/2T24/Demonstracoes_Contabeis_2T24__234bc0efc61e.docx,234bc0efc61e24bdd721b7e78387c6ce53052d6c9e29f5f8e579b632c690ebef,2514685,docx,ZIP CRC verified,,
Banco_do_Brasil,41179e6a-d081-4dd2-a0c2-d277fbe14c99,2024,2T24,Relatório da  Administração 2T24,Relatório da Administração,relatorio-administracao,https://api.mziq.com/mzfilemanager/v2/d/5760dff3-15e1-4962-9e81-322a0b3d0bbd/65a8fb51-ebf3-b424-cbdf-8b403085651a?origin=2,https://ri.bb.com.br/informacoes-financeiras/central-de-resultados/,2024-08-07T00:00:00.000Z,pt_BR,data/catalogs/20260906T182455,False,downloaded,documents/Banco_do_Brasil/2024/2T24/Relatorio_da_Administracao_2T24__b2b9d92bd807.docx,b2b9d92bd807bbf77043330cad84a4f094354d166868df6d5baedd056290566d,3957528,docx,ZIP CRC verified,,
Banco_do_Brasil,64b31b1a-2cce-4668-a883-76393eb6f18c,2024,2T24,Teleconferência 2T24,Coletiva de Imprensa; Apresentação da Teleconferência,coletivas-de-imprensa,https://api.mziq.com/mzfilemanager/v2/d/5760dff3-15e1-4962-9e81-322a0b3d0bbd/334138eb-ec6a-b5f7-98e8-76c809293a38?origin=2,https://ri.bb.com.br/informacoes-financeiras/central-de-resultados/,2024-08-07T00:00:00.000Z,pt_BR,data/catalogs/20260906T182455,False,downloaded,documents/Banco_do_Brasil/2024/2T24/Teleconferencia_2T24__3e5e24a1b067.pdf,3e5e24a1b06750d607fd14897da7a007e84448311b21618ceb867f2ce3ef2385,6443173,pdf,PDF signature and EOF,,
Banco_do_Brasil,8f20bd21-ca14-4760-a095-e797edd1075d,2024,2T24,Séries Históricas 2T24,Séries Históricas,downloads-series-historicas,https://api.mziq.com/mzfilemanager/v2/d/5760dff3-15e1-4962-9e81-322a0b3d0bbd/9a1e03ad-1846-f95f-8681-382fad85cffa?origin=2,https://ri.bb.com.br/informacoes-financeiras/central-de-resultados/,2024-08-07T00:00:00.000Z,pt_BR,data/catalogs/20260906T182455,False,downloaded,documents/Banco_do_Brasil/2024/2T24/Series_Historicas_2T24__060a0e2267f6.xlsx,060a0e2267f6fae0b793accfbd14435657c66a9f7a8f34d0d1d2bf2259673a57,1433332,xlsx,ZIP CRC verified,,
Banco_do_Brasil,a3259b06-ce3c-4f5e-9d86-05836b581104,2024,2T24,Demonstrações Contábeis PDF 2T24,Demonstrações Contábeis PDF,downloads-demonstracoes-contabeis-pdf,https://api.mziq.com/mzfilemanager/v2/d/5760dff3-15e1-4962-9e81-322a0b3d0bbd/f115e8b0-5dda-2cc9-6df3-16a2199179ae?origin=2,https://ri.bb.com.br/informacoes-financeiras/central-de-resultados/,2024-08-07T00:00:00.000Z,pt_BR,data/catalogs/20260906T182455,False,downloaded,documents/Banco_do_Brasil/2024/2T24/Demonstracoes_Contabeis_PDF_2T24__ed12fe4d054f.pdf,ed12fe4d054f8a187129217e1920b08c91b4fbc8e1e683cc93e15b2789850576,4763611,pdf,PDF signature and EOF,,
Banco_do_Brasil,c2022068-e0fd-4815-b72d-88506e683a8f,2024,2T24,Video Apresentação 2T24,Vídeo Apresentação de Resultado,gravacao,https://api.mziq.com/mzfilemanager/v2/d/5760dff3-15e1-4962-9e81-322a0b3d0bbd/f44c0d63-4330-a557-df7c-8112e5092c32?origin=2,https://ri.bb.com.br/informacoes-financeiras/central-de-resultados/,2024-08-07T00:00:00.000Z,pt_BR,data/catalogs/20260906T182455,True,external_link,documents/Banco_do_Brasil/2024/2T24/Video_Apresentacao_2T24__c2022068.url,,,,Official catalog link; streaming/page not archived,,
Banco_do_Brasil,d4f06fd8-53ce-4e08-b2ea-0a77a6aa6d88,2024,2T24,Demonstrações Contábeis em IFRS 2T24,Demonstrações Contábeis em IFRS,downloads-demonstracoes-contabeis-em-ifrs,https://api.mziq.com/mzfilemanager/v2/d/5760dff3-15e1-4962-9e81-322a0b3d0bbd/8545d824-5be9-12aa-21e4-6ddbf26c6bd2?origin=2,https://ri.bb.com.br/informacoes-financeiras/central-de-resultados/,2024-08-07T00:00:00.000Z,pt_BR,data/catalogs/20260906T182455,False,downloaded,documents/Banco_do_Brasil/2024/2T24/Demonstracoes_Contabeis_em_IFRS_2T24__18bc9e241aff.pdf,18bc9e241aff802d3fd81d1a009aceac13337cf36534705e5086400aedfa2b8a,2950977,pdf,PDF signature and EOF,,
Banco_do_Brasil,de5b08e0-0e51-4e03-8d22-adae0101948e,2024,2T24,Analise de Desempenho - 2T24,Análise do Desempenho,downloads-analise-do-desempenho,https://api.mziq.com/mzfilemanager/v2/d/5760dff3-15e1-4962-9e81-322a0b3d0bbd/ba2f604f-beb4-6ee2-20bb-c2bcabbddf84?origin=2,https://ri.bb.com.br/informacoes-financeiras/central-de-resultados/,2024-08-07T00:00:00.000Z,pt_BR,data/catalogs/20260906T182455,False,downloaded,documents/Banco_do_Brasil/2024/2T24/Analise_de_Desempenho_-_2T24__a3b81fb99ebd.pdf,a3b81fb99ebdbe0ecb25f284d2ef22c4f5acecbcc31df0a4fae58dcb2e80f2ab,6797393,pdf,PDF signature and EOF,,
Banco_do_Brasil,def6ab85-22d0-412f-88bc-99892ff8935b,2024,2T24,BB Notícias 2T24,BB Notícias ,downloads-bb-noticias,https://api.mziq.com/mzfilemanager/v2/d/5760dff3-15e1-4962-9e81-322a0b3d0bbd/3394c31f-89f1-9545-298c-3576310b7ae7?origin=2,https://ri.bb.com.br/informacoes-financeiras/central-de-resultados/,2024-08-07T00:00:00.000Z,pt_BR,data/catalogs/20260906T182455,False,downloaded,documents/Banco_do_Brasil/2024/2T24/BB_Noticias_2T24__f83e962e71b5.pdf,f83e962e71b56f9def5f241e401924f2740a794000c370a05aa01bd72da66195,253011,pdf,PDF signature and EOF,,
Banco_do_Brasil,e1a9f71d-f42b-4431-b705-144a761324e5,2024,1T24,Institucional 1T24,Apresentação Institucional,resultados-trimestrais,https://api.mziq.com/mzfilemanager/v2/d/5760dff3-15e1-4962-9e81-322a0b3d0bbd/5b0e3a31-9dc3-8761-cd07-a1f6913bfe2d?origin=2,https://ri.bb.com.br/informacoes-financeiras/central-de-resultados/,2024-05-24T00:00:00.000Z,pt_BR,data/catalogs/20260906T182455,False,downloaded,documents/Banco_do_Brasil/2024/1T24/Institucional_1T24__490642f89200.pdf,490642f89200889bb6b9a6a40610ecd27ba3b1adfb891a77aa5e9c88ebe8f5f7,7934435,pdf,PDF signature and EOF,,
Banco_do_Brasil,fe4e17ee-c586-4d93-a174-47a049e2fb39,2024,1T24,Boletim InformAções 1T24,Boletim InformAções BB,boletim_trimestral,https://api.mziq.com/mzfilemanager/v2/d/5760dff3-15e1-4962-9e81-322a0b3d0bbd/a06a930d-ad09-df5f-42c2-5c339472cf1d?origin=2,https://ri.bb.com.br/informacoes-financeiras/central-de-resultados/,2024-05-23T00:00:00.000Z,pt_BR,data/catalogs/20260906T182455,False,downloaded,documents/Banco_do_Brasil/2024/1T24/Boletim_InformAcoes_1T24__9e7887d3b210.pdf,9e7887d3b210e38ea9763ff03fe120859ed55b4254e8ca5476d2db189a4611fc,5705865,pdf,PDF signature and EOF,,
Banco_do_Brasil,fd2af6d8-87c8-40f9-a69d-690f908149b7,2024,1T24,Transcrição Live de Resultados - 1T24,Transcrição da Teleconferência,tele-transcricao,https://api.mziq.com/mzfilemanager/v2/d/5760dff3-15e1-4962-9e81-322a0b3d0bbd/72e221ed-0fdb-1210-5e9f-dee2550a0a8d?origin=2,https://ri.bb.com.br/informacoes-financeiras/central-de-resultados/,2024-05-20T00:00:00.000Z,pt_BR,data/catalogs/20260906T182455,False,downloaded,documents/Banco_do_Brasil/2024/1T24/Transcricao_Live_de_Resultados_-_1T24__d3ebe33024de.pdf,d3ebe33024de181250b91bffc767ab6df2dabbd5d60aab8096948288dc4268b3,369690,pdf,PDF signature and EOF,,
Banco_do_Brasil,8b72e071-0f0b-4c64-a258-418c2158af36,2024,1T24,Video Resultado 1T24,Vídeo Apresentação de Resultado,gravacao,https://api.mziq.com/mzfilemanager/v2/d/5760dff3-15e1-4962-9e81-322a0b3d0bbd/fd9136d9-8065-372c-5846-c653aa6a502e?origin=2,https://ri.bb.com.br/informacoes-financeiras/central-de-resultados/,2024-05-16T00:00:00.000Z,pt_BR,data/catalogs/20260906T182455,True,external_link,documents/Banco_do_Brasil/2024/1T24/Video_Resultado_1T24__8b72e071.url,,,,Official catalog link; streaming/page not archived,,
Banco_do_Brasil,2c0265b2-17f9-437d-a80c-97226aea61e0,2024,1T24,Audio 1T24,Áudio da Teleconferência,tele-audio,https://api.mziq.com/mzfilemanager/v2/d/5760dff3-15e1-4962-9e81-322a0b3d0bbd/e0072da2-4a77-719e-cc31-5bac5f324f1b?origin=2,https://ri.bb.com.br/informacoes-financeiras/central-de-resultados/,2024-05-09T00:00:00.000Z,pt_BR,data/catalogs/20260906T182455,False,external_link,documents/Banco_do_Brasil/2024/1T24/Audio_1T24__2c0265b2.url,,,,Official catalog link; streaming/page not archived,,
Banco_do_Brasil,50b11b24-16b5-41fe-96b0-2e9b03ac4489,2024,1T24,Video 1T24,Vídeo Live de Resultados,Video Live,https://api.mziq.com/mzfilemanager/v2/d/5760dff3-15e1-4962-9e81-322a0b3d0bbd/392bf325-d7d7-f9e8-e694-644fdf091426?origin=2,https://ri.bb.com.br/informacoes-financeiras/central-de-resultados/,2024-05-09T00:00:00.000Z,pt_BR,data/catalogs/20260906T182455,True,external_link,documents/Banco_do_Brasil/2024/1T24/Video_1T24__50b11b24.url,,,,Official catalog link; streaming/page not archived,,
Banco_do_Brasil,0ed6e941-395e-4647-b080-769e4e8a229f,2024,1T24,BB Notícias 1T24,BB Notícias ,downloads-bb-noticias,https://api.mziq.com/mzfilemanager/v2/d/5760dff3-15e1-4962-9e81-322a0b3d0bbd/363fe12e-b4d9-e5f0-f68e-b21d0484bdfe?origin=2,https://ri.bb.com.br/informacoes-financeiras/central-de-resultados/,2024-05-08T00:00:00.000Z,pt_BR,data/catalogs/20260906T182455,False,downloaded,documents/Banco_do_Brasil/2024/1T24/BB_Noticias_1T24__733233fd0a93.pdf,733233fd0a9351ad6485ae28a469a4681645595638108651e0e0a311cf79cd29,293735,pdf,PDF signature and EOF,,
Banco_do_Brasil,13f71b3c-3a8d-42c7-a292-c2689a897178,2024,1T24,Teleconferência 1T24,Coletiva de Imprensa; Apresentação da Teleconferência,coletivas-de-imprensa,https://api.mziq.com/mzfilemanager/v2/d/5760dff3-15e1-4962-9e81-322a0b3d0bbd/a7b27aa4-c611-eaa8-c141-8b8caba75cf0?origin=2,https://ri.bb.com.br/informacoes-financeiras/central-de-resultados/,2024-05-08T00:00:00.000Z,pt_BR,data/catalogs/20260906T182455,False,downloaded,documents/Banco_do_Brasil/2024/1T24/Teleconferencia_1T24__eb97fd3df2f1.pdf,eb97fd3df2f118d28c3b7bb06cd417c706125e39c9aee7f40aaa440477c94c1b,6067379,pdf,PDF signature and EOF,,
Banco_do_Brasil,141f6047-de89-4ac6-af13-edf3ac5899dd,2024,1T24,Demonstrações Contábeis PDF 1T24,Demonstrações Contábeis PDF,downloads-demonstracoes-contabeis-pdf,https://api.mziq.com/mzfilemanager/v2/d/5760dff3-15e1-4962-9e81-322a0b3d0bbd/4153b714-8566-6715-f981-f2d8b1d825b2?origin=2,https://ri.bb.com.br/informacoes-financeiras/central-de-resultados/,2024-05-08T00:00:00.000Z,pt_BR,data/catalogs/20260906T182455,False,downloaded,documents/Banco_do_Brasil/2024/1T24/Demonstracoes_Contabeis_PDF_1T24__477afed394b7.pdf,477afed394b75c1a1eac3cca73f81be21262af9ec0dd784fc67557fa6e03cf7c,3434975,pdf,PDF signature and EOF,,
Banco_do_Brasil,5066f35b-ed4b-4deb-988a-5a6867395bdb,2024,1T24,Analise de Desempenho - 1T24,Análise do Desempenho,downloads-analise-do-desempenho,https://api.mziq.com/mzfilemanager/v2/d/5760dff3-15e1-4962-9e81-322a0b3d0bbd/c8c43746-092f-c710-6c86-f802d46a76e8?origin=2,https://ri.bb.com.br/informacoes-financeiras/central-de-resultados/,2024-05-08T00:00:00.000Z,pt_BR,data/catalogs/20260906T182455,False,downloaded,documents/Banco_do_Brasil/2024/1T24/Analise_de_Desempenho_-_1T24__61cfeb18ed5d.pdf,61cfeb18ed5da39d8e99476711f43a459bad9d35ea89a34b4a17e29ec49d742d,5510984,pdf,PDF signature and EOF,,
Banco_do_Brasil,653d579d-9498-4b99-a6de-678508e69eb0,2024,1T24,Sumário do Resultado 1T24,Sumário do Resultado,sumario-resultado,https://api.mziq.com/mzfilemanager/v2/d/5760dff3-15e1-4962-9e81-322a0b3d0bbd/5b90cdd9-0fb8-aaab-afbb-10ee2a4933ed?origin=2,https://ri.bb.com.br/informacoes-financeiras/central-de-resultados/,2024-05-08T00:00:00.000Z,pt_BR,data/catalogs/20260906T182455,False,downloaded,documents/Banco_do_Brasil/2024/1T24/Sumario_do_Resultado_1T24__44ba2921442a.pdf,44ba2921442ac7ed7b4a720c0e5bce867c1e696e6c469709ff7ba9ff83573275,244921,pdf,PDF signature and EOF,,
Banco_do_Brasil,7fc2aa07-d53a-401e-be85-f23ca9661ade,2024,1T24,Séries Históricas 1T24,Séries Históricas,downloads-series-historicas,https://api.mziq.com/mzfilemanager/v2/d/5760dff3-15e1-4962-9e81-322a0b3d0bbd/3db7c709-7a06-f7ee-887f-36c258f698ec?origin=2,https://ri.bb.com.br/informacoes-financeiras/central-de-resultados/,2024-05-08T00:00:00.000Z,pt_BR,data/catalogs/20260906T182455,False,downloaded,documents/Banco_do_Brasil/2024/1T24/Series_Historicas_1T24__d4dbef4b0326.xlsx,d4dbef4b0326f8bb76bc78272545f63f4021269401e919995cf40c8ab486afb8,1438240,xlsx,ZIP CRC verified,,
Banco_do_Brasil,c28289cf-6f62-4598-850c-13d3a46a86c7,2024,1T24,Relatório da  Administração 1T24,Relatório da Administração,relatorio-administracao,https://api.mziq.com/mzfilemanager/v2/d/5760dff3-15e1-4962-9e81-322a0b3d0bbd/68bddcc3-6ceb-e31b-bc45-5d87104dba2d?origin=2,https://ri.bb.com.br/informacoes-financeiras/central-de-resultados/,2024-05-08T00:00:00.000Z,pt_BR,data/catalogs/20260906T182455,False,downloaded,documents/Banco_do_Brasil/2024/1T24/Relatorio_da_Administracao_1T24__3f40bac3e11d.docx,3f40bac3e11d230a2c8b632d0e27947fcf7c52b17539c1feb3398d27ac134ae4,3115484,docx,ZIP CRC verified,,
Banco_do_Brasil,d181cae9-3939-4f8a-a40b-a573a6fb4bcc,2024,1T24,Demonstrações Contábeis 1T24,Demonstrações Contábeis,downloads-demonstracoes-contabeis,https://api.mziq.com/mzfilemanager/v2/d/5760dff3-15e1-4962-9e81-322a0b3d0bbd/e30e8e7d-7242-499c-03b5-aa6e534f97e5?origin=2,https://ri.bb.com.br/informacoes-financeiras/central-de-resultados/,2024-05-08T00:00:00.000Z,pt_BR,data/catalogs/20260906T182455,False,downloaded,documents/Banco_do_Brasil/2024/1T24/Demonstracoes_Contabeis_1T24__22890196f90d.docx,22890196f90dfd5c7e11be7bb03d866eacf544064d9dfbd86be0ddc6cece5a57,2551842,docx,ZIP CRC verified,,
Banco_do_Brasil,da3ea49f-51b1-45b3-9cbb-3dd23ac47109,2024,1T24,Demonstrações Contábeis em IFRS 1T24,Demonstrações Contábeis em IFRS,downloads-demonstracoes-contabeis-em-ifrs,https://api.mziq.com/mzfilemanager/v2/d/5760dff3-15e1-4962-9e81-322a0b3d0bbd/5bc435b1-806b-bbd1-5603-966d5170c51c?origin=2,https://ri.bb.com.br/informacoes-financeiras/central-de-resultados/,2024-05-08T00:00:00.000Z,pt_BR,data/catalogs/20260906T182455,False,downloaded,documents/Banco_do_Brasil/2024/1T24/Demonstracoes_Contabeis_em_IFRS_1T24__042854b9bb17.pdf,042854b9bb17fa35c607aaa3e12e5f0a308053f137124dc181b6264438701044,2710100,pdf,PDF signature and EOF,,
Bradesco,2ad49613-3b86-4a4d-b0dc-bc4ed673c5a1,2025,4T25,Demonstrações Financeiras Consolidadas - IFRS 4T25,Demonstrações Financeiras Consolidadas - IFRS,relatorios_ifrs,https://filemanager-cdn.mziq.com/published/80f2e993-0a30-421a-9470-a4d5c8ad5e9f/d45c2691-aff2-4b52-9039-a05df40bf4cb_demonstracoes_contabeis_consolidadas_ifrs_4t25.pdf,https://www.bradescori.com.br/informacoes-ao-mercado/central-de-resultados/,2026-03-25T00:00:00.000Z,pt_BR,data/catalogs/20260906T193319,False,downloaded,documents/Bradesco/2025/4T25/Demonstracoes_Financeiras_Consolidadas_-_IFRS_4T25__95e9f937f463.pdf,95e9f937f4632d504e4d2fcabae6b3b4535df10f05f24e4635a0e566dd1ccb8f,2807859,pdf,PDF signature and EOF,,
Bradesco,1974137f-e134-417f-9c96-8ba7c39447b3,2025,4T25,Bradesco 4T25 - Transcrição Videoconferência,Transcrição,teleconferencias_transcricao,https://api.mziq.com/mzfilemanager/v2/d/80f2e993-0a30-421a-9470-a4d5c8ad5e9f/4101384e-5ea0-30e4-2e77-dce106c06f13?origin=2,https://www.bradescori.com.br/informacoes-ao-mercado/central-de-resultados/,2026-02-18T00:00:00.000Z,pt_BR,data/catalogs/20260906T193319,False,downloaded,documents/Bradesco/2025/4T25/Bradesco_4T25_-_Transcricao_Videoconferencia__2ee4f5792b75.pdf,2ee4f5792b75f557522f8c0cf372065cab31a236d83e7f96a2d98f3eeb3d23fa,217797,pdf,PDF signature and EOF,,
Bradesco,5d0f64de-93e6-46fe-a316-cc6e084d46c7,2025,4T25,Bradesco 4T25 - Informativo Trimestral,Informativo Trimestral,_informativos,https://filemanager-cdn.mziq.com/published/80f2e993-0a30-421a-9470-a4d5c8ad5e9f/5fddd2f8-24c6-4a89-a457-d3afa36dd704_bradesco_4t25_informativo_trimestral.pdf,https://www.bradescori.com.br/informacoes-ao-mercado/central-de-resultados/,2026-02-06T00:00:00.000Z,pt_BR,data/catalogs/20260906T193319,False,downloaded,documents/Bradesco/2025/4T25/Bradesco_4T25_-_Informativo_Trimestral__5d8c686d3fbd.pdf,5d8c686d3fbddc2f5ff77de58c10d59ba5c40cee3be62d0fb2f6249b79e9798a,817552,pdf,PDF signature and EOF,,
Bradesco,75205d1c-3246-4090-8f68-356e0fc4b372,2025,4T25,Bradesco 4T25 -  Videoconferência de Resultados,Conferência de Resultados,videoconferencia_resultados,https://www.youtube.com/embed/kQw3qsRjn10?si=knU6XuZ_v5F0pQAs,https://www.bradescori.com.br/informacoes-ao-mercado/central-de-resultados/,2026-02-06T00:00:00.000Z,pt_BR,data/catalogs/20260906T193319,True,external_link,documents/Bradesco/2025/4T25/Bradesco_4T25_-_Videoconferencia_de_Resultados__75205d1c.url,,,,Official catalog link; streaming/page not archived,,
Bradesco,165b6164-83b4-43c8-8b68-c8ba46ca01d0,2025,4T25,Bradesco 4T25 - Press Release,Press Release,relatorios_press_release,https://filemanager-cdn.mziq.com/published/80f2e993-0a30-421a-9470-a4d5c8ad5e9f/2e1187b8-e1a0-45f6-bef4-9b29be1e3560_bradesco_4t25_press_release.pdf,https://www.bradescori.com.br/informacoes-ao-mercado/central-de-resultados/,2026-02-05T00:00:00.000Z,pt_BR,data/catalogs/20260906T193319,False,downloaded,documents/Bradesco/2025/4T25/Bradesco_4T25_-_Press_Release__e45d87a45ed9.pdf,e45d87a45ed9b28fcc9e0bc7eab0b635a42adc5c0abc3d27ac338ba17a0f8451,566010,pdf,PDF signature and EOF,,
Bradesco,2302f301-ca1e-42f3-9492-a9068ac34894,2025,4T25,Bradesco 4T25 - Relatório de Gerenciamento de Riscos,Gerenciamento de Riscos | Pilar 3,gerenciamento_de_riscos_gerenciamento_de_riscos,https://filemanager-cdn.mziq.com/published/80f2e993-0a30-421a-9470-a4d5c8ad5e9f/cc0635ea-0a2b-49d0-8357-3c1310d54887_bradesco_4t25_relatorio_de_gerenciamento_de_riscos.pdf,https://www.bradescori.com.br/informacoes-ao-mercado/central-de-resultados/,2026-03-31T00:00:00.000Z,pt_BR,data/catalogs/20260906T193319,False,downloaded,documents/Bradesco/2025/4T25/Bradesco_4T25_-_Relatorio_de_Gerenciamento_de_Riscos__bbdc36eb3250.pdf,bbdc36eb325063e8cb15311df26ff9ba1246d5dba8dd59b3e658199f1b3422f4,3788697,pdf,PDF signature and EOF,,
Bradesco,5bce00f3-e5dc-4695-8f5e-65b1b13521e7,2025,4T25,Bradesco 4T25 - Podcast Resultados,Podcast,teleconferencias_podcast,https://mz-filemanager.s3.us-east-1.amazonaws.com/80f2e993-0a30-421a-9470-a4d5c8ad5e9f/a4edde9d-c544-4831-8ae8-25fd09fe2a6a_bradesco_4t25_podcast_resultados.mp3,https://www.bradescori.com.br/informacoes-ao-mercado/central-de-resultados/,2026-02-05T00:00:00.000Z,pt_BR,data/catalogs/20260906T193319,True,external_link,documents/Bradesco/2025/4T25/Bradesco_4T25_-_Podcast_Resultados__5bce00f3.url,,,,Official catalog link; streaming/page not archived,,
Bradesco,a59c3b60-f49d-4f96-9ec0-e3a8d003f984,2025,4T25,Bradesco 4T25 - Anexos Pilar 3,Anexos Pilar 3,gerenciamento_de_riscos_anexos_pilar,https://filemanager-cdn.mziq.com/published/80f2e993-0a30-421a-9470-a4d5c8ad5e9f/ef2445af-7581-4d2a-b233-c9d74e153c73_bradesco_4t25_anexos_pilar_3.pdf,https://www.bradescori.com.br/informacoes-ao-mercado/central-de-resultados/,2026-05-11T00:00:00.000Z,pt_BR,data/catalogs/20260906T193319,False,downloaded,documents/Bradesco/2025/4T25/Bradesco_4T25_-_Anexos_Pilar_3__0ed23df8beeb.xlsx,0ed23df8beebf95a2f48e0118033f9108a51feb2d0702adb39e5f4cb574b2b2b,1182238,xlsx,ZIP CRC verified,,
Bradesco,c8ff4761-c45e-4e0b-8bb2-4fadfa1271b5,2025,4T25,Bradesco 4T25 - Apresentação de Resultados,Apresentação da Videoconferência,apresentacoes_institucionais_teleconferencia,https://filemanager-cdn.mziq.com/published/80f2e993-0a30-421a-9470-a4d5c8ad5e9f/f57da680-b8ee-47b1-8361-e4c5c9ef1c46_bradesco_4t25_apresentacao_de_resultados.pdf,https://www.bradescori.com.br/informacoes-ao-mercado/central-de-resultados/,2026-02-05T00:00:00.000Z,pt_BR,data/catalogs/20260906T193319,False,downloaded,documents/Bradesco/2025/4T25/Bradesco_4T25_-_Apresentacao_de_Resultados__e21b529ac731.pdf,e21b529ac73182a54b813c7968e07f6602d3f78f23d7bace88ce543fe9349f7f,3227603,pdf,PDF signature and EOF,,
Bradesco,e7464f23-0991-4999-a7ca-a100d8c2c8d6,2025,4T25,Bradesco 4T25 - Relatório de Análise Econômica e Financeira,Relatório de Análise Econômica e Financeira,relatorios_relatorio_de_analise_economica,https://filemanager-cdn.mziq.com/published/80f2e993-0a30-421a-9470-a4d5c8ad5e9f/b21ae9be-8683-4e11-94c9-478a1eea4f9f_relatorio_de_analise_economica_e_financeira_4t25.pdf,https://www.bradescori.com.br/informacoes-ao-mercado/central-de-resultados/,2026-02-05T00:00:00.000Z,pt_BR,data/catalogs/20260906T193319,False,downloaded,documents/Bradesco/2025/4T25/Bradesco_4T25_-_Relatorio_de_Analise_Economica_e_Financeira__95ef4d7a1605.pdf,95ef4d7a1605b480298e657baee01c327fedba58d3aa7b3baaeebf322c4c1435,5831567,pdf,PDF signature and EOF,,
Bradesco,fc133f43-9df2-466d-a94b-f9813a025259,2025,4T25,Bradesco 4T25 - Séries Históricas,Séries Históricas,relatorios_series_historicas,https://filemanager-cdn.mziq.com/published/80f2e993-0a30-421a-9470-a4d5c8ad5e9f/cf3ab209-1609-4e0d-ae94-f1b462122133_bradesco_4t25_series_historicas.pdf,https://www.bradescori.com.br/informacoes-ao-mercado/central-de-resultados/,2026-02-05T00:00:00.000Z,pt_BR,data/catalogs/20260906T193319,False,downloaded,documents/Bradesco/2025/4T25/Bradesco_4T25_-_Series_Historicas__5d4d99fbd51b.xlsx,5d4d99fbd51bf9f1c65c2e293384fab6d2a7d0855271d9f6b3f5886facc920ca,1427361,xlsx,ZIP CRC verified,,
Bradesco,3b25aee9-3db4-43cd-9d22-4b2f08831626,2025,3T25,Bradesco 3T25 - Transcrição Videoconferência,Transcrição,teleconferencias_transcricao,https://api.mziq.com/mzfilemanager/v2/d/80f2e993-0a30-421a-9470-a4d5c8ad5e9f/b2307fb6-e723-8796-75de-a849bfe03931?origin=2,https://www.bradescori.com.br/informacoes-ao-mercado/central-de-resultados/,2025-10-30T00:00:00.000Z,pt_BR,data/catalogs/20260906T193319,False,downloaded,documents/Bradesco/2025/3T25/Bradesco_3T25_-_Transcricao_Videoconferencia__fda471584234.pdf,fda47158423430f3f960106a604f0595a8a2a2b4738bd3728316b615921fa8f9,215376,pdf,PDF signature and EOF,,
Bradesco,75ae6a2a-de0f-43ec-b5df-9edd329b05d5,2025,3T25,Bradesco 3T25 -  Videoconferência de Resultados,Conferência de Resultados,videoconferencia_resultados,https://api.mziq.com/mzfilemanager/v2/d/80f2e993-0a30-421a-9470-a4d5c8ad5e9f/a54e5eb3-c333-9d88-bef3-7f90179cf950?origin=2,https://www.bradescori.com.br/informacoes-ao-mercado/central-de-resultados/,2025-10-30T00:00:00.000Z,pt_BR,data/catalogs/20260906T193319,True,external_link,documents/Bradesco/2025/3T25/Bradesco_3T25_-_Videoconferencia_de_Resultados__75ae6a2a.url,,,,Official catalog link; streaming/page not archived,,
Bradesco,b50ee09a-0618-49e9-8f51-0a4f50cfabbc,2025,3T25,Bradesco 3T25 - Informativo Trimestral,Informativo Trimestral,_informativos,https://api.mziq.com/mzfilemanager/v2/d/80f2e993-0a30-421a-9470-a4d5c8ad5e9f/5486a42f-b4ee-c63c-e2bd-e203792f951b?origin=2,https://www.bradescori.com.br/informacoes-ao-mercado/central-de-resultados/,2025-10-30T00:00:00.000Z,pt_BR,data/catalogs/20260906T193319,False,downloaded,documents/Bradesco/2025/3T25/Bradesco_3T25_-_Informativo_Trimestral__7b45d2045881.pdf,7b45d20458812563f90e2fbdbcfb9cbb8459754c545cc55593b3653748dc46f8,1329396,pdf,PDF signature and EOF,,
Bradesco,3ffe3154-22a0-4add-91de-76ea0a21a520,2025,3T25,Bradesco 3T25 - Relatório de Análise Econômica e Financeira,Relatório de Análise Econômica e Financeira,relatorios_relatorio_de_analise_economica,https://api.mziq.com/mzfilemanager/v2/d/80f2e993-0a30-421a-9470-a4d5c8ad5e9f/5fd441ca-a1f1-b1a6-c448-8092047bbddd?origin=2,https://www.bradescori.com.br/informacoes-ao-mercado/central-de-resultados/,2025-10-29T00:00:00.000Z,pt_BR,data/catalogs/20260906T193319,False,downloaded,documents/Bradesco/2025/3T25/Bradesco_3T25_-_Relatorio_de_Analise_Economica_e_Financeira__16f6f51fc22e.pdf,16f6f51fc22eb0a089f17743804cf479a1eba4283cf104d25d223ecbf570514a,4836394,pdf,PDF signature and EOF,,
Bradesco,5345ea90-2876-4fc7-a535-b9cde1026a95,2025,3T25,Bradesco 3T25 - Anexos Pilar 3,Anexos Pilar 3,gerenciamento_de_riscos_anexos_pilar,https://api.mziq.com/mzfilemanager/v2/d/80f2e993-0a30-421a-9470-a4d5c8ad5e9f/60bcedcb-c4bf-6a0f-19b0-20450176b162?origin=2,https://www.bradescori.com.br/informacoes-ao-mercado/central-de-resultados/,2025-10-29T00:00:00.000Z,pt_BR,data/catalogs/20260906T193319,False,downloaded,documents/Bradesco/2025/3T25/Bradesco_3T25_-_Anexos_Pilar_3__a53d5717b101.xlsx,a53d5717b1011eb0084e574e0931b18ce0f84f7ffb38678c96421d8d7cbfe74c,1171157,xlsx,ZIP CRC verified,,
Bradesco,865a546f-aa7f-4355-ba61-75cdc4f6990e,2025,3T25,Bradesco 3T25 - Séries Históricas,Séries Históricas,relatorios_series_historicas,https://api.mziq.com/mzfilemanager/v2/d/80f2e993-0a30-421a-9470-a4d5c8ad5e9f/93d9b618-e276-8b91-72bd-5aba5e703faa?origin=2,https://www.bradescori.com.br/informacoes-ao-mercado/central-de-resultados/,2025-10-29T00:00:00.000Z,pt_BR,data/catalogs/20260906T193319,False,downloaded,documents/Bradesco/2025/3T25/Bradesco_3T25_-_Series_Historicas__fb9663410bae.xlsx,fb9663410baeb47c5ff65e88c5172af0ac35c14ad7e9851d90c5fc088f434801,1418359,xlsx,ZIP CRC verified,,
Bradesco,ab084cf3-a9e4-48b0-9710-fcda2783ede6,2025,3T25,Bradesco 3T25 - Podcast Resultados,Podcast,teleconferencias_podcast,https://api.mziq.com/mzfilemanager/v2/d/80f2e993-0a30-421a-9470-a4d5c8ad5e9f/be0373b1-57d3-c66a-07b3-529b8c8f5171?origin=2,https://www.bradescori.com.br/informacoes-ao-mercado/central-de-resultados/,2025-10-29T00:00:00.000Z,pt_BR,data/catalogs/20260906T193319,False,external_link,documents/Bradesco/2025/3T25/Bradesco_3T25_-_Podcast_Resultados__ab084cf3.url,,,,Official catalog link; streaming/page not archived,,
Bradesco,ad878efe-1c45-4cc8-8a2b-8987e9c145f3,2025,3T25,Bradesco 3T25 - Apresentação de Resultados,Apresentação da Videoconferência,apresentacoes_institucionais_teleconferencia,https://api.mziq.com/mzfilemanager/v2/d/80f2e993-0a30-421a-9470-a4d5c8ad5e9f/5d0d1ee2-767c-edcb-017e-5e3c74c8c24c?origin=2,https://www.bradescori.com.br/informacoes-ao-mercado/central-de-resultados/,2025-10-29T00:00:00.000Z,pt_BR,data/catalogs/20260906T193319,False,downloaded,documents/Bradesco/2025/3T25/Bradesco_3T25_-_Apresentacao_de_Resultados__5e872e62af93.pdf,5e872e62af939c7bae66d5c8762c349365603a480198c7f66472dde3b48baecd,2318108,pdf,PDF signature and EOF,,
Bradesco,b0c28ae6-eb03-402d-bbc3-a47161ba986e,2025,3T25,Bradesco 3T25 - Press Release,Press Release,relatorios_press_release,https://api.mziq.com/mzfilemanager/v2/d/80f2e993-0a30-421a-9470-a4d5c8ad5e9f/412aa658-2a02-7f16-47f2-bbe03618145c?origin=2,https://www.bradescori.com.br/informacoes-ao-mercado/central-de-resultados/,2025-10-29T00:00:00.000Z,pt_BR,data/catalogs/20260906T193319,False,downloaded,documents/Bradesco/2025/3T25/Bradesco_3T25_-_Press_Release__0c0f50a09979.pdf,0c0f50a09979a39f805fb64ab2754f84e53ae05ee1c7df5c5b3506bfa54b7ebe,551986,pdf,PDF signature and EOF,,
Bradesco,c52ae32b-c0a9-4710-abb3-b665f3ea9a96,2025,3T25,Demonstrações Financeiras Consolidadas - IFRS 3T25,Demonstrações Financeiras Consolidadas - IFRS,relatorios_ifrs,https://api.mziq.com/mzfilemanager/v2/d/80f2e993-0a30-421a-9470-a4d5c8ad5e9f/726b20ef-a9aa-d95e-d59d-41dbaa6285c8?origin=2,https://www.bradescori.com.br/informacoes-ao-mercado/central-de-resultados/,2025-10-29T00:00:00.000Z,pt_BR,data/catalogs/20260906T193319,False,downloaded,documents/Bradesco/2025/3T25/Demonstracoes_Financeiras_Consolidadas_-_IFRS_3T25__b31438874bcd.pdf,b31438874bcd06581d054d3d8a4232fee905ca311267e3f1a8383b24d783c04c,1581121,pdf,PDF signature and EOF,,
Bradesco,e1a84298-3316-43c7-8e7d-a8ffe8593143,2025,3T25,Bradesco 3T25 - Relatório de Gerenciamento de Riscos,Gerenciamento de Riscos | Pilar 3,gerenciamento_de_riscos_gerenciamento_de_riscos,https://api.mziq.com/mzfilemanager/v2/d/80f2e993-0a30-421a-9470-a4d5c8ad5e9f/81821c37-a1b2-ed44-b822-47794147b768?origin=2,https://www.bradescori.com.br/informacoes-ao-mercado/central-de-resultados/,2025-10-29T00:00:00.000Z,pt_BR,data/catalogs/20260906T193319,False,downloaded,documents/Bradesco/2025/3T25/Bradesco_3T25_-_Relatorio_de_Gerenciamento_de_Riscos__eaea34d55b1e.pdf,eaea34d55b1e09dc9560d5fe2c3b3cedc7c1c750e0d4859ad9bc6b6a8ccc5673,2648767,pdf,PDF signature and EOF,,
Bradesco,b5518fca-ecee-454e-8d46-c4fa5619c305,2025,2T25,Bradesco 2T25 - Informativo Trimestral,Informativo Trimestral,_informativos,https://api.mziq.com/mzfilemanager/v2/d/80f2e993-0a30-421a-9470-a4d5c8ad5e9f/cc64fbeb-59bc-7be5-37b4-333b2fee64a9?origin=2,https://www.bradescori.com.br/informacoes-ao-mercado/central-de-resultados/,2025-08-04T00:00:00.000Z,pt_BR,data/catalogs/20260906T193319,False,downloaded,documents/Bradesco/2025/2T25/Bradesco_2T25_-_Informativo_Trimestral__83c4e82a7741.pdf,83c4e82a774132b1ddcad5768351f9df5c9d1e72be0616e64b913eca9321df16,1489115,pdf,PDF signature and EOF,,
Bradesco,10668530-32cb-4bb2-b235-b531a7176ccc,2025,2T25,Bradesco 2T25 - Press Release,Press Release,relatorios_press_release,https://api.mziq.com/mzfilemanager/v2/d/80f2e993-0a30-421a-9470-a4d5c8ad5e9f/a64d3c22-8ef2-a961-d0c6-3755ea9eb5d6?origin=2,https://www.bradescori.com.br/informacoes-ao-mercado/central-de-resultados/,2025-07-30T00:00:00.000Z,pt_BR,data/catalogs/20260906T193319,False,downloaded,documents/Bradesco/2025/2T25/Bradesco_2T25_-_Press_Release__1d3254486898.pdf,1d32544868987a20d07f126a9a6ce470438b1eb5ef6baeb8c50404feab8d5a81,560425,pdf,PDF signature and EOF,,
Bradesco,3f8b8eda-f2db-40a7-a0fb-6ee9caf839fe,2025,2T25,Bradesco 2T25 - Séries Históricas,Séries Históricas,relatorios_series_historicas,https://api.mziq.com/mzfilemanager/v2/d/80f2e993-0a30-421a-9470-a4d5c8ad5e9f/3e0444bb-4c14-aefd-4390-52c29646d3fc?origin=2,https://www.bradescori.com.br/informacoes-ao-mercado/central-de-resultados/,2025-07-30T00:00:00.000Z,pt_BR,data/catalogs/20260906T193319,False,downloaded,documents/Bradesco/2025/2T25/Bradesco_2T25_-_Series_Historicas__986468923c77.xlsx,986468923c779f02045d282e1df18ea4810c570fa5aea86e2b7fc5605d16d591,1411875,xlsx,ZIP CRC verified,,
Bradesco,486378a7-f6c2-4d91-a6ea-2ae190cf193e,2025,2T25,Bradesco 2T25 - Relatório de Análise Econômica e Financeira,Relatório de Análise Econômica e Financeira,relatorios_relatorio_de_analise_economica,https://api.mziq.com/mzfilemanager/v2/d/80f2e993-0a30-421a-9470-a4d5c8ad5e9f/7c179fd5-bb96-7c6b-d14c-6e6945e2eed8?origin=2,https://www.bradescori.com.br/informacoes-ao-mercado/central-de-resultados/,2025-07-30T00:00:00.000Z,pt_BR,data/catalogs/20260906T193319,False,downloaded,documents/Bradesco/2025/2T25/Bradesco_2T25_-_Relatorio_de_Analise_Economica_e_Financeira__c3a510ba9fe8.pdf,c3a510ba9fe86bba3ca80740df9d66487213ee14a15cea1a06aa6c0230a27909,5727344,pdf,PDF signature and EOF,,
Bradesco,787da426-9245-4524-99ac-891462bd95e6,2025,2T25,Demonstrações Financeiras Consolidadas - IFRS 1S25,Demonstrações Financeiras Consolidadas - IFRS,relatorios_ifrs,https://api.mziq.com/mzfilemanager/v2/d/80f2e993-0a30-421a-9470-a4d5c8ad5e9f/2b72f866-3348-2a25-5344-1b4ae054c452?origin=2,https://www.bradescori.com.br/informacoes-ao-mercado/central-de-resultados/,2025-07-30T00:00:00.000Z,pt_BR,data/catalogs/20260906T193319,False,downloaded,documents/Bradesco/2025/2T25/Demonstracoes_Financeiras_Consolidadas_-_IFRS_1S25__5e36bc80e588.pdf,5e36bc80e5883310e96f03a0bb8f821e5f178eee9490c77f88351df81ea84610,2128313,pdf,PDF signature and EOF,,
Bradesco,7d3a932c-b1d9-4998-a143-965fa4213102,2025,2T25,Bradesco 2T25 -  Videoconferência de Resultados,Conferência de Resultados,videoconferencia_resultados,https://api.mziq.com/mzfilemanager/v2/d/80f2e993-0a30-421a-9470-a4d5c8ad5e9f/f913fc6c-352c-0d8a-01b1-307a942f7f23?origin=2,https://www.bradescori.com.br/informacoes-ao-mercado/central-de-resultados/,2025-07-30T00:00:00.000Z,pt_BR,data/catalogs/20260906T193319,True,external_link,documents/Bradesco/2025/2T25/Bradesco_2T25_-_Videoconferencia_de_Resultados__7d3a932c.url,,,,Official catalog link; streaming/page not archived,,
Bradesco,bd6250e3-3bef-4313-945c-53f2b32f14c0,2025,2T25,Bradesco 2T25 - Apresentação de Resultados,Apresentação da Videoconferência,apresentacoes_institucionais_teleconferencia,https://api.mziq.com/mzfilemanager/v2/d/80f2e993-0a30-421a-9470-a4d5c8ad5e9f/e5b8e066-ed2e-c962-cd2f-e9148f938bdb?origin=2,https://www.bradescori.com.br/informacoes-ao-mercado/central-de-resultados/,2025-07-30T00:00:00.000Z,pt_BR,data/catalogs/20260906T193319,False,downloaded,documents/Bradesco/2025/2T25/Bradesco_2T25_-_Apresentacao_de_Resultados__0c8d8149942b.pdf,0c8d8149942bbe5e04135b1527a719255584015e234595e6dedc5b18ed824c79,2725691,pdf,PDF signature and EOF,,
Bradesco,cd64118d-525b-4acc-82a3-b11e7913439e,2025,2T25,Bradesco 2T25 - Relatório de Gerenciamento de Riscos,Gerenciamento de Riscos | Pilar 3,gerenciamento_de_riscos_gerenciamento_de_riscos,https://api.mziq.com/mzfilemanager/v2/d/80f2e993-0a30-421a-9470-a4d5c8ad5e9f/6c97fb77-5eab-4d51-e3e8-6706505c91e2?origin=2,https://www.bradescori.com.br/informacoes-ao-mercado/central-de-resultados/,2025-07-30T00:00:00.000Z,pt_BR,data/catalogs/20260906T193319,False,downloaded,documents/Bradesco/2025/2T25/Bradesco_2T25_-_Relatorio_de_Gerenciamento_de_Riscos__9375c2baa787.pdf,9375c2baa78751ceb82c8237d567aee2713e73e9934c860d48717b98ea4a0330,2718143,pdf,PDF signature and EOF,,
Bradesco,da122219-4cec-448c-bc67-1c525a7a6212,2025,2T25,Bradesco 2T25 - Podcast Resultados,Podcast,teleconferencias_podcast,https://api.mziq.com/mzfilemanager/v2/d/80f2e993-0a30-421a-9470-a4d5c8ad5e9f/08880a05-8930-7bb1-c2b2-1acf4bebc405?origin=2,https://www.bradescori.com.br/informacoes-ao-mercado/central-de-resultados/,2025-07-30T00:00:00.000Z,pt_BR,data/catalogs/20260906T193319,False,external_link,documents/Bradesco/2025/2T25/Bradesco_2T25_-_Podcast_Resultados__da122219.url,,,,Official catalog link; streaming/page not archived,,
Bradesco,e2f3938c-0e4f-42b9-93cf-ef6985358927,2025,2T25,Bradesco 2T25 - Transcrição Videoconferência,Transcrição,teleconferencias_transcricao,https://api.mziq.com/mzfilemanager/v2/d/80f2e993-0a30-421a-9470-a4d5c8ad5e9f/51151fd1-6e3f-5f69-182b-fa9b75a91bfa?origin=2,https://www.bradescori.com.br/informacoes-ao-mercado/central-de-resultados/,2025-08-05T00:00:00.000Z,pt_BR,data/catalogs/20260906T193319,False,downloaded,documents/Bradesco/2025/2T25/Bradesco_2T25_-_Transcricao_Videoconferencia__0834d9e65399.pdf,0834d9e6539952792c27cb430555f1b59cf049c41bd40c543f61d3aa95b6f46c,272923,pdf,PDF signature and EOF,,
Bradesco,fd063e75-8439-43a7-8475-07c08dd63753,2025,2T25,Bradesco 2T25 - Anexos Pilar 3,Anexos Pilar 3,gerenciamento_de_riscos_anexos_pilar,https://api.mziq.com/mzfilemanager/v2/d/80f2e993-0a30-421a-9470-a4d5c8ad5e9f/d9a9cd39-47d0-95a3-1374-3977169cf4e0?origin=2,https://www.bradescori.com.br/informacoes-ao-mercado/central-de-resultados/,2025-07-30T00:00:00.000Z,pt_BR,data/catalogs/20260906T193319,False,downloaded,documents/Bradesco/2025/2T25/Bradesco_2T25_-_Anexos_Pilar_3__f1cfc03497fc.xlsx,f1cfc03497fcac3b9b6899ff0fff3be85426a40d63e818b4a1e2bccaca513961,1208732,xlsx,ZIP CRC verified,,
Bradesco,56902ee8-92e7-43a6-a43a-31f0dc3d61f7,2025,1T25,Bradesco 1T25 - Transcrição Videoconferência,Transcrição,teleconferencias_transcricao,https://api.mziq.com/mzfilemanager/v2/d/80f2e993-0a30-421a-9470-a4d5c8ad5e9f/d8ab7615-8966-834f-7b79-4d9f90879ff4?origin=2,https://www.bradescori.com.br/informacoes-ao-mercado/central-de-resultados/,2025-05-14T00:00:00.000Z,pt_BR,data/catalogs/20260906T193319,False,downloaded,documents/Bradesco/2025/1T25/Bradesco_1T25_-_Transcricao_Videoconferencia__ce38e35cdd81.pdf,ce38e35cdd810721a724e7b58e8e9225ab2f39bac0822da297be9065f9b89c96,273944,pdf,PDF signature and EOF,,
Bradesco,442915a9-db10-4948-9573-d90a4e163cc6,2025,1T25,Bradesco 1T25 - Informativo Trimestral,Informativo Trimestral,_informativos,https://api.mziq.com/mzfilemanager/v2/d/80f2e993-0a30-421a-9470-a4d5c8ad5e9f/78989e82-a7bf-a2c9-435b-b6555c5b73da?origin=2,https://www.bradescori.com.br/informacoes-ao-mercado/central-de-resultados/,2025-05-08T00:00:00.000Z,pt_BR,data/catalogs/20260906T193319,False,downloaded,documents/Bradesco/2025/1T25/Bradesco_1T25_-_Informativo_Trimestral__ba023042af3e.pdf,ba023042af3e6113db5921748e5b4557c493a5e51060e53f3db2437d21f28d85,1244541,pdf,PDF signature and EOF,,
Bradesco,f1fe796a-0c8c-4529-b6c1-c55bd7a3558d,2025,1T25,Bradesco 1T25 -  Videoconferência de Resultados,Conferência de Resultados,videoconferencia_resultados,https://api.mziq.com/mzfilemanager/v2/d/80f2e993-0a30-421a-9470-a4d5c8ad5e9f/8e1975b8-1429-c9b4-3f37-da8f6ffcdd2f?origin=2,https://www.bradescori.com.br/informacoes-ao-mercado/central-de-resultados/,2025-05-08T00:00:00.000Z,pt_BR,data/catalogs/20260906T193319,True,external_link,documents/Bradesco/2025/1T25/Bradesco_1T25_-_Videoconferencia_de_Resultados__f1fe796a.url,,,,Official catalog link; streaming/page not archived,,
Bradesco,399dfcaf-532d-4abd-8818-755428b87d9a,2025,1T25,Bradesco 1T25 - Anexos Pilar 3,Anexos Pilar 3,gerenciamento_de_riscos_anexos_pilar,https://api.mziq.com/mzfilemanager/v2/d/80f2e993-0a30-421a-9470-a4d5c8ad5e9f/c2cdb8d7-1984-4c9e-749d-eafc91e11fd1?origin=2,https://www.bradescori.com.br/informacoes-ao-mercado/central-de-resultados/,2025-05-07T00:00:00.000Z,pt_BR,data/catalogs/20260906T193319,False,downloaded,documents/Bradesco/2025/1T25/Bradesco_1T25_-_Anexos_Pilar_3__ce6a694f1383.xlsx,ce6a694f1383ba5ce49e7a25108a11ecd7e47b1efaad29257565d6230a4939af,1035042,xlsx,ZIP CRC verified,,
Bradesco,58080906-102b-4b8b-ac2b-e80204c940c1,2025,1T25,Demonstrações Financeiras Consolidadas - IFRS 1T25,Demonstrações Financeiras Consolidadas - IFRS,relatorios_ifrs,https://api.mziq.com/mzfilemanager/v2/d/80f2e993-0a30-421a-9470-a4d5c8ad5e9f/2525b7fa-3ba4-1dd5-d7ac-d98eaf93c537?origin=2,https://www.bradescori.com.br/informacoes-ao-mercado/central-de-resultados/,2025-05-07T00:00:00.000Z,pt_BR,data/catalogs/20260906T193319,False,downloaded,documents/Bradesco/2025/1T25/Demonstracoes_Financeiras_Consolidadas_-_IFRS_1T25__8a25d1958dbd.pdf,8a25d1958dbd7fd97cef042705415cb1206b6ef9844fe56d7b19235659f1f0ae,2204455,pdf,PDF signature and EOF,,
Bradesco,8f6eb44c-ddc3-464d-9d63-814516777aee,2025,1T25,Bradesco 1T25 - Relatório de Análise Econômica e Financeira,Relatório de Análise Econômica e Financeira,relatorios_relatorio_de_analise_economica,https://api.mziq.com/mzfilemanager/v2/d/80f2e993-0a30-421a-9470-a4d5c8ad5e9f/2fc6dc7c-754f-166c-ba13-eb9dd0360413?origin=2,https://www.bradescori.com.br/informacoes-ao-mercado/central-de-resultados/,2025-05-07T00:00:00.000Z,pt_BR,data/catalogs/20260906T193319,False,downloaded,documents/Bradesco/2025/1T25/Bradesco_1T25_-_Relatorio_de_Analise_Economica_e_Financeira__debaa9ac5276.pdf,debaa9ac5276f677c71c1b5560c0636646ceacf88666a74664cf61ef4946bbe1,5153424,pdf,PDF signature and EOF,,
Bradesco,f7e5cd8c-8ad8-46b2-a70a-6c16c26038bf,2025,1T25,Bradesco 1T25 - Podcast Resultados,Podcast,teleconferencias_podcast,https://api.mziq.com/mzfilemanager/v2/d/80f2e993-0a30-421a-9470-a4d5c8ad5e9f/c125efa2-5cb6-735a-6830-5d0b976e9a20?origin=2,https://www.bradescori.com.br/informacoes-ao-mercado/central-de-resultados/,2025-05-07T00:00:00.000Z,pt_BR,data/catalogs/20260906T193319,False,external_link,documents/Bradesco/2025/1T25/Bradesco_1T25_-_Podcast_Resultados__f7e5cd8c.url,,,,Official catalog link; streaming/page not archived,,
Bradesco,5c8339b0-e479-49dc-93f2-95146f947ed6,2025,1T25,Bradesco 1T25 - Apresentação de Resultados,Apresentação da Videoconferência,apresentacoes_institucionais_teleconferencia,https://api.mziq.com/mzfilemanager/v2/d/80f2e993-0a30-421a-9470-a4d5c8ad5e9f/8d638f41-3bac-1f94-c089-dc83623e05a3?origin=2,https://www.bradescori.com.br/informacoes-ao-mercado/central-de-resultados/,2025-05-07T00:00:00.000Z,pt_BR,data/catalogs/20260906T193319,False,downloaded,documents/Bradesco/2025/1T25/Bradesco_1T25_-_Apresentacao_de_Resultados__e0a1d2349c46.pdf,e0a1d2349c46941eca242d006734667d2be0564162aeae17352cd47562b40b3b,1571500,pdf,PDF signature and EOF,,
Bradesco,59422135-89a6-4e7e-a57b-c03e9dfd7061,2025,1T25,Bradesco 1T25 - Press Release,Press Release,relatorios_press_release,https://api.mziq.com/mzfilemanager/v2/d/80f2e993-0a30-421a-9470-a4d5c8ad5e9f/ce304e47-fa0a-5338-f24f-c01f77b65428?origin=2,https://www.bradescori.com.br/informacoes-ao-mercado/central-de-resultados/,2025-05-07T00:00:00.000Z,pt_BR,data/catalogs/20260906T193319,False,downloaded,documents/Bradesco/2025/1T25/Bradesco_1T25_-_Press_Release__7fc8f0711540.pdf,7fc8f07115405f8696d68a851bb52a34c08e109e7770317ddfcbaa9af4fa38b6,606816,pdf,PDF signature and EOF,,
Bradesco,53506fd4-7871-48dd-9966-62f1beb47994,2025,1T25,Bradesco 1T25 - Relatório de Gerenciamento de Riscos,Gerenciamento de Riscos | Pilar 3,gerenciamento_de_riscos_gerenciamento_de_riscos,https://api.mziq.com/mzfilemanager/v2/d/80f2e993-0a30-421a-9470-a4d5c8ad5e9f/9a85c9a2-e919-0f6e-21d6-fe71de969681?origin=2,https://www.bradescori.com.br/informacoes-ao-mercado/central-de-resultados/,2025-05-07T00:00:00.000Z,pt_BR,data/catalogs/20260906T193319,False,downloaded,documents/Bradesco/2025/1T25/Bradesco_1T25_-_Relatorio_de_Gerenciamento_de_Riscos__929a41bc8d9b.pdf,929a41bc8d9b87c05024e62463d0e3f8bc5e5b728afe0d6a66c4de1cf1fffd6d,2512576,pdf,PDF signature and EOF,,
Bradesco,2bc5629f-56dd-4a54-91d6-5bdb790e6b02,2025,1T25,Bradesco 1T25 - Séries Históricas,Séries Históricas,relatorios_series_historicas,https://api.mziq.com/mzfilemanager/v2/d/80f2e993-0a30-421a-9470-a4d5c8ad5e9f/d8db5104-7638-d52d-6667-6d8cfaa418d9?origin=2,https://www.bradescori.com.br/informacoes-ao-mercado/central-de-resultados/,2025-05-07T00:00:00.000Z,pt_BR,data/catalogs/20260906T193319,False,downloaded,documents/Bradesco/2025/1T25/Bradesco_1T25_-_Series_Historicas__c02a30d07e7d.xlsx,c02a30d07e7d301ab12793e2b3e40f2a6b3acd1c3da1255e4bb2c1beee6c0aad,1410025,xlsx,ZIP CRC verified,,
Banco_do_Brasil,bfdc6aab-b151-4212-9ea5-84ba5ef34734,2025,4T25,Institucional 4T25,Apresentação Institucional,resultados-trimestrais,https://api.mziq.com/mzfilemanager/v2/d/5760dff3-15e1-4962-9e81-322a0b3d0bbd/d5cc4a23-02fc-0da7-d17a-b414a1e56095?origin=2,https://ri.bb.com.br/informacoes-financeiras/central-de-resultados/,2026-03-09T00:00:00.000Z,pt_BR,data/catalogs/20260906T193319,False,downloaded,documents/Banco_do_Brasil/2025/4T25/Institucional_4T25__597a8b2d1fa7.pdf,597a8b2d1fa72fffc4a9dd049caaaa31faac769f65f8f3191b2d2993560cdae7,11880127,pdf,PDF signature and EOF,,
Banco_do_Brasil,d8d80695-b19f-427a-b3b1-ceb0772aecf1,2025,4T25,Boletim InformAções 4T25,Boletim InformAções BB,boletim_trimestral,https://api.mziq.com/mzfilemanager/v2/d/5760dff3-15e1-4962-9e81-322a0b3d0bbd/292bf43c-1252-8990-aa11-64e56fdb7812?origin=2,https://ri.bb.com.br/informacoes-financeiras/central-de-resultados/,2026-03-03T00:00:00.000Z,pt_BR,data/catalogs/20260906T193319,False,downloaded,documents/Banco_do_Brasil/2025/4T25/Boletim_InformAcoes_4T25__ddc0aae6239c.pdf,ddc0aae6239c07efbd0f391b89ff05f8c7059bf54463083a97efcd6fa488e1da,566624,pdf,PDF signature and EOF,,
Banco_do_Brasil,d051a3dd-eca1-4ae8-aff8-fe2fb62a63f4,2025,4T25,Transcrição Videoconferência 4T25,Transcrição da Teleconferência,tele-transcricao,https://api.mziq.com/mzfilemanager/v2/d/5760dff3-15e1-4962-9e81-322a0b3d0bbd/5b9dd323-2822-bbdd-6a28-460a91c0e847?origin=2,https://ri.bb.com.br/informacoes-financeiras/central-de-resultados/,2026-02-26T00:00:00.000Z,pt_BR,data/catalogs/20260906T193319,False,downloaded,documents/Banco_do_Brasil/2025/4T25/Transcricao_Videoconferencia_4T25__5353ca524bd7.pdf,5353ca524bd77d17833da945d4b316d52c15c7091dfa5419ac7215cb0a2a4210,271666,pdf,PDF signature and EOF,,
Banco_do_Brasil,52355e10-45ef-447a-9750-5fa0e1428784,2025,4T25,Audio 4T25,Áudio da Teleconferência,tele-audio,https://api.mziq.com/mzfilemanager/v2/d/5760dff3-15e1-4962-9e81-322a0b3d0bbd/d46a1356-9259-b27b-8335-b0434fa86bf9?origin=2,https://ri.bb.com.br/informacoes-financeiras/central-de-resultados/,2026-02-12T00:00:00.000Z,pt_BR,data/catalogs/20260906T193319,False,external_link,documents/Banco_do_Brasil/2025/4T25/Audio_4T25__52355e10.url,,,,Official catalog link; streaming/page not archived,,
Banco_do_Brasil,d3a1fbd4-58a1-4d1a-906d-c2349cec9eec,2025,4T25,Video Live 4T25,Vídeo Live de Resultados,Video Live,https://api.mziq.com/mzfilemanager/v2/d/5760dff3-15e1-4962-9e81-322a0b3d0bbd/49c6c00c-f00a-1605-bb35-4520355d9b54?origin=2,https://ri.bb.com.br/informacoes-financeiras/central-de-resultados/,2026-02-12T00:00:00.000Z,pt_BR,data/catalogs/20260906T193319,True,external_link,documents/Banco_do_Brasil/2025/4T25/Video_Live_4T25__d3a1fbd4.url,,,,Official catalog link; streaming/page not archived,,
Banco_do_Brasil,09983266-8a4e-4bfd-9222-a09e24dc3e47,2025,4T25,Séries Históricas 4T25,Séries Históricas,downloads-series-historicas,https://api.mziq.com/mzfilemanager/v2/d/5760dff3-15e1-4962-9e81-322a0b3d0bbd/3b41d5d8-9d31-617c-d4bd-0d542f20f2c8?origin=2,https://ri.bb.com.br/informacoes-financeiras/central-de-resultados/,2026-04-27T00:00:00.000Z,pt_BR,data/catalogs/20260906T193319,False,downloaded,documents/Banco_do_Brasil/2025/4T25/Series_Historicas_4T25__f20e76dec3e3.xlsx,f20e76dec3e39a11e520b6c7d26f8b8537858979e3ca5372ab3564349119a958,1081130,xlsx,ZIP CRC verified,,
Banco_do_Brasil,266c6c28-d21f-446e-a799-c1870d419758,2025,4T25,4T25 Apresentação de Resultados,Vídeo Apresentação de Resultado,gravacao,https://api.mziq.com/mzfilemanager/v2/d/5760dff3-15e1-4962-9e81-322a0b3d0bbd/4c4bcbd7-7d97-9177-a811-c6182cc0f2c7?origin=2,https://ri.bb.com.br/informacoes-financeiras/central-de-resultados/,2026-02-11T00:00:00.000Z,pt_BR,data/catalogs/20260906T193319,True,external_link,documents/Banco_do_Brasil/2025/4T25/4T25_Apresentacao_de_Resultados__266c6c28.url,,,,Official catalog link; streaming/page not archived,,
Banco_do_Brasil,333d5540-d769-40f8-a4f5-7c103cdb0cee,2025,4T25,Demonstrações Contábeis PDF 4T25,Demonstrações Contábeis PDF,downloads-demonstracoes-contabeis-pdf,https://api.mziq.com/mzfilemanager/v2/d/5760dff3-15e1-4962-9e81-322a0b3d0bbd/9f0abdfc-ee85-e1cd-b698-1a3d49b2a775?origin=2,https://ri.bb.com.br/informacoes-financeiras/central-de-resultados/,2026-02-11T00:00:00.000Z,pt_BR,data/catalogs/20260906T193319,False,downloaded,documents/Banco_do_Brasil/2025/4T25/Demonstracoes_Contabeis_PDF_4T25__57a549066615.pdf,57a549066615bccda4fe4f4bc5f99a1037571735efd001dbe295c063034e9c57,3761122,pdf,PDF signature and EOF,,
Banco_do_Brasil,3c7b7c92-603c-4cef-bea8-d97809b9847e,2025,4T25,Sumário do Resultado 4T25,Sumário do Resultado,sumario-resultado,https://api.mziq.com/mzfilemanager/v2/d/5760dff3-15e1-4962-9e81-322a0b3d0bbd/39217a22-140a-adc4-7bed-adf3cbc6632a?origin=2,https://ri.bb.com.br/informacoes-financeiras/central-de-resultados/,2026-02-11T00:00:00.000Z,pt_BR,data/catalogs/20260906T193319,False,downloaded,documents/Banco_do_Brasil/2025/4T25/Sumario_do_Resultado_4T25__00b271b7f622.pdf,00b271b7f62277340d0fb6007c339a7a3dc04fb3cc0f80602a4f5a7e96e54605,215015,pdf,PDF signature and EOF,,
Banco_do_Brasil,465be08c-2c81-4108-b328-aad27b7ebbb9,2025,4T25,Demonstrações Contábeis em IFRS 4T25,Demonstrações Contábeis em IFRS,downloads-demonstracoes-contabeis-em-ifrs,https://api.mziq.com/mzfilemanager/v2/d/5760dff3-15e1-4962-9e81-322a0b3d0bbd/29d4fb48-ac31-7662-9b02-bbd84e354a5b?origin=2,https://ri.bb.com.br/informacoes-financeiras/central-de-resultados/,2026-02-11T00:00:00.000Z,pt_BR,data/catalogs/20260906T193319,False,downloaded,documents/Banco_do_Brasil/2025/4T25/Demonstracoes_Contabeis_em_IFRS_4T25__89a146bf4bcb.pdf,89a146bf4bcbd220b55d084486e802be1e22b66fac50b5a9f9c6e37a0a75bd59,3503704,pdf,PDF signature and EOF,,
Banco_do_Brasil,7a408f71-6115-4e0f-8ee1-a906e9154c29,2025,4T25,BB Notícias 4T25,BB Notícias ,downloads-bb-noticias,https://api.mziq.com/mzfilemanager/v2/d/5760dff3-15e1-4962-9e81-322a0b3d0bbd/794ff1f5-9945-0729-f70b-2905ba37eb64?origin=2,https://ri.bb.com.br/informacoes-financeiras/central-de-resultados/,2026-02-11T00:00:00.000Z,pt_BR,data/catalogs/20260906T193319,False,downloaded,documents/Banco_do_Brasil/2025/4T25/BB_Noticias_4T25__70da1c73553a.pdf,70da1c73553a42c9acfcec62cda6dddb159fdf1ebc8a8a394150089d8a05ad2f,299433,pdf,PDF signature and EOF,,
Banco_do_Brasil,8f06246b-f2e6-4b96-a07b-31e05f6eed36,2025,4T25,Analise de Desempenho - 4T25,Análise do Desempenho,downloads-analise-do-desempenho,https://api.mziq.com/mzfilemanager/v2/d/5760dff3-15e1-4962-9e81-322a0b3d0bbd/0c488fdf-d384-201d-b5f8-37a795f1ac43?origin=2,https://ri.bb.com.br/informacoes-financeiras/central-de-resultados/,2026-02-24T00:00:00.000Z,pt_BR,data/catalogs/20260906T193319,False,downloaded,documents/Banco_do_Brasil/2025/4T25/Analise_de_Desempenho_-_4T25__f25753c84371.pdf,f25753c843712632a00c3973456dec1f997643b70ae122a197565e3ee7cb02df,6515747,pdf,PDF signature and EOF,,
Banco_do_Brasil,ba69dab0-0b82-4f39-ac48-5734ad9741b4,2025,4T25,Demonstrações Contábeis 4T25,Demonstrações Contábeis,downloads-demonstracoes-contabeis,https://api.mziq.com/mzfilemanager/v2/d/5760dff3-15e1-4962-9e81-322a0b3d0bbd/97efcd8c-6fd3-2041-9c0c-2c1f6da0f621?origin=2,https://ri.bb.com.br/informacoes-financeiras/central-de-resultados/,2026-02-11T00:00:00.000Z,pt_BR,data/catalogs/20260906T193319,False,downloaded,documents/Banco_do_Brasil/2025/4T25/Demonstracoes_Contabeis_4T25__0183190ee286.docx,0183190ee286df3c94f3009657e6571cfd769352bb54f6ea73c8913f2046a8e8,3002712,docx,ZIP CRC verified,,
Banco_do_Brasil,cbfcf7f8-5dc1-418d-a440-6c935e63c9f4,2025,4T25,Relatório da  Administração 4T25,Relatório da Administração,relatorio-administracao,https://api.mziq.com/mzfilemanager/v2/d/5760dff3-15e1-4962-9e81-322a0b3d0bbd/637e45ff-9331-d07c-5fde-606c69e1bfe1?origin=2,https://ri.bb.com.br/informacoes-financeiras/central-de-resultados/,2026-02-11T00:00:00.000Z,pt_BR,data/catalogs/20260906T193319,False,downloaded,documents/Banco_do_Brasil/2025/4T25/Relatorio_da_Administracao_4T25__8d07510b0f3f.rtf,8d07510b0f3fc72b502a6618798f1f52e21b2cac69e88222a75992916ca35ac5,37064001,rtf,signature,,
Banco_do_Brasil,d6dd8b52-415a-4ca6-9a65-9d262237acbf,2025,4T25,Teleconferência 4T25,Coletiva de Imprensa; Apresentação da Teleconferência,coletivas-de-imprensa,https://api.mziq.com/mzfilemanager/v2/d/5760dff3-15e1-4962-9e81-322a0b3d0bbd/fba16ad4-c499-ef4f-e791-d78e739e757e?origin=2,https://ri.bb.com.br/informacoes-financeiras/central-de-resultados/,2026-02-11T00:00:00.000Z,pt_BR,data/catalogs/20260906T193319,False,downloaded,documents/Banco_do_Brasil/2025/4T25/Teleconferencia_4T25__3999b1d1b857.pdf,3999b1d1b8579e069dc4ec76be7cf014419dba971bd4d3ae5440467370d887db,8750393,pdf,PDF signature and EOF,,
Banco_do_Brasil,00373635-5d1e-4bc0-be3e-621472f1c593,2025,3T25,Institucional 3T25,Apresentação Institucional,resultados-trimestrais,https://api.mziq.com/mzfilemanager/v2/d/5760dff3-15e1-4962-9e81-322a0b3d0bbd/06fb845e-7411-3fc4-fb3a-6cd4340d4600?origin=2,https://ri.bb.com.br/informacoes-financeiras/central-de-resultados/,2025-12-05T00:00:00.000Z,pt_BR,data/catalogs/20260906T193319,False,downloaded,documents/Banco_do_Brasil/2025/3T25/Institucional_3T25__33413c30bfcc.pdf,33413c30bfcc57db134d16147367d93e89971fdc87a8800cd78a2ab168b89975,8209623,pdf,PDF signature and EOF,,
Banco_do_Brasil,6bb84f68-fa0b-4a3e-8288-c86e2202cb79,2025,3T25,Boletim InformAções 3T25,Boletim InformAções BB,boletim_trimestral,https://api.mziq.com/mzfilemanager/v2/d/5760dff3-15e1-4962-9e81-322a0b3d0bbd/dd033f9e-2bb7-a353-12f1-df5c2875023c?origin=2,https://ri.bb.com.br/informacoes-financeiras/central-de-resultados/,2025-12-05T00:00:00.000Z,pt_BR,data/catalogs/20260906T193319,False,downloaded,documents/Banco_do_Brasil/2025/3T25/Boletim_InformAcoes_3T25__df7e07f490a1.pdf,df7e07f490a1e631ce3008a577f8a0094a55881088415e641240d22f0ee96a63,532302,pdf,PDF signature and EOF,,
Banco_do_Brasil,0ac32371-f740-48d4-bbff-9bc153f35d97,2025,3T25,Video Live 3T25,Vídeo Live de Resultados,Video Live,https://api.mziq.com/mzfilemanager/v2/d/5760dff3-15e1-4962-9e81-322a0b3d0bbd/8c8d5e0d-3f1b-852b-bed1-c938fee1977b?origin=2,https://ri.bb.com.br/informacoes-financeiras/central-de-resultados/,2025-11-13T00:00:00.000Z,pt_BR,data/catalogs/20260906T193319,True,external_link,documents/Banco_do_Brasil/2025/3T25/Video_Live_3T25__0ac32371.url,,,,Official catalog link; streaming/page not archived,,
Banco_do_Brasil,384adff8-73d9-452c-8833-72110eccbeb1,2025,3T25,Transcrição Videoconferência 3T25,Transcrição da Teleconferência,tele-transcricao,https://api.mziq.com/mzfilemanager/v2/d/5760dff3-15e1-4962-9e81-322a0b3d0bbd/269fbfd5-a3a0-5f54-3208-37923079f463?origin=2,https://ri.bb.com.br/informacoes-financeiras/central-de-resultados/,2025-11-13T00:00:00.000Z,pt_BR,data/catalogs/20260906T193319,False,downloaded,documents/Banco_do_Brasil/2025/3T25/Transcricao_Videoconferencia_3T25__d06434e3b86f.pdf,d06434e3b86f0cd0e9c91f39246aa64fb73ec5433424e936481e9182f81a599a,284413,pdf,PDF signature and EOF,,
Banco_do_Brasil,fd3baf78-6f14-4bbd-b863-1e96b7dae6d4,2025,3T25,Audio 3T25,Áudio da Teleconferência,tele-audio,https://api.mziq.com/mzfilemanager/v2/d/5760dff3-15e1-4962-9e81-322a0b3d0bbd/bb26b45e-27ba-91d3-4f1b-da7a3dc49e37?origin=2,https://ri.bb.com.br/informacoes-financeiras/central-de-resultados/,2025-11-13T00:00:00.000Z,pt_BR,data/catalogs/20260906T193319,False,external_link,documents/Banco_do_Brasil/2025/3T25/Audio_3T25__fd3baf78.url,,,,Official catalog link; streaming/page not archived,,
Banco_do_Brasil,1ad548de-6361-4e38-b67d-7c39f3f27e41,2025,3T25,3T25 Apresentação de Resultados,Vídeo Apresentação de Resultado,gravacao,https://api.mziq.com/mzfilemanager/v2/d/5760dff3-15e1-4962-9e81-322a0b3d0bbd/89592b4c-e9bf-1f44-3eaf-d9880fa734d3?origin=2,https://ri.bb.com.br/informacoes-financeiras/central-de-resultados/,2025-11-12T00:00:00.000Z,pt_BR,data/catalogs/20260906T193319,True,external_link,documents/Banco_do_Brasil/2025/3T25/3T25_Apresentacao_de_Resultados__1ad548de.url,,,,Official catalog link; streaming/page not archived,,
Banco_do_Brasil,33b579cc-27d9-4ccf-b7dc-98f55b5fe53f,2025,3T25,Demonstrações Contábeis PDF 3T25,Demonstrações Contábeis PDF,downloads-demonstracoes-contabeis-pdf,https://api.mziq.com/mzfilemanager/v2/d/5760dff3-15e1-4962-9e81-322a0b3d0bbd/777a3095-b534-4425-fee6-184eb36d3392?origin=2,https://ri.bb.com.br/informacoes-financeiras/central-de-resultados/,2025-11-12T00:00:00.000Z,pt_BR,data/catalogs/20260906T193319,False,downloaded,documents/Banco_do_Brasil/2025/3T25/Demonstracoes_Contabeis_PDF_3T25__9f31d85f4eeb.pdf,9f31d85f4eeba3e6608ae8e1bdede7eec115bd775a5573d2d04117cc2774997d,3159784,pdf,PDF signature and EOF,,
Banco_do_Brasil,3c18216c-ff9f-4d4a-88de-dbdbd32da218,2025,3T25,Demonstrações Contábeis em IFRS 3T25,Demonstrações Contábeis em IFRS,downloads-demonstracoes-contabeis-em-ifrs,https://api.mziq.com/mzfilemanager/v2/d/5760dff3-15e1-4962-9e81-322a0b3d0bbd/1760da23-e819-2611-b8fb-fdb75c73cd3c?origin=2,https://ri.bb.com.br/informacoes-financeiras/central-de-resultados/,2025-11-12T00:00:00.000Z,pt_BR,data/catalogs/20260906T193319,False,downloaded,documents/Banco_do_Brasil/2025/3T25/Demonstracoes_Contabeis_em_IFRS_3T25__ff7bd096fe28.pdf,ff7bd096fe28834f658c4e16002ad6f98af268c4466c0a4cb6b6641167df8154,2340549,pdf,PDF signature and EOF,,
Banco_do_Brasil,3f3711ff-185f-41a2-b2a0-6c9a4fd8dc6b,2025,3T25,Séries Históricas 3T25,Séries Históricas,downloads-series-historicas,https://api.mziq.com/mzfilemanager/v2/d/5760dff3-15e1-4962-9e81-322a0b3d0bbd/23d30455-5d81-27f0-e761-f52afbbf8636?origin=2,https://ri.bb.com.br/informacoes-financeiras/central-de-resultados/,2025-11-12T00:00:00.000Z,pt_BR,data/catalogs/20260906T193319,False,downloaded,documents/Banco_do_Brasil/2025/3T25/Series_Historicas_3T25__00638781e231.xlsx,00638781e231bb73ae45f473c1b8f3f7c0079b441e65d2de58146c9f17898cc5,960452,xlsx,ZIP CRC verified,,
Banco_do_Brasil,513e5f7e-e74e-496b-89ef-c3c56e502681,2025,3T25,Sumário do Resultado 3T25,Sumário do Resultado,sumario-resultado,https://api.mziq.com/mzfilemanager/v2/d/5760dff3-15e1-4962-9e81-322a0b3d0bbd/7f3dfbac-fffb-275a-1574-ffcc13941ba6?origin=2,https://ri.bb.com.br/informacoes-financeiras/central-de-resultados/,2025-11-12T00:00:00.000Z,pt_BR,data/catalogs/20260906T193319,False,downloaded,documents/Banco_do_Brasil/2025/3T25/Sumario_do_Resultado_3T25__def96b9ed754.pdf,def96b9ed75486b1cc986662ec3d0a2ae003f88fd43e02b613b25245666baf58,244067,pdf,PDF signature and EOF,,
Banco_do_Brasil,915b815b-c3c9-473f-bbb4-3e0e40fc0f00,2025,3T25,Relatório da  Administração 3T25,Relatório da Administração,relatorio-administracao,https://api.mziq.com/mzfilemanager/v2/d/5760dff3-15e1-4962-9e81-322a0b3d0bbd/2c3286cd-c2d9-ed4e-ca70-08df8586dd4d?origin=2,https://ri.bb.com.br/informacoes-financeiras/central-de-resultados/,2025-11-12T00:00:00.000Z,pt_BR,data/catalogs/20260906T193319,False,downloaded,documents/Banco_do_Brasil/2025/3T25/Relatorio_da_Administracao_3T25__e0572a60a838.docx,e0572a60a838a500e2cb87264e7beaea5bd6842c8c79a025fe059f55bd2fadf2,1663820,docx,ZIP CRC verified,,
Banco_do_Brasil,ad72348d-a18f-4a0f-bd16-303440b71765,2025,3T25,Demonstrações Contábeis 3T25,Demonstrações Contábeis,downloads-demonstracoes-contabeis,https://api.mziq.com/mzfilemanager/v2/d/5760dff3-15e1-4962-9e81-322a0b3d0bbd/c1a069b4-85bd-0be6-cd08-68d1b2f0a4e0?origin=2,https://ri.bb.com.br/informacoes-financeiras/central-de-resultados/,2025-11-12T00:00:00.000Z,pt_BR,data/catalogs/20260906T193319,False,downloaded,documents/Banco_do_Brasil/2025/3T25/Demonstracoes_Contabeis_3T25__4d617200a920.docx,4d617200a9200ea5b11a21dc1c7dfe6996e7f4be1afd50b7fd1194853aadbb05,2828347,docx,ZIP CRC verified,,
Banco_do_Brasil,f6cdce07-0b0a-44cf-b74a-ca23b46e480f,2025,3T25,Teleconferência 3T25,Coletiva de Imprensa; Apresentação da Teleconferência,coletivas-de-imprensa,https://api.mziq.com/mzfilemanager/v2/d/5760dff3-15e1-4962-9e81-322a0b3d0bbd/4b572d92-486a-b775-15a9-8b93faf2a6b4?origin=2,https://ri.bb.com.br/informacoes-financeiras/central-de-resultados/,2025-11-13T00:00:00.000Z,pt_BR,data/catalogs/20260906T193319,False,downloaded,documents/Banco_do_Brasil/2025/3T25/Teleconferencia_3T25__15b8ed5b1f60.pdf,15b8ed5b1f607fdc1239bc5a64782ad99f666a6df79e01b4187cc5d0f2af4ca8,1653006,pdf,PDF signature and EOF,,
Banco_do_Brasil,fe5da2f5-d7ee-4d15-a023-66cdddc0ee69,2025,3T25,BB Notícias 3T25,BB Notícias ,downloads-bb-noticias,https://api.mziq.com/mzfilemanager/v2/d/5760dff3-15e1-4962-9e81-322a0b3d0bbd/5f4ba57b-0fa8-7c2f-94da-e087a336fb8b?origin=2,https://ri.bb.com.br/informacoes-financeiras/central-de-resultados/,2025-11-12T00:00:00.000Z,pt_BR,data/catalogs/20260906T193319,False,downloaded,documents/Banco_do_Brasil/2025/3T25/BB_Noticias_3T25__d939ecaa05eb.pdf,d939ecaa05ebbab21746c5be2546c580d0b9db63821fbe715a9aa40f05f7b872,277128,pdf,PDF signature and EOF,,
Banco_do_Brasil,c8750d61-727c-440a-86a0-cddfd91d2d93,2025,3T25,Analise de Desempenho - 3T25,Análise do Desempenho,downloads-analise-do-desempenho,https://api.mziq.com/mzfilemanager/v2/d/5760dff3-15e1-4962-9e81-322a0b3d0bbd/7c06930c-8e91-5a9f-8534-8b1e13e11ead?origin=2,https://ri.bb.com.br/informacoes-financeiras/central-de-resultados/,2025-11-12T00:00:00.000Z,pt_BR,data/catalogs/20260906T193319,False,downloaded,documents/Banco_do_Brasil/2025/3T25/Analise_de_Desempenho_-_3T25__917abf56fe8a.pdf,917abf56fe8a34dafd94b322464bdba2499bc8eb82b69f7603611f0d3bde94e7,5872403,pdf,PDF signature and EOF,,
Banco_do_Brasil,801cb8a2-3471-499a-b9a2-5eacbb10b92d,2025,2T25,Institucional 2T25,Apresentação Institucional,resultados-trimestrais,https://api.mziq.com/mzfilemanager/v2/d/5760dff3-15e1-4962-9e81-322a0b3d0bbd/d2fc0f50-ec63-74e7-44bc-841af4debc4b?origin=2,https://ri.bb.com.br/informacoes-financeiras/central-de-resultados/,2025-09-08T00:00:00.000Z,pt_BR,data/catalogs/20260906T193319,False,downloaded,documents/Banco_do_Brasil/2025/2T25/Institucional_2T25__d37de85f1ff6.pdf,d37de85f1ff60015e89e82d3124619beeca06759e227b3080c3b5fd0c0260a85,10155223,pdf,PDF signature and EOF,,
Banco_do_Brasil,af7d4c39-473c-4b0c-a134-d1992c369e8b,2025,2T25,Transcrição Videoconferência 2T25,Transcrição da Teleconferência,tele-transcricao,https://api.mziq.com/mzfilemanager/v2/d/5760dff3-15e1-4962-9e81-322a0b3d0bbd/1a571302-c1ae-b3b1-fbd9-8c794eccc1a7?origin=2,https://ri.bb.com.br/informacoes-financeiras/central-de-resultados/,2025-08-28T00:00:00.000Z,pt_BR,data/catalogs/20260906T193319,False,downloaded,documents/Banco_do_Brasil/2025/2T25/Transcricao_Videoconferencia_2T25__76400dc6cebd.pdf,76400dc6cebd603d6032839aab7e63983503fe45610099ec1f1baea86140325d,337808,pdf,PDF signature and EOF,,
Banco_do_Brasil,063ff52d-18a6-4d5f-afd3-30433cd7ea87,2025,2T25,Video Live 2T25,Vídeo Live de Resultados,Video Live,https://api.mziq.com/mzfilemanager/v2/d/5760dff3-15e1-4962-9e81-322a0b3d0bbd/5bf9beae-ba92-0a1f-4e82-c04d49696440?origin=2,https://ri.bb.com.br/informacoes-financeiras/central-de-resultados/,2025-08-15T00:00:00.000Z,pt_BR,data/catalogs/20260906T193319,True,external_link,documents/Banco_do_Brasil/2025/2T25/Video_Live_2T25__063ff52d.url,,,,Official catalog link; streaming/page not archived,,
Banco_do_Brasil,20e1ed51-7c62-4df9-a907-8e6a0bb24f46,2025,2T25,Audio 2T25,Áudio da Teleconferência,tele-audio,https://api.mziq.com/mzfilemanager/v2/d/5760dff3-15e1-4962-9e81-322a0b3d0bbd/f66a084e-665d-c296-a14d-4836839328d1?origin=2,https://ri.bb.com.br/informacoes-financeiras/central-de-resultados/,2025-08-15T00:00:00.000Z,pt_BR,data/catalogs/20260906T193319,False,external_link,documents/Banco_do_Brasil/2025/2T25/Audio_2T25__20e1ed51.url,,,,Official catalog link; streaming/page not archived,,
Banco_do_Brasil,408303a4-9366-47dd-bae7-701e512b4637,2025,2T25,Sumário do Resultado 2T25,Sumário do Resultado,sumario-resultado,https://api.mziq.com/mzfilemanager/v2/d/5760dff3-15e1-4962-9e81-322a0b3d0bbd/73816c28-e7ca-9c1f-20e7-a1ce053e457e?origin=2,https://ri.bb.com.br/informacoes-financeiras/central-de-resultados/,2025-08-14T00:00:00.000Z,pt_BR,data/catalogs/20260906T193319,False,downloaded,documents/Banco_do_Brasil/2025/2T25/Sumario_do_Resultado_2T25__422fcecbf42c.pdf,422fcecbf42c0f66abaa16ef6e9ee46ab9712156132283a0a69d404469fc74de,246255,pdf,PDF signature and EOF,,
Banco_do_Brasil,7a5dbe33-463f-43fb-bccb-5909c8693ece,2025,2T25,Teleconferência 2T25,Coletiva de Imprensa; Apresentação da Teleconferência,coletivas-de-imprensa,https://api.mziq.com/mzfilemanager/v2/d/5760dff3-15e1-4962-9e81-322a0b3d0bbd/52c1b952-8524-a7bd-dca8-c281e292082a?origin=2,https://ri.bb.com.br/informacoes-financeiras/central-de-resultados/,2025-08-15T00:00:00.000Z,pt_BR,data/catalogs/20260906T193319,False,downloaded,documents/Banco_do_Brasil/2025/2T25/Teleconferencia_2T25__b2bbb5b37fbc.pdf,b2bbb5b37fbc1059de988f9c32647701ca4406599cb2ae49733488b2195a675c,3283287,pdf,PDF signature and EOF,,
Banco_do_Brasil,818a54b9-1fc9-44a8-8e83-7e580cf31367,2025,2T25,Boletim InformAções BB 2T25,Boletim InformAções BB,boletim_trimestral,https://api.mziq.com/mzfilemanager/v2/d/5760dff3-15e1-4962-9e81-322a0b3d0bbd/eae306c7-e580-ed78-f008-27e1515e2cf5?origin=2,https://ri.bb.com.br/informacoes-financeiras/central-de-resultados/,2025-06-30T00:00:00.000Z,pt_BR,data/catalogs/20260906T193319,False,downloaded,documents/Banco_do_Brasil/2025/2T25/Boletim_InformAcoes_BB_2T25__bcc83ed7c489.pdf,bcc83ed7c489e48d16d34e891d6f0bb0b40e01f3ec91ca4d2ec4cefdfd457e93,683316,pdf,PDF signature and EOF,,
Banco_do_Brasil,86a8d718-552a-4966-8fd3-22c2ef0a41ea,2025,2T25,Demonstrações Contábeis 2T25,Demonstrações Contábeis,downloads-demonstracoes-contabeis,https://api.mziq.com/mzfilemanager/v2/d/5760dff3-15e1-4962-9e81-322a0b3d0bbd/16adf54a-6546-b674-054f-a28e85168048?origin=2,https://ri.bb.com.br/informacoes-financeiras/central-de-resultados/,2025-08-14T00:00:00.000Z,pt_BR,data/catalogs/20260906T193319,False,downloaded,documents/Banco_do_Brasil/2025/2T25/Demonstracoes_Contabeis_2T25__2b38e4f91796.docx,2b38e4f91796d6be3ca8bd57144267e31edb897e3340f3106f21b37cbcb03a90,2970957,docx,ZIP CRC verified,,
Banco_do_Brasil,8f89c352-dc29-447d-aa45-1a35544e8972,2025,2T25,Demonstrações Contábeis PDF 2T25,Demonstrações Contábeis PDF,downloads-demonstracoes-contabeis-pdf,https://api.mziq.com/mzfilemanager/v2/d/5760dff3-15e1-4962-9e81-322a0b3d0bbd/bd61f9d9-6591-1e21-9a66-6072384f22d0?origin=2,https://ri.bb.com.br/informacoes-financeiras/central-de-resultados/,2025-08-14T00:00:00.000Z,pt_BR,data/catalogs/20260906T193319,False,downloaded,documents/Banco_do_Brasil/2025/2T25/Demonstracoes_Contabeis_PDF_2T25__7178f969a05a.pdf,7178f969a05a3d927381258cb2193b7c234c8ccfd8ef0cc36aef3ed0076c6bd4,4161117,pdf,PDF signature and EOF,,
Banco_do_Brasil,bbc524d0-075b-45be-8b03-953b06f7787d,2025,2T25,BB Notícias 2T25,BB Notícias ,downloads-bb-noticias,https://api.mziq.com/mzfilemanager/v2/d/5760dff3-15e1-4962-9e81-322a0b3d0bbd/75353bde-711e-f07e-94cc-59f7fa2690aa?origin=2,https://ri.bb.com.br/informacoes-financeiras/central-de-resultados/,2025-08-14T00:00:00.000Z,pt_BR,data/catalogs/20260906T193319,False,downloaded,documents/Banco_do_Brasil/2025/2T25/BB_Noticias_2T25__9d02bd492f73.pdf,9d02bd492f736678900a56610568a6a47f98e2f737423105f459b327bd8962e2,277562,pdf,PDF signature and EOF,,
Banco_do_Brasil,cb6d3f55-1d19-42a7-b00e-8aa19b4b1a17,2025,2T25,Demonstrações Contábeis em IFRS 2T25,Demonstrações Contábeis em IFRS,downloads-demonstracoes-contabeis-em-ifrs,https://api.mziq.com/mzfilemanager/v2/d/5760dff3-15e1-4962-9e81-322a0b3d0bbd/3a92afa3-4518-f85d-7f99-065e06d78257?origin=2,https://ri.bb.com.br/informacoes-financeiras/central-de-resultados/,2025-08-14T00:00:00.000Z,pt_BR,data/catalogs/20260906T193319,False,downloaded,documents/Banco_do_Brasil/2025/2T25/Demonstracoes_Contabeis_em_IFRS_2T25__086693858e49.pdf,086693858e491b590f33d7d64c3c62881b78ac37b688fea491be5d716aad6f4e,2342743,pdf,PDF signature and EOF,,
Banco_do_Brasil,cc340c14-465c-4343-b0ac-40dbc1fc094e,2025,2T25,2T25 Apresentação de Resultados,Vídeo Apresentação de Resultado,gravacao,https://api.mziq.com/mzfilemanager/v2/d/5760dff3-15e1-4962-9e81-322a0b3d0bbd/a8593f39-abf7-886b-9a2d-cd80ab95649e?origin=2,https://ri.bb.com.br/informacoes-financeiras/central-de-resultados/,2025-06-30T00:00:00.000Z,pt_BR,data/catalogs/20260906T193319,True,external_link,documents/Banco_do_Brasil/2025/2T25/2T25_Apresentacao_de_Resultados__cc340c14.url,,,,Official catalog link; streaming/page not archived,,
Banco_do_Brasil,df462acf-797c-432c-b3a3-22d5b1289820,2025,2T25,Relatório da  Administração 2T25,Relatório da Administração,relatorio-administracao,https://api.mziq.com/mzfilemanager/v2/d/5760dff3-15e1-4962-9e81-322a0b3d0bbd/0c006559-0993-5639-7cf4-4fde735e2db8?origin=2,https://ri.bb.com.br/informacoes-financeiras/central-de-resultados/,2025-08-14T00:00:00.000Z,pt_BR,data/catalogs/20260906T193319,False,downloaded,documents/Banco_do_Brasil/2025/2T25/Relatorio_da_Administracao_2T25__cc6dd16432f0.docx,cc6dd16432f006e72c2b43aacba544e0d05940467a4c8dade61d17fd876ad417,2622892,docx,ZIP CRC verified,,
Banco_do_Brasil,e5fa025b-d172-418f-9dbf-460e1d39573c,2025,2T25,Séries Históricas 2T25,Séries Históricas,downloads-series-historicas,https://api.mziq.com/mzfilemanager/v2/d/5760dff3-15e1-4962-9e81-322a0b3d0bbd/3d2a8c76-8143-7ba5-fd2e-c3da708eb081?origin=2,https://ri.bb.com.br/informacoes-financeiras/central-de-resultados/,2025-08-21T00:00:00.000Z,pt_BR,data/catalogs/20260906T193319,False,downloaded,documents/Banco_do_Brasil/2025/2T25/Series_Historicas_2T25__35c1e90a3625.xlsx,35c1e90a36254c017c7caff72cba02fcddcc0541025391ac07d135a009e6a59d,947319,xlsx,ZIP CRC verified,,
Banco_do_Brasil,eedaa26a-bfd1-4d16-b5d1-80e3492e4c92,2025,2T25,Analise de Desempenho - 2T25,Análise do Desempenho,downloads-analise-do-desempenho,https://api.mziq.com/mzfilemanager/v2/d/5760dff3-15e1-4962-9e81-322a0b3d0bbd/2c9dcf4c-cc6c-2ba0-f675-0dab99cdf208?origin=2,https://ri.bb.com.br/informacoes-financeiras/central-de-resultados/,2025-08-14T00:00:00.000Z,pt_BR,data/catalogs/20260906T193319,False,downloaded,documents/Banco_do_Brasil/2025/2T25/Analise_de_Desempenho_-_2T25__bd4486f9e759.pdf,bd4486f9e759734bd9a1d8f92221cf5fcdf1d37b3e3f35fb3ab2c87733c50b3b,6531430,pdf,PDF signature and EOF,,
Banco_do_Brasil,19f3343a-32bc-41f0-87be-d92cd8b71ac0,2025,1T25,Transcrição Videoconferência 1T25,Transcrição da Teleconferência,tele-transcricao,https://api.mziq.com/mzfilemanager/v2/d/5760dff3-15e1-4962-9e81-322a0b3d0bbd/e2da5239-efe2-8793-d639-bbd50df73b14?origin=2,https://ri.bb.com.br/informacoes-financeiras/central-de-resultados/,2025-06-06T00:00:00.000Z,pt_BR,data/catalogs/20260906T193319,False,downloaded,documents/Banco_do_Brasil/2025/1T25/Transcricao_Videoconferencia_1T25__63fb2909019c.pdf,63fb2909019cc31a9147e7f13c65443c350e63751b09681b58ac26aebf84c9f5,218687,pdf,PDF signature and EOF,,
Banco_do_Brasil,576819d3-91e1-4f8d-bd94-4f85e3c51d05,2025,1T25,Boletim InformAções BB 1T25,Boletim InformAções BB,boletim_trimestral,https://api.mziq.com/mzfilemanager/v2/d/5760dff3-15e1-4962-9e81-322a0b3d0bbd/551de87d-7ba2-332e-1f58-3140fa3ce366?origin=2,https://ri.bb.com.br/informacoes-financeiras/central-de-resultados/,2025-06-04T00:00:00.000Z,pt_BR,data/catalogs/20260906T193319,False,downloaded,documents/Banco_do_Brasil/2025/1T25/Boletim_InformAcoes_BB_1T25__82b26ff01766.pdf,82b26ff01766105a281cffeb84cf0d01eb3d7e1795f2e7d97d97db6ff9e9a9c3,1161653,pdf,PDF signature and EOF,,
Banco_do_Brasil,09d4b6ce-d208-41b4-b9f6-b2a84cfc3ad1,2025,1T25,Video Live 1T25,Vídeo Live de Resultados,Video Live,https://api.mziq.com/mzfilemanager/v2/d/5760dff3-15e1-4962-9e81-322a0b3d0bbd/adbd937a-cbad-583a-f6e7-d7e49414e6cf?origin=2,https://ri.bb.com.br/informacoes-financeiras/central-de-resultados/,2025-05-16T00:00:00.000Z,pt_BR,data/catalogs/20260906T193319,True,external_link,documents/Banco_do_Brasil/2025/1T25/Video_Live_1T25__09d4b6ce.url,,,,Official catalog link; streaming/page not archived,,
Banco_do_Brasil,e3ded405-d01a-4e54-88a6-cbb933b1c36d,2025,1T25,Audio 1T25,Áudio da Teleconferência,tele-audio,https://api.mziq.com/mzfilemanager/v2/d/5760dff3-15e1-4962-9e81-322a0b3d0bbd/65edec94-1a16-ac60-b587-75c2084b135d?origin=2,https://ri.bb.com.br/informacoes-financeiras/central-de-resultados/,2025-05-16T00:00:00.000Z,pt_BR,data/catalogs/20260906T193319,False,external_link,documents/Banco_do_Brasil/2025/1T25/Audio_1T25__e3ded405.url,,,,Official catalog link; streaming/page not archived,,
Banco_do_Brasil,0c600c85-da61-4899-b591-3152aca1f7cc,2025,1T25,BB Notícias 1T25,BB Notícias ,downloads-bb-noticias,https://api.mziq.com/mzfilemanager/v2/d/5760dff3-15e1-4962-9e81-322a0b3d0bbd/c6e19ebc-26e3-7d5d-b1ee-c21427050c32?origin=2,https://ri.bb.com.br/informacoes-financeiras/central-de-resultados/,2025-05-15T00:00:00.000Z,pt_BR,data/catalogs/20260906T193319,False,downloaded,documents/Banco_do_Brasil/2025/1T25/BB_Noticias_1T25__fefb20362111.pdf,fefb203621116e4e5144ca4a05058464ccd93141e384610cc42b7fef7d4ab5d3,216745,pdf,PDF signature and EOF,,
Banco_do_Brasil,1d59ce67-5f11-4406-95c9-f3bc256698b5,2025,1T25,Teleconferência 1T25,Coletiva de Imprensa; Apresentação da Teleconferência,coletivas-de-imprensa,https://api.mziq.com/mzfilemanager/v2/d/5760dff3-15e1-4962-9e81-322a0b3d0bbd/4ce9abbc-944e-4150-ef12-e7b856307aaf?origin=2,https://ri.bb.com.br/informacoes-financeiras/central-de-resultados/,2025-05-15T00:00:00.000Z,pt_BR,data/catalogs/20260906T193319,False,downloaded,documents/Banco_do_Brasil/2025/1T25/Teleconferencia_1T25__3104bc78fc59.pdf,3104bc78fc59c516eba7b51101ba44f29586a833d671ec8edbaa1a815b8246f8,4336403,pdf,PDF signature and EOF,,
Banco_do_Brasil,32d16734-c4b9-4167-968e-c4d67dc5bfb3,2025,1T25,Analise de Desempenho - 1T25,Análise do Desempenho,downloads-analise-do-desempenho,https://api.mziq.com/mzfilemanager/v2/d/5760dff3-15e1-4962-9e81-322a0b3d0bbd/ad807c4d-ff32-c7f5-8a0a-9a4332ec5d32?origin=2,https://ri.bb.com.br/informacoes-financeiras/central-de-resultados/,2025-05-15T00:00:00.000Z,pt_BR,data/catalogs/20260906T193319,False,downloaded,documents/Banco_do_Brasil/2025/1T25/Analise_de_Desempenho_-_1T25__2494e47cc699.pdf,2494e47cc6999982132f162fa41765da4c8bf58ed8825cd9fbd384d42f1da3e7,6328286,pdf,PDF signature and EOF,,
Banco_do_Brasil,35bdda44-c050-426a-9295-1b3d2ab3c3d9,2025,1T25,Séries Históricas 1T25,Séries Históricas,downloads-series-historicas,https://api.mziq.com/mzfilemanager/v2/d/5760dff3-15e1-4962-9e81-322a0b3d0bbd/b3896087-e8c5-b0d7-0c7c-f9546b274d11?origin=2,https://ri.bb.com.br/informacoes-financeiras/central-de-resultados/,2025-05-29T00:00:00.000Z,pt_BR,data/catalogs/20260906T193319,False,downloaded,documents/Banco_do_Brasil/2025/1T25/Series_Historicas_1T25__eb992de3e7c3.xlsx,eb992de3e7c3622370203954f8f66549981cb441b766f4beb70047a6192b0554,1684042,xlsx,ZIP CRC verified,,
Banco_do_Brasil,5dae3d32-6ec5-43b2-9367-0e689ed01351,2025,1T25,Demonstrações Contábeis em IFRS 1T25,Demonstrações Contábeis em IFRS,downloads-demonstracoes-contabeis-em-ifrs,https://api.mziq.com/mzfilemanager/v2/d/5760dff3-15e1-4962-9e81-322a0b3d0bbd/a4033fa2-0a8e-d6ab-9cd1-a044c3ab904b?origin=2,https://ri.bb.com.br/informacoes-financeiras/central-de-resultados/,2025-05-15T00:00:00.000Z,pt_BR,data/catalogs/20260906T193319,False,downloaded,documents/Banco_do_Brasil/2025/1T25/Demonstracoes_Contabeis_em_IFRS_1T25__1f3e89212f0a.pdf,1f3e89212f0ad62f8cc7a03ebab90ea06510193780f42186bb90e25c1b56c0da,2230274,pdf,PDF signature and EOF,,
Banco_do_Brasil,6e05d328-70a1-484d-adc9-c431d84ba084,2025,1T25,Demonstrações Contábeis 1T25,Demonstrações Contábeis,downloads-demonstracoes-contabeis,https://api.mziq.com/mzfilemanager/v2/d/5760dff3-15e1-4962-9e81-322a0b3d0bbd/49a91206-c5d4-e134-2b0e-d600b0df6ab6?origin=2,https://ri.bb.com.br/informacoes-financeiras/central-de-resultados/,2025-05-15T00:00:00.000Z,pt_BR,data/catalogs/20260906T193319,False,downloaded,documents/Banco_do_Brasil/2025/1T25/Demonstracoes_Contabeis_1T25__25c0a237d983.docx,25c0a237d98395304cfd6c0015107fb9f0b635fa9807dcd8d1ca8915d2b49e3f,2572290,docx,ZIP CRC verified,,
Banco_do_Brasil,6ec92efd-040b-4048-ac47-61fa158b877e,2025,1T25,Relatório da  Administração 1T25,Relatório da Administração,relatorio-administracao,https://api.mziq.com/mzfilemanager/v2/d/5760dff3-15e1-4962-9e81-322a0b3d0bbd/739dcdb5-2070-a46b-306c-928369cf2801?origin=2,https://ri.bb.com.br/informacoes-financeiras/central-de-resultados/,2025-05-15T00:00:00.000Z,pt_BR,data/catalogs/20260906T193319,False,downloaded,documents/Banco_do_Brasil/2025/1T25/Relatorio_da_Administracao_1T25__39fe90709b38.docx,39fe90709b38f1f6f68d105b24531e1a5aabb1a5ab4aa1191822e68f7503869b,2660820,docx,ZIP CRC verified,,
Banco_do_Brasil,96b9a563-109d-42a3-97e8-ac2a184e7fd4,2025,1T25,Demonstrações Contábeis PDF 1T25,Demonstrações Contábeis PDF,downloads-demonstracoes-contabeis-pdf,https://api.mziq.com/mzfilemanager/v2/d/5760dff3-15e1-4962-9e81-322a0b3d0bbd/29da2749-659a-66f7-241c-02e9699ee96f?origin=2,https://ri.bb.com.br/informacoes-financeiras/central-de-resultados/,2025-05-15T00:00:00.000Z,pt_BR,data/catalogs/20260906T193319,False,downloaded,documents/Banco_do_Brasil/2025/1T25/Demonstracoes_Contabeis_PDF_1T25__3db1227f2a7a.pdf,3db1227f2a7a88823052270c4ee82f2e56eb327da326ee02e0d15bc0e9822a55,3996090,pdf,PDF signature and EOF,,
Banco_do_Brasil,b273ddf1-f8be-4177-a759-4c6f883e4a5d,2025,1T25,Sumário do Resultado 1T25,Sumário do Resultado,sumario-resultado,https://api.mziq.com/mzfilemanager/v2/d/5760dff3-15e1-4962-9e81-322a0b3d0bbd/49dc13f2-3b88-b16a-3b92-f4253cbdd917?origin=2,https://ri.bb.com.br/informacoes-financeiras/central-de-resultados/,2025-05-15T00:00:00.000Z,pt_BR,data/catalogs/20260906T193319,False,downloaded,documents/Banco_do_Brasil/2025/1T25/Sumario_do_Resultado_1T25__84293eb56c83.pdf,84293eb56c834638afd3b4ae937cb343490f7b40b6bdeb0a9e46a91c39cc5f34,310328,pdf,PDF signature and EOF,,
Banco_do_Brasil,380dd666-f893-47e5-ae39-290c2da65c71,2025,1T25,1T25 Apresentação de Resultados,Vídeo Apresentação de Resultado,gravacao,https://api.mziq.com/mzfilemanager/v2/d/5760dff3-15e1-4962-9e81-322a0b3d0bbd/19898300-d1c9-90ac-8799-4422a09ef212?origin=2,https://ri.bb.com.br/informacoes-financeiras/central-de-resultados/,2025-03-31T00:00:00.000Z,pt_BR,data/catalogs/20260906T193319,True,external_link,documents/Banco_do_Brasil/2025/1T25/1T25_Apresentacao_de_Resultados__380dd666.url,,,,Official catalog link; streaming/page not archived,,
Banco_do_Brasil,bf53bbb8-e3cc-4f26-9d76-23aec842aa7e,2025,1T25,Institucional 1T25,Apresentação Institucional,resultados-trimestrais,https://api.mziq.com/mzfilemanager/v2/d/5760dff3-15e1-4962-9e81-322a0b3d0bbd/43aecce1-93db-803c-9674-0a03f07ac9a4?origin=2,https://ri.bb.com.br/informacoes-financeiras/central-de-resultados/,2025-06-03T00:00:00.000Z,pt_BR,data/catalogs/20260906T193319,False,downloaded,documents/Banco_do_Brasil/2025/1T25/Institucional_1T25__a0be1af8a534.pdf,a0be1af8a5343039af5891890a0c25ac98a7de6b2c41a5230d8326dbcae72e3b,5379054,pdf,PDF signature and EOF,,
BTG_Pactual,2ad75099-466d-47b1-89e1-3b2a80f71169,2024,4T24,Demonstrações Financeiras 4T24 -  Consolidado - IFRS,informacoes financeiras,informacoes_financeiras,https://d169uzu5o4xu1k.cloudfront.net/78a5a309-f13a-41ed-a7d1-814e37b63259/2024/94c67d56-e5b0-4b06-8080-55974573a06f.pdf,https://ri.btgpactual.com/principais-informacoes/central-de-resultados,2025-03-31T00:00:00Z,pt,data/catalogs/20260906T182455,False,downloaded,documents/BTG_Pactual/2024/4T24/Demonstracoes_Financeiras_4T24_-_Consolidado_-_IFRS__10cd746f3c50.pdf,10cd746f3c500ca18249304879a9b206e6c64f3510ecda6222ec7c088378aef1,1726429,pdf,PDF signature and EOF,,
BTG_Pactual,205ee703-a270-4fe6-9e42-52e8853e37fb,2024,4T24,Demonstrações Financeiras 4T24 - Completa,informacoes financeiras,informacoes_financeiras,https://d169uzu5o4xu1k.cloudfront.net/78a5a309-f13a-41ed-a7d1-814e37b63259/2024/2049242f-fa32-4a2c-8d3a-b01e8feb04b8.pdf,https://ri.btgpactual.com/principais-informacoes/central-de-resultados,2025-02-10T00:00:00Z,pt,data/catalogs/20260906T182455,False,downloaded,documents/BTG_Pactual/2024/4T24/Demonstracoes_Financeiras_4T24_-_Completa__587c30ae72ac.pdf,587c30ae72ace59b7470e303187ad261aa2ef7f308205358c4bca69c73e2b09e,1969646,pdf,PDF signature and EOF,,
BTG_Pactual,ce866051-cd8c-4b11-be18-747be0b1ba25,2024,4T24,Apresentação 4T24,informacoes financeiras,informacoes_financeiras,https://d169uzu5o4xu1k.cloudfront.net/78a5a309-f13a-41ed-a7d1-814e37b63259/2024/6eb65ed8-4485-45e9-8f1e-0c46e4437b66.pdf,https://ri.btgpactual.com/principais-informacoes/central-de-resultados,2025-02-10T00:00:00Z,pt,data/catalogs/20260906T182455,False,downloaded,documents/BTG_Pactual/2024/4T24/Apresentacao_4T24__d02c57475f3e.pdf,d02c57475f3e665a5d55b79bcc3e612cab94dba235a2dad1d7e05d828f5d2ef6,438131,pdf,PDF signature and EOF,,
BTG_Pactual,309ea365-6e4f-4d52-bc2e-720ec7636f0c,2024,4T24,Earnings Release 4T24,informacoes financeiras,informacoes_financeiras,https://d169uzu5o4xu1k.cloudfront.net/78a5a309-f13a-41ed-a7d1-814e37b63259/2024/e25d46b7-5ee4-4491-b46c-7e5e9b123109.pdf,https://ri.btgpactual.com/principais-informacoes/central-de-resultados,2025-02-10T00:00:00Z,pt,data/catalogs/20260906T182455,False,downloaded,documents/BTG_Pactual/2024/4T24/Earnings_Release_4T24__6b30cbfb5b24.pdf,6b30cbfb5b2420b02a6572973b874f1da4ebfdad342798d4995d7fa932dbb81c,820815,pdf,PDF signature and EOF,,
BTG_Pactual,a146b498-05b7-45c2-b0cf-cc198ff98fdf,2024,4T24,Áudio Teleconferência 4T24,informacoes financeiras,informacoes_financeiras,https://d169uzu5o4xu1k.cloudfront.net/78a5a309-f13a-41ed-a7d1-814e37b63259/2024/37d0b42f-f18f-47aa-9ba0-90e2124d8371.mp3,https://ri.btgpactual.com/principais-informacoes/central-de-resultados,2025-02-18T00:00:00Z,pt,data/catalogs/20260906T182455,False,downloaded,documents/BTG_Pactual/2024/4T24/Audio_Teleconferencia_4T24__e493ca95bc4e.mp3,e493ca95bc4e535f15137c18cc518893a1367ad6c600cfc5883afe4dac9c9666,58511010,mp3,signature,,
BTG_Pactual,cc1f1747-fb27-4af9-af57-81cf4b76b967,2024,3T24,Demonstrações Financeiras 3T24 -  Consolidado - IFRS,informacoes financeiras,informacoes_financeiras,https://d169uzu5o4xu1k.cloudfront.net/78a5a309-f13a-41ed-a7d1-814e37b63259/2024/4f891b51-f157-4d95-8577-9b53ff552d7b.pdf,https://ri.btgpactual.com/principais-informacoes/central-de-resultados,2024-11-14T00:00:00Z,pt,data/catalogs/20260906T182455,False,downloaded,documents/BTG_Pactual/2024/3T24/Demonstracoes_Financeiras_3T24_-_Consolidado_-_IFRS__cb85eba4b11d.pdf,cb85eba4b11d8880a36bcdd2a9c85cabfc39d65cca511423358bc57ed74c2e4d,1169679,pdf,PDF signature and EOF,,
BTG_Pactual,fed11070-9015-416e-8ae3-0244ac77831c,2024,3T24,Demonstrações Financeiras 3T24 - Completa,informacoes financeiras,informacoes_financeiras,https://d169uzu5o4xu1k.cloudfront.net/78a5a309-f13a-41ed-a7d1-814e37b63259/2024/84db3e12-bc8e-4310-b75f-24c4aadc7657.pdf,https://ri.btgpactual.com/principais-informacoes/central-de-resultados,2024-11-12T00:00:00Z,pt,data/catalogs/20260906T182455,False,downloaded,documents/BTG_Pactual/2024/3T24/Demonstracoes_Financeiras_3T24_-_Completa__cbb923fcf71f.pdf,cbb923fcf71fac42b7fafd4e35e85897da976b8807a185ac90e2ffcd15f5b8b6,3901000,pdf,PDF signature and EOF,,
BTG_Pactual,3c6b1d27-1844-4058-9627-c472bbb656ca,2024,3T24,Apresentação 3T24,informacoes financeiras,informacoes_financeiras,https://d169uzu5o4xu1k.cloudfront.net/78a5a309-f13a-41ed-a7d1-814e37b63259/2024/a6122b0c-a0b0-4587-beb1-f8e7d7297863.pdf,https://ri.btgpactual.com/principais-informacoes/central-de-resultados,2024-11-12T00:00:00Z,pt,data/catalogs/20260906T182455,False,downloaded,documents/BTG_Pactual/2024/3T24/Apresentacao_3T24__98890791281d.pdf,98890791281db0f684350b862ab0f787d06efa21171c43be48882d2b2a09f212,391903,pdf,PDF signature and EOF,,
BTG_Pactual,dfd5117d-fe76-4658-a2d7-547549ed1cea,2024,3T24,Earnings Release 3T24,informacoes financeiras,informacoes_financeiras,https://d169uzu5o4xu1k.cloudfront.net/78a5a309-f13a-41ed-a7d1-814e37b63259/2024/6d5f1962-fe72-4553-974a-55f89869c0b5.pdf,https://ri.btgpactual.com/principais-informacoes/central-de-resultados,2024-11-12T00:00:00Z,pt,data/catalogs/20260906T182455,False,downloaded,documents/BTG_Pactual/2024/3T24/Earnings_Release_3T24__dfebcfed61a8.pdf,dfebcfed61a8619dbf068f0a15b1c65e06a29b526406722725a88993ad08594e,778762,pdf,PDF signature and EOF,,
BTG_Pactual,f9e4b3f3-5745-47af-b214-d2bda61b8a53,2024,3T24,Áudio Teleconferência 3T24,informacoes financeiras,informacoes_financeiras,https://d169uzu5o4xu1k.cloudfront.net/78a5a309-f13a-41ed-a7d1-814e37b63259/2024/9956906f-71d9-4690-b371-83f68d835710.mp3,https://ri.btgpactual.com/principais-informacoes/central-de-resultados,2024-11-12T00:00:00Z,pt,data/catalogs/20260906T182455,False,downloaded,documents/BTG_Pactual/2024/3T24/Audio_Teleconferencia_3T24__3610ce581d01.mp3,3610ce581d0180ceebb7da905f1e364ba520cff4e5ebc5ef060c76bd02c1d8fc,79314689,mp3,signature,,
BTG_Pactual,90aa8b7b-0672-4cee-9f33-24312b093060,2024,2T24,Demonstrações Financeiras 2T24 -  Consolidado - IFRS,informacoes financeiras,informacoes_financeiras,https://d169uzu5o4xu1k.cloudfront.net/78a5a309-f13a-41ed-a7d1-814e37b63259/2024/4d36ea1f-83e7-4e48-afa1-e110d4d668c4.pdf,https://ri.btgpactual.com/principais-informacoes/central-de-resultados,2024-08-29T00:00:00Z,pt,data/catalogs/20260906T182455,False,downloaded,documents/BTG_Pactual/2024/2T24/Demonstracoes_Financeiras_2T24_-_Consolidado_-_IFRS__0a85a9340fbb.pdf,0a85a9340fbba8336bc33f9495ee1c29ba2c4fc8634528608c0c5254b5027210,1085549,pdf,PDF signature and EOF,,
BTG_Pactual,41d35f98-bbe3-461e-8c97-c1e1764edcae,2024,2T24,Demonstrações Financeiras 2T24 - Completa,informacoes financeiras,informacoes_financeiras,https://d169uzu5o4xu1k.cloudfront.net/78a5a309-f13a-41ed-a7d1-814e37b63259/2024/3f85c094-e412-4a00-8f02-7874bc3dcc71.pdf,https://ri.btgpactual.com/principais-informacoes/central-de-resultados,2024-08-14T00:00:00Z,pt,data/catalogs/20260906T182455,False,downloaded,documents/BTG_Pactual/2024/2T24/Demonstracoes_Financeiras_2T24_-_Completa__789ccc6f5b8d.pdf,789ccc6f5b8d1367f9414db6b96e089d45182ad390a694e79d84213cef3d7496,1609316,pdf,PDF signature and EOF,,
BTG_Pactual,49724107-fe88-4bb4-a6c7-fcd387acd4d1,2024,2T24,Apresentação 2T24,informacoes financeiras,informacoes_financeiras,https://d169uzu5o4xu1k.cloudfront.net/78a5a309-f13a-41ed-a7d1-814e37b63259/2024/0263a380-c570-4fe1-a113-ac055256a68b.pdf,https://ri.btgpactual.com/principais-informacoes/central-de-resultados,2024-08-14T00:00:00Z,pt,data/catalogs/20260906T182455,False,downloaded,documents/BTG_Pactual/2024/2T24/Apresentacao_2T24__1bb285a09cbb.pdf,1bb285a09cbb3fb9ce240d4e0f58ebbb981ddd1b21ae146e4dcb77d67a6e9d34,822311,pdf,PDF signature and EOF,,
BTG_Pactual,3c096b75-7429-419f-87e2-ba91c837f8cf,2024,2T24,Earnings Release 2T24,informacoes financeiras,informacoes_financeiras,https://d169uzu5o4xu1k.cloudfront.net/78a5a309-f13a-41ed-a7d1-814e37b63259/2024/1a2c8cc8-243e-4c98-bc69-1d9536b486e4.pdf,https://ri.btgpactual.com/principais-informacoes/central-de-resultados,2024-08-14T00:00:00Z,pt,data/catalogs/20260906T182455,False,downloaded,documents/BTG_Pactual/2024/2T24/Earnings_Release_2T24__f0420e515013.pdf,f0420e5150134920fe9677e025842c96329c481bbbf2ac383718b206506d1e79,690261,pdf,PDF signature and EOF,,
BTG_Pactual,064e9db9-a541-47b6-ba93-c3e782932625,2024,2T24,Áudio Teleconferência 2T24,informacoes financeiras,informacoes_financeiras,https://d169uzu5o4xu1k.cloudfront.net/78a5a309-f13a-41ed-a7d1-814e37b63259/2024/fdda4b24-ea07-4a06-bcec-954c2c9be550.mp3,https://ri.btgpactual.com/principais-informacoes/central-de-resultados,2024-08-15T00:00:00Z,pt,data/catalogs/20260906T182455,False,downloaded,documents/BTG_Pactual/2024/2T24/Audio_Teleconferencia_2T24__4ea92052d9c0.mp3,4ea92052d9c0d05f989cef12f29d12cf9078bda14eafae4a4a366d0bc92007da,73784605,mp3,signature,,
BTG_Pactual,2a0c60b5-a35e-40d7-8bf6-99544c1559c0,2024,1T24,Apresentação 1T24,informacoes financeiras,informacoes_financeiras,https://d169uzu5o4xu1k.cloudfront.net/78a5a309-f13a-41ed-a7d1-814e37b63259/2024/369a417a-3bf4-4eb1-b2c4-12238e827434.pdf,https://ri.btgpactual.com/principais-informacoes/central-de-resultados,2024-05-13T00:00:00Z,pt,data/catalogs/20260906T182455,False,downloaded,documents/BTG_Pactual/2024/1T24/Apresentacao_1T24__09f9bbb31ccc.pdf,09f9bbb31cccf9dd4dbf858482e4f2605ccdc782aeb9f5b4b043b690cf4a7db4,345026,pdf,PDF signature and EOF,,
BTG_Pactual,515f3ec7-7325-492d-bc7d-9d210f32441c,2024,1T24,Demonstrações Financeiras 1T24 -  Consolidado - IFRS,informacoes financeiras,informacoes_financeiras,https://d169uzu5o4xu1k.cloudfront.net/78a5a309-f13a-41ed-a7d1-814e37b63259/2024/14d4eca7-71d1-46c4-8f93-5038dfd08cb7.pdf,https://ri.btgpactual.com/principais-informacoes/central-de-resultados,2024-05-13T00:00:00Z,pt,data/catalogs/20260906T182455,False,downloaded,documents/BTG_Pactual/2024/1T24/Demonstracoes_Financeiras_1T24_-_Consolidado_-_IFRS__245f76859a9b.pdf,245f76859a9b457a68684a07e7fa3eec2a8bbfe9b7d9e340ee80c9d862577a52,1061004,pdf,PDF signature and EOF,,
BTG_Pactual,112152c5-4073-4e35-b4c7-47f5fcbeb358,2024,1T24,Earnings Release 1T24,informacoes financeiras,informacoes_financeiras,https://d169uzu5o4xu1k.cloudfront.net/78a5a309-f13a-41ed-a7d1-814e37b63259/2024/371776fb-352e-492a-9a76-88a40bd87f22.pdf,https://ri.btgpactual.com/principais-informacoes/central-de-resultados,2024-05-13T00:00:00Z,pt,data/catalogs/20260906T182455,False,downloaded,documents/BTG_Pactual/2024/1T24/Earnings_Release_1T24__139ba042be4e.pdf,139ba042be4e045a9e24d7660f68d09b14b4dd5bfeb450876a7af4ceb45e3f9d,686730,pdf,PDF signature and EOF,,
BTG_Pactual,2efa9ec1-13d7-4136-8b83-0a67f2ec6a89,2024,1T24,Demonstrações Financeiras 1T24 - Completa,informacoes financeiras,informacoes_financeiras,https://d169uzu5o4xu1k.cloudfront.net/78a5a309-f13a-41ed-a7d1-814e37b63259/2024/f5268de1-25dd-4ffe-b37e-249dccd7fa66.pdf,https://ri.btgpactual.com/principais-informacoes/central-de-resultados,2024-05-13T00:00:00Z,pt,data/catalogs/20260906T182455,False,downloaded,documents/BTG_Pactual/2024/1T24/Demonstracoes_Financeiras_1T24_-_Completa__46818160299c.pdf,46818160299cb1207973382d5175543a8462e10e4e3083f8ebba5d3f7124676e,1407591,pdf,PDF signature and EOF,,
BTG_Pactual,e9eb476a-ceee-4691-9f4f-0408f3b1625e,2024,1T24,Áudio Teleconferência 1T24,informacoes financeiras,informacoes_financeiras,https://d169uzu5o4xu1k.cloudfront.net/78a5a309-f13a-41ed-a7d1-814e37b63259/2024/cd3a3ec9-ad67-408b-b8d1-3975070fe37d.mp3,https://ri.btgpactual.com/principais-informacoes/central-de-resultados,2024-05-17T00:00:00Z,pt,data/catalogs/20260906T182455,False,downloaded,documents/BTG_Pactual/2024/1T24/Audio_Teleconferencia_1T24__43c371cd59b3.mp3,43c371cd59b31816bcb5958cba93ecdbb0d71ef8dc2438436e93212f1f3bc720,75153795,mp3,signature,,
BTG_Pactual,ef6857ce-768b-4508-985f-71b896fb8041,2024,3T24,Gerenciamento de Risco (Planilha Auxiliar) - Setembro de 2024,gerenciamento de risco,gerenciamento_de_risco,https://d169uzu5o4xu1k.cloudfront.net/78a5a309-f13a-41ed-a7d1-814e37b63259/2024/def7811b-845a-4573-ada4-6c1851450d6c.xlsx,https://ri.btgpactual.com/principais-informacoes/central-de-resultados,2024-12-13T00:00:00Z,pt,data/catalogs/20260906T182455,False,downloaded,documents/BTG_Pactual/2024/3T24/Gerenciamento_de_Risco_Planilha_Auxiliar_-_Setembro_de_2024__939106f15c51.xlsx,939106f15c51f120e0019d5c7f1204c4c8126fb88ad0a7cec7566b5a77ae2965,43725,xlsx,ZIP CRC verified,,
BTG_Pactual,23d0c18c-520c-436c-8149-8d8eac55214d,2024,3T24,Gerenciamento de Risco - Setembro de 2024,gerenciamento de risco,gerenciamento_de_risco,https://d169uzu5o4xu1k.cloudfront.net/78a5a309-f13a-41ed-a7d1-814e37b63259/2024/70b95a0f-c042-4175-8339-db650bfe0153.pdf,https://ri.btgpactual.com/principais-informacoes/central-de-resultados,2024-12-12T00:00:00Z,pt,data/catalogs/20260906T182455,False,downloaded,documents/BTG_Pactual/2024/3T24/Gerenciamento_de_Risco_-_Setembro_de_2024__4e9dfafd14a8.pdf,4e9dfafd14a8ba12143c4a690fe2b2e7a8331e17b7e99adfa6020afb5efb2bb7,889008,pdf,PDF signature and EOF,,
BTG_Pactual,ac4afdea-d914-42b4-8286-95fa9845be35,2024,2T24,Gerenciamento de Risco (Planilha Auxiliar) - Junho de 2024,gerenciamento de risco,gerenciamento_de_risco,https://d169uzu5o4xu1k.cloudfront.net/78a5a309-f13a-41ed-a7d1-814e37b63259/2024/c3587a27-3027-469f-890a-37ebb4ea20d7.xlsx,https://ri.btgpactual.com/principais-informacoes/central-de-resultados,2025-08-07T00:00:00Z,pt,data/catalogs/20260906T182455,False,downloaded,documents/BTG_Pactual/2024/2T24/Gerenciamento_de_Risco_Planilha_Auxiliar_-_Junho_de_2024__7bb9bf5f158b.xlsx,7bb9bf5f158b190173c784cfdc7c9ba72c4faeadfc11edf6d45d78b0a1beeb6e,427778,xlsx,ZIP CRC verified,,
BTG_Pactual,7c4b09f5-b489-4d91-ae10-e80e8f9ff74a,2024,2T24,Gerenciamento de Risco - Junho de 2024,gerenciamento de risco,gerenciamento_de_risco,https://d169uzu5o4xu1k.cloudfront.net/78a5a309-f13a-41ed-a7d1-814e37b63259/2024/606ccb80-899c-4245-8644-e947d8de9209.pdf,https://ri.btgpactual.com/principais-informacoes/central-de-resultados,2025-08-07T00:00:00Z,pt,data/catalogs/20260906T182455,False,downloaded,documents/BTG_Pactual/2024/2T24/Gerenciamento_de_Risco_-_Junho_de_2024__51060f206db4.pdf,51060f206db45df447b7566ac32c50182cfcb21539b13aacda9eead22b1e98f0,863284,pdf,PDF signature and EOF,,
BTG_Pactual,c5b15236-4893-4f92-8321-7ff089b05123,2024,1T24,Gerenciamento de Risco - Março de 2024,gerenciamento de risco,gerenciamento_de_risco,https://d169uzu5o4xu1k.cloudfront.net/78a5a309-f13a-41ed-a7d1-814e37b63259/2024/3a175545-3f8f-4b96-8340-f3a87c502c7a.pdf,https://ri.btgpactual.com/principais-informacoes/central-de-resultados,2024-06-21T00:00:00Z,pt,data/catalogs/20260906T182455,False,downloaded,documents/BTG_Pactual/2024/1T24/Gerenciamento_de_Risco_-_Marco_de_2024__b9218339481a.pdf,b9218339481acbcf397a5f7a915721f56a1c1de0d611c3451e5b276e10285884,713433,pdf,PDF signature and EOF,,
BTG_Pactual,f083887a-60f2-4321-96a9-126e965d8d9d,2024,1T24,Gerenciamento de Risco (Planilha Auxiliar) - Março de 2024,gerenciamento de risco,gerenciamento_de_risco,https://d169uzu5o4xu1k.cloudfront.net/78a5a309-f13a-41ed-a7d1-814e37b63259/2024/fb139b2c-f6da-4293-a99c-5456aa4e74f3.xlsx,https://ri.btgpactual.com/principais-informacoes/central-de-resultados,2024-06-21T00:00:00Z,pt,data/catalogs/20260906T182455,False,downloaded,documents/BTG_Pactual/2024/1T24/Gerenciamento_de_Risco_Planilha_Auxiliar_-_Marco_de_2024__f7da28176af6.xlsx,f7da28176af60c6ee43ca8ed1795bc144d5aa7eb00f88a57dfdc8b2d35b08b61,39822,xlsx,ZIP CRC verified,,
BTG_Pactual,35fb0929-dc86-4b58-b371-057387317b19,2024,4T24,Gerenciamento de Risco (Planilha Auxiliar) - Dezembro de 2024,gerenciamento de risco,gerenciamento_de_risco,https://d169uzu5o4xu1k.cloudfront.net/78a5a309-f13a-41ed-a7d1-814e37b63259/2024/376ad634-54ae-4aed-aa31-379d0de753a0.xlsx,https://ri.btgpactual.com/principais-informacoes/central-de-resultados,2025-05-08T00:00:00Z,pt,data/catalogs/20260906T182455,False,downloaded,documents/BTG_Pactual/2024/4T24/Gerenciamento_de_Risco_Planilha_Auxiliar_-_Dezembro_de_2024__1f3d5b1c1e06.xlsx,1f3d5b1c1e06e8b6940f806278d76c76457396be48e18fc14cfabcd962e279c5,534256,xlsx,ZIP CRC verified,,
BTG_Pactual,2cf819b7-0c46-4744-a621-4c163be27501,2024,4T24,Gerenciamento de Risco - Dezembro  de 2024,gerenciamento de risco,gerenciamento_de_risco,https://d169uzu5o4xu1k.cloudfront.net/78a5a309-f13a-41ed-a7d1-814e37b63259/2024/222f4c54-5e9b-469a-a332-6093e5781888.pdf,https://ri.btgpactual.com/principais-informacoes/central-de-resultados,2025-05-08T00:00:00Z,pt,data/catalogs/20260906T182455,False,downloaded,documents/BTG_Pactual/2024/4T24/Gerenciamento_de_Risco_-_Dezembro_de_2024__2a55e61e3166.pdf,2a55e61e316665c0acf8081f67d898873d57e51719eeb3efc7f418ee3f4cb464,1048753,pdf,PDF signature and EOF,,
BTG_Pactual,3d9120dd-f0bb-478c-a23b-89855c2bfbff,2024,4T24,Planilha Séries Históricas 4T24,planilha series historicas,planilha_series_historicas,https://d169uzu5o4xu1k.cloudfront.net/78a5a309-f13a-41ed-a7d1-814e37b63259/2024/Planilha Séries Históricas 4T24.xlsx,https://ri.btgpactual.com/principais-informacoes/central-de-resultados,2025-02-10T00:00:00Z,pt,data/catalogs/20260906T182455,False,downloaded,documents/BTG_Pactual/2024/4T24/Planilha_Series_Historicas_4T24__e436978524fa.xlsx,e436978524fa04b6be6a041d6eeeef1654e5d937b320728f3b0b1ea94c0cf5ce,228906,xlsx,ZIP CRC verified,,
BTG_Pactual,2a48df28-3c58-498b-8080-f1264904df50,2024,3T24,Planilha Séries Históricas 3T24,planilha series historicas,planilha_series_historicas,https://d169uzu5o4xu1k.cloudfront.net/78a5a309-f13a-41ed-a7d1-814e37b63259/2024/Planilha Séries Históricas 3T24.xlsx,https://ri.btgpactual.com/principais-informacoes/central-de-resultados,2024-11-12T00:00:00Z,pt,data/catalogs/20260906T182455,False,downloaded,documents/BTG_Pactual/2024/3T24/Planilha_Series_Historicas_3T24__c2690d3eff47.xlsx,c2690d3eff47004e49154a6457ff855975aec622cb1babe33f3b5632e54612a5,224047,xlsx,ZIP CRC verified,,
BTG_Pactual,30268a67-67e7-45e4-9ab4-80fe8270f336,2024,2T24,Planilha Séries Históricas 2T24,planilha series historicas,planilha_series_historicas,https://d169uzu5o4xu1k.cloudfront.net/78a5a309-f13a-41ed-a7d1-814e37b63259/2024/Planilha Séries Históricas 2T24.xlsx,https://ri.btgpactual.com/principais-informacoes/central-de-resultados,2024-08-14T00:00:00Z,pt,data/catalogs/20260906T182455,False,downloaded,documents/BTG_Pactual/2024/2T24/Planilha_Series_Historicas_2T24__9bff70c78b44.xlsx,9bff70c78b4476c2d521d260e6656a7c8b51ae88e64f40c5d49de18215883d89,220307,xlsx,ZIP CRC verified,,
BTG_Pactual,a9b76fc7-6bea-4cba-a334-529c35fb2022,2024,1T24,Planilha Séries Históricas 1T24,planilha series historicas,planilha_series_historicas,https://d169uzu5o4xu1k.cloudfront.net/78a5a309-f13a-41ed-a7d1-814e37b63259/2024/Planilha Séries Históricas 1T24.xlsx,https://ri.btgpactual.com/principais-informacoes/central-de-resultados,2024-05-13T00:00:00Z,pt,data/catalogs/20260906T182455,False,downloaded,documents/BTG_Pactual/2024/1T24/Planilha_Series_Historicas_1T24__2bb6e3700fe4.xlsx,2bb6e3700fe4615cdb35253d511348dade8d4e48f3f593215c0637f1d83f470b,217304,xlsx,ZIP CRC verified,,
BTG_Pactual,b6d866fc-9716-441d-982e-e809b9619563,2025,4T25,Gerenciamento de Risco (Planilha Auxiliar) - Dezembro de 2025,gerenciamento de risco,gerenciamento_de_risco,https://d169uzu5o4xu1k.cloudfront.net/78a5a309-f13a-41ed-a7d1-814e37b63259/2025/7fece879-89b4-4511-9010-51bb4976f68a.xlsx,https://ri.btgpactual.com/principais-informacoes/central-de-resultados,2026-03-30T03:00:00Z,pt,data/catalogs/20260906T181843,False,downloaded,documents/BTG_Pactual/2025/4T25/Gerenciamento_de_Risco_Planilha_Auxiliar_-_Dezembro_de_2025__a9b84fd69bb2.xlsx,a9b84fd69bb211bdd5100f97fefdd0616d1060735046374baad4451ff936d7aa,324881,xlsx,ZIP CRC verified,not_seen_this_run,
BTG_Pactual,3ca22ce3-8da9-4910-9dbc-35ddb3a6420f,2025,4T25,Gerenciamento de Risco - Dezembro de 2025,gerenciamento de risco,gerenciamento_de_risco,https://d169uzu5o4xu1k.cloudfront.net/78a5a309-f13a-41ed-a7d1-814e37b63259/2025/f0605c2f-4043-44f9-8c22-8508504763dd.pdf,https://ri.btgpactual.com/principais-informacoes/central-de-resultados,2026-03-30T03:00:00Z,pt,data/catalogs/20260906T181843,False,downloaded,documents/BTG_Pactual/2025/4T25/Gerenciamento_de_Risco_-_Dezembro_de_2025__d569b0e674a1.pdf,d569b0e674a1dfc70a359ae0550a85df29db4657374d6f25f496c4e80b8598ab,1147630,pdf,PDF signature and EOF,not_seen_this_run,
BTG_Pactual,1ec22ad7-2002-407f-8037-2eb5dad80d56,2025,3T25,Gerenciamento de Risco - Setembro de 2025,gerenciamento de risco,gerenciamento_de_risco,https://d169uzu5o4xu1k.cloudfront.net/78a5a309-f13a-41ed-a7d1-814e37b63259/2025/ba673bf7-6dfb-4ba5-97f0-ee956ecbc6d2.pdf,https://ri.btgpactual.com/principais-informacoes/central-de-resultados,2025-11-26T03:00:00Z,pt,data/catalogs/20260906T181843,False,downloaded,documents/BTG_Pactual/2025/3T25/Gerenciamento_de_Risco_-_Setembro_de_2025__28fb1d382c75.pdf,28fb1d382c7503daba81326897f4e0347f0676dd19701b386cf23eb735a74430,703100,pdf,PDF signature and EOF,not_seen_this_run,
BTG_Pactual,e350249d-60d0-4d41-ae27-85d45c2ab312,2025,3T25,Gerenciamento de Risco (Planilha Auxiliar) - Setembro de 2025,gerenciamento de risco,gerenciamento_de_risco,https://d169uzu5o4xu1k.cloudfront.net/78a5a309-f13a-41ed-a7d1-814e37b63259/2025/a46e522a-87bb-4e72-9702-2b952eb1c307.xlsx,https://ri.btgpactual.com/principais-informacoes/central-de-resultados,2025-11-26T03:00:00Z,pt,data/catalogs/20260906T181843,False,downloaded,documents/BTG_Pactual/2025/3T25/Gerenciamento_de_Risco_Planilha_Auxiliar_-_Setembro_de_2025__f323037f9766.xlsx,f323037f9766601aec4c42ba7f0c4f0067d06395ce4b851542859cdaa99b59b4,82798,xlsx,ZIP CRC verified,not_seen_this_run,
BTG_Pactual,a8f4a67a-0706-46e0-893a-fb98b5007395,2025,2T25,Gerenciamento de Risco - Junho  de 2025,gerenciamento de risco,gerenciamento_de_risco,https://d169uzu5o4xu1k.cloudfront.net/78a5a309-f13a-41ed-a7d1-814e37b63259/2025/06154d9a-6499-4bdf-956d-72f2800dd0c4.pdf,https://ri.btgpactual.com/principais-informacoes/central-de-resultados,2025-08-29T03:00:00Z,pt,data/catalogs/20260906T181843,False,downloaded,documents/BTG_Pactual/2025/2T25/Gerenciamento_de_Risco_-_Junho_de_2025__c9e0e939df17.pdf,c9e0e939df179c761a473055f13c06a7b8f8b665af1196c50d0e0cb8b647b4ed,799753,pdf,PDF signature and EOF,not_seen_this_run,
BTG_Pactual,3e9ce17b-6019-4b43-84e6-ddfe491e229c,2025,2T25,Gerenciamento de Risco (Planilha Auxiliar) - Junho de 2025,gerenciamento de risco,gerenciamento_de_risco,https://d169uzu5o4xu1k.cloudfront.net/78a5a309-f13a-41ed-a7d1-814e37b63259/2025/434a9a8b-3a04-4c45-95e8-7b4d2d56897d.xlsx,https://ri.btgpactual.com/principais-informacoes/central-de-resultados,2025-08-28T03:00:00Z,pt,data/catalogs/20260906T181843,False,downloaded,documents/BTG_Pactual/2025/2T25/Gerenciamento_de_Risco_Planilha_Auxiliar_-_Junho_de_2025__14433d3a79e0.xlsx,14433d3a79e00b242ca4050c89b46320a30f9031363e367e79495372fa3ed44f,395504,xlsx,ZIP CRC verified,not_seen_this_run,
BTG_Pactual,c850f662-d81b-46af-aee7-6f4151f0ee22,2025,1T25,Gerenciamento de Risco - Março  de 2025,gerenciamento de risco,gerenciamento_de_risco,https://d169uzu5o4xu1k.cloudfront.net/78a5a309-f13a-41ed-a7d1-814e37b63259/2025/df0316c0-81e8-4495-b32f-c781b83248ae.pdf,https://ri.btgpactual.com/principais-informacoes/central-de-resultados,2025-08-28T03:00:00Z,pt,data/catalogs/20260906T181843,False,downloaded,documents/BTG_Pactual/2025/1T25/Gerenciamento_de_Risco_-_Marco_de_2025__666dfdc342ca.pdf,666dfdc342ca1cf40cc09bf60ce6efac1dcce3b436b09d36f29c5522a1354867,707282,pdf,PDF signature and EOF,not_seen_this_run,
BTG_Pactual,93fb0b3d-fa5b-4ccf-a124-9571576c35ed,2025,1T25,Gerenciamento de Risco (Planilha Auxiliar) - Março de 2025,gerenciamento de risco,gerenciamento_de_risco,https://d169uzu5o4xu1k.cloudfront.net/78a5a309-f13a-41ed-a7d1-814e37b63259/2025/36e1b01b-ec96-45f4-bd84-2b5ce4f25801.xlsx,https://ri.btgpactual.com/principais-informacoes/central-de-resultados,2025-08-27T03:00:00Z,pt,data/catalogs/20260906T181843,False,downloaded,documents/BTG_Pactual/2025/1T25/Gerenciamento_de_Risco_Planilha_Auxiliar_-_Marco_de_2025__09a51c860917.xlsx,09a51c8609178f63bab03f49399a19a7152360276078b76e1312859f1ee7ecd3,106976,xlsx,ZIP CRC verified,not_seen_this_run,
BTG_Pactual,e8909aa6-935e-411f-8c3e-60d1fbf027d4,2025,4T25,Apresentação 4T25,informacoes financeiras,informacoes_financeiras,https://d169uzu5o4xu1k.cloudfront.net/78a5a309-f13a-41ed-a7d1-814e37b63259/2025/7f1521a4-fb89-403c-9c3c-07e567dd921c.pdf,https://ri.btgpactual.com/principais-informacoes/central-de-resultados,2026-02-09T03:00:00Z,pt,data/catalogs/20260906T181843,False,downloaded,documents/BTG_Pactual/2025/4T25/Apresentacao_4T25__8850b1704182.pdf,8850b1704182b1053224176f192ad36d7579b5610e55825c4bc51de26e378e97,603603,pdf,PDF signature and EOF,not_seen_this_run,
BTG_Pactual,4db00619-3d0a-453a-9faf-dea45fab0056,2025,4T25,Demonstrações Financeiras 4T25 -  Consolidado - IFRS,informacoes financeiras,informacoes_financeiras,https://d169uzu5o4xu1k.cloudfront.net/78a5a309-f13a-41ed-a7d1-814e37b63259/2025/8fc4586b-7c7b-42a1-acc1-be8d6ba7ac76.pdf,https://ri.btgpactual.com/principais-informacoes/central-de-resultados,2026-03-25T00:22:00Z,pt,data/catalogs/20260906T181843,False,downloaded,documents/BTG_Pactual/2025/4T25/Demonstracoes_Financeiras_4T25_-_Consolidado_-_IFRS__ce5ff293c005.pdf,ce5ff293c0055fc951571e59925f7b4f193d1dc39bffd902bc9a39eaab30776f,8241305,pdf,PDF signature and EOF,not_seen_this_run,
BTG_Pactual,f63f2ddc-b116-4ec1-bd07-ead27a21f39f,2025,4T25,Earnings Release 4T25,informacoes financeiras,informacoes_financeiras,https://d169uzu5o4xu1k.cloudfront.net/78a5a309-f13a-41ed-a7d1-814e37b63259/2025/a7df0336-5ce2-4a4c-bc11-bc17c98849d1.pdf,https://ri.btgpactual.com/principais-informacoes/central-de-resultados,2026-02-09T03:00:00Z,pt,data/catalogs/20260906T181843,False,downloaded,documents/BTG_Pactual/2025/4T25/Earnings_Release_4T25__bc4eea46c3d0.pdf,bc4eea46c3d0ce202c300ef096d003a8b6da7823ca00ac3d5bd634665b86a59a,1058836,pdf,PDF signature and EOF,not_seen_this_run,
BTG_Pactual,0e58d721-ccdf-4818-8a89-67d694386faf,2025,4T25,Demonstrações Financeiras 4T25 - Completa,informacoes financeiras,informacoes_financeiras,https://d169uzu5o4xu1k.cloudfront.net/78a5a309-f13a-41ed-a7d1-814e37b63259/2025/179e40b0-9b8d-4338-bff1-9686c71187b2.pdf,https://ri.btgpactual.com/principais-informacoes/central-de-resultados,2026-02-09T03:00:00Z,pt,data/catalogs/20260906T193319,False,downloaded,documents/BTG_Pactual/2025/4T25/Demonstracoes_Financeiras_4T25_-_Completa__92dbf146f51f.pdf,92dbf146f51f40e9e64f96d476146925a5b5ce9bdc60100dca91a7f84fcb3234,4481780,pdf,PDF signature and EOF,,
BTG_Pactual,87fef92e-7420-481f-b206-002cce04472c,2025,4T25,Áudio Teleconferência 4T25,informacoes financeiras,informacoes_financeiras,https://d169uzu5o4xu1k.cloudfront.net/78a5a309-f13a-41ed-a7d1-814e37b63259/2025/3401ac7f-654f-4f2d-ae04-56d2761d9f07.mp3,https://ri.btgpactual.com/principais-informacoes/central-de-resultados,2026-02-09T00:00:00Z,pt,data/catalogs/20260906T193319,False,downloaded,documents/BTG_Pactual/2025/4T25/Audio_Teleconferencia_4T25__080cca9ffc0b.mp3,080cca9ffc0b5cd838e25903f31b68780c252b5edd3676f35b270d2a7661de95,33593794,mp3,signature,,
BTG_Pactual,f7dd513d-282b-48c1-8393-ee628670de89,2025,3T25,Demonstrações Financeiras 3T25 -  Consolidado - IFRS,informacoes financeiras,informacoes_financeiras,https://d169uzu5o4xu1k.cloudfront.net/78a5a309-f13a-41ed-a7d1-814e37b63259/2025/cfe3e1de-4d7c-421c-a0a8-ab8ea22c4d8e.pdf,https://ri.btgpactual.com/principais-informacoes/central-de-resultados,2025-11-17T00:00:00Z,pt,data/catalogs/20260906T181843,False,downloaded,documents/BTG_Pactual/2025/3T25/Demonstracoes_Financeiras_3T25_-_Consolidado_-_IFRS__5a37e598c585.pdf,5a37e598c585f34690bce68508d0ed85eb90ced2747fea62e2016fe4beab97e9,1474281,pdf,PDF signature and EOF,not_seen_this_run,
BTG_Pactual,b64204d8-d19c-4ca9-be10-ad9d6e87f3d9,2025,3T25,Earnings Release 3T25,informacoes financeiras,informacoes_financeiras,https://d169uzu5o4xu1k.cloudfront.net/78a5a309-f13a-41ed-a7d1-814e37b63259/2025/d5e22e67-254d-4ecc-8a16-b192df507f03.pdf,https://ri.btgpactual.com/principais-informacoes/central-de-resultados,2025-11-11T00:00:00Z,pt,data/catalogs/20260906T181843,False,downloaded,documents/BTG_Pactual/2025/3T25/Earnings_Release_3T25__7841a97d7837.pdf,7841a97d7837f97ff80659716d6ac0619d4c5633de1496316bd1f8b0c339c440,885151,pdf,PDF signature and EOF,not_seen_this_run,
BTG_Pactual,e2b42e7f-4d74-499a-9cf1-a09839d2eae2,2025,3T25,Apresentação 3T25,informacoes financeiras,informacoes_financeiras,https://d169uzu5o4xu1k.cloudfront.net/78a5a309-f13a-41ed-a7d1-814e37b63259/2025/fa24a056-a318-46a8-9d20-4cf43ca7163a.pdf,https://ri.btgpactual.com/principais-informacoes/central-de-resultados,2025-11-11T00:00:00Z,pt,data/catalogs/20260906T181843,False,downloaded,documents/BTG_Pactual/2025/3T25/Apresentacao_3T25__c5b78c66fb24.pdf,c5b78c66fb24900d70619983d070c080da530846651f6a38630abe1c7e239559,462026,pdf,PDF signature and EOF,not_seen_this_run,
BTG_Pactual,d4dc6801-5bca-4050-a897-24654ce2eb21,2025,3T25,Demonstrações Financeiras 3T25 - Completa,informacoes financeiras,informacoes_financeiras,https://d169uzu5o4xu1k.cloudfront.net/78a5a309-f13a-41ed-a7d1-814e37b63259/2025/5c87cf93-bf8f-4cbc-a756-755d7e202137.pdf,https://ri.btgpactual.com/principais-informacoes/central-de-resultados,2025-11-11T00:00:00Z,pt,data/catalogs/20260906T181843,False,downloaded,documents/BTG_Pactual/2025/3T25/Demonstracoes_Financeiras_3T25_-_Completa__929125b0734e.pdf,929125b0734ecc6c9f3d30787a0d57e002dd531029957cb2d903d35e51527530,2142180,pdf,PDF signature and EOF,not_seen_this_run,
BTG_Pactual,3d527e1c-0ee3-4d92-a7cf-b2fafc3490a3,2025,3T25,Áudio Teleconferência 3T25,informacoes financeiras,informacoes_financeiras,https://d169uzu5o4xu1k.cloudfront.net/78a5a309-f13a-41ed-a7d1-814e37b63259/2025/007b2203-e4b1-42db-bb0f-9c56142e771d.mp3,https://ri.btgpactual.com/principais-informacoes/central-de-resultados,2025-11-13T00:00:00Z,pt,data/catalogs/20260906T181843,False,downloaded,documents/BTG_Pactual/2025/3T25/Audio_Teleconferencia_3T25__4792411f8ce4.mp3,4792411f8ce49cce554697c6dc27b6cc4b833e521d9bf8f4fe1283f38f8e8909,53020246,mp3,signature,not_seen_this_run,
BTG_Pactual,4e876b17-bf19-475c-a868-15bd69de1bbf,2025,2T25,Demonstrações Financeiras 2T25 -  Consolidado - IFRS,informacoes financeiras,informacoes_financeiras,https://d169uzu5o4xu1k.cloudfront.net/78a5a309-f13a-41ed-a7d1-814e37b63259/2025/3ed0d8db-8093-47b9-bb4d-bdab58ad1fa2.pdf,https://ri.btgpactual.com/principais-informacoes/central-de-resultados,2025-08-15T00:00:00Z,pt,data/catalogs/20260906T181843,False,downloaded,documents/BTG_Pactual/2025/2T25/Demonstracoes_Financeiras_2T25_-_Consolidado_-_IFRS__a63a796988c1.pdf,a63a796988c1a52137317975904c8cde957cab4d8c954f2ce55d55c0ccc3dcf9,1462267,pdf,PDF signature and EOF,not_seen_this_run,
BTG_Pactual,16583d33-e51c-4711-9964-1c78c822d57d,2025,2T25,Apresentação 2T25,informacoes financeiras,informacoes_financeiras,https://d169uzu5o4xu1k.cloudfront.net/78a5a309-f13a-41ed-a7d1-814e37b63259/2025/fb137022-b48b-4beb-9707-96da2ef90729.pdf,https://ri.btgpactual.com/principais-informacoes/central-de-resultados,2025-08-12T00:00:00Z,pt,data/catalogs/20260906T181843,False,downloaded,documents/BTG_Pactual/2025/2T25/Apresentacao_2T25__a803503dd445.pdf,a803503dd4454e9f1c6ed0edadcf04141d2d0a4bd3c27431f395a806eba15e92,430340,pdf,PDF signature and EOF,not_seen_this_run,
BTG_Pactual,4d6bcde1-b780-4237-86a7-ee7f22b011e5,2025,2T25,Earnings Release 2T25,informacoes financeiras,informacoes_financeiras,https://d169uzu5o4xu1k.cloudfront.net/78a5a309-f13a-41ed-a7d1-814e37b63259/2025/4877287b-9788-4471-945a-3a7ffccfc5dd.pdf,https://ri.btgpactual.com/principais-informacoes/central-de-resultados,2025-08-12T00:00:00Z,pt,data/catalogs/20260906T181843,False,downloaded,documents/BTG_Pactual/2025/2T25/Earnings_Release_2T25__a1b9dede8ad7.pdf,a1b9dede8ad7a59e9d378ccc2eeb9fb6b73c0ce9033659146f1abab14217d02d,929850,pdf,PDF signature and EOF,not_seen_this_run,
BTG_Pactual,77862299-0156-41ff-b3bd-22da66c2d26d,2025,2T25,Demonstrações Financeiras 2T25 - Completa,informacoes financeiras,informacoes_financeiras,https://d169uzu5o4xu1k.cloudfront.net/78a5a309-f13a-41ed-a7d1-814e37b63259/2025/ec2a8781-b4ce-4802-9636-2e5f4e0845bd.pdf,https://ri.btgpactual.com/principais-informacoes/central-de-resultados,2025-08-12T00:00:00Z,pt,data/catalogs/20260906T181843,False,downloaded,documents/BTG_Pactual/2025/2T25/Demonstracoes_Financeiras_2T25_-_Completa__76944af572f9.pdf,76944af572f97ab35a0ab728a0ff9f175598289f11f1a296ba5e7cf191296aa7,2733374,pdf,PDF signature and EOF,not_seen_this_run,
BTG_Pactual,f42fc661-15c8-4e25-b0fb-b0e1318454cd,2025,2T25,Áudio Teleconferência 2T25,informacoes financeiras,informacoes_financeiras,https://d169uzu5o4xu1k.cloudfront.net/78a5a309-f13a-41ed-a7d1-814e37b63259/2025/31f23973-1680-4795-a851-8f7ae4f0f9f8.mp3,https://ri.btgpactual.com/principais-informacoes/central-de-resultados,2025-08-14T00:00:00Z,pt,data/catalogs/20260906T181843,False,downloaded,documents/BTG_Pactual/2025/2T25/Audio_Teleconferencia_2T25__a167abfd25fe.mp3,a167abfd25fed551596106ef37e359f784699367014c61ee9a2be3f073eed424,88353499,mp3,signature,not_seen_this_run,
BTG_Pactual,4398eda6-eacc-4092-b5d3-eff0e7d5a509,2025,1T25,Demonstrações Financeiras 1T25 -  Consolidado - IFRS,informacoes financeiras,informacoes_financeiras,https://d169uzu5o4xu1k.cloudfront.net/78a5a309-f13a-41ed-a7d1-814e37b63259/2025/faf4a5c9-3f8a-452a-8985-1620335aea55.pdf,https://ri.btgpactual.com/principais-informacoes/central-de-resultados,2025-05-26T00:00:00Z,pt,data/catalogs/20260906T181843,False,downloaded,documents/BTG_Pactual/2025/1T25/Demonstracoes_Financeiras_1T25_-_Consolidado_-_IFRS__4a5ed513cba2.pdf,4a5ed513cba220842c75e715cf7f64be0dbfe00dcb05ca9b6b1aadac32abac41,3412781,pdf,PDF signature and EOF,not_seen_this_run,
BTG_Pactual,d641544f-0b80-40b8-a151-f040666b1862,2025,1T25,Earnings Release 1T25,informacoes financeiras,informacoes_financeiras,https://d169uzu5o4xu1k.cloudfront.net/78a5a309-f13a-41ed-a7d1-814e37b63259/2025/a4fa593e-5651-41cb-8987-cde44fdd21d8.pdf,https://ri.btgpactual.com/principais-informacoes/central-de-resultados,2025-05-12T00:00:00Z,pt,data/catalogs/20260906T181843,False,downloaded,documents/BTG_Pactual/2025/1T25/Earnings_Release_1T25__42606fe4fc6e.pdf,42606fe4fc6ed7806373293ac47540483924d843b331c27964de2fbace3bba6c,833838,pdf,PDF signature and EOF,not_seen_this_run,
BTG_Pactual,48cb6cba-1874-44fa-be25-311066ca1e4c,2025,1T25,Demonstrações Financeiras 1T25 - Completa,informacoes financeiras,informacoes_financeiras,https://d169uzu5o4xu1k.cloudfront.net/78a5a309-f13a-41ed-a7d1-814e37b63259/2025/ab5c9fd5-54ac-4e4e-9b61-b4390eb2d252.pdf,https://ri.btgpactual.com/principais-informacoes/central-de-resultados,2025-05-12T00:00:00Z,pt,data/catalogs/20260906T181843,False,downloaded,documents/BTG_Pactual/2025/1T25/Demonstracoes_Financeiras_1T25_-_Completa__56aa7bee70a4.pdf,56aa7bee70a4bd87229d94c3bc9c85f7b804b188e703affc72d25d4d3eec6525,1719103,pdf,PDF signature and EOF,not_seen_this_run,
BTG_Pactual,0afc06b7-be00-4721-a9a8-cd5376c7b407,2025,1T25,Apresentação 1T25,informacoes financeiras,informacoes_financeiras,https://d169uzu5o4xu1k.cloudfront.net/78a5a309-f13a-41ed-a7d1-814e37b63259/2025/fdf33e2f-2416-4a9e-acb6-d1291edd2419.pdf,https://ri.btgpactual.com/principais-informacoes/central-de-resultados,2025-05-12T00:00:00Z,pt,data/catalogs/20260906T181843,False,downloaded,documents/BTG_Pactual/2025/1T25/Apresentacao_1T25__f265f07b59ad.pdf,f265f07b59ad7d5bb7c3489eb1d619bc299d503a668585a9ccfde11fec50be16,343154,pdf,PDF signature and EOF,not_seen_this_run,
BTG_Pactual,502d3839-28a4-44a4-9b33-9a9be7ad8f48,2025,1T25,Áudio Teleconferência 1T25,informacoes financeiras,informacoes_financeiras,https://d169uzu5o4xu1k.cloudfront.net/78a5a309-f13a-41ed-a7d1-814e37b63259/2025/fa7032e7-26ea-4f17-9975-14b7e06a038f.mp3,https://ri.btgpactual.com/principais-informacoes/central-de-resultados,2025-05-12T00:00:00Z,pt,data/catalogs/20260906T181843,False,downloaded,documents/BTG_Pactual/2025/1T25/Audio_Teleconferencia_1T25__ecf5e1194312.mp3,ecf5e1194312049ddbbbcaf65ab0cc37f2ca7d2b26907243dabe6bcf6e1041b1,56572862,mp3,signature,not_seen_this_run,
BTG_Pactual,6ef789d4-9fa6-46a2-84b0-672e840fb24d,2025,4T25,Planilha Séries Históricas 4T25,planilha series historicas,planilha_series_historicas,https://d169uzu5o4xu1k.cloudfront.net/78a5a309-f13a-41ed-a7d1-814e37b63259/2025/Planilha Séries Históricas 4T25.xlsx,https://ri.btgpactual.com/principais-informacoes/central-de-resultados,2026-02-09T00:00:00Z,pt,data/catalogs/20260906T193319,False,downloaded,documents/BTG_Pactual/2025/4T25/Planilha_Series_Historicas_4T25__d2f83dc27b81.xlsx,d2f83dc27b81747d4aa3b99621aab38b247527e4b040c3b5877516bb5927e810,265998,xlsx,ZIP CRC verified,,
BTG_Pactual,df0645ad-1c92-4c3c-9a5d-8eba51da39fe,2025,3T25,Planilha Séries Históricas 3T25,planilha series historicas,planilha_series_historicas,https://d169uzu5o4xu1k.cloudfront.net/78a5a309-f13a-41ed-a7d1-814e37b63259/2025/Planilha Séries Históricas 3T25.xlsx,https://ri.btgpactual.com/principais-informacoes/central-de-resultados,2025-11-11T00:00:00Z,pt,data/catalogs/20260906T181843,False,downloaded,documents/BTG_Pactual/2025/3T25/Planilha_Series_Historicas_3T25__247a389927b8.xlsx,247a389927b84ec71ae14375118513aba83311a9c8101e34da1e0122c6e08263,239928,xlsx,ZIP CRC verified,not_seen_this_run,
BTG_Pactual,c445ca0a-d991-49be-aaad-8a4b6c6107af,2025,2T25,Planilha Séries Históricas 2T25,planilha series historicas,planilha_series_historicas,https://d169uzu5o4xu1k.cloudfront.net/78a5a309-f13a-41ed-a7d1-814e37b63259/2025/Planilha Séries Históricas 2T25.xlsx,https://ri.btgpactual.com/principais-informacoes/central-de-resultados,2025-08-12T00:00:00Z,pt,data/catalogs/20260906T181843,False,downloaded,documents/BTG_Pactual/2025/2T25/Planilha_Series_Historicas_2T25__1e9225d0347a.xlsx,1e9225d0347a0c0520dd9f9cb1e8fbd85541896a6524fe3321608177b076bdb8,237370,xlsx,ZIP CRC verified,not_seen_this_run,
BTG_Pactual,ac11ff4f-3997-4fbd-b8e0-21d10a2a5ef5,2025,1T25,Planilha Séries Históricas 1T25,planilha series historicas,planilha_series_historicas,https://d169uzu5o4xu1k.cloudfront.net/78a5a309-f13a-41ed-a7d1-814e37b63259/2025/Planilha Séries Históricas 1T25.xlsx,https://ri.btgpactual.com/principais-informacoes/central-de-resultados,2025-05-12T00:00:00Z,pt,data/catalogs/20260906T181843,False,downloaded,documents/BTG_Pactual/2025/1T25/Planilha_Series_Historicas_1T25__25f27eae189a.xlsx,25f27eae189acfa3573454ab4beaa55c5989a82f1b22e0be0a497c5951c1fc64,234541,xlsx,ZIP CRC verified,not_seen_this_run,
Santander,99b0ecf7-53ab-4ac7-a3f6-24e1ebfed741,2026,2T26,Transcrição 2T26,transcricao videoconferencia de resultados,divulgacao_de_resultados_transcricao_videoconferencia_de_resultados,https://api.mziq.com/mzfilemanager/v2/d/a2595886-9fbb-4339-8a38-71d6ce7c7d36/548e8590-b869-23bd-e4c4-497d5167aa58?origin=2,https://www.santander.com.br/ri/resultados-e-relatorios/divulgacao-de-resultados/,2026-07-30T00:00:00.000Z,pt_BR,data/catalogs/20260906T193319,False,downloaded,documents/Santander/2026/2T26/Transcricao_2T26__8873e70a9380.pdf,8873e70a9380259f80c08f54acaea15dafd62b7bfafcfbad0cdc43612935870c,181488,pdf,Recovered signature-validated content-addressed download,,
Santander,d2d2f738-5c79-481b-b8e7-39b6b4beaec3,2026,2T26,Informativo ao investidor PF 2T26,informativo ao investidor pf,divulgacao_de_resultados_informativo_ao_investidor_pf,https://api.mziq.com/mzfilemanager/v2/d/a2595886-9fbb-4339-8a38-71d6ce7c7d36/16472130-0828-5c02-5207-44417d8b66bf?origin=2,https://www.santander.com.br/ri/resultados-e-relatorios/divulgacao-de-resultados/,2026-07-30T00:00:00.000Z,pt_BR,data/catalogs/20260906T181843,False,downloaded,documents/Santander/2026/2T26/Informativo_ao_investidor_PF_2T26__6b142280440e.pdf,6b142280440e1a34912112b896e66dff640a9f1e9d4f8777b50d7ed72cc6d389,1321593,pdf,PDF signature and EOF,not_seen_this_run,
Santander,1194a8f9-cf95-481d-9bdf-5040625229d6,2026,2T26,Apresentação de Resultados 2T26,apresentacao de resultados,divulgacao_de_resultados_apresentacao_de_resultados,https://api.mziq.com/mzfilemanager/v2/d/a2595886-9fbb-4339-8a38-71d6ce7c7d36/f814fa72-0138-d7ca-b2df-52b80aba8ae8?origin=2,https://www.santander.com.br/ri/resultados-e-relatorios/divulgacao-de-resultados/,2026-07-29T00:00:00.000Z,pt_BR,data/catalogs/20260906T181843,False,downloaded,documents/Santander/2026/2T26/Apresentacao_de_Resultados_2T26__2579cfdf5e0a.pdf,2579cfdf5e0acb877f55b82e5975b9c29df78fbca739d28e628e004867c2a8bc,1186780,pdf,PDF signature and EOF,not_seen_this_run,
Santander,325eb033-551d-42b6-ad94-189602953e10,2026,2T26,Informe de Resultados 2T26,informe de resultados,divulgacao_de_resultados_informe_de_resultados,https://api.mziq.com/mzfilemanager/v2/d/a2595886-9fbb-4339-8a38-71d6ce7c7d36/5395e890-a68c-8c25-7c30-399ec6928c53?origin=2,https://www.santander.com.br/ri/resultados-e-relatorios/divulgacao-de-resultados/,2026-07-29T00:00:00.000Z,pt_BR,data/catalogs/20260906T181843,False,downloaded,documents/Santander/2026/2T26/Informe_de_Resultados_2T26__b89f1153b19e.pdf,b89f1153b19e3fc865ee6f3aaaf2c748e0791aa9de3b3490d013041c990305a8,1112423,pdf,PDF signature and EOF,not_seen_this_run,
Santander,6078d1bc-75f8-4f28-b04f-96fadeea2c5d,2026,2T26,Demonstrações Financeiras BRGAAP 2T26,demonstracoes financeiras brgaap,divulgacao_de_resultados_demonstracoes_financeiras_brgaap,https://api.mziq.com/mzfilemanager/v2/d/a2595886-9fbb-4339-8a38-71d6ce7c7d36/d5817a5d-9233-90f7-9967-5ad331786b4b?origin=2,https://www.santander.com.br/ri/resultados-e-relatorios/divulgacao-de-resultados/,2026-07-29T00:00:00.000Z,pt_BR,data/catalogs/20260906T193319,False,downloaded,documents/Santander/2026/2T26/Demonstracoes_Financeiras_BRGAAP_2T26__c9899905adbf.pdf,c9899905adbfa8364733c5f250143e7ee2017519f7e7cf05e4c5df2f5659afa4,3696304,pdf,PDF signature and EOF,,
Santander,89565855-36ac-4158-ab25-57c992e2953f,2026,2T26,Séries Históricas 2T26,divulgacao_de_resultados_serie_historica_brgaap,divulgacao_de_resultados_serie_historica_brgaap,https://api.mziq.com/mzfilemanager/v2/d/a2595886-9fbb-4339-8a38-71d6ce7c7d36/c1507f83-7641-55bd-d35c-a8bb4f995750?origin=2,https://www.santander.com.br/ri/resultados-e-relatorios/divulgacao-de-resultados/,,,,,downloaded,documents/Santander/2026/2T26/Series_Historicas_2T26__0b04dac5a2f3.xlsx,0b04dac5a2f30e47e7bb52d7d92f1e3c713c054e0f8afafb2ab916442baa774c,6128989,xlsx,ZIP CRC verified,not_seen_this_run,
Santander,c2d6a548-fed3-4d84-8955-bfe399e7c622,2026,2T26,Demonstrações Financeiras IFRS 2T26,demonstracoes financeiras ifrs,divulgacao_de_resultados_demonstracoes_financeiras_ifrs,https://api.mziq.com/mzfilemanager/v2/d/a2595886-9fbb-4339-8a38-71d6ce7c7d36/d6e27231-e7bd-fc87-3b05-3276363a55dd?origin=2,https://www.santander.com.br/ri/resultados-e-relatorios/divulgacao-de-resultados/,2026-07-29T00:00:00.000Z,pt_BR,data/catalogs/20260906T193319,False,downloaded,documents/Santander/2026/2T26/Demonstracoes_Financeiras_IFRS_2T26__8beb88c932d4.pdf,8beb88c932d434c2d1a78ff40ddbc550a2379a6563b9aceba4cbf2902151751f,3061418,pdf,PDF signature and EOF,,
Santander,de993edf-4bed-4cd2-b465-d7f3fe6bfda2,2026,2T26,Teleconferência de Resultados - 2T26,teleconferencia de resultados,divulgacao_de_resultados_teleconferencia_de_resultados,https://api.mziq.com/mzfilemanager/v2/d/a2595886-9fbb-4339-8a38-71d6ce7c7d36/a9e46ed9-a5e5-046b-5664-7fc00a866191?origin=2,https://www.santander.com.br/ri/resultados-e-relatorios/divulgacao-de-resultados/,2026-07-29T00:00:00.000Z,pt_BR,data/catalogs/20260906T181843,True,external_link,documents/Santander/2026/2T26/Teleconferencia_de_Resultados_-_2T26__de993edf.url,,,,Official catalog link; streaming/page not archived,not_seen_this_run,
Santander,de6201a0-d68e-4220-81a1-1f67982512ad,2026,1T26,Transcrição 1T26,transcricao videoconferencia de resultados,divulgacao_de_resultados_transcricao_videoconferencia_de_resultados,https://api.mziq.com/mzfilemanager/v2/d/a2595886-9fbb-4339-8a38-71d6ce7c7d36/ad599d8b-4061-014b-cd33-947ac530b36c?origin=2,https://www.santander.com.br/ri/resultados-e-relatorios/divulgacao-de-resultados/,2026-05-05T00:00:00.000Z,pt_BR,data/catalogs/20260906T193319,False,downloaded,documents/Santander/2026/1T26/Transcricao_1T26__69baa653e170.pdf,69baa653e170b8fc24451a7fb1130da37f2e6eb5754e5ee543d7ccce69ea6d62,197320,pdf,Recovered signature-validated content-addressed download,,
Santander,81c31acb-f9e8-4374-b450-7a59b1c8ec7a,2026,1T26,Informativo ao investidor PF 1T26,informativo ao investidor pf,divulgacao_de_resultados_informativo_ao_investidor_pf,https://api.mziq.com/mzfilemanager/v2/d/a2595886-9fbb-4339-8a38-71d6ce7c7d36/67022a93-9bc4-089f-50fc-bb88d188f15f?origin=2,https://www.santander.com.br/ri/resultados-e-relatorios/divulgacao-de-resultados/,2026-04-30T00:00:00.000Z,pt_BR,data/catalogs/20260906T181843,False,downloaded,documents/Santander/2026/1T26/Informativo_ao_investidor_PF_1T26__bfbdd0d0d9c6.pdf,bfbdd0d0d9c63a57246a1ed85a118ce0c28d0491a2d4ee23a7cfced4c94137ef,2132826,pdf,PDF signature and EOF,not_seen_this_run,
Santander,a345888d-3b54-4fc5-b904-28c45781a27f,2026,1T26,Teleconferência de Resultados - 1T26,teleconferencia de resultados,divulgacao_de_resultados_teleconferencia_de_resultados,https://api.mziq.com/mzfilemanager/v2/d/a2595886-9fbb-4339-8a38-71d6ce7c7d36/6f45f874-3a85-4993-aa60-6e529a9c8435?origin=2,https://www.santander.com.br/ri/resultados-e-relatorios/divulgacao-de-resultados/,2026-04-30T00:00:00.000Z,pt_BR,data/catalogs/20260906T181843,True,external_link,documents/Santander/2026/1T26/Teleconferencia_de_Resultados_-_1T26__a345888d.url,,,,Official catalog link; streaming/page not archived,not_seen_this_run,
Santander,164d2fb4-556e-458b-ae93-08abeafcffb5,2026,1T26,Apresentação de Resultados 1T26,apresentacao de resultados,divulgacao_de_resultados_apresentacao_de_resultados,https://api.mziq.com/mzfilemanager/v2/d/a2595886-9fbb-4339-8a38-71d6ce7c7d36/227b8257-7fe0-6666-8706-75a5b5ccbb7b?origin=2,https://www.santander.com.br/ri/resultados-e-relatorios/divulgacao-de-resultados/,2026-04-29T00:00:00.000Z,pt_BR,data/catalogs/20260906T181843,False,downloaded,documents/Santander/2026/1T26/Apresentacao_de_Resultados_1T26__64006250e8f3.pdf,64006250e8f326eab63a440583506856f1eb0e7c573c4574bc13d4afd08642c1,1253227,pdf,PDF signature and EOF,not_seen_this_run,
Santander,3becd653-234c-41fc-9dfd-f4b2be3e719d,2026,1T26,Demonstrações Financeiras IFRS 1T26,demonstracoes financeiras ifrs,divulgacao_de_resultados_demonstracoes_financeiras_ifrs,https://api.mziq.com/mzfilemanager/v2/d/a2595886-9fbb-4339-8a38-71d6ce7c7d36/461d837c-9ccc-ef6c-7c1c-b8650027bb38?origin=2,https://www.santander.com.br/ri/resultados-e-relatorios/divulgacao-de-resultados/,2026-04-29T00:00:00.000Z,pt_BR,data/catalogs/20260906T181843,False,downloaded,documents/Santander/2026/1T26/Demonstracoes_Financeiras_IFRS_1T26__35f306cd7096.pdf,35f306cd70962e981e619fa0f67388301ae4375c4d977fb920c9e0b389cb5ce2,4327509,pdf,PDF signature and EOF,not_seen_this_run,
Santander,609d2e2b-b36d-4a63-903e-e9a1045bf5b6,2026,1T26,Séries Históricas 1T26,serie historica brgaap,divulgacao_de_resultados_serie_historica_brgaap,https://api.mziq.com/mzfilemanager/v2/d/a2595886-9fbb-4339-8a38-71d6ce7c7d36/9e5fc39f-ef74-0a89-6d29-7416fc6089b0?origin=2,https://www.santander.com.br/ri/resultados-e-relatorios/divulgacao-de-resultados/,2026-04-29T00:00:00.000Z,pt_BR,data/catalogs/20260906T193319,False,downloaded,documents/Santander/2026/1T26/Series_Historicas_1T26__4c7ff218716b.xlsx,4c7ff218716b35325327853486f38ee5db3e756a3afda0b3e62422b4d2ab2e54,6127715,xlsx,ZIP CRC verified,,
Santander,9295c311-b147-45a5-acde-6cb6015d89f3,2026,1T26,Demonstrações Financeiras BRGAAP 1T26,demonstracoes financeiras brgaap,divulgacao_de_resultados_demonstracoes_financeiras_brgaap,https://api.mziq.com/mzfilemanager/v2/d/a2595886-9fbb-4339-8a38-71d6ce7c7d36/5d53f66c-403e-f06b-4adf-b6ab16beac51?origin=2,https://www.santander.com.br/ri/resultados-e-relatorios/divulgacao-de-resultados/,2026-04-29T00:00:00.000Z,pt_BR,data/catalogs/20260906T181843,False,downloaded,documents/Santander/2026/1T26/Demonstracoes_Financeiras_BRGAAP_1T26__f9542500138f.pdf,f9542500138fa1d98b99416c4b11b00ef8b4a5a236964253f5b04e0a7d428961,5375271,pdf,PDF signature and EOF,not_seen_this_run,
Santander,c0956c36-c72a-4250-8a17-1a49119bb5eb,2026,1T26,Informe de Resultados 1T26,informe de resultados,divulgacao_de_resultados_informe_de_resultados,https://api.mziq.com/mzfilemanager/v2/d/a2595886-9fbb-4339-8a38-71d6ce7c7d36/9f86d50a-0466-c9bc-9f56-865a5dff0a16?origin=2,https://www.santander.com.br/ri/resultados-e-relatorios/divulgacao-de-resultados/,2026-04-29T00:00:00.000Z,pt_BR,data/catalogs/20260906T181843,False,downloaded,documents/Santander/2026/1T26/Informe_de_Resultados_1T26__b7484fee9120.pdf,b7484fee9120ae49f7fcac898b563015867dbbe60593b05db6093be2a667e37e,1073864,pdf,PDF signature and EOF,not_seen_this_run,
Santander,7ead026c-e956-4958-8065-23067af007e5,2025,4T25,Informativo ao investidor PF 4T25,informativo ao investidor pf,divulgacao_de_resultados_informativo_ao_investidor_pf,https://filemanager-cdn.mziq.com/published/a2595886-9fbb-4339-8a38-71d6ce7c7d36/49975e1d-138b-4072-810c-99d5179c0ad4_informativo_ao_investidor_pf_4t25.pdf,https://www.santander.com.br/ri/resultados-e-relatorios/divulgacao-de-resultados/,2026-02-05T00:00:00.000Z,pt_BR,data/catalogs/20260906T193319,False,downloaded,documents/Santander/2025/4T25/Informativo_ao_investidor_PF_4T25__0810057369db.pdf,0810057369dbeaa03ea92509ba7da80b96606bb723e8760fb4beb295fba3321d,1967058,pdf,PDF signature and EOF,,
Santander,01ec2ae7-c26f-4f95-90da-fc6eba0ff74e,2025,4T25,Informe de Resultados 4T25,informe de resultados,divulgacao_de_resultados_informe_de_resultados,https://filemanager-cdn.mziq.com/published/a2595886-9fbb-4339-8a38-71d6ce7c7d36/ef01cb91-8a35-4fe3-a844-8c99633a9fd1_release_de_resultados_4t25.pdf,https://www.santander.com.br/ri/resultados-e-relatorios/divulgacao-de-resultados/,2026-02-04T00:00:00.000Z,pt_BR,data/catalogs/20260906T193319,False,downloaded,documents/Santander/2025/4T25/Informe_de_Resultados_4T25__368f2d2c0bda.pdf,368f2d2c0bda25ebc5baae698493e8d8c718fe89552f425d3cae82ea79d1845a,1291257,pdf,PDF signature and EOF,,
Santander,1600c2b0-a68b-4ecb-95d8-80d148afb620,2025,4T25,Demonstrações Financeiras BRGAAP 4T25,demonstracoes financeiras brgaap,divulgacao_de_resultados_demonstracoes_financeiras_brgaap,https://filemanager-cdn.mziq.com/published/a2595886-9fbb-4339-8a38-71d6ce7c7d36/aad2e5a0-f299-4ee9-96bf-c9e17234e8ce_df_brgaap_4t25_pt.pdf,https://www.santander.com.br/ri/resultados-e-relatorios/divulgacao-de-resultados/,2026-02-04T00:00:00.000Z,pt_BR,data/catalogs/20260906T193319,False,downloaded,documents/Santander/2025/4T25/Demonstracoes_Financeiras_BRGAAP_4T25__6f9eb29ba6ad.pdf,6f9eb29ba6ad1cd755afd438ef0aaf78d2732ef8addabee07d28e0bafa1d8280,5043729,pdf,PDF signature and EOF,,
Santander,42b46f60-55f4-4049-95d8-195dedf31bd5,2025,4T25,Apresentação de Resultados 4T25,apresentacao de resultados,divulgacao_de_resultados_apresentacao_de_resultados,https://filemanager-cdn.mziq.com/published/a2595886-9fbb-4339-8a38-71d6ce7c7d36/9dda831a-40b3-4dec-8607-c1f1d4a047f0_apresentacao_de_resultados_4t25.pdf,https://www.santander.com.br/ri/resultados-e-relatorios/divulgacao-de-resultados/,2026-02-04T00:00:00.000Z,pt_BR,data/catalogs/20260906T193319,False,downloaded,documents/Santander/2025/4T25/Apresentacao_de_Resultados_4T25__88b2a0f11449.pdf,88b2a0f114490c758f3b68e4400ee5bec5b82d6559d2a93b678f084f719d6cbf,2476416,pdf,PDF signature and EOF,,
Santander,8531ae3d-765b-4eed-930f-5bf8de3a1a9f,2025,4T25,Teleconferência de Resultados - 4T25,teleconferencia de resultados,divulgacao_de_resultados_teleconferencia_de_resultados,https://youtu.be/-fpM10OkOrY,https://www.santander.com.br/ri/resultados-e-relatorios/divulgacao-de-resultados/,2026-02-04T00:00:00.000Z,pt_BR,data/catalogs/20260906T193319,True,external_link,documents/Santander/2025/4T25/Teleconferencia_de_Resultados_-_4T25__8531ae3d.url,,,,Official catalog link; streaming/page not archived,,
Santander,da13801a-5cdb-4402-8326-6f6cc1774197,2025,4T25,Séries Históricas 4T25,serie historica brgaap,divulgacao_de_resultados_serie_historica_brgaap,https://filemanager-cdn.mziq.com/published/a2595886-9fbb-4339-8a38-71d6ce7c7d36/d77484a5-646a-4c30-b8b7-6fbf7eebc80d_serie_historica_4t25.xlsx,https://www.santander.com.br/ri/resultados-e-relatorios/divulgacao-de-resultados/,2026-02-04T00:00:00.000Z,pt_BR,data/catalogs/20260906T193319,False,downloaded,documents/Santander/2025/4T25/Series_Historicas_4T25__62d7631be70c.xlsx,62d7631be70cd256ed6a5adcfb1a732397afa3364224da712933b08b2bd193ea,1593919,xlsx,ZIP CRC verified,,
Santander,63a07f30-ca91-422f-bfed-7af80576b81c,2025,4T25,Demonstrações Financeiras IFRS 4T25,demonstracoes financeiras ifrs,divulgacao_de_resultados_demonstracoes_financeiras_ifrs,https://api.mziq.com/mzfilemanager/v2/d/a2595886-9fbb-4339-8a38-71d6ce7c7d36/53142353-662e-612f-a1e9-1b4c4fb9adc7?origin=2,https://www.santander.com.br/ri/resultados-e-relatorios/divulgacao-de-resultados/,2026-02-27T00:00:00.000Z,pt_BR,data/catalogs/20260906T193319,False,downloaded,documents/Santander/2025/4T25/Demonstracoes_Financeiras_IFRS_4T25__69a6389864fb.pdf,69a6389864fbc0548656c6257cc9a660f6bc1b95fdc70281a69f949c14e4b4e9,8989296,pdf,PDF signature and EOF,,
Santander,f11776c8-c57c-467e-940f-4fe1420d5430,2025,4T25,Transcrição 3T25,transcricao videoconferencia de resultados,divulgacao_de_resultados_transcricao_videoconferencia_de_resultados,https://api.mziq.com/mzfilemanager/v2/d/a2595886-9fbb-4339-8a38-71d6ce7c7d36/f198331e-9961-357b-5151-bc461e8cd8f4?origin=2,https://www.santander.com.br/ri/resultados-e-relatorios/divulgacao-de-resultados/,2026-02-11T00:00:00.000Z,pt_BR,data/catalogs/20260906T193319,False,downloaded,documents/Santander/2025/4T25/Transcricao_3T25__3603c2f9f115.pdf,3603c2f9f1152e2ad5118d8d4beb2c6020d09055de72959ef150b4e3a61a92a6,230168,pdf,Recovered signature-validated content-addressed download,,
Santander,30084cad-8de3-4ed9-a02e-b7734c22f7d5,2025,3T25,Transcrição 3T25,transcricao videoconferencia de resultados,divulgacao_de_resultados_transcricao_videoconferencia_de_resultados,https://api.mziq.com/mzfilemanager/v2/d/a2595886-9fbb-4339-8a38-71d6ce7c7d36/222eade3-3293-6b65-5b49-9481fe6ab208?origin=2,https://www.santander.com.br/ri/resultados-e-relatorios/divulgacao-de-resultados/,2025-11-05T00:00:00.000Z,pt_BR,data/catalogs/20260906T193319,False,downloaded,documents/Santander/2025/3T25/Transcricao_3T25__7924c26056f9.pdf,7924c26056f9bf3efd62e70aef6eb9adcb7c7c9c3e28412758549e0d1006775c,250072,pdf,Recovered signature-validated content-addressed download,,
Santander,307b0a05-ebfa-4bbe-91ec-535ee92525ec,2025,3T25,Informativo ao investidor PF 3T25,informativo ao investidor pf,divulgacao_de_resultados_informativo_ao_investidor_pf,https://api.mziq.com/mzfilemanager/v2/d/a2595886-9fbb-4339-8a38-71d6ce7c7d36/c028b2a6-00a9-8853-d1ec-8664fcda5f8a?origin=2,https://www.santander.com.br/ri/resultados-e-relatorios/divulgacao-de-resultados/,2025-10-30T00:00:00.000Z,pt_BR,data/catalogs/20260906T193319,False,downloaded,documents/Santander/2025/3T25/Informativo_ao_investidor_PF_3T25__5a565a1f38fe.pdf,5a565a1f38fe0f6affbc9598ea5d451a5a977fb780895a5a14b0bc86a34afb07,1501962,pdf,PDF signature and EOF,,
Santander,0e5edf70-67b9-46a4-a9c8-359edc0cebc3,2025,3T25,Demonstrações Financeiras BRGAAP 3T25,demonstracoes financeiras brgaap,divulgacao_de_resultados_demonstracoes_financeiras_brgaap,https://api.mziq.com/mzfilemanager/v2/d/a2595886-9fbb-4339-8a38-71d6ce7c7d36/5c1abc73-e03a-86e3-9857-0f93c3085936?origin=2,https://www.santander.com.br/ri/resultados-e-relatorios/divulgacao-de-resultados/,2025-10-29T00:00:00.000Z,pt_BR,data/catalogs/20260906T193319,False,downloaded,documents/Santander/2025/3T25/Demonstracoes_Financeiras_BRGAAP_3T25__2021eaf7318c.pdf,2021eaf7318c558bb9d8b834ee9b18a294b205898e4e54efef59f08d482d8f6f,6644699,pdf,PDF signature and EOF,,
Santander,2eb37f3d-97fd-4d80-8473-1701506353ff,2025,3T25,Apresentação de Resultados,apresentacao de resultados,divulgacao_de_resultados_apresentacao_de_resultados,https://api.mziq.com/mzfilemanager/v2/d/a2595886-9fbb-4339-8a38-71d6ce7c7d36/e1e31906-eec6-2833-1688-123f3df14a21?origin=2,https://www.santander.com.br/ri/resultados-e-relatorios/divulgacao-de-resultados/,2025-10-29T00:00:00.000Z,pt_BR,data/catalogs/20260906T193319,False,downloaded,documents/Santander/2025/3T25/Apresentacao_de_Resultados__b8713e534be4.pdf,b8713e534be406ffc6e4d3ab7b2fa0436bd6235b0b1c8f7fdcd6fc4342ea16e5,2871419,pdf,PDF signature and EOF,,
Santander,703d66bc-4376-48d1-ab2c-6055845ebee8,2025,3T25,Teleconferência de Resultados - 3T25,teleconferencia de resultados,divulgacao_de_resultados_teleconferencia_de_resultados,https://api.mziq.com/mzfilemanager/v2/d/a2595886-9fbb-4339-8a38-71d6ce7c7d36/5fcc5f99-04ed-c78d-6985-3f870fc3519a?origin=2,https://www.santander.com.br/ri/resultados-e-relatorios/divulgacao-de-resultados/,2025-10-29T00:00:00.000Z,pt_BR,data/catalogs/20260906T193319,True,external_link,documents/Santander/2025/3T25/Teleconferencia_de_Resultados_-_3T25__703d66bc.url,,,,Official catalog link; streaming/page not archived,,
Santander,972249cc-0e3f-40a0-82a2-e1651f2fd90e,2025,3T25,Séries Históricas 3T25,serie historica brgaap,divulgacao_de_resultados_serie_historica_brgaap,https://api.mziq.com/mzfilemanager/v2/d/a2595886-9fbb-4339-8a38-71d6ce7c7d36/f4d6fb3f-e7f7-81bc-1cb8-814dd72f3d7b?origin=2,https://www.santander.com.br/ri/resultados-e-relatorios/divulgacao-de-resultados/,2025-10-29T00:00:00.000Z,pt_BR,data/catalogs/20260906T193319,False,downloaded,documents/Santander/2025/3T25/Series_Historicas_3T25__5fe9049df6bb.xlsx,5fe9049df6bbb61a577a219fc0617ac431c10d279d6d76df3846162df0724e76,1576308,xlsx,ZIP CRC verified,,
Santander,9ca60fb3-2fd0-4a07-80ac-bcb3d7836efe,2025,3T25,Demonstrações Financeiras IFRS 3T25,demonstracoes financeiras ifrs,divulgacao_de_resultados_demonstracoes_financeiras_ifrs,https://api.mziq.com/mzfilemanager/v2/d/a2595886-9fbb-4339-8a38-71d6ce7c7d36/115c8b7e-1743-63d8-4f10-4f82548786fb?origin=2,https://www.santander.com.br/ri/resultados-e-relatorios/divulgacao-de-resultados/,2025-10-29T00:00:00.000Z,pt_BR,data/catalogs/20260906T193319,False,downloaded,documents/Santander/2025/3T25/Demonstracoes_Financeiras_IFRS_3T25__2cf4945f19ec.pdf,2cf4945f19ec68825f6d831b685f47723df6a9ed10f1e0ea64a7e7c20168aefb,5665716,pdf,PDF signature and EOF,,
Santander,c890f81e-79bb-466c-9507-2b3a3ff3bf93,2025,3T25,Informe de Resultados 3T25,informe de resultados,divulgacao_de_resultados_informe_de_resultados,https://api.mziq.com/mzfilemanager/v2/d/a2595886-9fbb-4339-8a38-71d6ce7c7d36/3c17acf8-c092-bf8f-54e8-dceeb610812f?origin=2,https://www.santander.com.br/ri/resultados-e-relatorios/divulgacao-de-resultados/,2025-10-29T00:00:00.000Z,pt_BR,data/catalogs/20260906T193319,False,downloaded,documents/Santander/2025/3T25/Informe_de_Resultados_3T25__2c1a084e396c.pdf,2c1a084e396c9962f8e2656b3824c26186ba07eb34d38ccd0eed2d3c426d56ad,1217983,pdf,PDF signature and EOF,,
Santander,89cb6f78-6790-4de5-a536-dac83b3b73b4,2025,2T25,Transcrição Videoconferência de Resultados 2T25,transcricao videoconferencia de resultados,divulgacao_de_resultados_transcricao_videoconferencia_de_resultados,https://api.mziq.com/mzfilemanager/v2/d/a2595886-9fbb-4339-8a38-71d6ce7c7d36/673a3066-ed1c-521c-9a15-db8858981b98?origin=2,https://www.santander.com.br/ri/resultados-e-relatorios/divulgacao-de-resultados/,2025-08-05T00:00:00.000Z,pt_BR,data/catalogs/20260906T193319,False,downloaded,documents/Santander/2025/2T25/Transcricao_Videoconferencia_de_Resultados_2T25__39cbda5cc375.pdf,39cbda5cc375607575abb9180fcd23189ea6cbd1cc550f16dfca210db3586835,209697,pdf,Recovered signature-validated content-addressed download,,
Santander,b3181f02-92aa-4c69-9a7f-862349e10960,2025,2T25,Informativo ao investidor PF 2T25,informativo ao investidor pf,divulgacao_de_resultados_informativo_ao_investidor_pf,https://api.mziq.com/mzfilemanager/v2/d/a2595886-9fbb-4339-8a38-71d6ce7c7d36/7d808fbc-7afd-e50a-b6ac-77cfd6e20b9e?origin=2,https://www.santander.com.br/ri/resultados-e-relatorios/divulgacao-de-resultados/,2025-08-01T00:00:00.000Z,pt_BR,data/catalogs/20260906T193319,False,downloaded,documents/Santander/2025/2T25/Informativo_ao_investidor_PF_2T25__3280169a642b.pdf,3280169a642be8aa2736180f3d88f500665bafde4b5c41bf9cd442e1f15c0c11,1519041,pdf,PDF signature and EOF,,
Santander,03506d2c-7194-4cd3-997c-bd451cd2710c,2025,2T25,Teleconferência de Resultados - 2T25,teleconferencia de resultados,divulgacao_de_resultados_teleconferencia_de_resultados,https://api.mziq.com/mzfilemanager/v2/d/a2595886-9fbb-4339-8a38-71d6ce7c7d36/cc7233d1-393e-0cdf-0b44-9bdc29df4d3e?origin=2,https://www.santander.com.br/ri/resultados-e-relatorios/divulgacao-de-resultados/,2025-07-30T00:00:00.000Z,pt_BR,data/catalogs/20260906T193319,True,external_link,documents/Santander/2025/2T25/Teleconferencia_de_Resultados_-_2T25__03506d2c.url,,,,Official catalog link; streaming/page not archived,,
Santander,1b9624d5-d43d-4553-8e1a-924e82c1df5b,2025,2T25,Informe de Resultados 2T25,informe de resultados,divulgacao_de_resultados_informe_de_resultados,https://api.mziq.com/mzfilemanager/v2/d/a2595886-9fbb-4339-8a38-71d6ce7c7d36/2bfd83d4-fbcd-b57f-b50b-77355dad6e3f?origin=2,https://www.santander.com.br/ri/resultados-e-relatorios/divulgacao-de-resultados/,2025-07-30T00:00:00.000Z,pt_BR,data/catalogs/20260906T193319,False,downloaded,documents/Santander/2025/2T25/Informe_de_Resultados_2T25__e38fa22a6db7.pdf,e38fa22a6db7ed634404567dcc46cc3af76bef6e8a4fb8776f58a27c896598f6,1092816,pdf,PDF signature and EOF,,
Santander,4a2cc1ef-9e89-4965-8c50-ddef644653be,2025,2T25,Demonstrações Financeiras IFRS 2T25,demonstracoes financeiras ifrs,divulgacao_de_resultados_demonstracoes_financeiras_ifrs,https://api.mziq.com/mzfilemanager/v2/d/a2595886-9fbb-4339-8a38-71d6ce7c7d36/eddebfc9-742c-1b58-164a-c3bbdb9a51b0?origin=2,https://www.santander.com.br/ri/resultados-e-relatorios/divulgacao-de-resultados/,2025-07-30T00:00:00.000Z,pt_BR,data/catalogs/20260906T193319,False,downloaded,documents/Santander/2025/2T25/Demonstracoes_Financeiras_IFRS_2T25__1c42ac36c7a2.pdf,1c42ac36c7a27a9c31e9355ec8a48b09287f81084b6add82cfdf1fe9e5906c2e,5935490,pdf,PDF signature and EOF,,
Santander,6c751e9a-6aa1-48a5-9e64-d479b7124cce,2025,2T25,Séries Históricas 2T25,serie historica brgaap,divulgacao_de_resultados_serie_historica_brgaap,https://api.mziq.com/mzfilemanager/v2/d/a2595886-9fbb-4339-8a38-71d6ce7c7d36/8218fd44-f21c-bd95-90bf-6a4d9fca269f?origin=2,https://www.santander.com.br/ri/resultados-e-relatorios/divulgacao-de-resultados/,2025-07-30T00:00:00.000Z,pt_BR,data/catalogs/20260906T193319,False,downloaded,documents/Santander/2025/2T25/Series_Historicas_2T25__635df6add323.xlsx,635df6add32345bb1a7bdab468db2ba216b1de3390f34d18da0fdd04bca4ae29,1560576,xlsx,ZIP CRC verified,,
Santander,7fc9aaaf-1fcb-499f-8305-092c1b6773a3,2025,2T25,Apresentação de Resultados,apresentacao de resultados,divulgacao_de_resultados_apresentacao_de_resultados,https://api.mziq.com/mzfilemanager/v2/d/a2595886-9fbb-4339-8a38-71d6ce7c7d36/f8996f76-65c5-2ef9-a88d-9c6da3a813f8?origin=2,https://www.santander.com.br/ri/resultados-e-relatorios/divulgacao-de-resultados/,2025-07-30T00:00:00.000Z,pt_BR,data/catalogs/20260906T193319,False,downloaded,documents/Santander/2025/2T25/Apresentacao_de_Resultados__ae7a3b127b35.pdf,ae7a3b127b35734f90eb829d47bb57a2906770d8962d4d4204374702213c75c5,2527172,pdf,PDF signature and EOF,,
Santander,950e77ce-579f-4a9b-9f73-182fdc696e36,2025,2T25,Demonstrações Financeiras BRGAAP 2T25,demonstracoes financeiras brgaap,divulgacao_de_resultados_demonstracoes_financeiras_brgaap,https://api.mziq.com/mzfilemanager/v2/d/a2595886-9fbb-4339-8a38-71d6ce7c7d36/e9f6bb29-3efb-07a2-0e59-c3d2e2b503f7?origin=2,https://www.santander.com.br/ri/resultados-e-relatorios/divulgacao-de-resultados/,2025-07-30T00:00:00.000Z,pt_BR,data/catalogs/20260906T193319,False,downloaded,documents/Santander/2025/2T25/Demonstracoes_Financeiras_BRGAAP_2T25__dadc29becbe7.pdf,dadc29becbe7045afd175ae57b9a372918088838809e1c7b21d5d69d877f4e98,7729494,pdf,PDF signature and EOF,,
Santander,0d137107-5f2e-4ac8-95eb-f90b0ca5c37d,2025,1T25,Demonstrações Financeiras IFRS 1T25,demonstracoes financeiras ifrs,divulgacao_de_resultados_demonstracoes_financeiras_ifrs,https://api.mziq.com/mzfilemanager/v2/d/a2595886-9fbb-4339-8a38-71d6ce7c7d36/f6754e68-2d4d-baa9-6490-6251042430e1?origin=2,https://www.santander.com.br/ri/resultados-e-relatorios/divulgacao-de-resultados/,2025-05-14T00:00:00.000Z,pt_BR,data/catalogs/20260906T193319,False,downloaded,documents/Santander/2025/1T25/Demonstracoes_Financeiras_IFRS_1T25__1bdcfffacc5a.pdf,1bdcfffacc5a276d921e5461f2e27c572c5c47e04ccdab79f7940a8f86533f5f,5611683,pdf,PDF signature and EOF,,
Santander,acc33357-3e63-4d00-996d-817b26f81a58,2025,1T25,Informativo ao investidor PF 1T25,informativo ao investidor pf,divulgacao_de_resultados_informativo_ao_investidor_pf,https://api.mziq.com/mzfilemanager/v2/d/a2595886-9fbb-4339-8a38-71d6ce7c7d36/967ee2fe-a0e7-e5c4-27dc-ca61b84aa5af?origin=2,https://www.santander.com.br/ri/resultados-e-relatorios/divulgacao-de-resultados/,2025-05-05T00:00:00.000Z,pt_BR,data/catalogs/20260906T193319,False,downloaded,documents/Santander/2025/1T25/Informativo_ao_investidor_PF_1T25__6e9335081c61.pdf,6e9335081c6149050fd76228d8c346a9b81a66cba1256c6eb9de0ff197521097,3524050,pdf,PDF signature and EOF,,
Santander,846be9b0-b662-4806-8637-b41e025bbc66,2025,1T25,Informe de Resultados 1T25,informe de resultados,divulgacao_de_resultados_informe_de_resultados,https://api.mziq.com/mzfilemanager/v2/d/a2595886-9fbb-4339-8a38-71d6ce7c7d36/118f8091-12e1-8f80-bee8-c6a1f3f1660e?origin=2,https://www.santander.com.br/ri/resultados-e-relatorios/divulgacao-de-resultados/,2025-05-02T00:00:00.000Z,pt_BR,data/catalogs/20260906T193319,False,downloaded,documents/Santander/2025/1T25/Informe_de_Resultados_1T25__6c3249cfc6cc.pdf,6c3249cfc6cc67c16c6170d7cfefcf6674a938c0f23b6ab033f2875498baef4b,1141643,pdf,PDF signature and EOF,,
Santander,c47cd1d9-3cdc-4b7b-89b9-88d253d94f35,2025,1T25,Apresentação de Resultados 1T25,apresentacao de resultados,divulgacao_de_resultados_apresentacao_de_resultados,https://api.mziq.com/mzfilemanager/v2/d/a2595886-9fbb-4339-8a38-71d6ce7c7d36/04a77861-2d9e-8d57-0b72-a5dbbde23a99?origin=2,https://www.santander.com.br/ri/resultados-e-relatorios/divulgacao-de-resultados/,2025-05-02T00:00:00.000Z,pt_BR,data/catalogs/20260906T193319,False,downloaded,documents/Santander/2025/1T25/Apresentacao_de_Resultados_1T25__2c418e1dc5b5.pdf,2c418e1dc5b50ec0e5c2dc70d75518f0f0e68ecda3668505a989fddb567f8f81,2812038,pdf,PDF signature and EOF,,
Santander,f67c0e1e-5d5c-4c1f-8bee-e56c880a9357,2025,1T25,Teleconferência de Resultados - 1T25,teleconferencia de resultados,divulgacao_de_resultados_teleconferencia_de_resultados,https://api.mziq.com/mzfilemanager/v2/d/a2595886-9fbb-4339-8a38-71d6ce7c7d36/f483e38c-ba94-1144-ac27-3e4a16bc0892?origin=2,https://www.santander.com.br/ri/resultados-e-relatorios/divulgacao-de-resultados/,2025-05-01T00:00:00.000Z,pt_BR,data/catalogs/20260906T193319,True,external_link,documents/Santander/2025/1T25/Teleconferencia_de_Resultados_-_1T25__f67c0e1e.url,,,,Official catalog link; streaming/page not archived,,
Santander,93211b69-7d3d-49a2-821e-781c1bd4c745,2025,1T25,Séries Históricas 1T25,serie historica brgaap,divulgacao_de_resultados_serie_historica_brgaap,https://api.mziq.com/mzfilemanager/v2/d/a2595886-9fbb-4339-8a38-71d6ce7c7d36/5bb4248a-0d65-49db-d6a8-8c9ba4356bf4?origin=2,https://www.santander.com.br/ri/resultados-e-relatorios/divulgacao-de-resultados/,2025-04-30T00:00:00.000Z,pt_BR,data/catalogs/20260906T193319,False,downloaded,documents/Santander/2025/1T25/Series_Historicas_1T25__33261e31c8b2.xlsx,33261e31c8b2482b0b1ee6b3eac8551af5889dcc67ae33eb5f99db5473a5fdef,1535791,xlsx,ZIP CRC verified,,
Santander,e751acaa-583f-4c78-bf60-866a9c29486f,2025,1T25,Demonstrações Financeiras BRGAAP 1T25,demonstracoes financeiras brgaap,divulgacao_de_resultados_demonstracoes_financeiras_brgaap,https://api.mziq.com/mzfilemanager/v2/d/a2595886-9fbb-4339-8a38-71d6ce7c7d36/0ed0d99c-d3eb-8dd9-f818-79f76cc0b803?origin=2,https://www.santander.com.br/ri/resultados-e-relatorios/divulgacao-de-resultados/,2025-04-30T00:00:00.000Z,pt_BR,data/catalogs/20260906T193319,False,downloaded,documents/Santander/2025/1T25/Demonstracoes_Financeiras_BRGAAP_1T25__d38af8b923b7.pdf,d38af8b923b70985fc506d83f006d8efd582970d17570ebbada148d1250ee347,6513518,pdf,PDF signature and EOF,,
Santander,fa891dd6-6a7d-4704-9bb3-6fbdf341ec54,2025,1T25,Transcrição Videoconferência de Resultados 1T25,transcricao videoconferencia de resultados,divulgacao_de_resultados_transcricao_videoconferencia_de_resultados,https://api.mziq.com/mzfilemanager/v2/d/a2595886-9fbb-4339-8a38-71d6ce7c7d36/e38f62d8-8023-3461-0125-2d1bcab6b2ce?origin=2,https://www.santander.com.br/ri/resultados-e-relatorios/divulgacao-de-resultados/,2025-05-06T00:00:00.000Z,pt_BR,data/catalogs/20260906T193319,False,downloaded,documents/Santander/2025/1T25/Transcricao_Videoconferencia_de_Resultados_1T25__001100a8c7f0.pdf,001100a8c7f0b21ff57571a5ed6bb72b7e057583954d9bc1c4b8672e00379d5d,229768,pdf,Recovered signature-validated content-addressed download,,
BTG_Pactual,eebaf8a6-f967-4103-9bce-68c6f045c003,2026,2T26,Planilhas Séries Históricas 2T26,planilha_series_historicas,planilha_series_historicas,https://d169uzu5o4xu1k.cloudfront.net/78a5a309-f13a-41ed-a7d1-814e37b63259/2026/7b97fa2e-8f44-42b4-9b21-61417b2d746e.xlsx,https://ri.btgpactual.com/principais-informacoes/central-de-resultados,,,,,downloaded,documents/BTG_Pactual/2026/2T26/Planilhas_Series_Historicas_2T26__fcd319bf1765.xlsx,fcd319bf1765b93a11d47577b8d8b4847d0f4820cf9a943b136dc78659b02d77,267499,xlsx,ZIP CRC verified,not_seen_this_run,
BTG_Pactual,e35a418c-2bbc-4da8-92e7-c6b59ce8d8b0,2026,1T26,Planilha Séries Históricas 1T26,planilha series historicas,planilha_series_historicas,https://d169uzu5o4xu1k.cloudfront.net/78a5a309-f13a-41ed-a7d1-814e37b63259/2026/d4738958-8358-4a9c-a369-6eb6740e5a8e.xlsx,https://ri.btgpactual.com/principais-informacoes/central-de-resultados,2026-03-02T03:00:00Z,pt,data/catalogs/20260906T181843,False,downloaded,documents/BTG_Pactual/2026/1T26/Planilha_Series_Historicas_1T26__5a3844b0b58b.xlsx,5a3844b0b58b0f254caa12ed31b4d6a71f39d72c87fdfbf09570bcf353219972,264980,xlsx,ZIP CRC verified,not_seen_this_run,
BTG_Pactual,3a17eb54-129f-485e-b710-36975bbd56fe,2026,2T26,Demonstrações Financeiras 2T26 - Completa,informacoes financeiras,informacoes_financeiras,https://d169uzu5o4xu1k.cloudfront.net/78a5a309-f13a-41ed-a7d1-814e37b63259/2026/4d65bcc6-110f-41d3-a617-598789e8ce86.pdf,https://ri.btgpactual.com/principais-informacoes/central-de-resultados,2026-08-11T03:00:00Z,pt,data/catalogs/20260906T181843,False,downloaded,documents/BTG_Pactual/2026/2T26/Demonstracoes_Financeiras_2T26_-_Completa__a0c1608e8133.pdf,a0c1608e8133303cdb84daf1d4d79e3d5dcadc50f78aaf6dff0fb844ec5d8c8f,2464390,pdf,PDF signature and EOF,not_seen_this_run,
BTG_Pactual,aad2a027-5b6d-4e88-b3d3-c01eb48bd48f,2026,2T26,Apresentação 2T26,informacoes financeiras,informacoes_financeiras,https://d169uzu5o4xu1k.cloudfront.net/78a5a309-f13a-41ed-a7d1-814e37b63259/2026/362cd1eb-d0c1-40fa-9af3-06a74b1bbb69.pdf,https://ri.btgpactual.com/principais-informacoes/central-de-resultados,2026-08-11T03:00:00Z,pt,data/catalogs/20260906T181843,False,downloaded,documents/BTG_Pactual/2026/2T26/Apresentacao_2T26__3f16dd5259e2.pdf,3f16dd5259e25a029e8a7f4af0b2c18cee503ad74560f817374c73bb23aac03d,1265641,pdf,PDF signature and EOF,not_seen_this_run,
BTG_Pactual,50e9272d-23ec-4acb-9376-28e08cce1fd7,2026,2T26,Earnings Release 2T26,informacoes financeiras,informacoes_financeiras,https://d169uzu5o4xu1k.cloudfront.net/78a5a309-f13a-41ed-a7d1-814e37b63259/2026/3b140a94-9099-43e5-ad8d-bfc1724b8ddb.pdf,https://ri.btgpactual.com/principais-informacoes/central-de-resultados,2026-08-11T09:04:00Z,pt,data/catalogs/20260906T181843,False,downloaded,documents/BTG_Pactual/2026/2T26/Earnings_Release_2T26__60db3a76d472.pdf,60db3a76d4720fc5ceb06633eb969bbf07df0766a8063c753d1bff5d72043374,959072,pdf,PDF signature and EOF,not_seen_this_run,
BTG_Pactual,98b0bf7d-3fa5-4079-bf8b-de390fd5f401,2026,2T26, Demonstrações Financeiras 2T26 - Consolidado - IFRS,informacoes financeiras,informacoes_financeiras,https://d169uzu5o4xu1k.cloudfront.net/78a5a309-f13a-41ed-a7d1-814e37b63259/2026/a64e20eb-d355-454b-83c6-7bd20ffd7cf6.pdf,https://ri.btgpactual.com/principais-informacoes/central-de-resultados,2026-08-14T03:00:00Z,pt,data/catalogs/20260906T181843,False,downloaded,documents/BTG_Pactual/2026/2T26/Demonstracoes_Financeiras_2T26_-_Consolidado_-_IFRS__81cde722477a.pdf,81cde722477a3c509028bc0a72d0ddc1fb319f25036adb23cfb150fa60b0d30e,4018234,pdf,PDF signature and EOF,not_seen_this_run,
BTG_Pactual,bb35d074-23bb-41b5-84f2-0bf48b18c240,2026,2T26,Áudio Teleconferência 2T26,informacoes financeiras,informacoes_financeiras,https://d169uzu5o4xu1k.cloudfront.net/78a5a309-f13a-41ed-a7d1-814e37b63259/2026/656feca2-88a0-489f-a753-32d50fa65a6.m4a,https://ri.btgpactual.com/principais-informacoes/central-de-resultados,2026-08-11T03:00:00Z,pt,data/catalogs/20260906T181843,False,downloaded,documents/BTG_Pactual/2026/2T26/Audio_Teleconferencia_2T26__672229d41d58.mp4,672229d41d58f11d97be87657d647da77541776e00b49f3d80500f5a4cae161c,97399400,mp4,signature,not_seen_this_run,
BTG_Pactual,5c787e4b-6d97-4c7d-b010-5de69778e29f,2026,1T26,Demonstrações Financeiras 1T26 -  Consolidado - IFRS,informacoes financeiras,informacoes_financeiras,https://d169uzu5o4xu1k.cloudfront.net/78a5a309-f13a-41ed-a7d1-814e37b63259/2026/03dec8c5-4ac7-4de5-89b5-2bad97ed63cc.pdf,https://ri.btgpactual.com/principais-informacoes/central-de-resultados,2026-05-16T00:51:00Z,pt,data/catalogs/20260906T181843,False,downloaded,documents/BTG_Pactual/2026/1T26/Demonstracoes_Financeiras_1T26_-_Consolidado_-_IFRS__5ebad6d8ba3f.pdf,5ebad6d8ba3f1532aea7eaa462a0aef53b88dc0a6292620e8d9155336b078680,1501737,pdf,PDF signature and EOF,not_seen_this_run,
BTG_Pactual,aa8728c8-bd95-4e9c-8042-568cbd5f7068,2026,1T26,Demonstrações Financeiras 1T26 - Completa,informacoes financeiras,informacoes_financeiras,https://d169uzu5o4xu1k.cloudfront.net/78a5a309-f13a-41ed-a7d1-814e37b63259/2026/9b14a72c-9b74-4502-b235-a49b01076133.pdf,https://ri.btgpactual.com/principais-informacoes/central-de-resultados,2026-05-11T08:07:00Z,pt,data/catalogs/20260906T181843,False,downloaded,documents/BTG_Pactual/2026/1T26/Demonstracoes_Financeiras_1T26_-_Completa__15ad3e9d6552.pdf,15ad3e9d6552d904b08f706dc0b873a826624d26d8bb2eb45fe51aabda261598,2265320,pdf,PDF signature and EOF,not_seen_this_run,
BTG_Pactual,79a4e687-4c10-45bc-8889-a39a315bd490,2026,1T26,Earnings Release 1T26,informacoes financeiras,informacoes_financeiras,https://d169uzu5o4xu1k.cloudfront.net/78a5a309-f13a-41ed-a7d1-814e37b63259/2026/13584ac9-41db-4333-b6f6-d7036f9110be.pdf,https://ri.btgpactual.com/principais-informacoes/central-de-resultados,2026-05-11T08:17:00Z,pt,data/catalogs/20260906T181843,False,downloaded,documents/BTG_Pactual/2026/1T26/Earnings_Release_1T26__c2859efe5870.pdf,c2859efe5870c5e5fc3b2b2dde9846dad3d6d0d051d23cf7ecf46f7483199173,989492,pdf,PDF signature and EOF,not_seen_this_run,
BTG_Pactual,ea159d95-29ad-47f7-90c2-cf3d4aae33f2,2026,1T26,Apresentação 1T26,informacoes financeiras,informacoes_financeiras,https://d169uzu5o4xu1k.cloudfront.net/78a5a309-f13a-41ed-a7d1-814e37b63259/2026/32544617-5a3a-44b8-bfdb-68bcdea7b200.pdf,https://ri.btgpactual.com/principais-informacoes/central-de-resultados,2026-05-11T03:00:00Z,pt,data/catalogs/20260906T181843,False,downloaded,documents/BTG_Pactual/2026/1T26/Apresentacao_1T26__f18c8b800b6e.pdf,f18c8b800b6e68a7c0b20fa76113abdc902a011da499d4c9256145df49a62a95,474163,pdf,PDF signature and EOF,not_seen_this_run,
BTG_Pactual,87fef92e-7420-481f-b206-002cce04472a,2026,1T26,Áudio Teleconferência 1T26,informacoes financeiras,informacoes_financeiras,http://nucleodeimagem.com.br/btg/BTG_1T26_QA_PORT.mp4,https://ri.btgpactual.com/principais-informacoes/central-de-resultados,2026-03-01T03:00:00Z,pt,data/catalogs/20260906T193319,False,downloaded,documents/BTG_Pactual/2026/1T26/Audio_Teleconferencia_1T26__3905d322c5cf.mp4,3905d322c5cfe1b84aa08db635620734ef5a8e9979932a8e456282f37df3ea8b,99723125,mp4,signature,,
BTG_Pactual,6a5edc10-c2b4-485d-92af-9dc695a2729b,2026,2T26,Gerenciamento de Risco (Planilha Auxiliar) - Junho de 2026,gerenciamento de risco,gerenciamento_de_risco,https://d169uzu5o4xu1k.cloudfront.net/78a5a309-f13a-41ed-a7d1-814e37b63259/2026/8d953655-2095-42d7-9691-5aaaeeb19f38.xlsx,https://ri.btgpactual.com/principais-informacoes/central-de-resultados,2026-08-28T03:00:00Z,pt,data/catalogs/20260906T181843,False,downloaded,documents/BTG_Pactual/2026/2T26/Gerenciamento_de_Risco_Planilha_Auxiliar_-_Junho_de_2026__2c5eac4c6262.xlsx,2c5eac4c6262ce5aeaebe55ca02abc05e47e966e9594bfb7dd4781c012081866,365651,xlsx,ZIP CRC verified,not_seen_this_run,
BTG_Pactual,ab167411-8192-4119-9290-a6939870c4a2,2026,2T26, Gerenciamento de Risco - Junho de 2026,gerenciamento de risco,gerenciamento_de_risco,https://d169uzu5o4xu1k.cloudfront.net/78a5a309-f13a-41ed-a7d1-814e37b63259/2026/e76eab40-b6be-4319-baf8-8a8006353dd1.pdf,https://ri.btgpactual.com/principais-informacoes/central-de-resultados,2026-08-28T03:00:00Z,pt,data/catalogs/20260906T181843,False,downloaded,documents/BTG_Pactual/2026/2T26/Gerenciamento_de_Risco_-_Junho_de_2026__92eb5de54cc5.pdf,92eb5de54cc51da2d5c8c602391a98495e1b53100aa2319be8f6fbada7e7f19f,879797,pdf,PDF signature and EOF,not_seen_this_run,
BTG_Pactual,1aa6ee58-e7d4-493d-8a70-3fb27c74e0f8,2026,1T26,Gerenciamento de Risco - Março de 2026,gerenciamento de risco,gerenciamento_de_risco,https://d169uzu5o4xu1k.cloudfront.net/78a5a309-f13a-41ed-a7d1-814e37b63259/2026/63f4e8d4-b315-4e58-8db2-3ce93a2dc2b2.pdf,https://ri.btgpactual.com/principais-informacoes/central-de-resultados,2026-05-15T03:00:00Z,pt,data/catalogs/20260906T181843,False,downloaded,documents/BTG_Pactual/2026/1T26/Gerenciamento_de_Risco_-_Marco_de_2026__f20459933ad1.pdf,f20459933ad17925306d6e47030cd3593b0a540ef524206d4aa5c10f6d356f73,874789,pdf,PDF signature and EOF,not_seen_this_run,
BTG_Pactual,8a539a76-ec76-4561-bfe2-5cc321a91b26,2026,1T26,Gerenciamento de Risco (Planilha Auxiliar) - Março de 2026,gerenciamento de risco,gerenciamento_de_risco,https://d169uzu5o4xu1k.cloudfront.net/78a5a309-f13a-41ed-a7d1-814e37b63259/2026/5eb5d92d-cf45-40e8-af1b-faa6abf006a7.xlsx,https://ri.btgpactual.com/principais-informacoes/central-de-resultados,2026-05-15T03:00:00Z,pt,data/catalogs/20260906T181843,False,downloaded,documents/BTG_Pactual/2026/1T26/Gerenciamento_de_Risco_Planilha_Auxiliar_-_Marco_de_2026__d5b0e864d345.xlsx,d5b0e864d3455617bc774e385b21bcf665f446e4be1078511e3f7544324f7d38,79168,xlsx,ZIP CRC verified,not_seen_this_run,
Bradesco,a6d9e75e-8f9e-4848-8867-8ccbfdbd0be9,2024,4T24,Bradesco 4T24 - Anexos Pilar 3,Anexos Pilar 3,gerenciamento_de_riscos_anexos_pilar,https://api.mziq.com/mzfilemanager/v2/d/80f2e993-0a30-421a-9470-a4d5c8ad5e9f/1b7230fd-5e46-4878-81db-0600f85e73b0?origin=2,https://www.bradescori.com.br/informacoes-ao-mercado/central-de-resultados/,2025-05-20T00:00:00.000Z,pt_BR,data/catalogs/20260906T182455,False,downloaded,documents/Bradesco/2024/4T24/Bradesco_4T24_-_Anexos_Pilar_3__be8cde098989.xlsx,be8cde098989c6ddd81b683425f928da873825c47615a84bfdf832633a06c757,1215416,xlsx,ZIP CRC verified,,
Bradesco,91e4969b-e58c-474f-a646-9586f7a34cd9,2024,4T24,Bradesco 4T24 - Informativo Trimestral,Informativo Trimestral,_informativos,https://api.mziq.com/mzfilemanager/v2/d/80f2e993-0a30-421a-9470-a4d5c8ad5e9f/d6c0080c-7c3c-e328-d7d4-90e1211b0f9d?origin=2,https://www.bradescori.com.br/informacoes-ao-mercado/central-de-resultados/,2025-02-17T00:00:00.000Z,pt_BR,data/catalogs/20260906T182455,False,downloaded,documents/Bradesco/2024/4T24/Bradesco_4T24_-_Informativo_Trimestral__6fc5ac644598.pdf,6fc5ac6445987cc2a9ef9bc0f3bfb0ab247daa1116ad8aa7e239188b0f1de1ac,2113069,pdf,PDF signature and EOF,,
Bradesco,91508573-bcea-4d63-a33c-cb4b89b32641,2024,4T24,Bradesco 4T24 - Relatório de Análise Econômica e Financeira,Relatório de Análise Econômica e Financeira,relatorios_relatorio_de_analise_economica,https://api.mziq.com/mzfilemanager/v2/d/80f2e993-0a30-421a-9470-a4d5c8ad5e9f/dc350110-f1fb-916f-8d03-7c20cb9c61a0?origin=2,https://www.bradescori.com.br/informacoes-ao-mercado/central-de-resultados/,2025-02-07T00:00:00.000Z,pt_BR,data/catalogs/20260906T182455,False,downloaded,documents/Bradesco/2024/4T24/Bradesco_4T24_-_Relatorio_de_Analise_Economica_e_Financeira__ad125a31ebe4.pdf,ad125a31ebe469ccb1905e0bfd6894a8f802b6f63b67178f172642feebfef6dc,5130551,pdf,PDF signature and EOF,,
Bradesco,50f5ff48-77a7-417b-8f5c-1a903b1802b4,2024,4T24,Bradesco 4T24 - Apresentação de Resultados,Apresentação da Videoconferência,apresentacoes_institucionais_teleconferencia,https://api.mziq.com/mzfilemanager/v2/d/80f2e993-0a30-421a-9470-a4d5c8ad5e9f/d1c37dfe-17e3-5d93-e325-3aba83be0922?origin=2,https://www.bradescori.com.br/informacoes-ao-mercado/central-de-resultados/,2025-02-07T00:00:00.000Z,pt_BR,data/catalogs/20260906T182455,False,downloaded,documents/Bradesco/2024/4T24/Bradesco_4T24_-_Apresentacao_de_Resultados__2333bbf1d6be.pdf,2333bbf1d6be2dcc0361a6ecdcf030b1c36542e2b5c813872db06f8228dea5fc,3204293,pdf,PDF signature and EOF,,
Bradesco,6db11bd2-937c-4c08-92db-a5817d65c709,2024,4T24,Bradesco 4T24 -  Videoconferência de Resultados,Conferência de Resultados,videoconferencia_resultados,https://api.mziq.com/mzfilemanager/v2/d/80f2e993-0a30-421a-9470-a4d5c8ad5e9f/e52e8ef6-5010-c5fd-b89d-8672a77391b2?origin=2,https://www.bradescori.com.br/informacoes-ao-mercado/central-de-resultados/,2025-02-07T00:00:00.000Z,pt_BR,data/catalogs/20260906T182455,True,external_link,documents/Bradesco/2024/4T24/Bradesco_4T24_-_Videoconferencia_de_Resultados__6db11bd2.url,,,,Official catalog link; streaming/page not archived,,
Bradesco,7d8a0b39-b9d4-4c0f-9c8d-8ad35ad7a8c7,2024,4T24,Demonstrações Financeiras Consolidadas - IFRS 4T24,Demonstrações Financeiras Consolidadas - IFRS,relatorios_ifrs,https://api.mziq.com/mzfilemanager/v2/d/80f2e993-0a30-421a-9470-a4d5c8ad5e9f/b3b53a19-d9b1-a819-614d-6899d110b44a?origin=2,https://www.bradescori.com.br/informacoes-ao-mercado/central-de-resultados/,2025-02-07T00:00:00.000Z,pt_BR,data/catalogs/20260906T182455,False,downloaded,documents/Bradesco/2024/4T24/Demonstracoes_Financeiras_Consolidadas_-_IFRS_4T24__d970bf6ac105.pdf,d970bf6ac105740ed8d15df7b3da1d220b972eb0bb15756c43dc232e680e22b0,2592735,pdf,PDF signature and EOF,,
Bradesco,7e79f07b-33a1-486c-8df2-05f8aff7501a,2024,4T24,Bradesco 4T24 - Transcrição Videoconferência,Transcrição,teleconferencias_transcricao,https://api.mziq.com/mzfilemanager/v2/d/80f2e993-0a30-421a-9470-a4d5c8ad5e9f/21ddee9f-e6f4-8857-a874-03fbdaa774fb?origin=2,https://www.bradescori.com.br/informacoes-ao-mercado/central-de-resultados/,2025-02-07T00:00:00.000Z,pt_BR,data/catalogs/20260906T182455,False,downloaded,documents/Bradesco/2024/4T24/Bradesco_4T24_-_Transcricao_Videoconferencia__05524a32ce6a.pdf,05524a32ce6a2f722c1fe0ed4c0df941a2005723e87249ae9069fec9926244a8,254092,pdf,PDF signature and EOF,,
Bradesco,8c73352e-75a7-4cac-89ed-c2f958b7a282,2024,4T24,Bradesco 4T24 - Podcast Resultados,Podcast,teleconferencias_podcast,https://api.mziq.com/mzfilemanager/v2/d/80f2e993-0a30-421a-9470-a4d5c8ad5e9f/54f34c9e-438d-26da-0e21-75ea52577b9f?origin=2,https://www.bradescori.com.br/informacoes-ao-mercado/central-de-resultados/,2025-02-07T00:00:00.000Z,pt_BR,data/catalogs/20260906T182455,False,external_link,documents/Bradesco/2024/4T24/Bradesco_4T24_-_Podcast_Resultados__8c73352e.url,,,,Official catalog link; streaming/page not archived,,
Bradesco,565944b2-342f-4531-aa77-2878ae22cef7,2024,4T24,Bradesco 4T24 - Séries Históricas,Séries Históricas,relatorios_series_historicas,https://api.mziq.com/mzfilemanager/v2/d/80f2e993-0a30-421a-9470-a4d5c8ad5e9f/0324f578-81e3-29ac-c593-4b83d38e1d12?origin=2,https://www.bradescori.com.br/informacoes-ao-mercado/central-de-resultados/,2025-02-07T00:00:00.000Z,pt_BR,data/catalogs/20260906T182455,False,downloaded,documents/Bradesco/2024/4T24/Bradesco_4T24_-_Series_Historicas__53ad23d13dda.xlsx,53ad23d13dda903a55cfefd0e57c2cf67b061f2bb7e2777cc35f0ef2494e9d5e,1212242,xlsx,ZIP CRC verified,,
Bradesco,1a693845-e134-421e-a53d-ff67c21b11e4,2024,4T24,Bradesco 4T24 - Relatório de Gerenciamento de Riscos,Gerenciamento de Riscos | Pilar 3,gerenciamento_de_riscos_gerenciamento_de_riscos,https://api.mziq.com/mzfilemanager/v2/d/80f2e993-0a30-421a-9470-a4d5c8ad5e9f/8382733b-2502-4734-2f59-732bebfa9595?origin=2,https://www.bradescori.com.br/informacoes-ao-mercado/central-de-resultados/,2025-03-31T00:00:00.000Z,pt_BR,data/catalogs/20260906T182455,False,downloaded,documents/Bradesco/2024/4T24/Bradesco_4T24_-_Relatorio_de_Gerenciamento_de_Riscos__7f66afa300be.pdf,7f66afa300bef005449e7d3cdd8dc3113d1d033729a8633125c955d095e370e7,1357331,pdf,PDF signature and EOF,,
Bradesco,4d0efae1-6318-4b1c-9fb6-a70f7a15e5c0,2024,4T24,Bradesco 4T24 - Press Release,Press Release,relatorios_press_release,https://api.mziq.com/mzfilemanager/v2/d/80f2e993-0a30-421a-9470-a4d5c8ad5e9f/e9fd068a-3b90-9064-8576-cc7c8c45249d?origin=2,https://www.bradescori.com.br/informacoes-ao-mercado/central-de-resultados/,2025-02-07T00:00:00.000Z,pt_BR,data/catalogs/20260906T182455,False,downloaded,documents/Bradesco/2024/4T24/Bradesco_4T24_-_Press_Release__b08d153fbe3e.pdf,b08d153fbe3e02fee19c80e3511915c0bb6c8a7a52b004399f45d130d4223c4d,567183,pdf,PDF signature and EOF,,
Bradesco,ca06346b-8024-485d-a36b-58736e9af8c1,2024,3T24,Bradesco 3T24 - Informativo Trimestral,Informativo Trimestral,_informativos,https://api.mziq.com/mzfilemanager/v2/d/80f2e993-0a30-421a-9470-a4d5c8ad5e9f/5fe391bc-3690-b594-c615-3c37bd106922?origin=2,https://www.bradescori.com.br/informacoes-ao-mercado/central-de-resultados/,2024-11-06T00:00:00.000Z,pt_BR,data/catalogs/20260906T182455,False,downloaded,documents/Bradesco/2024/3T24/Bradesco_3T24_-_Informativo_Trimestral__ea95f71be51d.pdf,ea95f71be51d600fbefef9eb681afdf0f05193d8a5bb80d1979a0a7ed2536ead,1319602,pdf,PDF signature and EOF,,
Bradesco,9487cd32-e374-42fe-a4e6-ebd92906e4e2,2024,3T24,Demonstrações Financeiras Consolidadas - IFRS 3T24,Demonstrações Financeiras Consolidadas - IFRS,relatorios_ifrs,https://api.mziq.com/mzfilemanager/v2/d/80f2e993-0a30-421a-9470-a4d5c8ad5e9f/55af6f7f-8286-66d3-4b83-3af212a6e9bc?origin=2,https://www.bradescori.com.br/informacoes-ao-mercado/central-de-resultados/,2024-11-01T00:00:00.000Z,pt_BR,data/catalogs/20260906T182455,False,downloaded,documents/Bradesco/2024/3T24/Demonstracoes_Financeiras_Consolidadas_-_IFRS_3T24__01cccaadf448.pdf,01cccaadf448f0a00c6dc0b5c8a599d73ae883ed84861c457a4f4fc0d94ba990,2412558,pdf,PDF signature and EOF,,
Bradesco,3cd6c76f-eab8-467c-8995-f39e1a896d41,2024,3T24,Bradesco 3T24 -  Videoconferência de Resultados,Conferência de Resultados,videoconferencia_resultados,https://api.mziq.com/mzfilemanager/v2/d/80f2e993-0a30-421a-9470-a4d5c8ad5e9f/a5babc00-a664-444a-700d-5b252b5aedcc?origin=2,https://www.bradescori.com.br/informacoes-ao-mercado/central-de-resultados/,2024-10-31T00:00:00.000Z,pt_BR,data/catalogs/20260906T182455,True,external_link,documents/Bradesco/2024/3T24/Bradesco_3T24_-_Videoconferencia_de_Resultados__3cd6c76f.url,,,,Official catalog link; streaming/page not archived,,
Bradesco,6ac7645d-e941-40bb-8076-3296d7f967c9,2024,3T24,Bradesco 3T24 - Relatório de Gerenciamento de Riscos,Gerenciamento de Riscos | Pilar 3,gerenciamento_de_riscos_gerenciamento_de_riscos,https://api.mziq.com/mzfilemanager/v2/d/80f2e993-0a30-421a-9470-a4d5c8ad5e9f/1079c45f-0b0a-48a5-7023-5700f0d7f469?origin=2,https://www.bradescori.com.br/informacoes-ao-mercado/central-de-resultados/,2024-10-31T00:00:00.000Z,pt_BR,data/catalogs/20260906T182455,False,downloaded,documents/Bradesco/2024/3T24/Bradesco_3T24_-_Relatorio_de_Gerenciamento_de_Riscos__d165a1254d20.pdf,d165a1254d20fc237ffd205d08cbfeed5c130d9b3851187d07d68662fa1b2e2b,1168138,pdf,PDF signature and EOF,,
Bradesco,814c3652-72c5-4b04-b082-4300c9ce51eb,2024,3T24,Bradesco 3T24 - Séries Históricas,Séries Históricas,relatorios_series_historicas,https://api.mziq.com/mzfilemanager/v2/d/80f2e993-0a30-421a-9470-a4d5c8ad5e9f/f77cc725-0ea3-154b-da5e-3e71b4fc22f3?origin=2,https://www.bradescori.com.br/informacoes-ao-mercado/central-de-resultados/,2024-10-31T00:00:00.000Z,pt_BR,data/catalogs/20260906T182455,False,downloaded,documents/Bradesco/2024/3T24/Bradesco_3T24_-_Series_Historicas__d0a41589f079.xlsx,d0a41589f0793f4423b49450091e7482fd23f38afb1d19b3116e950d2254f254,1220508,xlsx,ZIP CRC verified,,
Bradesco,90f33629-6d21-4b68-9650-85556fa77349,2024,3T24,Bradesco 3T24 - Apresentação de Resultados,Apresentação da Videoconferência,apresentacoes_institucionais_teleconferencia,https://api.mziq.com/mzfilemanager/v2/d/80f2e993-0a30-421a-9470-a4d5c8ad5e9f/6cbfef49-d49f-5bcb-68c4-aef2b7fd123a?origin=2,https://www.bradescori.com.br/informacoes-ao-mercado/central-de-resultados/,2024-10-31T00:00:00.000Z,pt_BR,data/catalogs/20260906T182455,False,downloaded,documents/Bradesco/2024/3T24/Bradesco_3T24_-_Apresentacao_de_Resultados__007de8cd6ace.pdf,007de8cd6ace76576852402c64e2374a1d5d468d2b886b66b45d85e7abb0caea,2125968,pdf,PDF signature and EOF,,
Bradesco,a1d1dc41-6027-4901-b838-44272de6b78b,2024,3T24,Bradesco 3T24 - Transcrição Videoconferência,Transcrição,teleconferencias_transcricao,https://api.mziq.com/mzfilemanager/v2/d/80f2e993-0a30-421a-9470-a4d5c8ad5e9f/82003b88-0273-41cd-8683-cfdfe5b15be4?origin=2,https://www.bradescori.com.br/informacoes-ao-mercado/central-de-resultados/,2024-10-31T00:00:00.000Z,pt_BR,data/catalogs/20260906T182455,False,downloaded,documents/Bradesco/2024/3T24/Bradesco_3T24_-_Transcricao_Videoconferencia__3896d3cdeeaf.pdf,3896d3cdeeaffede85846b3b67b598559a398db0bc20a95620df542b5f84e653,241242,pdf,PDF signature and EOF,,
Bradesco,aedffcde-fe05-4710-8cc1-dd7cb7edaeef,2024,3T24,Bradesco 3T24 - Anexos Pilar 3,Anexos Pilar 3,gerenciamento_de_riscos_anexos_pilar,https://api.mziq.com/mzfilemanager/v2/d/80f2e993-0a30-421a-9470-a4d5c8ad5e9f/bcbf20bd-ce80-a5d7-54c3-8a9f8195dfeb?origin=2,https://www.bradescori.com.br/informacoes-ao-mercado/central-de-resultados/,2024-10-31T00:00:00.000Z,pt_BR,data/catalogs/20260906T182455,False,downloaded,documents/Bradesco/2024/3T24/Bradesco_3T24_-_Anexos_Pilar_3__1d8fddd6a8d9.xlsx,1d8fddd6a8d9ea9587a6fd3916d3cc0508c78e6d20bac25c48d92b1f1eb191ce,1131415,xlsx,ZIP CRC verified,,
Bradesco,c9f81a37-700f-4610-9916-d81d948efca0,2024,3T24,Bradesco 3T24 - Relatório de Análise Econômica e Financeira,Relatório de Análise Econômica e Financeira,relatorios_relatorio_de_analise_economica,https://api.mziq.com/mzfilemanager/v2/d/80f2e993-0a30-421a-9470-a4d5c8ad5e9f/09ff796f-b2e3-52a4-347f-71a28c9a0b8d?origin=2,https://www.bradescori.com.br/informacoes-ao-mercado/central-de-resultados/,2024-10-31T00:00:00.000Z,pt_BR,data/catalogs/20260906T182455,False,downloaded,documents/Bradesco/2024/3T24/Bradesco_3T24_-_Relatorio_de_Analise_Economica_e_Financeira__8c0b5d56f20a.pdf,8c0b5d56f20a2aa8fc269f7f8e5c0876ea7832aefb09c657a59c34d5c3532030,5544268,pdf,PDF signature and EOF,,
Bradesco,d51c98f5-50e3-46c8-a87a-f0a9d45c7f2a,2024,3T24,Bradesco 3T24 - Podcast Resultados,Podcast,teleconferencias_podcast,https://api.mziq.com/mzfilemanager/v2/d/80f2e993-0a30-421a-9470-a4d5c8ad5e9f/98992076-45bc-6cac-911c-ecbfa62d26c7?origin=2,https://www.bradescori.com.br/informacoes-ao-mercado/central-de-resultados/,2024-10-31T00:00:00.000Z,pt_BR,data/catalogs/20260906T182455,False,external_link,documents/Bradesco/2024/3T24/Bradesco_3T24_-_Podcast_Resultados__d51c98f5.url,,,,Official catalog link; streaming/page not archived,,
Bradesco,f1e9367c-cdcd-4f25-95db-9612b43d801c,2024,3T24,Bradesco 3T24 - Press Release,Press Release,relatorios_press_release,https://api.mziq.com/mzfilemanager/v2/d/80f2e993-0a30-421a-9470-a4d5c8ad5e9f/6962e722-df35-de2f-e029-3dd740c8c295?origin=2,https://www.bradescori.com.br/informacoes-ao-mercado/central-de-resultados/,2024-10-31T00:00:00.000Z,pt_BR,data/catalogs/20260906T182455,False,downloaded,documents/Bradesco/2024/3T24/Bradesco_3T24_-_Press_Release__b1443a12efd0.pdf,b1443a12efd0a7f26b4c8cba08362893ab4789652f9ceee4ebf825171a309855,596645,pdf,PDF signature and EOF,,
Bradesco,743a1834-0989-4810-839c-eeaab67ad1f9,2024,2T24,Bradesco 2T24 - Transcrição Videoconferência,Transcrição,teleconferencias_transcricao,https://api.mziq.com/mzfilemanager/v2/d/80f2e993-0a30-421a-9470-a4d5c8ad5e9f/4f5cbda7-dce7-93f3-8031-27d0113fd0fa?origin=2,https://www.bradescori.com.br/informacoes-ao-mercado/central-de-resultados/,2024-08-08T00:00:00.000Z,pt_BR,data/catalogs/20260906T182455,False,downloaded,documents/Bradesco/2024/2T24/Bradesco_2T24_-_Transcricao_Videoconferencia__40a4eb0082a3.pdf,40a4eb0082a361a4602a5dcfc45f22c94e3d49be4a12e77ae4a974d480b15c9f,650958,pdf,PDF signature and EOF,,
Bradesco,7495337d-7fbb-4a1a-ac3f-1222ce55548c,2024,2T24,Demonstrações Financeiras Consolidadas - IFRS 1S24,Demonstrações Financeiras Consolidadas - IFRS,relatorios_ifrs,https://api.mziq.com/mzfilemanager/v2/d/80f2e993-0a30-421a-9470-a4d5c8ad5e9f/57129dcd-608a-c992-2c37-d4dbea38b2c5?origin=2,https://www.bradescori.com.br/informacoes-ao-mercado/central-de-resultados/,2024-08-05T00:00:00.000Z,pt_BR,data/catalogs/20260906T182455,False,downloaded,documents/Bradesco/2024/2T24/Demonstracoes_Financeiras_Consolidadas_-_IFRS_1S24__a967d962d204.pdf,a967d962d204bf1e67f2c79a40ceb3d532c534a2a103772be9c3e9cfef74a9a6,2790144,pdf,PDF signature and EOF,,
Bradesco,781a0e57-f941-4ed8-9889-4648b234833e,2024,2T24,Bradesco 2T24 - Apresentação de Resultados,Apresentação da Videoconferência,apresentacoes_institucionais_teleconferencia,https://api.mziq.com/mzfilemanager/v2/d/80f2e993-0a30-421a-9470-a4d5c8ad5e9f/d5c273bb-c75f-76ae-d9e0-fa30f13db939?origin=2,https://www.bradescori.com.br/informacoes-ao-mercado/central-de-resultados/,2024-08-05T00:00:00.000Z,pt_BR,data/catalogs/20260906T182455,False,downloaded,documents/Bradesco/2024/2T24/Bradesco_2T24_-_Apresentacao_de_Resultados__18fdc50feb6c.pdf,18fdc50feb6c33e80151bd54b07a8b95993ee6391d120c8f6ac4d3b36694fb1f,1647154,pdf,PDF signature and EOF,,
Bradesco,a1e46518-703f-4b95-a079-9750aca3449c,2024,2T24,Bradesco 2T24 - Podcast Resultados,Podcast,teleconferencias_podcast,https://api.mziq.com/mzfilemanager/v2/d/80f2e993-0a30-421a-9470-a4d5c8ad5e9f/872e9c8d-768d-c19a-4172-259fb3b2bc1e?origin=2,https://www.bradescori.com.br/informacoes-ao-mercado/central-de-resultados/,2024-08-05T00:00:00.000Z,pt_BR,data/catalogs/20260906T182455,False,external_link,documents/Bradesco/2024/2T24/Bradesco_2T24_-_Podcast_Resultados__a1e46518.url,,,,Official catalog link; streaming/page not archived,,
Bradesco,c21f06f5-2c21-4179-af28-4d5182f7091b,2024,2T24,Bradesco 2T24 -  Videoconferência de Resultados,Conferência de Resultados,videoconferencia_resultados,https://api.mziq.com/mzfilemanager/v2/d/80f2e993-0a30-421a-9470-a4d5c8ad5e9f/555b774c-e09b-7255-36fb-3fc83b02cf1f?origin=2,https://www.bradescori.com.br/informacoes-ao-mercado/central-de-resultados/,2024-08-05T00:00:00.000Z,pt_BR,data/catalogs/20260906T182455,True,external_link,documents/Bradesco/2024/2T24/Bradesco_2T24_-_Videoconferencia_de_Resultados__c21f06f5.url,,,,Official catalog link; streaming/page not archived,,
Bradesco,ef34aaa5-626d-4786-b46a-e9573f89cd6e,2024,2T24,Bradesco 2T24 - Informativo Trimestral,Informativo Trimestral,_informativos,https://api.mziq.com/mzfilemanager/v2/d/80f2e993-0a30-421a-9470-a4d5c8ad5e9f/e6b853f2-715b-7550-3654-07338a8599a5?origin=2,https://www.bradescori.com.br/informacoes-ao-mercado/central-de-resultados/,2024-08-14T00:00:00.000Z,pt_BR,data/catalogs/20260906T182455,False,downloaded,documents/Bradesco/2024/2T24/Bradesco_2T24_-_Informativo_Trimestral__7862982da672.pdf,7862982da6722841a61285bf600423ffb5fe10746e2bb47c4169535049fc9a7a,1212529,pdf,PDF signature and EOF,,
Bradesco,d94aafbf-2567-4c92-acbc-5758d04af717,2024,2T24,Bradesco 2T24 - Relatório de Análise Econômica e Financeira,Relatório de Análise Econômica e Financeira,relatorios_relatorio_de_analise_economica,https://api.mziq.com/mzfilemanager/v2/d/80f2e993-0a30-421a-9470-a4d5c8ad5e9f/b5c93b4d-efc9-8adf-f78f-de94e36172cc?origin=2,https://www.bradescori.com.br/informacoes-ao-mercado/central-de-resultados/,2024-08-05T00:00:00.000Z,pt_BR,data/catalogs/20260906T182455,False,downloaded,documents/Bradesco/2024/2T24/Bradesco_2T24_-_Relatorio_de_Analise_Economica_e_Financeira__4b5b7ee501d4.pdf,4b5b7ee501d4bbbce7543ce19d488f08af6206eff21776c6efa442d1149ba412,4202261,pdf,PDF signature and EOF,,
Bradesco,5d6fb6db-48bc-493b-b3db-fe35896e9358,2024,2T24,Bradesco 2T24 - Relatório de Gerenciamento de Riscos,Gerenciamento de Riscos | Pilar 3,gerenciamento_de_riscos_gerenciamento_de_riscos,https://api.mziq.com/mzfilemanager/v2/d/80f2e993-0a30-421a-9470-a4d5c8ad5e9f/4f39c98c-ddf3-ec4b-5739-ed4bfa844a18?origin=2,https://www.bradescori.com.br/informacoes-ao-mercado/central-de-resultados/,2024-08-05T00:00:00.000Z,pt_BR,data/catalogs/20260906T182455,False,downloaded,documents/Bradesco/2024/2T24/Bradesco_2T24_-_Relatorio_de_Gerenciamento_de_Riscos__72be0564629f.pdf,72be0564629f79aa987f564488c9e847611edce8cb0eb31c60de7065d0d38ba2,2483989,pdf,PDF signature and EOF,,
Bradesco,6bb5af94-e42f-488d-aaf9-49e26e864547,2024,2T24,Bradesco 2T24 - Anexos Pilar 3,Anexos Pilar 3,gerenciamento_de_riscos_anexos_pilar,https://api.mziq.com/mzfilemanager/v2/d/80f2e993-0a30-421a-9470-a4d5c8ad5e9f/12c2cbc0-9b3a-9ce0-c224-535b2ee6dda5?origin=2,https://www.bradescori.com.br/informacoes-ao-mercado/central-de-resultados/,2024-08-12T00:00:00.000Z,pt_BR,data/catalogs/20260906T182455,False,downloaded,documents/Bradesco/2024/2T24/Bradesco_2T24_-_Anexos_Pilar_3__9fec0f9e2441.xlsx,9fec0f9e2441d7bb6df90c505d1e580dfe38f76e1a027fcc89380740f15ff6bf,1080397,xlsx,ZIP CRC verified,,
Bradesco,1e3431e2-14d8-4a2f-955c-8a67d8285e86,2024,2T24,Bradesco 2T24 - Séries Históricas,Séries Históricas,relatorios_series_historicas,https://api.mziq.com/mzfilemanager/v2/d/80f2e993-0a30-421a-9470-a4d5c8ad5e9f/1fa32711-5826-15c6-c211-d0c64e3aff56?origin=2,https://www.bradescori.com.br/informacoes-ao-mercado/central-de-resultados/,2024-08-05T00:00:00.000Z,pt_BR,data/catalogs/20260906T182455,False,downloaded,documents/Bradesco/2024/2T24/Bradesco_2T24_-_Series_Historicas__27f080668c54.xlsx,27f080668c542c08a91bf63c3fd0d23351fc06569c00f06f129cc2cbbae500c3,1220721,xlsx,ZIP CRC verified,,
Bradesco,018540e6-fb43-48b9-b8c2-28b01d0c12c0,2024,2T24,Bradesco 2T24 - Press Release,Press Release,relatorios_press_release,https://api.mziq.com/mzfilemanager/v2/d/80f2e993-0a30-421a-9470-a4d5c8ad5e9f/7532e562-e8a7-06bd-0df2-21cdb8c88955?origin=2,https://www.bradescori.com.br/informacoes-ao-mercado/central-de-resultados/,2024-08-05T00:00:00.000Z,pt_BR,data/catalogs/20260906T182455,False,downloaded,documents/Bradesco/2024/2T24/Bradesco_2T24_-_Press_Release__16c050d21596.pdf,16c050d2159653801162e3bd1691aab69f3e127607e7e349624854d2a7f0e39a,252849,pdf,PDF signature and EOF,,
Bradesco,3512b802-eca9-4bff-8127-cf3e2435c055,2024,1T24,Bradesco 1T24 - Apresentação de Resultados,Apresentação da Videoconferência,apresentacoes_institucionais_teleconferencia,https://api.mziq.com/mzfilemanager/v2/d/80f2e993-0a30-421a-9470-a4d5c8ad5e9f/9b45cfd7-94d9-4f1b-0af2-38ea4ff46c95?origin=2,https://www.bradescori.com.br/informacoes-ao-mercado/central-de-resultados/,2024-05-02T00:00:00.000Z,pt_BR,data/catalogs/20260906T182455,False,downloaded,documents/Bradesco/2024/1T24/Bradesco_1T24_-_Apresentacao_de_Resultados__d5a15d0d98c0.pdf,d5a15d0d98c090aa3b50f555825cccc118de34d6de18922464b8d25fb3dd18c8,6446107,pdf,PDF signature and EOF,,
Bradesco,49e4fcd4-ac8c-4248-b8be-c0683a40beb7,2024,1T24,Bradesco 1T24 - Informativo Trimestral,Informativo Trimestral,_informativos,https://api.mziq.com/mzfilemanager/v2/d/80f2e993-0a30-421a-9470-a4d5c8ad5e9f/504b1ff7-9bd7-dfda-5782-0460fd847650?origin=2,https://www.bradescori.com.br/informacoes-ao-mercado/central-de-resultados/,2024-05-10T00:00:00.000Z,pt_BR,data/catalogs/20260906T182455,False,downloaded,documents/Bradesco/2024/1T24/Bradesco_1T24_-_Informativo_Trimestral__dfc158277c98.pdf,dfc158277c9884f6833fca5135378e9be336222b9aa9b4d0ff2afe21fce406e4,1760757,pdf,PDF signature and EOF,,
Bradesco,5964799c-0b55-4792-929e-9d8237de1d44,2024,1T24,Bradesco 1T24 -  Videoconferência de Resultados,Conferência de Resultados,videoconferencia_resultados,https://api.mziq.com/mzfilemanager/v2/d/80f2e993-0a30-421a-9470-a4d5c8ad5e9f/a414c0a2-7e0c-0a49-4bad-cb29dfe929e9?origin=2,https://www.bradescori.com.br/informacoes-ao-mercado/central-de-resultados/,2024-05-02T00:00:00.000Z,pt_BR,data/catalogs/20260906T182455,True,external_link,documents/Bradesco/2024/1T24/Bradesco_1T24_-_Videoconferencia_de_Resultados__5964799c.url,,,,Official catalog link; streaming/page not archived,,
Bradesco,d11117c0-bc22-4a3b-885d-23ed482f4530,2024,1T24,Demonstrações Financeiras Consolidadas - IFRS 1T24,Demonstrações Financeiras Consolidadas - IFRS,relatorios_ifrs,https://api.mziq.com/mzfilemanager/v2/d/80f2e993-0a30-421a-9470-a4d5c8ad5e9f/58f28b69-414b-9457-6c81-6b0656767fc0?origin=2,https://www.bradescori.com.br/informacoes-ao-mercado/central-de-resultados/,2024-05-02T00:00:00.000Z,pt_BR,data/catalogs/20260906T182455,False,downloaded,documents/Bradesco/2024/1T24/Demonstracoes_Financeiras_Consolidadas_-_IFRS_1T24__a24093bd823a.pdf,a24093bd823acf2435a86d8f82522ce9b4505593dbb567973d151c7fad143591,2249622,pdf,PDF signature and EOF,,
Bradesco,e6782967-ef19-49a4-af6d-101225f4c0fd,2024,1T24,Bradesco 1T24 - Podcast Resultados,Podcast,teleconferencias_podcast,https://api.mziq.com/mzfilemanager/v2/d/80f2e993-0a30-421a-9470-a4d5c8ad5e9f/386cc46b-d299-2577-80f6-f191f2f4dfdc?origin=2,https://www.bradescori.com.br/informacoes-ao-mercado/central-de-resultados/,2024-05-02T00:00:00.000Z,pt_BR,data/catalogs/20260906T182455,False,external_link,documents/Bradesco/2024/1T24/Bradesco_1T24_-_Podcast_Resultados__e6782967.url,,,,Official catalog link; streaming/page not archived,,
Bradesco,f19e8c49-b014-4998-bbf8-dcd0f87ebfac,2024,1T24,Bradesco 1T24 - Transcrição Videoconferência,Transcrição,teleconferencias_transcricao,https://api.mziq.com/mzfilemanager/v2/d/80f2e993-0a30-421a-9470-a4d5c8ad5e9f/ebbb3c67-0e8f-a9a0-7e43-8a631cfc1791?origin=2,https://www.bradescori.com.br/informacoes-ao-mercado/central-de-resultados/,2024-05-02T00:00:00.000Z,pt_BR,data/catalogs/20260906T182455,False,downloaded,documents/Bradesco/2024/1T24/Bradesco_1T24_-_Transcricao_Videoconferencia__46b41de0d361.pdf,46b41de0d361cc9aa551feddb6b77a753b69c8994b4a7ec4b31106b0b159fc64,668461,pdf,PDF signature and EOF,,
Bradesco,e31945d9-7730-4ad1-90db-abe32811d1d4,2024,1T24,Bradesco 1T24 - Relatório de Análise Econômica e Financeira,Relatório de Análise Econômica e Financeira,relatorios_relatorio_de_analise_economica,https://api.mziq.com/mzfilemanager/v2/d/80f2e993-0a30-421a-9470-a4d5c8ad5e9f/d2826501-c336-4d76-0974-83283967f2c6?origin=2,https://www.bradescori.com.br/informacoes-ao-mercado/central-de-resultados/,2024-05-02T00:00:00.000Z,pt_BR,data/catalogs/20260906T182455,False,downloaded,documents/Bradesco/2024/1T24/Bradesco_1T24_-_Relatorio_de_Analise_Economica_e_Financeira__749f41d9b4dd.pdf,749f41d9b4ddacf05d72969ecacb19b8bafd353749f26f8ff706270323418498,4022761,pdf,PDF signature and EOF,,
Bradesco,c09fe773-cfef-4e3b-a45d-8d6b2a84cb6a,2024,1T24,Bradesco 1T24 - Relatório de Gerenciamento de Riscos,Gerenciamento de Riscos | Pilar 3,gerenciamento_de_riscos_gerenciamento_de_riscos,https://api.mziq.com/mzfilemanager/v2/d/80f2e993-0a30-421a-9470-a4d5c8ad5e9f/42eb381d-f85a-0881-cabb-063e2af17b5e?origin=2,https://www.bradescori.com.br/informacoes-ao-mercado/central-de-resultados/,2024-05-02T00:00:00.000Z,pt_BR,data/catalogs/20260906T182455,False,downloaded,documents/Bradesco/2024/1T24/Bradesco_1T24_-_Relatorio_de_Gerenciamento_de_Riscos__8a8829f182f0.pdf,8a8829f182f0750e511dd9a68e41f41bf5acb9cb96e1381d8d7ed3569bce2bbe,2303110,pdf,PDF signature and EOF,,
Bradesco,4f3e5745-2b5c-4cb2-b8a7-9f76580c749d,2024,1T24,Bradesco 1T24 - Anexos Pilar 3,Anexos Pilar 3,gerenciamento_de_riscos_anexos_pilar,https://api.mziq.com/mzfilemanager/v2/d/80f2e993-0a30-421a-9470-a4d5c8ad5e9f/ad0cf5f5-9573-39f5-53be-711aae621130?origin=2,https://www.bradescori.com.br/informacoes-ao-mercado/central-de-resultados/,2024-05-02T00:00:00.000Z,pt_BR,data/catalogs/20260906T182455,False,downloaded,documents/Bradesco/2024/1T24/Bradesco_1T24_-_Anexos_Pilar_3__d1cd08378f88.xlsx,d1cd08378f88aca10a94934c01651f05839cd7319f2f5910c6c50ceb681bddbc,1084437,xlsx,ZIP CRC verified,,
Bradesco,1a85908c-7c0a-4ea9-b14c-2c1f13857746,2024,1T24,Bradesco 1T24 - Séries Históricas,Séries Históricas,relatorios_series_historicas,https://api.mziq.com/mzfilemanager/v2/d/80f2e993-0a30-421a-9470-a4d5c8ad5e9f/9f7d5c27-44b2-fba2-05ca-d6e385739912?origin=2,https://www.bradescori.com.br/informacoes-ao-mercado/central-de-resultados/,2024-05-02T00:00:00.000Z,pt_BR,data/catalogs/20260906T182455,False,downloaded,documents/Bradesco/2024/1T24/Bradesco_1T24_-_Series_Historicas__8aef1492b2ec.xlsx,8aef1492b2eccf1f87ac8f7ba86d7ee69208aadccb0c226327e4b7d66d1fab25,1189877,xlsx,ZIP CRC verified,,
Bradesco,58be4e77-7b89-455d-8253-6529ef0964ee,2024,1T24,Bradesco 1T24 - Press Release,Press Release,relatorios_press_release,https://api.mziq.com/mzfilemanager/v2/d/80f2e993-0a30-421a-9470-a4d5c8ad5e9f/1d856abc-1c52-7594-bdf2-63181ac4711b?origin=2,https://www.bradescori.com.br/informacoes-ao-mercado/central-de-resultados/,2024-05-02T00:00:00.000Z,pt_BR,data/catalogs/20260906T182455,False,downloaded,documents/Bradesco/2024/1T24/Bradesco_1T24_-_Press_Release__4f56909ff226.pdf,4f56909ff22627b2176d25e97e0904c3856655e2ac249636bb774d064176a9b7,180445,pdf,PDF signature and EOF,,
Itau,3031fdee-dc0e-42e8-bd69-ab06227cc794,2026,2T26,vídeo 2T26,central video,central_video,https://api.mziq.com/mzfilemanager/v2/d/42787847-4cf6-4461-94a5-40ed237dca33/4e9f2d23-7c92-4ce9-46fb-41292af839d1?origin=2,https://www.itau.com.br/relacoes-com-investidores/resultados-e-relatorios/central-de-resultados/,2026-08-10T00:00:00.000Z,pt_BR,data/catalogs/20260906T181843,True,external_link,documents/Itau/2026/2T26/video_2T26__3031fdee.url,,,,Official catalog link; streaming/page not archived,not_seen_this_run,
Itau,8b793ba4-fdc4-48f7-8b63-31a1ea3afdc2,2026,2T26,Informativo - Ações Itaú em Foco ,central informativo acoes itau em foco,central_informativo_acoes_itau_em_foco,https://api.mziq.com/mzfilemanager/v2/d/42787847-4cf6-4461-94a5-40ed237dca33/9c5d7340-3259-90b4-e5f7-592d27991477?origin=2,https://www.itau.com.br/relacoes-com-investidores/resultados-e-relatorios/central-de-resultados/,2026-08-07T00:00:00.000Z,pt_BR,data/catalogs/20260906T181843,False,downloaded,documents/Itau/2026/2T26/Informativo_-_Acoes_Itau_em_Foco__a00f93766482.pdf,a00f937664828ccea99ca5ef215ded7fd638937130f911969f01921ba3f17f26,3392137,pdf,PDF signature and EOF,not_seen_this_run,
Itau,c22021c2-891e-47d4-9947-9054d1d4e0f2,2026,2T26,Factsheet 2T26,central factsheet,central_factsheet,https://api.mziq.com/mzfilemanager/v2/d/42787847-4cf6-4461-94a5-40ed237dca33/6d8a197b-1cd3-914a-935f-cf946f497d89?origin=2,https://www.itau.com.br/relacoes-com-investidores/resultados-e-relatorios/central-de-resultados/,2026-08-07T00:00:00.000Z,pt_BR,data/catalogs/20260906T181843,False,downloaded,documents/Itau/2026/2T26/Factsheet_2T26__283c1cfc019c.pdf,283c1cfc019c607fd35c7d7fd4dc90d2e784bb777298eb836b4aaaf8bb6896d0,381285,pdf,PDF signature and EOF,not_seen_this_run,
Itau,101166a0-e0fc-4764-aa18-65370a348d61,2026,2T26,Transcrição do áudio 2T26,central transcricao do audio,central_transcricao_do_audio,https://api.mziq.com/mzfilemanager/v2/d/42787847-4cf6-4461-94a5-40ed237dca33/0e7b113d-f8c6-5bf4-de2f-eff0a413d0b1?origin=2,https://www.itau.com.br/relacoes-com-investidores/resultados-e-relatorios/central-de-resultados/,2026-08-05T00:00:00.000Z,pt_BR,data/catalogs/20260906T193319,False,downloaded,documents/Itau/2026/2T26/Transcricao_do_audio_2T26__f56b6e2f888f.pdf,f56b6e2f888fcb34cf8234f777ed5e09d4141ddea4c0a6839e568813782da587,988980,pdf,Recovered signature-validated content-addressed download,,
Itau,4a09b75d-e51f-4bf8-afd2-b1cdb0621187,2026,2T26,Apresentação Institucional,central apresentacao institucional,central_apresentacao_institucional,https://api.mziq.com/mzfilemanager/v2/d/42787847-4cf6-4461-94a5-40ed237dca33/a99a8a04-35af-4897-6365-c4ef18a6436b?origin=2,https://www.itau.com.br/relacoes-com-investidores/resultados-e-relatorios/central-de-resultados/,2026-08-04T00:00:00.000Z,pt_BR,data/catalogs/20260906T181843,False,downloaded,documents/Itau/2026/2T26/Apresentacao_Institucional__b4dd91c33889.pdf,b4dd91c33889266dfc3bbf472ba5587952840c47194f85ac93ed35d685d1041b,1616012,pdf,PDF signature and EOF,not_seen_this_run,
Itau,57766e46-f606-4f11-b0d1-e15b186eace5,2026,2T26,Gerenciamento de riscos e capital - Pilar 3 - 2T26,central gerenciamento de riscos e capital pilar 3,central_gerenciamento_de_riscos_e_capital_pilar_3,https://api.mziq.com/mzfilemanager/v2/d/42787847-4cf6-4461-94a5-40ed237dca33/c89a30a1-418e-ec1a-acdf-a08040a1fd6e?origin=2,https://www.itau.com.br/relacoes-com-investidores/resultados-e-relatorios/central-de-resultados/,2026-08-04T00:00:00.000Z,pt_BR,data/catalogs/20260906T181843,False,downloaded,documents/Itau/2026/2T26/Gerenciamento_de_riscos_e_capital_-_Pilar_3_-_2T26__b46ae3487c2e.pdf,b46ae3487c2e875e86a0a98d9b7c9554b9e49e69830a584731bbdef0b26cf0b7,1555553,pdf,PDF signature and EOF,not_seen_this_run,
Itau,94c11b79-18c9-4f12-996a-a3c8eaeb6c60,2026,2T26,Apresentação de Resultados ,central apresentacao,central_apresentacao,https://api.mziq.com/mzfilemanager/v2/d/42787847-4cf6-4461-94a5-40ed237dca33/978c7174-bc04-1014-865c-e05f019f5180?origin=2,https://www.itau.com.br/relacoes-com-investidores/resultados-e-relatorios/central-de-resultados/,2026-08-04T00:00:00.000Z,pt_BR,data/catalogs/20260906T181843,False,downloaded,documents/Itau/2026/2T26/Apresentacao_de_Resultados__79e8245d1f61.pdf,79e8245d1f611590895e892557d3123c3f7368c8f60650a8d0e46c79c99e0831,818106,pdf,PDF signature and EOF,not_seen_this_run,
Itau,ac2d49fc-06c2-48b1-9361-bd848817b013,2026,2T26,Análise gerencial da operação e demonstrações contábeis completas em BRGAAP,central analise gerencial da operacao,central_analise_gerencial_da_operacao,https://api.mziq.com/mzfilemanager/v2/d/42787847-4cf6-4461-94a5-40ed237dca33/e950fa46-4ba0-6db4-e324-23883f242e73?origin=2,https://www.itau.com.br/relacoes-com-investidores/resultados-e-relatorios/central-de-resultados/,2026-08-04T00:00:00.000Z,pt_BR,data/catalogs/20260906T193319,False,downloaded,documents/Itau/2026/2T26/Analise_gerencial_da_operacao_e_demonstracoes_contabeis_completas_em_BRGAAP__fcfda4e6561d.pdf,fcfda4e6561de3576dece3dcc766935f2c7836e416323d3dba76d110e5154782,9181396,pdf,PDF signature and EOF,,
Itau,f11bd46c-d5b3-42de-8456-009f27f264f9,2026,2T26,Demonstrações contábeis completas em IFRS,central demonstracoes contabeis completas em ifrs,central_demonstracoes_contabeis_completas_em_ifrs,https://api.mziq.com/mzfilemanager/v2/d/42787847-4cf6-4461-94a5-40ed237dca33/b0756a4b-29fa-0f84-04f5-adbbace246a8?origin=2,https://www.itau.com.br/relacoes-com-investidores/resultados-e-relatorios/central-de-resultados/,2026-08-04T00:00:00.000Z,pt_BR,data/catalogs/20260906T193319,False,downloaded,documents/Itau/2026/2T26/Demonstracoes_contabeis_completas_em_IFRS__59241cf8b836.pdf,59241cf8b8361b97e7e69ec38cf233ab01a2467142612ca9268d6178b9708cf0,4138885,pdf,PDF signature and EOF,,
Itau,137e4488-6cb7-4bb8-83fb-146bac358bbf,2026,1T26,Informativo - Ações Itaú em Foco ,central informativo acoes itau em foco,central_informativo_acoes_itau_em_foco,https://api.mziq.com/mzfilemanager/v2/d/42787847-4cf6-4461-94a5-40ed237dca33/a1b3bef5-4d77-f09d-7f7b-d62e20164bcb?origin=2,https://www.itau.com.br/relacoes-com-investidores/resultados-e-relatorios/central-de-resultados/,2026-05-25T00:00:00.000Z,pt_BR,data/catalogs/20260906T181843,False,downloaded,documents/Itau/2026/1T26/Informativo_-_Acoes_Itau_em_Foco__31fc42d32b60.pdf,31fc42d32b6028ae084de391a179627865d7a8a16e58d52208020a0f79ca31e0,2133441,pdf,PDF signature and EOF,not_seen_this_run,
Itau,7d1ed714-d2aa-483c-9f6e-9205547cb632,2026,1T26,Factsheet 1T26,central factsheet,central_factsheet,https://api.mziq.com/mzfilemanager/v2/d/42787847-4cf6-4461-94a5-40ed237dca33/ea3095ae-3e28-7c7f-fd6a-db9997f254cc?origin=2,https://www.itau.com.br/relacoes-com-investidores/resultados-e-relatorios/central-de-resultados/,2026-05-25T00:00:00.000Z,pt_BR,data/catalogs/20260906T181843,False,downloaded,documents/Itau/2026/1T26/Factsheet_1T26__6f47c212e2ea.pdf,6f47c212e2eadc9d421226b9366996b01d26a311cead3d649e27ffe829ef212c,935107,pdf,PDF signature and EOF,not_seen_this_run,
Itau,1d07bb95-bbd1-4827-a974-b3a7a6d6ebb6,2026,1T26,Transcrição do áudio 1T26,central transcricao do audio,central_transcricao_do_audio,https://api.mziq.com/mzfilemanager/v2/d/42787847-4cf6-4461-94a5-40ed237dca33/12b1b502-0107-4389-bde2-62e2320ca12b?origin=2,https://www.itau.com.br/relacoes-com-investidores/resultados-e-relatorios/central-de-resultados/,2026-05-06T00:00:00.000Z,pt_BR,data/catalogs/20260906T193319,False,downloaded,documents/Itau/2026/1T26/Transcricao_do_audio_1T26__31ab80da3c57.pdf,31ab80da3c573387195ee65dd69c10760e6454f295be81b8abb405fe880994db,961669,pdf,Recovered signature-validated content-addressed download,,
Itau,e84d307d-e887-4d9d-8564-138e4bf7512e,2026,1T26,vídeo 1T26,central video,central_video,https://api.mziq.com/mzfilemanager/v2/d/42787847-4cf6-4461-94a5-40ed237dca33/24ef3b6b-cf22-49d1-b019-c239629e0dea?origin=2,https://www.itau.com.br/relacoes-com-investidores/resultados-e-relatorios/central-de-resultados/,2026-05-06T00:00:00.000Z,pt_BR,data/catalogs/20260906T181843,True,external_link,documents/Itau/2026/1T26/video_1T26__e84d307d.url,,,,Official catalog link; streaming/page not archived,not_seen_this_run,
Itau,0aeca97a-fd96-4016-ab48-095116bb8792,2026,1T26,Gerenciamento de riscos e capital - Pilar 3 - 1T26,central gerenciamento de riscos e capital pilar 3,central_gerenciamento_de_riscos_e_capital_pilar_3,https://api.mziq.com/mzfilemanager/v2/d/42787847-4cf6-4461-94a5-40ed237dca33/714449cc-6bc8-cfcc-c46a-daabc1eb8b24?origin=2,https://www.itau.com.br/relacoes-com-investidores/resultados-e-relatorios/central-de-resultados/,2026-05-05T00:00:00.000Z,pt_BR,data/catalogs/20260906T193319,False,downloaded,documents/Itau/2026/1T26/Gerenciamento_de_riscos_e_capital_-_Pilar_3_-_1T26__9bcc350327f4.pdf,9bcc350327f498c346d56a46603bdc5768b506138baf1e9ffeefd68aa0b183bd,37493394,pdf,PDF signature and EOF,,
Itau,16ada2c8-4488-43a2-9474-c6c2cd355cd6,2026,1T26,Demonstrações contábeis completas em IFRS,central demonstracoes contabeis completas em ifrs,central_demonstracoes_contabeis_completas_em_ifrs,https://api.mziq.com/mzfilemanager/v2/d/42787847-4cf6-4461-94a5-40ed237dca33/5d2656ef-95af-ef58-0ee1-bf2688dd6645?origin=2,https://www.itau.com.br/relacoes-com-investidores/resultados-e-relatorios/central-de-resultados/,2026-05-05T00:00:00.000Z,pt_BR,data/catalogs/20260906T181843,False,downloaded,documents/Itau/2026/1T26/Demonstracoes_contabeis_completas_em_IFRS__8e4d843de04f.pdf,8e4d843de04fe198ed31af58751b5516c459b587b09b3b51876e8c8ea610c85f,10322235,pdf,PDF signature and EOF,not_seen_this_run,
Itau,3146b4ad-bbf1-434e-a95c-9f47b65fa7df,2026,1T26,Apresentação Institucional,central apresentacao institucional,central_apresentacao_institucional,https://api.mziq.com/mzfilemanager/v2/d/42787847-4cf6-4461-94a5-40ed237dca33/333bd104-5c51-6f3f-0a7c-40ddca93a25a?origin=2,https://www.itau.com.br/relacoes-com-investidores/resultados-e-relatorios/central-de-resultados/,2026-05-05T00:00:00.000Z,pt_BR,data/catalogs/20260906T181843,False,downloaded,documents/Itau/2026/1T26/Apresentacao_Institucional__5cfe62748c37.pdf,5cfe62748c373b9e562647a23d7011cee4d5968b5416847513d5d28d217cb8d7,1593638,pdf,PDF signature and EOF,not_seen_this_run,
Itau,a5866509-16ff-41da-bed9-f79c542d0c0b,2026,1T26,Análise gerencial da operação e demonstrações contábeis completas em BRGAAP,central analise gerencial da operacao,central_analise_gerencial_da_operacao,https://api.mziq.com/mzfilemanager/v2/d/42787847-4cf6-4461-94a5-40ed237dca33/f6407337-eafd-ee57-d6dc-1719caaaff71?origin=2,https://www.itau.com.br/relacoes-com-investidores/resultados-e-relatorios/central-de-resultados/,2026-05-05T00:00:00.000Z,pt_BR,data/catalogs/20260906T193319,False,downloaded,documents/Itau/2026/1T26/Analise_gerencial_da_operacao_e_demonstracoes_contabeis_completas_em_BRGAAP__154f0fb251e0.pdf,154f0fb251e077fd3b4ea84088201c6de7fcda143c0d7cc471028692faddf0fd,15684870,pdf,PDF signature and EOF,,
Itau,b89715ed-4abf-417e-b2dc-8b1f019cd5fd,2026,1T26,Apresentação de Resultados ,central apresentacao,central_apresentacao,https://api.mziq.com/mzfilemanager/v2/d/42787847-4cf6-4461-94a5-40ed237dca33/309d095e-23d6-30e1-d944-4db1362c8e0f?origin=2,https://www.itau.com.br/relacoes-com-investidores/resultados-e-relatorios/central-de-resultados/,2026-05-05T00:00:00.000Z,pt_BR,data/catalogs/20260906T181843,False,downloaded,documents/Itau/2026/1T26/Apresentacao_de_Resultados__551a3d0afb00.pdf,551a3d0afb00d018f18e3de00b202cfbaf7e6b585d236de22864ff7c8594452a,826532,pdf,PDF signature and EOF,not_seen_this_run,
Itau,6a2a2b5e-9f48-4320-9668-1fdb607f1189,2025,4T25,Informativo - Ações Itaú em Foco ,central informativo acoes itau em foco,central_informativo_acoes_itau_em_foco,https://api.mziq.com/mzfilemanager/v2/d/42787847-4cf6-4461-94a5-40ed237dca33/6464d72a-fd65-a82c-e32d-f4e7667f9f27?origin=2,https://www.itau.com.br/relacoes-com-investidores/resultados-e-relatorios/central-de-resultados/,2026-03-04T00:00:00.000Z,pt_BR,data/catalogs/20260906T193319,False,downloaded,documents/Itau/2025/4T25/Informativo_-_Acoes_Itau_em_Foco__7876e60ec941.pdf,7876e60ec941218013c709aa884979f9ccee7e5def00ee3ac94fdfef4fb5bfb7,429016,pdf,PDF signature and EOF,,
Itau,760beb66-9aa5-468d-b3e7-e7ca28a2fb2e,2025,4T25,Transcrição do áudio 4T25,central transcricao do audio,central_transcricao_do_audio,https://filemanager-cdn.mziq.com/published/42787847-4cf6-4461-94a5-40ed237dca33/f5daa910-3524-4c17-95c8-672bf7fa2e11_4t25_transcricao_call.pdf,https://www.itau.com.br/relacoes-com-investidores/resultados-e-relatorios/central-de-resultados/,2026-02-05T00:00:00.000Z,pt_BR,data/catalogs/20260906T193319,False,downloaded,documents/Itau/2025/4T25/Transcricao_do_audio_4T25__c3aa5dcbcb34.pdf,c3aa5dcbcb34bd1a08e1c0cfa48d25d25b3e0f5fc475751cd5accfdad88ece9d,284458,pdf,Recovered signature-validated content-addressed download,,
Itau,a79d46ca-fff0-4e84-81fa-71e26b3e0b9b,2025,4T25,vídeo 4T25,central video,central_video,https://www.youtube.com/watch?v=lP-1iEHAh4E,https://www.itau.com.br/relacoes-com-investidores/resultados-e-relatorios/central-de-resultados/,2026-02-05T00:00:00.000Z,pt_BR,data/catalogs/20260906T193319,True,external_link,documents/Itau/2025/4T25/video_4T25__a79d46ca.url,,,,Official catalog link; streaming/page not archived,,
Itau,67efb50a-2c30-4f10-9203-dc22b925674f,2025,4T25,Demonstrações contábeis completas em IFRS,central demonstracoes contabeis completas em ifrs,central_demonstracoes_contabeis_completas_em_ifrs,https://filemanager-cdn.mziq.com/published/42787847-4cf6-4461-94a5-40ed237dca33/dcf4ba34-7be1-49f8-8764-4c93f5eb053f_itau_unibanco_holding_s.a..pdf,https://www.itau.com.br/relacoes-com-investidores/resultados-e-relatorios/central-de-resultados/,2026-02-04T00:00:00.000Z,pt_BR,data/catalogs/20260906T193319,False,downloaded,documents/Itau/2025/4T25/Demonstracoes_contabeis_completas_em_IFRS__1af0e98cf9d0.pdf,1af0e98cf9d006885ffe5452dc37493c0fa6b11fc88667b1f92677f2f2683e83,2963457,pdf,PDF signature and EOF,,
Itau,ad4d671f-21c0-41aa-86ab-9210a720715d,2025,4T25,Apresentação de Resultados - 4T25,central apresentacao,central_apresentacao,https://filemanager-cdn.mziq.com/published/42787847-4cf6-4461-94a5-40ed237dca33/e96a1d33-3e59-4006-8ad6-e16808ecfdb4_itau_unibanco_holding_s.a..pdf,https://www.itau.com.br/relacoes-com-investidores/resultados-e-relatorios/central-de-resultados/,2026-02-04T00:00:00.000Z,pt_BR,data/catalogs/20260906T193319,False,downloaded,documents/Itau/2025/4T25/Apresentacao_de_Resultados_-_4T25__4c9dfd062568.pdf,4c9dfd0625684ad04e63bccf23edb80b36d6cb6229a87065a321b2a6d11ae7d9,862306,pdf,PDF signature and EOF,,
Itau,b06565ab-6e52-4046-b98d-5c29e40d902c,2025,4T25,Apresentação Institucional,central apresentacao institucional,central_apresentacao_institucional,https://filemanager-cdn.mziq.com/published/42787847-4cf6-4461-94a5-40ed237dca33/b22df7c2-b70e-4afa-bcd0-be2ffa598b69_itau_unibanco_holding_s.a..pdf,https://www.itau.com.br/relacoes-com-investidores/resultados-e-relatorios/central-de-resultados/,2026-02-04T00:00:00.000Z,pt_BR,data/catalogs/20260906T193319,False,downloaded,documents/Itau/2025/4T25/Apresentacao_Institucional__51b90f5667cd.pdf,51b90f5667cddd8351170e1aefd43d9e6517c91a8e8aa0d30f5ce231744207ca,1513230,pdf,PDF signature and EOF,,
Itau,fd14e120-eb6c-4b27-92b6-f62606342bb2,2025,4T25,Análise gerencial da operação e demonstrações contábeis completas em BRGAAP,central analise gerencial da operacao,central_analise_gerencial_da_operacao,https://filemanager-cdn.mziq.com/published/42787847-4cf6-4461-94a5-40ed237dca33/fb7d9580-424d-47aa-924e-8cf202975d59_itau_unibanco_holding_s.a..pdf,https://www.itau.com.br/relacoes-com-investidores/resultados-e-relatorios/central-de-resultados/,2026-02-04T00:00:00.000Z,pt_BR,data/catalogs/20260906T193319,False,downloaded,documents/Itau/2025/4T25/Analise_gerencial_da_operacao_e_demonstracoes_contabeis_completas_em_BRGAAP__d64990b4cbfc.pdf,d64990b4cbfc16e93fe13c90ed1fe31c5acefbd0344cca2dad7481ff3c89ea31,6722202,pdf,PDF signature and EOF,,
Itau,3a8df5b4-98e1-4098-8bf4-c3a81b8b4838,2025,4T25,Gerenciamento de riscos e capital - Pilar 3 - 4T25,central gerenciamento de riscos e capital pilar 3,central_gerenciamento_de_riscos_e_capital_pilar_3,https://filemanager-cdn.mziq.com/published/42787847-4cf6-4461-94a5-40ed237dca33/970c7455-195a-439f-aa33-e08321f5d8c1_gerenciamento_de_riscos_e_capital_pilar_3_4t25.pdf,https://www.itau.com.br/relacoes-com-investidores/resultados-e-relatorios/central-de-resultados/,2025-12-31T00:00:00.000Z,pt_BR,data/catalogs/20260906T193319,False,downloaded,documents/Itau/2025/4T25/Gerenciamento_de_riscos_e_capital_-_Pilar_3_-_4T25__5c8ed672a606.pdf,5c8ed672a6061a41a6bc4c3b39b243997c0c5ef63c369c3325f26b7899889f9e,2231017,pdf,PDF signature and EOF,,
Itau,68a13e09-b083-4dbc-863b-ffc023a89bab,2025,3T25,Informativo - Ações Itaú em Foco ,central informativo acoes itau em foco,central_informativo_acoes_itau_em_foco,https://api.mziq.com/mzfilemanager/v2/d/42787847-4cf6-4461-94a5-40ed237dca33/c8dfca70-6050-e90f-fa3b-a81736da1cab?origin=2,https://www.itau.com.br/relacoes-com-investidores/resultados-e-relatorios/central-de-resultados/,2025-11-17T00:00:00.000Z,pt_BR,data/catalogs/20260906T193319,False,downloaded,documents/Itau/2025/3T25/Informativo_-_Acoes_Itau_em_Foco__65a0088d8ffe.pdf,65a0088d8ffeb59ca051f6cf5a2d747c117a311b87963f1841ad673cef4b4569,384525,pdf,PDF signature and EOF,,
Itau,7a6a5231-92cd-45e8-a685-f6fe7d573f10,2025,3T25,Transcrição do áudio 3T25,central transcricao do audio,central_transcricao_do_audio,https://api.mziq.com/mzfilemanager/v2/d/42787847-4cf6-4461-94a5-40ed237dca33/036bfa45-6678-bc75-fd90-7230ad41d22e?origin=2,https://www.itau.com.br/relacoes-com-investidores/resultados-e-relatorios/central-de-resultados/,2025-11-05T00:00:00.000Z,pt_BR,data/catalogs/20260906T193319,False,downloaded,documents/Itau/2025/3T25/Transcricao_do_audio_3T25__dcf1064977d9.pdf,dcf1064977d913a26724287a22fa8c9ad3aad956e4e91d7954597afe6a50761f,965972,pdf,Recovered signature-validated content-addressed download,,
Itau,abc6ac2c-8666-47b5-b290-8a31a68d4b43,2025,3T25,vídeo 3T25,central video,central_video,https://api.mziq.com/mzfilemanager/v2/d/42787847-4cf6-4461-94a5-40ed237dca33/34044c4c-8bfc-c957-0ff6-19f168bff2b0?origin=2,https://www.itau.com.br/relacoes-com-investidores/resultados-e-relatorios/central-de-resultados/,2025-11-05T00:00:00.000Z,pt_BR,data/catalogs/20260906T193319,True,external_link,documents/Itau/2025/3T25/video_3T25__abc6ac2c.url,,,,Official catalog link; streaming/page not archived,,
Itau,2fe5155b-6f55-463b-891a-f2e889ecc13f,2025,3T25,Gerenciamento de riscos e capital - Pilar 3 - 3T25,central gerenciamento de riscos e capital pilar 3,central_gerenciamento_de_riscos_e_capital_pilar_3,https://api.mziq.com/mzfilemanager/v2/d/42787847-4cf6-4461-94a5-40ed237dca33/0ac9c578-d384-a93e-9d62-e599db5f35a6?origin=2,https://www.itau.com.br/relacoes-com-investidores/resultados-e-relatorios/central-de-resultados/,2025-11-04T00:00:00.000Z,pt_BR,data/catalogs/20260906T193319,False,downloaded,documents/Itau/2025/3T25/Gerenciamento_de_riscos_e_capital_-_Pilar_3_-_3T25__624be7befbd4.pdf,624be7befbd4fd7cddc6e1e643d37ee4f0a1d67b1cd17c04e6eba98980fd4e02,1442591,pdf,PDF signature and EOF,,
Itau,60528e4a-374c-4ff3-940e-2a2fa0edd624,2025,3T25,Apresentação de Resultados - 3T25,central apresentacao,central_apresentacao,https://api.mziq.com/mzfilemanager/v2/d/42787847-4cf6-4461-94a5-40ed237dca33/65c722ca-a2c4-597f-d87c-5688080f1e8f?origin=2,https://www.itau.com.br/relacoes-com-investidores/resultados-e-relatorios/central-de-resultados/,2025-11-04T00:00:00.000Z,pt_BR,data/catalogs/20260906T193319,False,downloaded,documents/Itau/2025/3T25/Apresentacao_de_Resultados_-_3T25__fe60204a011e.pdf,fe60204a011ef03fccfc0bdc3235657f072c4b33d79b757a2ac0969e672ccddc,689723,pdf,PDF signature and EOF,,
Itau,8768a5ff-ca18-4115-9f40-da081186194e,2025,3T25,Análise gerencial da operação e demonstrações contábeis condensadas em BRGAAP,central analise gerencial da operacao,central_analise_gerencial_da_operacao,https://api.mziq.com/mzfilemanager/v2/d/42787847-4cf6-4461-94a5-40ed237dca33/4224dc78-1031-403c-6a3d-2cc05b155486?origin=2,https://www.itau.com.br/relacoes-com-investidores/resultados-e-relatorios/central-de-resultados/,2025-11-04T00:00:00.000Z,pt_BR,data/catalogs/20260906T193319,False,downloaded,documents/Itau/2025/3T25/Analise_gerencial_da_operacao_e_demonstracoes_contabeis_condensadas_em_BRGAAP__71d30ab99014.pdf,71d30ab990145ebbc6be20e9039a5df0387b7dd46cdb9e8749733eb94d4fd987,5694986,pdf,PDF signature and EOF,,
Itau,9dfb7593-ffb1-419b-aa97-80d5e34c05cb,2025,3T25,Apresentação Institucional,central apresentacao institucional,central_apresentacao_institucional,https://api.mziq.com/mzfilemanager/v2/d/42787847-4cf6-4461-94a5-40ed237dca33/f82d3dc8-7ea0-bb0a-511d-ade30ba06d4e?origin=2,https://www.itau.com.br/relacoes-com-investidores/resultados-e-relatorios/central-de-resultados/,2025-11-04T00:00:00.000Z,pt_BR,data/catalogs/20260906T193319,False,downloaded,documents/Itau/2025/3T25/Apresentacao_Institucional__8f2f25520045.pdf,8f2f25520045a9f92ffbfd856c823dd29114bd35bcbfe4bc6fb340e65db23cd7,1616187,pdf,PDF signature and EOF,,
Itau,f2ce7dd6-5fb6-4f61-8808-a8341b887a27,2025,3T25,Demonstrações contábeis condensadas em IFRS,central demonstracoes contabeis completas em ifrs,central_demonstracoes_contabeis_completas_em_ifrs,https://api.mziq.com/mzfilemanager/v2/d/42787847-4cf6-4461-94a5-40ed237dca33/a89c3e02-c65c-44f1-decd-b1965a6bc265?origin=2,https://www.itau.com.br/relacoes-com-investidores/resultados-e-relatorios/central-de-resultados/,2025-11-04T00:00:00.000Z,pt_BR,data/catalogs/20260906T193319,False,downloaded,documents/Itau/2025/3T25/Demonstracoes_contabeis_condensadas_em_IFRS__ade021b770c2.pdf,ade021b770c240c82d9eafda5947a0a98dfff63bf5a7e77e6fe5ec28a704095a,2665974,pdf,PDF signature and EOF,,
Itau,4dc6d85c-f049-483a-b98b-ef3a31ceaf8c,2025,2T25,Informativo - Ações Itaú em Foco ,central informativo acoes itau em foco,central_informativo_acoes_itau_em_foco,https://api.mziq.com/mzfilemanager/v2/d/42787847-4cf6-4461-94a5-40ed237dca33/691dc907-de2b-1373-0189-ef7413520be1?origin=2,https://www.itau.com.br/relacoes-com-investidores/resultados-e-relatorios/central-de-resultados/,2025-08-18T00:00:00.000Z,pt_BR,data/catalogs/20260906T193319,False,downloaded,documents/Itau/2025/2T25/Informativo_-_Acoes_Itau_em_Foco__bc8ec4f88106.pdf,bc8ec4f8810615dbb4a203099a30a97c8a6d01970cbb2df214af14d346cc7df3,413211,pdf,PDF signature and EOF,,
Itau,87922ad0-5c9e-40c7-b6b0-575349dadcf6,2025,2T25,Transcrição do áudio 2T25,central transcricao do audio,central_transcricao_do_audio,https://api.mziq.com/mzfilemanager/v2/d/42787847-4cf6-4461-94a5-40ed237dca33/83531c26-0119-3949-5860-3015cd8e0e48?origin=2,https://www.itau.com.br/relacoes-com-investidores/resultados-e-relatorios/central-de-resultados/,2025-08-07T00:00:00.000Z,pt_BR,data/catalogs/20260906T193319,False,downloaded,documents/Itau/2025/2T25/Transcricao_do_audio_2T25__8e5978890738.pdf,8e5978890738b1e616700809c1cb648ef8ef4d1d78757c5b1abf68ce9722183d,1153176,pdf,Recovered signature-validated content-addressed download,,
Itau,56db87d1-2bbd-4681-b4fd-cd9f9fb3f57a,2025,1T25,vídeo 1T25,central video,central_video,https://api.mziq.com/mzfilemanager/v2/d/42787847-4cf6-4461-94a5-40ed237dca33/b629d2cb-acf8-d282-6683-984e589231ba?origin=2,https://www.itau.com.br/relacoes-com-investidores/resultados-e-relatorios/central-de-resultados/,2025-08-06T00:00:00.000Z,pt_BR,data/catalogs/20260906T193319,True,external_link,documents/Itau/2025/1T25/video_1T25__56db87d1.url,,,,Official catalog link; streaming/page not archived,,
Itau,9f7c68a2-83a5-4db1-abc1-926a9c3bb8d0,2025,2T25,vídeo 2T25,central video,central_video,https://api.mziq.com/mzfilemanager/v2/d/42787847-4cf6-4461-94a5-40ed237dca33/95629561-1ae5-389c-bc2c-3cdc99c740e2?origin=2,https://www.itau.com.br/relacoes-com-investidores/resultados-e-relatorios/central-de-resultados/,2025-08-06T00:00:00.000Z,pt_BR,data/catalogs/20260906T193319,True,external_link,documents/Itau/2025/2T25/video_2T25__9f7c68a2.url,,,,Official catalog link; streaming/page not archived,,
Itau,38629f95-e319-4250-a440-6b3dbad414f0,2025,2T25,Análise gerencial da operação e demonstrações contábeis condensadas em BRGAAP,central analise gerencial da operacao,central_analise_gerencial_da_operacao,https://api.mziq.com/mzfilemanager/v2/d/42787847-4cf6-4461-94a5-40ed237dca33/8d7e5f61-e510-6ca1-ee2d-a7d4b86c5791?origin=2,https://www.itau.com.br/relacoes-com-investidores/resultados-e-relatorios/central-de-resultados/,2025-08-05T00:00:00.000Z,pt_BR,data/catalogs/20260906T193319,False,downloaded,documents/Itau/2025/2T25/Analise_gerencial_da_operacao_e_demonstracoes_contabeis_condensadas_em_BRGAAP__2ab41f2b3ae3.pdf,2ab41f2b3ae322586211b15673bfb86012d5902a281b5abae6f2603451df09ba,5035651,pdf,PDF signature and EOF,,
Itau,460858db-ec48-4390-9586-dd0c029c982b,2025,2T25,Demonstrações contábeis condensadas em IFRS,central demonstracoes contabeis completas em ifrs,central_demonstracoes_contabeis_completas_em_ifrs,https://api.mziq.com/mzfilemanager/v2/d/42787847-4cf6-4461-94a5-40ed237dca33/ad6ab9da-fd7d-d7d4-93ad-4ac7ddc500d8?origin=2,https://www.itau.com.br/relacoes-com-investidores/resultados-e-relatorios/central-de-resultados/,2025-08-05T00:00:00.000Z,pt_BR,data/catalogs/20260906T193319,False,downloaded,documents/Itau/2025/2T25/Demonstracoes_contabeis_condensadas_em_IFRS__a3b4f1477e86.pdf,a3b4f1477e865309d2322339b1dfbd6d4508c682ef4043b15223e2d71fbc7381,2234735,pdf,PDF signature and EOF,,
Itau,7b742f03-962a-4c2a-9264-29a1462b6097,2025,2T25,Apresentação de Resultados - 2T25,central apresentacao,central_apresentacao,https://api.mziq.com/mzfilemanager/v2/d/42787847-4cf6-4461-94a5-40ed237dca33/ca0d0248-4fa0-9cfd-2bb0-3d877ae34ea2?origin=2,https://www.itau.com.br/relacoes-com-investidores/resultados-e-relatorios/central-de-resultados/,2025-08-05T00:00:00.000Z,pt_BR,data/catalogs/20260906T193319,False,downloaded,documents/Itau/2025/2T25/Apresentacao_de_Resultados_-_2T25__d3e2a152f9b6.pdf,d3e2a152f9b68571ff702d386097075fea2d6369a6ed2fc3fea330297684c2ca,843850,pdf,PDF signature and EOF,,
Itau,7cb57d80-996b-4bc7-86f6-5f96cf0dd9c4,2025,2T25,Gerenciamento de riscos e capital - Pilar 3 - 2T25,central gerenciamento de riscos e capital pilar 3,central_gerenciamento_de_riscos_e_capital_pilar_3,https://api.mziq.com/mzfilemanager/v2/d/42787847-4cf6-4461-94a5-40ed237dca33/b86c35bc-ef61-95e5-c703-7ec98a236fba?origin=2,https://www.itau.com.br/relacoes-com-investidores/resultados-e-relatorios/central-de-resultados/,2025-08-05T00:00:00.000Z,pt_BR,data/catalogs/20260906T193319,False,downloaded,documents/Itau/2025/2T25/Gerenciamento_de_riscos_e_capital_-_Pilar_3_-_2T25__9cda63d0c843.pdf,9cda63d0c8430b02e1078b64f2ab4072f7f5743e92da33c3f3c64d266d4c022c,1307919,pdf,PDF signature and EOF,,
Itau,f790a277-fe6c-450a-857e-be7e403fa9dc,2025,2T25,Apresentação Institucional,central apresentacao institucional,central_apresentacao_institucional,https://api.mziq.com/mzfilemanager/v2/d/42787847-4cf6-4461-94a5-40ed237dca33/779e9fce-1237-bf9d-17a4-2c44348e3566?origin=2,https://www.itau.com.br/relacoes-com-investidores/resultados-e-relatorios/central-de-resultados/,2025-08-05T00:00:00.000Z,pt_BR,data/catalogs/20260906T193319,False,downloaded,documents/Itau/2025/2T25/Apresentacao_Institucional__9794b61018fa.pdf,9794b61018fa3798be5d0f151786a09d0260f8d25583dafa2a5a18b0dd50cf2f,1756406,pdf,PDF signature and EOF,,
Itau,05a6e13b-7181-42ea-94f2-3834aebbb63f,2025,1T25,Informativo - Ações Itaú em Foco ,central informativo acoes itau em foco,central_informativo_acoes_itau_em_foco,https://api.mziq.com/mzfilemanager/v2/d/42787847-4cf6-4461-94a5-40ed237dca33/105de76c-ce56-3e1c-c87b-60bbca777233?origin=2,https://www.itau.com.br/relacoes-com-investidores/resultados-e-relatorios/central-de-resultados/,2025-05-19T00:00:00.000Z,pt_BR,data/catalogs/20260906T193319,False,downloaded,documents/Itau/2025/1T25/Informativo_-_Acoes_Itau_em_Foco__0bd2258cb023.pdf,0bd2258cb023de959e61dacf781417b57ac5977ae44f39ec2bfb655be8574a7d,229670,pdf,PDF signature and EOF,,
Itau,490bec0b-89ff-4d37-bbc1-597789522e8a,2025,1T25,Transcrição do áudio 1T25,central transcricao do audio,central_transcricao_do_audio,https://api.mziq.com/mzfilemanager/v2/d/42787847-4cf6-4461-94a5-40ed237dca33/9aaf9451-0ad5-cb15-2dcf-b7086ccf85f6?origin=2,https://www.itau.com.br/relacoes-com-investidores/resultados-e-relatorios/central-de-resultados/,2025-05-14T00:00:00.000Z,pt_BR,data/catalogs/20260906T193319,False,downloaded,documents/Itau/2025/1T25/Transcricao_do_audio_1T25__b71a6221376d.pdf,b71a6221376d565031b09757185b3ec23aaa4142e8367aea2821a2a13b62c06e,332425,pdf,Recovered signature-validated content-addressed download,,
Itau,225cb402-f938-4832-b996-0f6578b84d66,2025,1T25,Gerenciamento de riscos e capital - Pilar 3 - 1T25,central gerenciamento de riscos e capital pilar 3,central_gerenciamento_de_riscos_e_capital_pilar_3,https://api.mziq.com/mzfilemanager/v2/d/42787847-4cf6-4461-94a5-40ed237dca33/66596736-87a5-ac82-ba77-3b6b7102259a?origin=2,https://www.itau.com.br/relacoes-com-investidores/resultados-e-relatorios/central-de-resultados/,2025-05-08T00:00:00.000Z,pt_BR,data/catalogs/20260906T193319,False,downloaded,documents/Itau/2025/1T25/Gerenciamento_de_riscos_e_capital_-_Pilar_3_-_1T25__db10a222dc1d.pdf,db10a222dc1d7400794e6710b095df1e28252b18473f0ae07abe6221092858bb,1346041,pdf,PDF signature and EOF,,
Itau,578e8c53-bf12-42ff-a983-e45660fa7e3c,2025,1T25,Análise gerencial da operação e demonstrações contábeis condensadas em BRGAAP,central analise gerencial da operacao,central_analise_gerencial_da_operacao,https://api.mziq.com/mzfilemanager/v2/d/42787847-4cf6-4461-94a5-40ed237dca33/d9d6cdbe-7844-9359-8e0b-0c8d0d5b92e0?origin=2,https://www.itau.com.br/relacoes-com-investidores/resultados-e-relatorios/central-de-resultados/,2025-05-08T00:00:00.000Z,pt_BR,data/catalogs/20260906T193319,False,downloaded,documents/Itau/2025/1T25/Analise_gerencial_da_operacao_e_demonstracoes_contabeis_condensadas_em_BRGAAP__7e2844bbe4ec.pdf,7e2844bbe4ec54b5551522a662c1e1e9af19edd883521493cf7fe3dd6949c4d8,6181542,pdf,PDF signature and EOF,,
Itau,c3cd0f57-98d7-4d70-ae42-30fba2a048cf,2025,1T25,Apresentação de Resultados - 1T25,central apresentacao,central_apresentacao,https://api.mziq.com/mzfilemanager/v2/d/42787847-4cf6-4461-94a5-40ed237dca33/581fd920-0f42-cf4d-45de-b52c5b4cc305?origin=2,https://www.itau.com.br/relacoes-com-investidores/resultados-e-relatorios/central-de-resultados/,2025-05-08T00:00:00.000Z,pt_BR,data/catalogs/20260906T193319,False,downloaded,documents/Itau/2025/1T25/Apresentacao_de_Resultados_-_1T25__961304754535.pdf,9613047545354e354c78537fa8393445c8b3753ea7a3a69770ded6357c1514b5,581350,pdf,PDF signature and EOF,,
Itau,cbe73091-58eb-420e-8210-8d5cbb4922a2,2025,1T25,Apresentação Institucional,central apresentacao institucional,central_apresentacao_institucional,https://api.mziq.com/mzfilemanager/v2/d/42787847-4cf6-4461-94a5-40ed237dca33/048c30cc-5404-67ac-6ffc-8d5f9b902c57?origin=2,https://www.itau.com.br/relacoes-com-investidores/resultados-e-relatorios/central-de-resultados/,2025-05-08T00:00:00.000Z,pt_BR,data/catalogs/20260906T193319,False,downloaded,documents/Itau/2025/1T25/Apresentacao_Institucional__d1f335b335f6.pdf,d1f335b335f6a0b1683890aa0dbd95ea715550c3e187940d1fabf783451f5145,1709756,pdf,PDF signature and EOF,,
Itau,e93db758-5ae7-422d-90aa-eda198f833c5,2025,1T25,Demonstrações contábeis completas em IFRS,central demonstracoes contabeis completas em ifrs,central_demonstracoes_contabeis_completas_em_ifrs,https://api.mziq.com/mzfilemanager/v2/d/42787847-4cf6-4461-94a5-40ed237dca33/984cae9c-30e1-e8f1-9ca1-55c45b668a0c?origin=2,https://www.itau.com.br/relacoes-com-investidores/resultados-e-relatorios/central-de-resultados/,2025-05-08T00:00:00.000Z,pt_BR,data/catalogs/20260906T193319,False,downloaded,documents/Itau/2025/1T25/Demonstracoes_contabeis_completas_em_IFRS__d0c74f605939.pdf,d0c74f605939066ed5799ac93cffaf43bbe2a7f647fcfa1d5864d17fa7eb5e60,3116943,pdf,PDF signature and EOF,,
Caixa,dc506ed8-bef3-45bc-9135-b7e1d95a5069,2025,2T25,Relatório Integrado CAIXA 2025,Relatório Integrado,relatorio-integrado,https://api.mziq.com/mzfilemanager/v2/d/fb86b0b8-b4e9-407b-a575-ba3668a566a9/f3fccd66-ad02-43fe-3f77-5161ac82ea16?origin=2,https://ri.caixa.gov.br/informacoes-financeiras/central-de-resultados/,2026-05-28T00:00:00.000Z,pt_BR,data/catalogs/20260906T193319,False,downloaded,documents/Caixa/2025/2T25/Relatorio_Integrado_CAIXA_2025__ff8fd3cb079c.pdf,ff8fd3cb079c8f522442f6d911ec55b7469fa5ff2e4931ae29a4930923d28004,67580533,pdf,PDF signature and EOF,,
Caixa,0fbef136-15a9-47f2-8669-7c46db25ebda,2025,3T25,IFRS - Demonstrações contábeis consolidadas 3T25,IFRS - Demonstrações contábeis consolidadas,central-ifrs-demonstracoes-contabeis-consolidadas,https://api.mziq.com/mzfilemanager/v2/d/fb86b0b8-b4e9-407b-a575-ba3668a566a9/4d0b738e-03e3-12f5-b97f-412c3b669335?origin=2,https://ri.caixa.gov.br/informacoes-financeiras/central-de-resultados/,2026-04-27T00:00:00.000Z,pt_BR,data/catalogs/20260906T175541,False,downloaded,documents/Caixa/2025/3T25/IFRS_-_Demonstracoes_contabeis_consolidadas_3T25__5c8c4d2a54c7.pdf,5c8c4d2a54c71780cf56587f89b97e097d9728ccec7bfdc5e322f0adf79322a2,1410280,pdf,PDF signature and EOF,not_seen_this_run,
Caixa,18a61a28-f3a0-47fd-900a-0e1757d3bcb6,2025,4T25,IFRS – Relatório da Administração 4T25,IFRS - Relatório da Administração,ifrs_relatório_adminisração,https://api.mziq.com/mzfilemanager/v2/d/fb86b0b8-b4e9-407b-a575-ba3668a566a9/f6727161-6237-5d9b-b95c-4aca961c0843?origin=2,https://ri.caixa.gov.br/informacoes-financeiras/central-de-resultados/,2026-04-27T00:00:00.000Z,pt_BR,data/catalogs/20260906T175541,False,downloaded,documents/Caixa/2025/4T25/IFRS_Relatorio_da_Administracao_4T25__caf1c11405c5.pdf,caf1c11405c59d09fe69b3a59e9d0bdfcc241ad7bc9b5f39b9c16ac9cfafa8b8,2811661,pdf,PDF signature and EOF,not_seen_this_run,
Caixa,66cdca90-3cdc-4fba-b6db-47636e14019a,2025,3T25,IFRS - Demonstrações contábeis consolidadas editáveis 3T25,IFRS - Demonstrações contábeis consolidadas editáveis,central-ifrs-demonstracoes-contabeis-consolidadas-editáveis,https://api.mziq.com/mzfilemanager/v2/d/fb86b0b8-b4e9-407b-a575-ba3668a566a9/341ef96d-af26-5ba2-7a5d-6a248223674a?origin=2,https://ri.caixa.gov.br/informacoes-financeiras/central-de-resultados/,2026-04-27T00:00:00.000Z,pt_BR,data/catalogs/20260906T175541,False,downloaded,documents/Caixa/2025/3T25/IFRS_-_Demonstracoes_contabeis_consolidadas_editaveis_3T25__b95d267b64ad.docx,b95d267b64ad41aeccdfd21b6a270fe6072099fedf3a453e18a4bd0dcfd3608b,1639211,docx,ZIP CRC verified,not_seen_this_run,
Caixa,ac2a89ef-9f76-433c-a380-9fe939a002c1,2025,4T25,IFRS - Demonstrações contábeis consolidadas editáveis 4T25,IFRS - Demonstrações contábeis consolidadas editáveis,central-ifrs-demonstracoes-contabeis-consolidadas-editáveis,https://api.mziq.com/mzfilemanager/v2/d/fb86b0b8-b4e9-407b-a575-ba3668a566a9/36a21c9e-c6fc-7949-d7d7-6ca84fec74d3?origin=2,https://ri.caixa.gov.br/informacoes-financeiras/central-de-resultados/,2026-04-27T00:00:00.000Z,pt_BR,data/catalogs/20260906T175541,False,downloaded,documents/Caixa/2025/4T25/IFRS_-_Demonstracoes_contabeis_consolidadas_editaveis_4T25__8e92f4cae20e.docx,8e92f4cae20e6c23b30b7d50481d28eadbee2727abb4807c1ae7cb814d91c5a8,1625713,docx,ZIP CRC verified,not_seen_this_run,
Caixa,b3c927aa-5698-4808-99b4-35d6476cc256,2025,3T25,IFRS – Relatório da Administração 3T25,IFRS - Relatório da Administração,ifrs_relatório_adminisração,https://api.mziq.com/mzfilemanager/v2/d/fb86b0b8-b4e9-407b-a575-ba3668a566a9/281d81a9-2954-a276-371a-9c0933cf33b9?origin=2,https://ri.caixa.gov.br/informacoes-financeiras/central-de-resultados/,2026-04-27T00:00:00.000Z,pt_BR,data/catalogs/20260906T175541,False,downloaded,documents/Caixa/2025/3T25/IFRS_Relatorio_da_Administracao_3T25__c4d91447c6ae.pdf,c4d91447c6aee85487a0d82387070554a473792ae71ee446341d9e5f66beeb85,2332417,pdf,PDF signature and EOF,not_seen_this_run,
Caixa,c3ab4c39-a6af-4d5c-949e-6ffd012ccfe9,2025,4T25,IFRS - Demonstrações contábeis consolidadas 4T25,IFRS - Demonstrações contábeis consolidadas,central-ifrs-demonstracoes-contabeis-consolidadas,https://api.mziq.com/mzfilemanager/v2/d/fb86b0b8-b4e9-407b-a575-ba3668a566a9/493a3aac-34c7-057c-f052-2b3b75d7e34b?origin=2,https://ri.caixa.gov.br/informacoes-financeiras/central-de-resultados/,2026-04-27T00:00:00.000Z,pt_BR,data/catalogs/20260906T193319,False,downloaded,documents/Caixa/2025/4T25/IFRS_-_Demonstracoes_contabeis_consolidadas_4T25__4610a57ac772.pdf,4610a57ac7720948104aa15dc2d42f77b6aadeefc1240e245aacac5f18a51beb,1956374,pdf,Recovered signature-validated content-addressed download,,
Caixa,f1b4552c-a66e-4a1c-8643-b0b96daef62f,2025,4T25,Apresentação Institucional 4T25,Apresentação Institucional ,apresentacao-institucional-central,https://api.mziq.com/mzfilemanager/v2/d/fb86b0b8-b4e9-407b-a575-ba3668a566a9/7b130807-5eb5-4e73-b682-34fa01ca88ec?origin=2,https://ri.caixa.gov.br/informacoes-financeiras/central-de-resultados/,2026-04-13T00:00:00.000Z,pt_BR,data/catalogs/20260906T193319,False,downloaded,documents/Caixa/2025/4T25/Apresentacao_Institucional_4T25__7f19a23ebbd5.pdf,7f19a23ebbd5334de89986f5524f15e377de1e5ae6f773aab8b5e0352873f730,19621622,pdf,PDF signature and EOF,,
Caixa,275056e2-2874-4fed-a9d1-a6ad5ddc0415,2025,4T25,BrGaap - Demonstrações Contábeis Editável 4T25,BrGaap - Demonstrações Contábeis editável,central-brgaap-demonstracoes-contabeis-editavel,https://api.mziq.com/mzfilemanager/v2/d/fb86b0b8-b4e9-407b-a575-ba3668a566a9/518248af-96a7-5ba2-8624-51b751f6f4fc?origin=2,https://ri.caixa.gov.br/informacoes-financeiras/central-de-resultados/,2026-03-05T00:00:00.000Z,pt_BR,data/catalogs/20260906T193319,False,downloaded,documents/Caixa/2025/4T25/BrGaap_-_Demonstracoes_Contabeis_Editavel_4T25__2576263f1f73.docx,2576263f1f7305668936bdd400b651af46a35d237b69a922157065c5c14d3b9f,3627233,docx,Recovered signature-validated content-addressed download,,
Caixa,3ed90223-a986-4dfb-9c8d-b04a6ef27d8a,2025,4T25,Apresentação de Resultados 4T25 ,Apresentação de Resultados,central-apresentacao-de-resultados,https://api.mziq.com/mzfilemanager/v2/d/fb86b0b8-b4e9-407b-a575-ba3668a566a9/c57714a2-5144-8970-f7fe-1764a9d02d6c?origin=2,https://ri.caixa.gov.br/informacoes-financeiras/central-de-resultados/,2026-03-05T00:00:00.000Z,pt_BR,data/catalogs/20260906T193319,False,downloaded,documents/Caixa/2025/4T25/Apresentacao_de_Resultados_4T25__121b1fddb487.pdf,121b1fddb4874aa5de8437d4061097b45407a3a1f56e17f27cd2cf2a14cf678e,21572106,pdf,PDF signature and EOF,,
Caixa,4fe90224-f950-4036-9ec5-9470bfde2812,2025,4T25,Relatório da Administração 4T25,Relatório da Administração,central-relatorio-da-administracao,https://api.mziq.com/mzfilemanager/v2/d/fb86b0b8-b4e9-407b-a575-ba3668a566a9/7be8e8f3-17c4-9385-9459-53300db9893c?origin=2,https://ri.caixa.gov.br/informacoes-financeiras/central-de-resultados/,2026-03-04T00:00:00.000Z,pt_BR,data/catalogs/20260906T193319,False,downloaded,documents/Caixa/2025/4T25/Relatorio_da_Administracao_4T25__ae02101afd1c.pdf,ae02101afd1c897e7d5e26f7bf723dc21eaf5393d1f5e8928c0125547e8da667,2796810,pdf,Recovered signature-validated content-addressed download,,
Caixa,a3f193af-37c7-4ed5-b9af-0c349c9d02f7,2025,4T25,BrGaap - Demonstrações Contábeis 4T25,BrGaap - Demonstrações Contábeis,central-brgaap-demonstracoes-contabeis,https://api.mziq.com/mzfilemanager/v2/d/fb86b0b8-b4e9-407b-a575-ba3668a566a9/bce1f8c1-c985-98a4-a522-beff5d2833db?origin=2,https://ri.caixa.gov.br/informacoes-financeiras/central-de-resultados/,2026-03-04T00:00:00.000Z,pt_BR,data/catalogs/20260906T193319,False,downloaded,documents/Caixa/2025/4T25/BrGaap_-_Demonstracoes_Contabeis_4T25__14b0fbadb1d5.pdf,14b0fbadb1d5dda316e009c8aec977e8c398531e8afc1a318c9137e833bf4c9b,2848098,pdf,Recovered signature-validated content-addressed download,,
Caixa,dfe523b6-5e51-428a-b8c6-d78a9ca70752,2025,4T25,Relatório de Análise de Desempenho 4T25,Relatório de Análise de Desempenho,central-relatorio-de-analise-de-desempenho,https://api.mziq.com/mzfilemanager/v2/d/fb86b0b8-b4e9-407b-a575-ba3668a566a9/461b3724-a628-ebc8-7e75-906ad1d1f74f?origin=2,https://ri.caixa.gov.br/informacoes-financeiras/central-de-resultados/,2026-03-04T00:00:00.000Z,pt_BR,data/catalogs/20260906T193319,False,downloaded,documents/Caixa/2025/4T25/Relatorio_de_Analise_de_Desempenho_4T25__e299068feb40.pdf,e299068feb404b82e0f7cfb5b826263767212449860b1178050a384f146537b3,989613,pdf,Recovered signature-validated content-addressed download,,
Caixa,be6c05d5-6f6a-45ce-a0c2-2dc2430e10cf,2025,3T25,Apresentação Institucional 3T25,Apresentação Institucional ,apresentacao-institucional-central,https://api.mziq.com/mzfilemanager/v2/d/fb86b0b8-b4e9-407b-a575-ba3668a566a9/fa0ea389-b21f-8054-c8a2-a3d531103da9?origin=2,https://ri.caixa.gov.br/informacoes-financeiras/central-de-resultados/,2026-01-13T00:00:00.000Z,pt_BR,data/catalogs/20260906T193319,False,downloaded,documents/Caixa/2025/3T25/Apresentacao_Institucional_3T25__69d674ca523d.pdf,69d674ca523dbfd3f19cf7b7ee1fd09d60dfdae42e62097aaab1cbe877872b1f,26376053,pdf,PDF signature and EOF,,
Caixa,3d55c318-7393-4700-b24a-45e063ab6434,2025,2T25,IFRS - Demonstrações contábeis consolidadas 2T25,IFRS - Demonstrações contábeis consolidadas,central-ifrs-demonstracoes-contabeis-consolidadas,https://api.mziq.com/mzfilemanager/v2/d/fb86b0b8-b4e9-407b-a575-ba3668a566a9/7eb6cc39-a822-ee28-8df0-121254dbb985?origin=2,https://ri.caixa.gov.br/informacoes-financeiras/central-de-resultados/,2025-12-30T00:00:00.000Z,pt_BR,data/catalogs/20260906T193319,False,downloaded,documents/Caixa/2025/2T25/IFRS_-_Demonstracoes_contabeis_consolidadas_2T25__540e2be76f63.pdf,540e2be76f6387b21a257fd5aafd68d3667da457770b80c38e256de3eb0b4e55,4401784,pdf,PDF signature and EOF,,
Caixa,95f32dc7-2147-4118-8dea-27f7d1e22051,2025,2T25,IFRS – Relatório da Administração 2T25,IFRS - Relatório da Administração,ifrs_relatório_adminisração,https://api.mziq.com/mzfilemanager/v2/d/fb86b0b8-b4e9-407b-a575-ba3668a566a9/4eec8e5e-1a66-2a27-2278-1f12ac81c885?origin=2,https://ri.caixa.gov.br/informacoes-financeiras/central-de-resultados/,2025-12-30T00:00:00.000Z,pt_BR,data/catalogs/20260906T193319,False,downloaded,documents/Caixa/2025/2T25/IFRS_Relatorio_da_Administracao_2T25__5d911e146d21.pdf,5d911e146d2189235fba1048950f4871cef0b21d8fade0f789abe5ef8cacea28,2585527,pdf,PDF signature and EOF,,
Caixa,ecc866bf-647a-483e-9530-3a14ab67d184,2025,2T25,IFRS - Demonstrações contábeis consolidadas editáveis 2T25,IFRS - Demonstrações contábeis consolidadas editáveis,central-ifrs-demonstracoes-contabeis-consolidadas-editáveis,https://mz-filemanager.s3.us-east-1.amazonaws.com/33817f28-e2e7-40d0-892a-09ddba2e44d6/162a708a-f25b-4cd4-a95c-411faaaae6a6_IFRS-Demonstrs_conbeis_consolidadas_editveis2T25.docx,https://ri.caixa.gov.br/informacoes-financeiras/central-de-resultados/,2025-12-30T00:00:00.000Z,pt_BR,data/catalogs/20260906T193319,False,downloaded,documents/Caixa/2025/2T25/IFRS_-_Demonstracoes_contabeis_consolidadas_editaveis_2T25__8723b6fa7cd3.docx,8723b6fa7cd339685e26a7e795a579d7d0d05bdcb2876572b9f8179919300121,1567034,docx,ZIP CRC verified,,
Caixa,145f601c-f847-468d-95f0-faa4af1f2fec,2025,3T25,BrGaap - Demonstrações Contábeis 3T25,BrGaap - Demonstrações Contábeis,central-brgaap-demonstracoes-contabeis,https://api.mziq.com/mzfilemanager/v2/d/fb86b0b8-b4e9-407b-a575-ba3668a566a9/cc204250-7b49-0702-a90e-6bc68cd18c22?origin=2,https://ri.caixa.gov.br/informacoes-financeiras/central-de-resultados/,2025-11-27T00:00:00.000Z,pt_BR,data/catalogs/20260906T193319,False,downloaded,documents/Caixa/2025/3T25/BrGaap_-_Demonstracoes_Contabeis_3T25__069c9b263b1b.pdf,069c9b263b1bfa20b62bfda1c871fb54d222487661de1e886b714ec55acd7b6a,2029281,pdf,PDF signature and EOF,,
Caixa,90bb3fcc-ad6c-486b-97c4-37b9ee461469,2025,3T25,Relatório de Análise de Desempenho 3T25,Relatório de Análise de Desempenho,central-relatorio-de-analise-de-desempenho,https://api.mziq.com/mzfilemanager/v2/d/fb86b0b8-b4e9-407b-a575-ba3668a566a9/2d31c2de-5b7f-5d0d-577a-13d13670b001?origin=2,https://ri.caixa.gov.br/informacoes-financeiras/central-de-resultados/,2025-11-27T00:00:00.000Z,pt_BR,data/catalogs/20260906T193319,False,downloaded,documents/Caixa/2025/3T25/Relatorio_de_Analise_de_Desempenho_3T25__02a72dd0faaa.pdf,02a72dd0faaabb14df3219503188fb2c61659906a7ea5520436d94d0675825ce,992601,pdf,PDF signature and EOF,,
Caixa,d130409a-fae5-4206-abc2-bb8d428a9953,2025,3T25,Apresentação de Resultados 3T25,Apresentação de Resultados,central-apresentacao-de-resultados,https://api.mziq.com/mzfilemanager/v2/d/fb86b0b8-b4e9-407b-a575-ba3668a566a9/8dc61a13-a362-76a8-881c-a525c5cfe4af?origin=2,https://ri.caixa.gov.br/informacoes-financeiras/central-de-resultados/,2025-11-27T00:00:00.000Z,pt_BR,data/catalogs/20260906T193319,False,downloaded,documents/Caixa/2025/3T25/Apresentacao_de_Resultados_3T25__723d7b26153a.pdf,723d7b26153a03dc5cb23e7c2f39b105a9132d57306d10570060093fd6f3eaa8,19349799,pdf,PDF signature and EOF,,
Caixa,74b31a75-3df9-4a24-b43c-0896fd2c99d8,2025,3T25,BrGaap - Demonstrações Contábeis Editável 3T25,BrGaap - Demonstrações Contábeis editável,central-brgaap-demonstracoes-contabeis-editavel,https://api.mziq.com/mzfilemanager/v2/d/fb86b0b8-b4e9-407b-a575-ba3668a566a9/fad0dbc5-97ac-3b23-c765-7be4002c5053?origin=2,https://ri.caixa.gov.br/informacoes-financeiras/central-de-resultados/,2025-11-26T00:00:00.000Z,pt_BR,data/catalogs/20260906T193319,False,downloaded,documents/Caixa/2025/3T25/BrGaap_-_Demonstracoes_Contabeis_Editavel_3T25__0e33a7ce5d58.docx,0e33a7ce5d58111188d50488c7860a4066f663684b187faf6de4ed20a6f31a32,3042175,docx,ZIP CRC verified,,
Caixa,da7d8820-1155-4c9b-a5ec-c58e294cc0a2,2025,3T25,Relatório da Administração 3T25,Relatório da Administração,central-relatorio-da-administracao,https://api.mziq.com/mzfilemanager/v2/d/fb86b0b8-b4e9-407b-a575-ba3668a566a9/955b35cf-cead-0152-47fa-0baa7b2e2f93?origin=2,https://ri.caixa.gov.br/informacoes-financeiras/central-de-resultados/,2025-11-26T00:00:00.000Z,pt_BR,data/catalogs/20260906T193319,False,downloaded,documents/Caixa/2025/3T25/Relatorio_da_Administracao_3T25__a74cdf42c295.pdf,a74cdf42c295e2027f37ae39b0f61046b236d5e3ea6d8dd6a8faf41895c5318b,2629833,pdf,PDF signature and EOF,,
Caixa,3cd00e78-9bfa-4bf8-9e7e-948a7e2ec85c,2025,1T25,IFRS – Relatório da Administração 1T25,IFRS - Relatório da Administração,ifrs_relatório_adminisração,https://api.mziq.com/mzfilemanager/v2/d/fb86b0b8-b4e9-407b-a575-ba3668a566a9/7d131423-ad78-b1ca-a77d-c73ac730e511?origin=2,https://ri.caixa.gov.br/informacoes-financeiras/central-de-resultados/,2025-10-03T00:00:00.000Z,pt_BR,data/catalogs/20260906T193319,False,downloaded,documents/Caixa/2025/1T25/IFRS_Relatorio_da_Administracao_1T25__1a0f5eb6fe09.pdf,1a0f5eb6fe09f23d85738edfb9b99f68070caab8e09aa722c7f25ae9ee5e69dd,2144187,pdf,PDF signature and EOF,,
Caixa,b790e130-819b-4fea-9cfd-0eb48b919e7f,2025,1T25,IFRS - Demonstrações contábeis consolidadas editáveis 1T25,IFRS - Demonstrações contábeis consolidadas editáveis,central-ifrs-demonstracoes-contabeis-consolidadas-editáveis,https://api.mziq.com/mzfilemanager/v2/d/fb86b0b8-b4e9-407b-a575-ba3668a566a9/7cdf52a9-6255-245d-decf-09a6edac7442?origin=2,https://ri.caixa.gov.br/informacoes-financeiras/central-de-resultados/,2025-10-03T00:00:00.000Z,pt_BR,data/catalogs/20260906T193319,False,downloaded,documents/Caixa/2025/1T25/IFRS_-_Demonstracoes_contabeis_consolidadas_editaveis_1T25__b35e96ceba9c.docx,b35e96ceba9c8b31cda74e14bbf10f6dfa32f0fa920985f451d27817a611888d,2648471,docx,ZIP CRC verified,,
Caixa,fc7f2b26-8093-4702-883a-503b557a30e2,2025,1T25,IFRS - Demonstrações contábeis consolidadas 1T25,IFRS - Demonstrações contábeis consolidadas,central-ifrs-demonstracoes-contabeis-consolidadas,https://api.mziq.com/mzfilemanager/v2/d/fb86b0b8-b4e9-407b-a575-ba3668a566a9/78fbdbc9-dca2-a0ec-010b-1b22b3895b79?origin=2,https://ri.caixa.gov.br/informacoes-financeiras/central-de-resultados/,2025-10-03T00:00:00.000Z,pt_BR,data/catalogs/20260906T193319,False,downloaded,documents/Caixa/2025/1T25/IFRS_-_Demonstracoes_contabeis_consolidadas_1T25__4a74699a34e2.pdf,4a74699a34e237769ce1a25ddf4e720d32c7e3a8e0e65cebab94fddd0bcd7e36,2738315,pdf,PDF signature and EOF,,
Caixa,b91cfe33-5887-4171-ae5d-cb66baae114e,2025,2T25,Apresentação de Resultados 2T25,Apresentação de Resultados,central-apresentacao-de-resultados,https://api.mziq.com/mzfilemanager/v2/d/fb86b0b8-b4e9-407b-a575-ba3668a566a9/58479296-a6a8-defd-0b23-c1be0ef527ed?origin=2,https://ri.caixa.gov.br/informacoes-financeiras/central-de-resultados/,2025-09-18T00:00:00.000Z,pt_BR,data/catalogs/20260906T193319,False,downloaded,documents/Caixa/2025/2T25/Apresentacao_de_Resultados_2T25__4ca78068e6cf.pdf,4ca78068e6cf0871b0b6d450dd96ebcaad12d0c4fa14a4c55288519ba7d52043,20901794,pdf,PDF signature and EOF,,
Caixa,0009b93c-a70a-4523-aa5c-07005a6db27b,2025,2T25,Relatório de Análise de Desempenho 2T25,Relatório de Análise de Desempenho,central-relatorio-de-analise-de-desempenho,https://api.mziq.com/mzfilemanager/v2/d/fb86b0b8-b4e9-407b-a575-ba3668a566a9/01c7a879-8b9c-0669-96e2-c3110829559c?origin=2,https://ri.caixa.gov.br/informacoes-financeiras/central-de-resultados/,2025-09-17T00:00:00.000Z,pt_BR,data/catalogs/20260906T193319,False,downloaded,documents/Caixa/2025/2T25/Relatorio_de_Analise_de_Desempenho_2T25__c81299e56925.pdf,c81299e56925997c89f32dcf9e8fb3ccdc2a3e20b5f5a9c7f42e46a112d1ed6b,2352610,pdf,PDF signature and EOF,,
Caixa,0e481717-4b9a-4a93-b21d-975a33a9972e,2025,2T25,Relatório da Administração 2T25,Relatório da Administração,central-relatorio-da-administracao,https://api.mziq.com/mzfilemanager/v2/d/fb86b0b8-b4e9-407b-a575-ba3668a566a9/9282fa9e-722f-fcb9-6606-b255f20c9d13?origin=2,https://ri.caixa.gov.br/informacoes-financeiras/central-de-resultados/,2025-09-17T00:00:00.000Z,pt_BR,data/catalogs/20260906T193319,False,downloaded,documents/Caixa/2025/2T25/Relatorio_da_Administracao_2T25__c1916a18638d.pdf,c1916a18638d4acf6efaacf5a6c313022c11a697cc34e0119b29c7ab6c58a2b7,2852581,pdf,PDF signature and EOF,,
Caixa,491f64c0-2b3e-4273-a382-d33578a66bdf,2025,2T25,BrGaap - Demonstrações Contábeis Editável 2T25,BrGaap - Demonstrações Contábeis editável,central-brgaap-demonstracoes-contabeis-editavel,https://api.mziq.com/mzfilemanager/v2/d/fb86b0b8-b4e9-407b-a575-ba3668a566a9/4a76a50e-ffcc-777c-debb-0baeec3d1fca?origin=2,https://ri.caixa.gov.br/informacoes-financeiras/central-de-resultados/,2025-09-17T00:00:00.000Z,pt_BR,data/catalogs/20260906T193319,False,downloaded,documents/Caixa/2025/2T25/BrGaap_-_Demonstracoes_Contabeis_Editavel_2T25__d6112fb2f5ed.docx,d6112fb2f5ed6885784c5608a91766ce98ca729d98e4f54fb02e6dedcdfa0dca,2490757,docx,ZIP CRC verified,,
Caixa,ba963e2b-c2f9-425a-9c29-eb04e245e4ea,2025,2T25,BrGaap - Demonstrações Contábeis 2T25,BrGaap - Demonstrações Contábeis,central-brgaap-demonstracoes-contabeis,https://api.mziq.com/mzfilemanager/v2/d/fb86b0b8-b4e9-407b-a575-ba3668a566a9/b2c3de23-f333-97a8-dc0a-edd7fa863c09?origin=2,https://ri.caixa.gov.br/informacoes-financeiras/central-de-resultados/,2025-09-17T00:00:00.000Z,pt_BR,data/catalogs/20260906T193319,False,downloaded,documents/Caixa/2025/2T25/BrGaap_-_Demonstracoes_Contabeis_2T25__b745964cbe18.pdf,b745964cbe184dbd2f07ff5f9d401d34ebde01f75174db8e12dd1bf86132ff78,2432179,pdf,PDF signature and EOF,,
Caixa,de96a1e5-8fb6-4553-8d93-e5ae3b2952de,2025,1T25,Apresentação de Resultados 1T25,Apresentação de Resultados,central-apresentacao-de-resultados,https://api.mziq.com/mzfilemanager/v2/d/fb86b0b8-b4e9-407b-a575-ba3668a566a9/ed72b8ee-ec71-c64d-f029-08d5472a1b6b?origin=2,https://ri.caixa.gov.br/informacoes-financeiras/central-de-resultados/,2025-06-05T00:00:00.000Z,pt_BR,data/catalogs/20260906T193319,False,downloaded,documents/Caixa/2025/1T25/Apresentacao_de_Resultados_1T25__a68849bfeb84.pdf,a68849bfeb8453a33d68a648e9d6bb8a5797a917d36086eb782b71ac884020cb,20582626,pdf,PDF signature and EOF,,
Caixa,748f1371-77b1-4dab-bba1-5a1b0eb92c6b,2025,1T25,BrGaap - Demonstrações Contábeis 1T25,BrGaap - Demonstrações Contábeis,central-brgaap-demonstracoes-contabeis,https://api.mziq.com/mzfilemanager/v2/d/fb86b0b8-b4e9-407b-a575-ba3668a566a9/cc40dae7-7cfa-dc1e-08fc-de44d9abad5c?origin=2,https://ri.caixa.gov.br/informacoes-financeiras/central-de-resultados/,2025-06-04T00:00:00.000Z,pt_BR,data/catalogs/20260906T193319,False,downloaded,documents/Caixa/2025/1T25/BrGaap_-_Demonstracoes_Contabeis_1T25__0867bd57b5b7.pdf,0867bd57b5b7aee2f6115e5237913d5f8082ba4aea187a87989b62790cf28649,1719874,pdf,PDF signature and EOF,,
Caixa,b29d010c-e9b5-4d1c-9074-1a2ea4db7030,2025,1T25,Relatório de Análise de Desempenho 1T25,Relatório de Análise de Desempenho,central-relatorio-de-analise-de-desempenho,https://api.mziq.com/mzfilemanager/v2/d/fb86b0b8-b4e9-407b-a575-ba3668a566a9/ce3b0a74-f226-b991-b878-a58169a87f82?origin=2,https://ri.caixa.gov.br/informacoes-financeiras/central-de-resultados/,2025-06-04T00:00:00.000Z,pt_BR,data/catalogs/20260906T193319,False,downloaded,documents/Caixa/2025/1T25/Relatorio_de_Analise_de_Desempenho_1T25__aec514a18d9a.pdf,aec514a18d9a69abe95b00c8c646a1a4f36b2dad381c8b074af314c5c9347636,756641,pdf,PDF signature and EOF,,
Caixa,d43bb613-365f-4b51-ae59-dd3c66dc3c1c,2025,1T25,Relatório da Administração 1T25,Relatório da Administração,central-relatorio-da-administracao,https://api.mziq.com/mzfilemanager/v2/d/fb86b0b8-b4e9-407b-a575-ba3668a566a9/f73c8704-b9d7-2d3e-a413-83fc3499253d?origin=2,https://ri.caixa.gov.br/informacoes-financeiras/central-de-resultados/,2025-06-04T00:00:00.000Z,pt_BR,data/catalogs/20260906T193319,False,downloaded,documents/Caixa/2025/1T25/Relatorio_da_Administracao_1T25__8f326e2dc4d0.pdf,8f326e2dc4d09b86a9500be67e9a32503eacc5380dd0eeb365a3f357281da09a,2987542,pdf,PDF signature and EOF,,
Caixa,e7dc4144-840f-4152-9ebf-7b2a4461c43f,2025,1T25,BrGaap - Demonstrações Contábeis Editável 1T25,BrGaap - Demonstrações Contábeis editável,central-brgaap-demonstracoes-contabeis-editavel,https://api.mziq.com/mzfilemanager/v2/d/fb86b0b8-b4e9-407b-a575-ba3668a566a9/9b117697-033e-1980-a24f-bc755a48c573?origin=2,https://ri.caixa.gov.br/informacoes-financeiras/central-de-resultados/,2025-06-04T00:00:00.000Z,pt_BR,data/catalogs/20260906T193319,False,downloaded,documents/Caixa/2025/1T25/BrGaap_-_Demonstracoes_Contabeis_Editavel_1T25__a687a14d422a.docx,a687a14d422aeec87170571d3bf991e84882b5680d0e1accd090c1a92fc707e2,2351524,docx,ZIP CRC verified,,
Itau,f91157a1-43d3-466b-8e4d-ac0bdb803d6f,2024,4T24,Gerenciamento de riscos e capital - Pilar 3 - 4T24,central gerenciamento de riscos e capital pilar 3,central_gerenciamento_de_riscos_e_capital_pilar_3,https://api.mziq.com/mzfilemanager/v2/d/42787847-4cf6-4461-94a5-40ed237dca33/ed470ec5-1ef9-6490-a20f-ae0e4607fc6c?origin=2,https://www.itau.com.br/relacoes-com-investidores/resultados-e-relatorios/central-de-resultados/,2025-03-31T00:00:00.000Z,pt_BR,data/catalogs/20260906T182455,False,downloaded,documents/Itau/2024/4T24/Gerenciamento_de_riscos_e_capital_-_Pilar_3_-_4T24__faa43efd33dc.pdf,faa43efd33dc7095d009ede93bb143c053de7047e34bb6d6476e78097a5c2624,4140495,pdf,PDF signature and EOF,,
Itau,606a7265-b1cb-4216-aeac-ac7aff49a8ae,2024,4T24,Informativo - Ações Itaú em Foco ,central informativo acoes itau em foco,central_informativo_acoes_itau_em_foco,https://api.mziq.com/mzfilemanager/v2/d/42787847-4cf6-4461-94a5-40ed237dca33/7dc16db5-79b7-c83b-a95b-bb1f448f8bc2?origin=2,https://www.itau.com.br/relacoes-com-investidores/resultados-e-relatorios/central-de-resultados/,2025-02-19T00:00:00.000Z,pt_BR,data/catalogs/20260906T182455,False,downloaded,documents/Itau/2024/4T24/Informativo_-_Acoes_Itau_em_Foco__315ea9600965.pdf,315ea96009655e75ee4bf928c61fabd6279605ef80f0c379f6033482d3dc1a74,170288,pdf,PDF signature and EOF,,
Itau,77018b8b-cd7d-4cff-bdfc-c5e329b5eccd,2024,4T24,Transcrição do áudio 4T24,central transcricao do audio,central_transcricao_do_audio,https://api.mziq.com/mzfilemanager/v2/d/42787847-4cf6-4461-94a5-40ed237dca33/6a53d278-a177-09d6-c0c8-943a62561eac?origin=2,https://www.itau.com.br/relacoes-com-investidores/resultados-e-relatorios/central-de-resultados/,2025-02-07T00:00:00.000Z,pt_BR,data/catalogs/20260906T193319,False,downloaded,documents/Itau/2024/4T24/Transcricao_do_audio_4T24__5d88c63726f1.pdf,5d88c63726f1d82cc188f559bb75d29a34e188fa18f8b97ab020e29ee1f12d85,281117,pdf,Recovered signature-validated content-addressed download,,
Itau,5df766b1-b5f0-4800-8826-d858e51bfa01,2024,4T24,vídeo 4T24,central video,central_video,https://api.mziq.com/mzfilemanager/v2/d/42787847-4cf6-4461-94a5-40ed237dca33/c5a99296-a885-bd18-2e63-9f136f73fffe?origin=2,https://www.itau.com.br/relacoes-com-investidores/resultados-e-relatorios/central-de-resultados/,2025-02-06T00:00:00.000Z,pt_BR,data/catalogs/20260906T182455,True,external_link,documents/Itau/2024/4T24/video_4T24__5df766b1.url,,,,Official catalog link; streaming/page not archived,,
Itau,36be0ab5-82d9-4365-bc60-a47e0526269e,2024,4T24,Análise gerencial da operação e demonstrações contábeis completas em BRGAAP,central analise gerencial da operacao,central_analise_gerencial_da_operacao,https://api.mziq.com/mzfilemanager/v2/d/42787847-4cf6-4461-94a5-40ed237dca33/f330718c-87e8-ad3a-3c7d-b8d014db95cf?origin=2,https://www.itau.com.br/relacoes-com-investidores/resultados-e-relatorios/central-de-resultados/,2025-02-05T00:00:00.000Z,pt_BR,data/catalogs/20260906T182455,False,downloaded,documents/Itau/2024/4T24/Analise_gerencial_da_operacao_e_demonstracoes_contabeis_completas_em_BRGAAP__6a574843da4e.pdf,6a574843da4e02741ab11c730850fb5bb87b84bbc15c20ed01974d7db3ef55e3,9387631,pdf,PDF signature and EOF,,
Itau,72f837ab-4c7e-4a36-a33a-25cb2e9149fb,2024,4T24,Apresentação de Resultados - 4T24,central apresentacao,central_apresentacao,https://api.mziq.com/mzfilemanager/v2/d/42787847-4cf6-4461-94a5-40ed237dca33/1182c2ec-ea05-7a1c-bd2d-f1f392285245?origin=2,https://www.itau.com.br/relacoes-com-investidores/resultados-e-relatorios/central-de-resultados/,2025-02-05T00:00:00.000Z,pt_BR,data/catalogs/20260906T182455,False,downloaded,documents/Itau/2024/4T24/Apresentacao_de_Resultados_-_4T24__832bec72d242.pdf,832bec72d242243c7847e78111bc49a7865a2c7384a14212e43dc6ae9f89037d,1215191,pdf,PDF signature and EOF,,
Itau,d6f4ce9d-9d93-4438-a98a-459bf0f48371,2024,4T24,Demonstrações contábeis completas em IFRS,central demonstracoes contabeis completas em ifrs,central_demonstracoes_contabeis_completas_em_ifrs,https://api.mziq.com/mzfilemanager/v2/d/42787847-4cf6-4461-94a5-40ed237dca33/3be7ac0a-899e-8dee-0ca0-35bd825116b6?origin=2,https://www.itau.com.br/relacoes-com-investidores/resultados-e-relatorios/central-de-resultados/,2025-02-05T00:00:00.000Z,pt_BR,data/catalogs/20260906T182455,False,downloaded,documents/Itau/2024/4T24/Demonstracoes_contabeis_completas_em_IFRS__329c3be86a0b.pdf,329c3be86a0b1781edda60b3c87cbd4602e445111d05f018caefa022469c914c,3601481,pdf,PDF signature and EOF,,
Itau,da4a5f06-3768-461d-981c-a17483f23e5a,2024,4T24,Apresentação Institucional,central apresentacao institucional,central_apresentacao_institucional,https://api.mziq.com/mzfilemanager/v2/d/42787847-4cf6-4461-94a5-40ed237dca33/e80da43f-c4a7-be01-811c-890e516ce293?origin=2,https://www.itau.com.br/relacoes-com-investidores/resultados-e-relatorios/central-de-resultados/,2025-02-05T00:00:00.000Z,pt_BR,data/catalogs/20260906T182455,False,downloaded,documents/Itau/2024/4T24/Apresentacao_Institucional__651453c52e7f.pdf,651453c52e7fb9208c4e5d5d40c96c748c88559805196d86f3d19d0edcf3a4c5,1518386,pdf,PDF signature and EOF,,
Itau,737aba94-53c1-4356-92c9-400821cdc616,2024,3T24,vídeo 3T24,central video,central_video,https://api.mziq.com/mzfilemanager/v2/d/42787847-4cf6-4461-94a5-40ed237dca33/56156952-f375-820d-8851-30b031d253d5?origin=2,https://www.itau.com.br/relacoes-com-investidores/resultados-e-relatorios/central-de-resultados/,2024-11-18T00:00:00.000Z,pt_BR,data/catalogs/20260906T182455,True,external_link,documents/Itau/2024/3T24/video_3T24__737aba94.url,,,,Official catalog link; streaming/page not archived,,
Itau,a75a43d0-1724-4637-b573-341a8e9bfa5b,2024,3T24,informativo - ações Itaú em foco ,central informativo acoes itau em foco,central_informativo_acoes_itau_em_foco,https://api.mziq.com/mzfilemanager/v2/d/42787847-4cf6-4461-94a5-40ed237dca33/10df6ef0-bea2-17f3-2342-e5d1b1109aaa?origin=2,https://www.itau.com.br/relacoes-com-investidores/resultados-e-relatorios/central-de-resultados/,2024-11-13T00:00:00.000Z,pt_BR,data/catalogs/20260906T182455,False,downloaded,documents/Itau/2024/3T24/informativo_-_acoes_Itau_em_foco__887cf9a23385.pdf,887cf9a2338563228a25534da8233936de6f97a8e0c7df99e49d5da86a464d44,702982,pdf,PDF signature and EOF,,
Itau,2872faca-56e6-4f08-a91e-25c52000de71,2024,3T24,Transcrição do áudio 3T24,central transcricao do audio,central_transcricao_do_audio,https://api.mziq.com/mzfilemanager/v2/d/42787847-4cf6-4461-94a5-40ed237dca33/48aea717-315a-76c7-3c48-6712ae08d0de?origin=2,https://www.itau.com.br/relacoes-com-investidores/resultados-e-relatorios/central-de-resultados/,2024-11-05T00:00:00.000Z,pt_BR,data/catalogs/20260906T193319,False,downloaded,documents/Itau/2024/3T24/Transcricao_do_audio_3T24__6d25f96fef7a.pdf,6d25f96fef7ab407460e75c4264014b2ac6ce05177c1e6dd45c8cc1ce4697cef,316230,pdf,Recovered signature-validated content-addressed download,,
Itau,65af5dbe-c0fd-4237-ba28-3033158f5845,2024,3T24,Apresentação de Resultados - 3T24,central apresentacao,central_apresentacao,https://api.mziq.com/mzfilemanager/v2/d/42787847-4cf6-4461-94a5-40ed237dca33/ff5020a3-e647-023d-6239-fe32c78bcb63?origin=2,https://www.itau.com.br/relacoes-com-investidores/resultados-e-relatorios/central-de-resultados/,2024-11-05T00:00:00.000Z,pt_BR,data/catalogs/20260906T182455,False,downloaded,documents/Itau/2024/3T24/Apresentacao_de_Resultados_-_3T24__735c474c72b5.pdf,735c474c72b5f8c0618a9023df279418dc1c1dfb2cb23dbced7ec53df1161689,993816,pdf,PDF signature and EOF,,
Itau,977ee272-054d-4453-bfb6-3cf1e539ce42,2024,3T24,apresentação institucional,central apresentacao institucional,central_apresentacao_institucional,https://api.mziq.com/mzfilemanager/v2/d/42787847-4cf6-4461-94a5-40ed237dca33/94447a9d-a289-4deb-e6dc-52cdf3b00543?origin=2,https://www.itau.com.br/relacoes-com-investidores/resultados-e-relatorios/central-de-resultados/,2024-11-05T00:00:00.000Z,pt_BR,data/catalogs/20260906T182455,False,downloaded,documents/Itau/2024/3T24/apresentacao_institucional__eef6f57fd62d.pdf,eef6f57fd62d85536b8e914253ddaed223a903732168474dd49ea03696116ecd,1559158,pdf,PDF signature and EOF,,
Itau,d2469f96-5faa-402b-adc0-def36f915293,2024,3T24,demonstrações contábeis completas em IFRS,central demonstracoes contabeis completas em ifrs,central_demonstracoes_contabeis_completas_em_ifrs,https://api.mziq.com/mzfilemanager/v2/d/42787847-4cf6-4461-94a5-40ed237dca33/2548e448-18e2-e55a-a6bd-bc51b227890c?origin=2,https://www.itau.com.br/relacoes-com-investidores/resultados-e-relatorios/central-de-resultados/,2024-11-04T00:00:00.000Z,pt_BR,data/catalogs/20260906T182455,False,downloaded,documents/Itau/2024/3T24/demonstracoes_contabeis_completas_em_IFRS__c87fc64c72dd.pdf,c87fc64c72ddbbbf0c0d99331cd4bffae3b7e7d35745d6a156a50982ead80016,2771940,pdf,PDF signature and EOF,,
Itau,e83812d5-0f1e-4e74-8873-a030dc90d989,2024,3T24,gerenciamento de riscos e capital - pilar 3 - 3T24,central gerenciamento de riscos e capital pilar 3,central_gerenciamento_de_riscos_e_capital_pilar_3,https://api.mziq.com/mzfilemanager/v2/d/42787847-4cf6-4461-94a5-40ed237dca33/64b0a940-d18f-3ea4-d5f2-8adf95691039?origin=2,https://www.itau.com.br/relacoes-com-investidores/resultados-e-relatorios/central-de-resultados/,2024-11-04T00:00:00.000Z,pt_BR,data/catalogs/20260906T182455,False,downloaded,documents/Itau/2024/3T24/gerenciamento_de_riscos_e_capital_-_pilar_3_-_3T24__d9c9d0842168.pdf,d9c9d0842168269b8e6edc67c4f8d3e389003b297bcf454a7f0076c6a588cd01,1762457,pdf,PDF signature and EOF,,
Itau,cc5e8460-f96e-4c8f-94e2-83a4b08c5aad,2024,3T24,análise gerencial da operação e demonstrações contábeis completas em BRGAAP,central analise gerencial da operacao,central_analise_gerencial_da_operacao,https://api.mziq.com/mzfilemanager/v2/d/42787847-4cf6-4461-94a5-40ed237dca33/96089672-5277-fbaf-7e4e-0c0ba154a58d?origin=2,https://www.itau.com.br/relacoes-com-investidores/resultados-e-relatorios/central-de-resultados/,2024-11-04T00:00:00.000Z,pt_BR,data/catalogs/20260906T182455,False,downloaded,documents/Itau/2024/3T24/analise_gerencial_da_operacao_e_demonstracoes_contabeis_completas_em_BRGAAP__42e58eb177b7.pdf,42e58eb177b74a7c085383091c38fc9819c48308d799e0d643e850ba719fda2a,6359885,pdf,PDF signature and EOF,,
Itau,dde88866-be22-4804-be72-116b6b685c59,2024,2T24,informativo - ações Itaú em foco ,central informativo acoes itau em foco,central_informativo_acoes_itau_em_foco,https://api.mziq.com/mzfilemanager/v2/d/42787847-4cf6-4461-94a5-40ed237dca33/9e68120e-20bf-9a8e-99c5-05c4e053f29a?origin=2,https://www.itau.com.br/relacoes-com-investidores/resultados-e-relatorios/central-de-resultados/,2024-08-14T00:00:00.000Z,pt_BR,data/catalogs/20260906T182455,False,downloaded,documents/Itau/2024/2T24/informativo_-_acoes_Itau_em_foco__7febe2c2e7e6.pdf,7febe2c2e7e624615587c355a1c2e340b44b9feb275f376e4b0c01f6a07b27cc,851355,pdf,PDF signature and EOF,,
Itau,0406ea97-fb07-4f6b-b230-098529fe5f29,2024,2T24,Apresentação de Resultados - 2T24,central apresentacao,central_apresentacao,https://api.mziq.com/mzfilemanager/v2/d/42787847-4cf6-4461-94a5-40ed237dca33/91bf2ed7-4151-bae2-37a1-b336b7c04d71?origin=2,https://www.itau.com.br/relacoes-com-investidores/resultados-e-relatorios/central-de-resultados/,2024-08-07T00:00:00.000Z,pt_BR,data/catalogs/20260906T182455,False,downloaded,documents/Itau/2024/2T24/Apresentacao_de_Resultados_-_2T24__a988bb897f09.pdf,a988bb897f09db1f3d2b8621944eb66fa1b0a792d3600dd3900eadb84a98c904,2212915,pdf,PDF signature and EOF,,
Itau,493d3919-8318-49ef-acad-7a008c1e2735,2024,2T24,vídeo 2T24,central video,central_video,https://api.mziq.com/mzfilemanager/v2/d/42787847-4cf6-4461-94a5-40ed237dca33/251cb577-2fde-e233-53e7-afac8e74f7eb?origin=2,https://www.itau.com.br/relacoes-com-investidores/resultados-e-relatorios/central-de-resultados/,2024-08-07T00:00:00.000Z,pt_BR,data/catalogs/20260906T182455,True,external_link,documents/Itau/2024/2T24/video_2T24__493d3919.url,,,,Official catalog link; streaming/page not archived,,
Itau,540ce15b-f44a-449e-9cba-a5e56891a94b,2024,2T24,apresentação institucional,central apresentacao institucional,central_apresentacao_institucional,https://api.mziq.com/mzfilemanager/v2/d/42787847-4cf6-4461-94a5-40ed237dca33/f8c7ace9-a419-7ac0-2a2e-06021002ba47?origin=2,https://www.itau.com.br/relacoes-com-investidores/resultados-e-relatorios/central-de-resultados/,2024-08-07T00:00:00.000Z,pt_BR,data/catalogs/20260906T182455,False,downloaded,documents/Itau/2024/2T24/apresentacao_institucional__501b34a81d7d.pdf,501b34a81d7d349fb42b7411bf61c8a5ff7489bcf464055c7244d1e37aae133b,1544937,pdf,PDF signature and EOF,,
Itau,c59bf068-9ccc-42ee-8fcd-d6d954e5a237,2024,2T24,Transcrição do áudio 2T24,central transcricao do audio,central_transcricao_do_audio,https://api.mziq.com/mzfilemanager/v2/d/42787847-4cf6-4461-94a5-40ed237dca33/b9c43b27-8712-03c6-5891-f12082abdbfb?origin=2,https://www.itau.com.br/relacoes-com-investidores/resultados-e-relatorios/central-de-resultados/,2024-08-07T00:00:00.000Z,pt_BR,data/catalogs/20260906T193319,False,downloaded,documents/Itau/2024/2T24/Transcricao_do_audio_2T24__7f28b9df2d28.pdf,7f28b9df2d28bf5a188ccb5234010b0e73e98c9aa75ff092556b6be003483bb1,322622,pdf,Recovered signature-validated content-addressed download,,
Itau,2c186491-86dd-4a54-9300-c59be85a1563,2024,2T24,análise gerencial da operação e demonstrações contábeis completas em BRGAAP,central analise gerencial da operacao,central_analise_gerencial_da_operacao,https://api.mziq.com/mzfilemanager/v2/d/42787847-4cf6-4461-94a5-40ed237dca33/13ff847a-9927-3bf7-cd38-e3373798959b?origin=2,https://www.itau.com.br/relacoes-com-investidores/resultados-e-relatorios/central-de-resultados/,2024-08-06T00:00:00.000Z,pt_BR,data/catalogs/20260906T182455,False,downloaded,documents/Itau/2024/2T24/analise_gerencial_da_operacao_e_demonstracoes_contabeis_completas_em_BRGAAP__78869d60108a.pdf,78869d60108a10976d02a97a7278f1048a1563079d10f56e600d13bb76d732dc,5982822,pdf,PDF signature and EOF,,
Itau,612548e4-e9a3-4e91-83a7-53dd3e887ef1,2024,2T24,gerenciamento de riscos e capital - pilar 3 - 2T24,central gerenciamento de riscos e capital pilar 3,central_gerenciamento_de_riscos_e_capital_pilar_3,https://api.mziq.com/mzfilemanager/v2/d/42787847-4cf6-4461-94a5-40ed237dca33/5081e8ec-d68e-b680-4cac-9dbcf752a7d1?origin=2,https://www.itau.com.br/relacoes-com-investidores/resultados-e-relatorios/central-de-resultados/,2024-08-06T00:00:00.000Z,pt_BR,data/catalogs/20260906T182455,False,downloaded,documents/Itau/2024/2T24/gerenciamento_de_riscos_e_capital_-_pilar_3_-_2T24__f3834fbc564a.pdf,f3834fbc564af02d59c614ea03331dea35c806db81ec3e8bdff11398b37e90ca,1344377,pdf,PDF signature and EOF,,
Itau,af1d85b7-1f52-4a1e-864d-4ea6979c8a42,2024,2T24,demonstrações contábeis completas em IFRS,central demonstracoes contabeis completas em ifrs,central_demonstracoes_contabeis_completas_em_ifrs,https://api.mziq.com/mzfilemanager/v2/d/42787847-4cf6-4461-94a5-40ed237dca33/c9691242-00a0-b364-6172-74550ac0e186?origin=2,https://www.itau.com.br/relacoes-com-investidores/resultados-e-relatorios/central-de-resultados/,2024-08-06T00:00:00.000Z,pt_BR,data/catalogs/20260906T182455,False,downloaded,documents/Itau/2024/2T24/demonstracoes_contabeis_completas_em_IFRS__cd49f3ee71f4.pdf,cd49f3ee71f4aa58c99080a1f3a66558f16c55013033183463d94b5e9796444d,2514517,pdf,PDF signature and EOF,,
Itau,7ac00151-2b81-4ba8-9595-262e6423f4c5,2024,1T24,vídeo 1T24,central video,central_video,https://api.mziq.com/mzfilemanager/v2/d/42787847-4cf6-4461-94a5-40ed237dca33/ad1eb306-6313-b999-7821-849faca6bc51?origin=2,https://www.itau.com.br/relacoes-com-investidores/resultados-e-relatorios/central-de-resultados/,2024-06-03T00:00:00.000Z,pt_BR,data/catalogs/20260906T182455,True,external_link,documents/Itau/2024/1T24/video_1T24__7ac00151.url,,,,Official catalog link; streaming/page not archived,,
Itau,adb25c5c-e2fb-4c11-90df-8510e53fff61,2024,1T24,Transcrição do áudio 1T24,central transcricao do audio,central_transcricao_do_audio,https://api.mziq.com/mzfilemanager/v2/d/42787847-4cf6-4461-94a5-40ed237dca33/55881765-b23a-778e-f8ec-cb0d5b0df12a?origin=2,https://www.itau.com.br/relacoes-com-investidores/resultados-e-relatorios/central-de-resultados/,2024-05-07T00:00:00.000Z,pt_BR,data/catalogs/20260906T193319,False,downloaded,documents/Itau/2024/1T24/Transcricao_do_audio_1T24__5f2863ec4b9c.pdf,5f2863ec4b9cc8e85879b4ebcaed72fee4505a1547dcc4908d5f5e4e1a7625c1,328521,pdf,Recovered signature-validated content-addressed download,,
Itau,0cf10ff8-3a7d-4ac9-aa34-fc7e2b674d44,2024,1T24,demonstrações contábeis completas em IFRS,central demonstracoes contabeis completas em ifrs,central_demonstracoes_contabeis_completas_em_ifrs,https://api.mziq.com/mzfilemanager/v2/d/42787847-4cf6-4461-94a5-40ed237dca33/789bcf43-6883-6edc-7a4a-797c65eb811c?origin=2,https://www.itau.com.br/relacoes-com-investidores/resultados-e-relatorios/central-de-resultados/,2024-05-06T00:00:00.000Z,pt_BR,data/catalogs/20260906T182455,False,downloaded,documents/Itau/2024/1T24/demonstracoes_contabeis_completas_em_IFRS__91bb3e4521be.pdf,91bb3e4521be4a35abb77caa555c94b08674280f7219d4bd89cfcd4a12d5c3c6,2754873,pdf,PDF signature and EOF,,
Itau,2e456b99-5f2c-49bb-a34c-ff992f3bd54f,2024,1T24,gerenciamento de riscos e capital - pilar 3 - 1T24,central gerenciamento de riscos e capital pilar 3,central_gerenciamento_de_riscos_e_capital_pilar_3,https://api.mziq.com/mzfilemanager/v2/d/42787847-4cf6-4461-94a5-40ed237dca33/ff182fb7-4959-2281-cb9b-1ca666f40b0f?origin=2,https://www.itau.com.br/relacoes-com-investidores/resultados-e-relatorios/central-de-resultados/,2024-05-06T00:00:00.000Z,pt_BR,data/catalogs/20260906T182455,False,downloaded,documents/Itau/2024/1T24/gerenciamento_de_riscos_e_capital_-_pilar_3_-_1T24__d458e69c910a.pdf,d458e69c910a9e1432cda73a7bcafe24e1a9e93d4e8ae9b03493d70496cfd04e,2070927,pdf,PDF signature and EOF,,
Itau,c5bae621-27dc-4421-86d0-c1723dcae5fe,2024,1T24,apresentação institucional,central apresentacao institucional,central_apresentacao_institucional,https://api.mziq.com/mzfilemanager/v2/d/42787847-4cf6-4461-94a5-40ed237dca33/5a32c5a8-8da5-3c51-3d02-ea5922fdfca3?origin=2,https://www.itau.com.br/relacoes-com-investidores/resultados-e-relatorios/central-de-resultados/,2024-05-06T00:00:00.000Z,pt_BR,data/catalogs/20260906T182455,False,downloaded,documents/Itau/2024/1T24/apresentacao_institucional__2b52c5080e82.pdf,2b52c5080e827409774deadeb63cf8881f7b28e90519414c7e69d572772a6e0c,1531775,pdf,PDF signature and EOF,,
Itau,dc1e3e71-7968-402f-aaa8-abcfcc39c1c6,2024,1T24,análise gerencial da operação e demonstrações contábeis completas em BRGAAP,central analise gerencial da operacao,central_analise_gerencial_da_operacao,https://api.mziq.com/mzfilemanager/v2/d/42787847-4cf6-4461-94a5-40ed237dca33/ce5914f9-490e-ff22-bb08-646c7c9fd86c?origin=2,https://www.itau.com.br/relacoes-com-investidores/resultados-e-relatorios/central-de-resultados/,2024-05-06T00:00:00.000Z,pt_BR,data/catalogs/20260906T182455,False,downloaded,documents/Itau/2024/1T24/analise_gerencial_da_operacao_e_demonstracoes_contabeis_completas_em_BRGAAP__73df7fa52c37.pdf,73df7fa52c377df799c2aeff09649054334bae1374fb156eefd909de1d69b86e,5907250,pdf,PDF signature and EOF,,
Itau,e0107cdc-1fd6-4fe0-838a-5b2ec12f67a3,2024,1T24,informativo - ações Itaú em foco ,central informativo acoes itau em foco,central_informativo_acoes_itau_em_foco,https://api.mziq.com/mzfilemanager/v2/d/42787847-4cf6-4461-94a5-40ed237dca33/875e325a-ccf7-d983-0adf-98a937662f62?origin=2,https://www.itau.com.br/relacoes-com-investidores/resultados-e-relatorios/central-de-resultados/,2024-05-06T00:00:00.000Z,pt_BR,data/catalogs/20260906T182455,False,downloaded,documents/Itau/2024/1T24/informativo_-_acoes_Itau_em_foco__c86de37050cd.pdf,c86de37050cd0e697156540e6a3e80ac019a616cc5d0cc13c0d766e0c5f45bbc,606503,pdf,PDF signature and EOF,,
Itau,fdf5b869-3c23-466c-90ba-bfb81745f3b4,2024,1T24,Apresentação de Resultados - 1T24,central apresentacao,central_apresentacao,https://api.mziq.com/mzfilemanager/v2/d/42787847-4cf6-4461-94a5-40ed237dca33/78a97fdd-40e8-37dc-cf08-7739a113e80b?origin=2,https://www.itau.com.br/relacoes-com-investidores/resultados-e-relatorios/central-de-resultados/,2024-05-06T00:00:00.000Z,pt_BR,data/catalogs/20260906T182455,False,downloaded,documents/Itau/2024/1T24/Apresentacao_de_Resultados_-_1T24__a176940bb7d4.pdf,a176940bb7d4c8a4aca11634d082fb5e605046fddf8bdd9261f5c3a3e8d7da27,1691187,pdf,PDF signature and EOF,,
Itau,supplement-dd4bec5c,2026,2T26,Planilha de Séries Históricas 2T26,historical_series,supplement,https://api.mziq.com/mzfilemanager/v2/d/42787847-4cf6-4461-94a5-40ed237dca33/dd4bec5c-fb49-759c-fabc-b5db791b0aae?origin=2,https://www.itau.com.br/relacoes-com-investidores/resultados-e-relatorios/central-de-resultados/,,,,,downloaded,documents/Itau/2026/2T26/Planilha_de_Series_Historicas_2T26__7747b90df4b5.xlsx,7747b90df4b515679c7dfe0dd5215cb4bffcf696a3af55bcd7afdf863b487001,555150,xlsx,ZIP CRC verified,not_seen_this_run,
Itau,supplement-f3edf93a-9d29-3930-a6a7-9cef8287b354,2026,2T26,Planilha com Anexo Pilar 3 2T26,supplement,supplement,https://api.mziq.com/mzfilemanager/v2/d/42787847-4cf6-4461-94a5-40ed237dca33/f3edf93a-9d29-3930-a6a7-9cef8287b354?origin=2,https://www.itau.com.br/relacoes-com-investidores/resultados-e-relatorios/central-de-resultados/,,,,False,downloaded,documents/Itau/2026/2T26/Planilha_com_Anexo_Pilar_3_2T26__6cbd47bb9a29.xlsx,6cbd47bb9a29803730bc7ac1e34f4b25fe02c41dff200458e22d48606307ca80,5697099,xlsx,ZIP CRC verified,,"Official central results page DOM, 2026-09-06"
Itau,supplement-6663a3a3-4f2c-1b53-0af3-288df91f160c,2026,2T26,Planilha de Series Descontinuadas disponivel em 2T26,supplement,supplement,https://api.mziq.com/mzfilemanager/v2/d/42787847-4cf6-4461-94a5-40ed237dca33/6663a3a3-4f2c-1b53-0af3-288df91f160c?origin=2,https://www.itau.com.br/relacoes-com-investidores/resultados-e-relatorios/central-de-resultados/,,,,False,downloaded,documents/Itau/2026/2T26/Planilha_de_Series_Descontinuadas_disponivel_em_2T26__aa17756c5ec1.xlsx,aa17756c5ec10dca172100a75c76d51adda34bb1480e12bc2195e07a4a104707,2602259,xlsx,ZIP CRC verified,,"Official central results page DOM, 2026-09-06"
Itau,supplement-af78b350-c276-9a8d-4303-7722aecff22e,2026,2T26,Kit do Investidor 2T26,supplement,supplement,https://api.mziq.com/mzfilemanager/v2/d/42787847-4cf6-4461-94a5-40ed237dca33/af78b350-c276-9a8d-4303-7722aecff22e?origin=2,https://www.itau.com.br/relacoes-com-investidores/resultados-e-relatorios/central-de-resultados/,,,,False,downloaded,documents/Itau/2026/2T26/Kit_do_Investidor_2T26__bfdbaffde19f.zip,bfdbaffde19f87e0263347fed842e1d393cf6a46511a3492d07caea4cf5d85c2,20304492,zip,ZIP CRC verified,,"Official central results page DOM, 2026-09-06"
