bank,period,comparison,base_period,unit,profit_change,profit_change_percent,contribution_revenue,contribution_operating_expenses,other_items_and_tax_residual,status,interpretation,sources,contribution_net_interest_income,contribution_fees,contribution_credit_cost,contribution_insurance_result
BTG_Pactual,2024Q2,QoQ,2024Q1,BRL_million,59.616305999999895,2.063254635961258,98.26289799999995,-45.79094299999997,7.144350999999915,arithmetic_bridge,Selected income components plus residual; not causal attribution. Accounting/managerial scope and 2025 rule changes may affect comparability.,"[{""metric"": ""revenue"", ""period"": ""2024Q2"", ""value"": 5989.76113, ""reference"": ""InputSite_Highlights!BQ7"", ""path"": ""documents/BTG_Pactual/2026/2T26/Planilhas_Series_Historicas_2T26__fcd319bf1765.xlsx"", ""vintage"": ""2026Q2""}, {""metric"": ""revenue"", ""period"": ""2024Q1"", ""value"": 5891.498232, ""reference"": ""InputSite_Highlights!BP7"", ""path"": ""documents/BTG_Pactual/2026/2T26/Planilhas_Series_Historicas_2T26__fcd319bf1765.xlsx"", ""vintage"": ""2026Q2""}, {""metric"": ""operating_expenses"", ""period"": ""2024Q2"", ""value"": 2464.314412, ""reference"": ""InputSite_Highlights!BQ9"", ""path"": ""documents/BTG_Pactual/2026/2T26/Planilhas_Series_Historicas_2T26__fcd319bf1765.xlsx"", ""vintage"": ""2026Q2""}, {""metric"": ""operating_expenses"", ""period"": ""2024Q1"", ""value"": 2418.523469, ""reference"": ""InputSite_Highlights!BP9"", ""path"": ""documents/BTG_Pactual/2026/2T26/Planilhas_Series_Historicas_2T26__fcd319bf1765.xlsx"", ""vintage"": ""2026Q2""}]",,,,
BTG_Pactual,2024Q3,QoQ,2024Q2,BRL_million,258.27408700000024,8.757884009250478,455.4931880000004,-136.7303149999998,-60.488786000000346,arithmetic_bridge,Selected income components plus residual; not causal attribution. Accounting/managerial scope and 2025 rule changes may affect comparability.,"[{""metric"": ""revenue"", ""period"": ""2024Q3"", ""value"": 6445.254318, ""reference"": ""InputSite_Highlights!BR7"", ""path"": ""documents/BTG_Pactual/2026/2T26/Planilhas_Series_Historicas_2T26__fcd319bf1765.xlsx"", ""vintage"": ""2026Q2""}, {""metric"": ""revenue"", ""period"": ""2024Q2"", ""value"": 5989.76113, ""reference"": ""InputSite_Highlights!BQ7"", ""path"": ""documents/BTG_Pactual/2026/2T26/Planilhas_Series_Historicas_2T26__fcd319bf1765.xlsx"", ""vintage"": ""2026Q2""}, {""metric"": ""operating_expenses"", ""period"": ""2024Q3"", ""value"": 2601.044727, ""reference"": ""InputSite_Highlights!BR9"", ""path"": ""documents/BTG_Pactual/2026/2T26/Planilhas_Series_Historicas_2T26__fcd319bf1765.xlsx"", ""vintage"": ""2026Q2""}, {""metric"": ""operating_expenses"", ""period"": ""2024Q2"", ""value"": 2464.314412, ""reference"": ""InputSite_Highlights!BQ9"", ""path"": ""documents/BTG_Pactual/2026/2T26/Planilhas_Series_Historicas_2T26__fcd319bf1765.xlsx"", ""vintage"": ""2026Q2""}]",,,,
BTG_Pactual,2024Q4,QoQ,2024Q3,BRL_million,68.42874799999981,2.133517447129292,282.55384700000013,-266.5312079999999,52.40610899999956,arithmetic_bridge,Selected income components plus residual; not causal attribution. Accounting/managerial scope and 2025 rule changes may affect comparability.,"[{""metric"": ""revenue"", ""period"": ""2024Q4"", ""value"": 6727.808165, ""reference"": ""InputSite_Highlights!BS7"", ""path"": ""documents/BTG_Pactual/2026/2T26/Planilhas_Series_Historicas_2T26__fcd319bf1765.xlsx"", ""vintage"": ""2026Q2""}, {""metric"": ""revenue"", ""period"": ""2024Q3"", ""value"": 6445.254318, ""reference"": ""InputSite_Highlights!BR7"", ""path"": ""documents/BTG_Pactual/2026/2T26/Planilhas_Series_Historicas_2T26__fcd319bf1765.xlsx"", ""vintage"": ""2026Q2""}, {""metric"": ""operating_expenses"", ""period"": ""2024Q4"", ""value"": 2867.575935, ""reference"": ""InputSite_Highlights!BS9"", ""path"": ""documents/BTG_Pactual/2026/2T26/Planilhas_Series_Historicas_2T26__fcd319bf1765.xlsx"", ""vintage"": ""2026Q2""}, {""metric"": ""operating_expenses"", ""period"": ""2024Q3"", ""value"": 2601.044727, ""reference"": ""InputSite_Highlights!BR9"", ""path"": ""documents/BTG_Pactual/2026/2T26/Planilhas_Series_Historicas_2T26__fcd319bf1765.xlsx"", ""vintage"": ""2026Q2""}]",,,,
BTG_Pactual,2025Q1,QoQ,2024Q4,BRL_million,103.48648200000025,3.159169580801789,694.8712999999998,-504.58983000000035,-86.7949879999992,arithmetic_bridge,Selected income components plus residual; not causal attribution. Accounting/managerial scope and 2025 rule changes may affect comparability.,"[{""metric"": ""revenue"", ""period"": ""2025Q1"", ""value"": 7422.679465, ""reference"": ""InputSite_Highlights!BU7"", ""path"": ""documents/BTG_Pactual/2026/2T26/Planilhas_Series_Historicas_2T26__fcd319bf1765.xlsx"", ""vintage"": ""2026Q2""}, {""metric"": ""revenue"", ""period"": ""2024Q4"", ""value"": 6727.808165, ""reference"": ""InputSite_Highlights!BS7"", ""path"": ""documents/BTG_Pactual/2026/2T26/Planilhas_Series_Historicas_2T26__fcd319bf1765.xlsx"", ""vintage"": ""2026Q2""}, {""metric"": ""operating_expenses"", ""period"": ""2025Q1"", ""value"": 3372.165765, ""reference"": ""InputSite_Highlights!BU9"", ""path"": ""documents/BTG_Pactual/2026/2T26/Planilhas_Series_Historicas_2T26__fcd319bf1765.xlsx"", ""vintage"": ""2026Q2""}, {""metric"": ""operating_expenses"", ""period"": ""2024Q4"", ""value"": 2867.575935, ""reference"": ""InputSite_Highlights!BS9"", ""path"": ""documents/BTG_Pactual/2026/2T26/Planilhas_Series_Historicas_2T26__fcd319bf1765.xlsx"", ""vintage"": ""2026Q2""}]",,,,
BTG_Pactual,2025Q1,YoY,2024Q1,BRL_million,489.8056230000002,16.951632702211445,1531.1812330000002,-953.642296,-87.73331400000006,arithmetic_bridge,Selected income components plus residual; not causal attribution. Accounting/managerial scope and 2025 rule changes may affect comparability.,"[{""metric"": ""revenue"", ""period"": ""2025Q1"", ""value"": 7422.679465, ""reference"": ""InputSite_Highlights!BU7"", ""path"": ""documents/BTG_Pactual/2026/2T26/Planilhas_Series_Historicas_2T26__fcd319bf1765.xlsx"", ""vintage"": ""2026Q2""}, {""metric"": ""revenue"", ""period"": ""2024Q1"", ""value"": 5891.498232, ""reference"": ""InputSite_Highlights!BP7"", ""path"": ""documents/BTG_Pactual/2026/2T26/Planilhas_Series_Historicas_2T26__fcd319bf1765.xlsx"", ""vintage"": ""2026Q2""}, {""metric"": ""operating_expenses"", ""period"": ""2025Q1"", ""value"": 3372.165765, ""reference"": ""InputSite_Highlights!BU9"", ""path"": ""documents/BTG_Pactual/2026/2T26/Planilhas_Series_Historicas_2T26__fcd319bf1765.xlsx"", ""vintage"": ""2026Q2""}, {""metric"": ""operating_expenses"", ""period"": ""2024Q1"", ""value"": 2418.523469, ""reference"": ""InputSite_Highlights!BP9"", ""path"": ""documents/BTG_Pactual/2026/2T26/Planilhas_Series_Historicas_2T26__fcd319bf1765.xlsx"", ""vintage"": ""2026Q2""}]",,,,
BTG_Pactual,2025Q2,QoQ,2025Q1,BRL_million,815.1818759999996,24.123259766773483,1528.1753319999998,-414.7292339999999,-298.26422200000025,arithmetic_bridge,Selected income components plus residual; not causal attribution. Accounting/managerial scope and 2025 rule changes may affect comparability.,"[{""metric"": ""revenue"", ""period"": ""2025Q2"", ""value"": 8950.854797, ""reference"": ""InputSite_Highlights!BV7"", ""path"": ""documents/BTG_Pactual/2026/2T26/Planilhas_Series_Historicas_2T26__fcd319bf1765.xlsx"", ""vintage"": ""2026Q2""}, {""metric"": ""revenue"", ""period"": ""2025Q1"", ""value"": 7422.679465, ""reference"": ""InputSite_Highlights!BU7"", ""path"": ""documents/BTG_Pactual/2026/2T26/Planilhas_Series_Historicas_2T26__fcd319bf1765.xlsx"", ""vintage"": ""2026Q2""}, {""metric"": ""operating_expenses"", ""period"": ""2025Q2"", ""value"": 3786.894999, ""reference"": ""InputSite_Highlights!BV9"", ""path"": ""documents/BTG_Pactual/2026/2T26/Planilhas_Series_Historicas_2T26__fcd319bf1765.xlsx"", ""vintage"": ""2026Q2""}, {""metric"": ""operating_expenses"", ""period"": ""2025Q1"", ""value"": 3372.165765, ""reference"": ""InputSite_Highlights!BU9"", ""path"": ""documents/BTG_Pactual/2026/2T26/Planilhas_Series_Historicas_2T26__fcd319bf1765.xlsx"", ""vintage"": ""2026Q2""}]",,,,
BTG_Pactual,2025Q2,YoY,2024Q2,BRL_million,1245.371193,42.229619639526135,2961.093667,-1322.580587,-393.1418870000002,arithmetic_bridge,Selected income components plus residual; not causal attribution. Accounting/managerial scope and 2025 rule changes may affect comparability.,"[{""metric"": ""revenue"", ""period"": ""2025Q2"", ""value"": 8950.854797, ""reference"": ""InputSite_Highlights!BV7"", ""path"": ""documents/BTG_Pactual/2026/2T26/Planilhas_Series_Historicas_2T26__fcd319bf1765.xlsx"", ""vintage"": ""2026Q2""}, {""metric"": ""revenue"", ""period"": ""2024Q2"", ""value"": 5989.76113, ""reference"": ""InputSite_Highlights!BQ7"", ""path"": ""documents/BTG_Pactual/2026/2T26/Planilhas_Series_Historicas_2T26__fcd319bf1765.xlsx"", ""vintage"": ""2026Q2""}, {""metric"": ""operating_expenses"", ""period"": ""2025Q2"", ""value"": 3786.894999, ""reference"": ""InputSite_Highlights!BV9"", ""path"": ""documents/BTG_Pactual/2026/2T26/Planilhas_Series_Historicas_2T26__fcd319bf1765.xlsx"", ""vintage"": ""2026Q2""}, {""metric"": ""operating_expenses"", ""period"": ""2024Q2"", ""value"": 2464.314412, ""reference"": ""InputSite_Highlights!BQ9"", ""path"": ""documents/BTG_Pactual/2026/2T26/Planilhas_Series_Historicas_2T26__fcd319bf1765.xlsx"", ""vintage"": ""2026Q2""}]",,,,
BTG_Pactual,2025Q3,QoQ,2025Q2,BRL_million,356.6758319999999,8.50358365319818,552.3765060000005,-99.45923099999982,-96.2414430000008,arithmetic_bridge,Selected income components plus residual; not causal attribution. Accounting/managerial scope and 2025 rule changes may affect comparability.,"[{""metric"": ""revenue"", ""period"": ""2025Q3"", ""value"": 9503.231303, ""reference"": ""InputSite_Highlights!BW7"", ""path"": ""documents/BTG_Pactual/2026/2T26/Planilhas_Series_Historicas_2T26__fcd319bf1765.xlsx"", ""vintage"": ""2026Q2""}, {""metric"": ""revenue"", ""period"": ""2025Q2"", ""value"": 8950.854797, ""reference"": ""InputSite_Highlights!BV7"", ""path"": ""documents/BTG_Pactual/2026/2T26/Planilhas_Series_Historicas_2T26__fcd319bf1765.xlsx"", ""vintage"": ""2026Q2""}, {""metric"": ""operating_expenses"", ""period"": ""2025Q3"", ""value"": 3886.35423, ""reference"": ""InputSite_Highlights!BW9"", ""path"": ""documents/BTG_Pactual/2026/2T26/Planilhas_Series_Historicas_2T26__fcd319bf1765.xlsx"", ""vintage"": ""2026Q2""}, {""metric"": ""operating_expenses"", ""period"": ""2025Q2"", ""value"": 3786.894999, ""reference"": ""InputSite_Highlights!BV9"", ""path"": ""documents/BTG_Pactual/2026/2T26/Planilhas_Series_Historicas_2T26__fcd319bf1765.xlsx"", ""vintage"": ""2026Q2""}]",,,,
BTG_Pactual,2025Q3,YoY,2024Q3,BRL_million,1343.7729379999996,41.897054848982414,3057.9769850000002,-1285.309503,-428.8945440000007,arithmetic_bridge,Selected income components plus residual; not causal attribution. Accounting/managerial scope and 2025 rule changes may affect comparability.,"[{""metric"": ""revenue"", ""period"": ""2025Q3"", ""value"": 9503.231303, ""reference"": ""InputSite_Highlights!BW7"", ""path"": ""documents/BTG_Pactual/2026/2T26/Planilhas_Series_Historicas_2T26__fcd319bf1765.xlsx"", ""vintage"": ""2026Q2""}, {""metric"": ""revenue"", ""period"": ""2024Q3"", ""value"": 6445.254318, ""reference"": ""InputSite_Highlights!BR7"", ""path"": ""documents/BTG_Pactual/2026/2T26/Planilhas_Series_Historicas_2T26__fcd319bf1765.xlsx"", ""vintage"": ""2026Q2""}, {""metric"": ""operating_expenses"", ""period"": ""2025Q3"", ""value"": 3886.35423, ""reference"": ""InputSite_Highlights!BW9"", ""path"": ""documents/BTG_Pactual/2026/2T26/Planilhas_Series_Historicas_2T26__fcd319bf1765.xlsx"", ""vintage"": ""2026Q2""}, {""metric"": ""operating_expenses"", ""period"": ""2024Q3"", ""value"": 2601.044727, ""reference"": ""InputSite_Highlights!BR9"", ""path"": ""documents/BTG_Pactual/2026/2T26/Planilhas_Series_Historicas_2T26__fcd319bf1765.xlsx"", ""vintage"": ""2026Q2""}]",,,,
BTG_Pactual,2025Q4,QoQ,2025Q3,BRL_million,58.58334999999988,1.2872367366495798,385.083247999999,-269.0677820000001,-57.43211599999904,arithmetic_bridge,Selected income components plus residual; not causal attribution. Accounting/managerial scope and 2025 rule changes may affect comparability.,"[{""metric"": ""revenue"", ""period"": ""2025Q4"", ""value"": 9888.314551, ""reference"": ""InputSite_Highlights!BX7"", ""path"": ""documents/BTG_Pactual/2026/2T26/Planilhas_Series_Historicas_2T26__fcd319bf1765.xlsx"", ""vintage"": ""2026Q2""}, {""metric"": ""revenue"", ""period"": ""2025Q3"", ""value"": 9503.231303, ""reference"": ""InputSite_Highlights!BW7"", ""path"": ""documents/BTG_Pactual/2026/2T26/Planilhas_Series_Historicas_2T26__fcd319bf1765.xlsx"", ""vintage"": ""2026Q2""}, {""metric"": ""operating_expenses"", ""period"": ""2025Q4"", ""value"": 4155.422012, ""reference"": ""InputSite_Highlights!BX9"", ""path"": ""documents/BTG_Pactual/2026/2T26/Planilhas_Series_Historicas_2T26__fcd319bf1765.xlsx"", ""vintage"": ""2026Q2""}, {""metric"": ""operating_expenses"", ""period"": ""2025Q3"", ""value"": 3886.35423, ""reference"": ""InputSite_Highlights!BW9"", ""path"": ""documents/BTG_Pactual/2026/2T26/Planilhas_Series_Historicas_2T26__fcd319bf1765.xlsx"", ""vintage"": ""2026Q2""}]",,,,
BTG_Pactual,2025Q4,YoY,2024Q4,BRL_million,1333.9275399999997,40.72129253907529,3160.506385999999,-1287.8460770000002,-538.7327689999993,arithmetic_bridge,Selected income components plus residual; not causal attribution. Accounting/managerial scope and 2025 rule changes may affect comparability.,"[{""metric"": ""revenue"", ""period"": ""2025Q4"", ""value"": 9888.314551, ""reference"": ""InputSite_Highlights!BX7"", ""path"": ""documents/BTG_Pactual/2026/2T26/Planilhas_Series_Historicas_2T26__fcd319bf1765.xlsx"", ""vintage"": ""2026Q2""}, {""metric"": ""revenue"", ""period"": ""2024Q4"", ""value"": 6727.808165, ""reference"": ""InputSite_Highlights!BS7"", ""path"": ""documents/BTG_Pactual/2026/2T26/Planilhas_Series_Historicas_2T26__fcd319bf1765.xlsx"", ""vintage"": ""2026Q2""}, {""metric"": ""operating_expenses"", ""period"": ""2025Q4"", ""value"": 4155.422012, ""reference"": ""InputSite_Highlights!BX9"", ""path"": ""documents/BTG_Pactual/2026/2T26/Planilhas_Series_Historicas_2T26__fcd319bf1765.xlsx"", ""vintage"": ""2026Q2""}, {""metric"": ""operating_expenses"", ""period"": ""2024Q4"", ""value"": 2867.575935, ""reference"": ""InputSite_Highlights!BS9"", ""path"": ""documents/BTG_Pactual/2026/2T26/Planilhas_Series_Historicas_2T26__fcd319bf1765.xlsx"", ""vintage"": ""2026Q2""}]",,,,
BTG_Pactual,2026Q1,QoQ,2025Q4,BRL_million,198.37609000000066,4.303470458653282,79.38266000000112,-75.68783299999996,194.6812629999995,arithmetic_bridge,Selected income components plus residual; not causal attribution. Accounting/managerial scope and 2025 rule changes may affect comparability.,"[{""metric"": ""revenue"", ""period"": ""2026Q1"", ""value"": 9967.697211, ""reference"": ""InputSite_Highlights!BZ7"", ""path"": ""documents/BTG_Pactual/2026/2T26/Planilhas_Series_Historicas_2T26__fcd319bf1765.xlsx"", ""vintage"": ""2026Q2""}, {""metric"": ""revenue"", ""period"": ""2025Q4"", ""value"": 9888.314551, ""reference"": ""InputSite_Highlights!BX7"", ""path"": ""documents/BTG_Pactual/2026/2T26/Planilhas_Series_Historicas_2T26__fcd319bf1765.xlsx"", ""vintage"": ""2026Q2""}, {""metric"": ""operating_expenses"", ""period"": ""2026Q1"", ""value"": 4231.109845, ""reference"": ""InputSite_Highlights!BZ9"", ""path"": ""documents/BTG_Pactual/2026/2T26/Planilhas_Series_Historicas_2T26__fcd319bf1765.xlsx"", ""vintage"": ""2026Q2""}, {""metric"": ""operating_expenses"", ""period"": ""2025Q4"", ""value"": 4155.422012, ""reference"": ""InputSite_Highlights!BX9"", ""path"": ""documents/BTG_Pactual/2026/2T26/Planilhas_Series_Historicas_2T26__fcd319bf1765.xlsx"", ""vintage"": ""2026Q2""}]",,,,
BTG_Pactual,2026Q1,YoY,2025Q1,BRL_million,1428.817148,42.28225410205814,2545.0177460000004,-858.9440799999998,-257.2565180000006,arithmetic_bridge,Selected income components plus residual; not causal attribution. Accounting/managerial scope and 2025 rule changes may affect comparability.,"[{""metric"": ""revenue"", ""period"": ""2026Q1"", ""value"": 9967.697211, ""reference"": ""InputSite_Highlights!BZ7"", ""path"": ""documents/BTG_Pactual/2026/2T26/Planilhas_Series_Historicas_2T26__fcd319bf1765.xlsx"", ""vintage"": ""2026Q2""}, {""metric"": ""revenue"", ""period"": ""2025Q1"", ""value"": 7422.679465, ""reference"": ""InputSite_Highlights!BU7"", ""path"": ""documents/BTG_Pactual/2026/2T26/Planilhas_Series_Historicas_2T26__fcd319bf1765.xlsx"", ""vintage"": ""2026Q2""}, {""metric"": ""operating_expenses"", ""period"": ""2026Q1"", ""value"": 4231.109845, ""reference"": ""InputSite_Highlights!BZ9"", ""path"": ""documents/BTG_Pactual/2026/2T26/Planilhas_Series_Historicas_2T26__fcd319bf1765.xlsx"", ""vintage"": ""2026Q2""}, {""metric"": ""operating_expenses"", ""period"": ""2025Q1"", ""value"": 3372.165765, ""reference"": ""InputSite_Highlights!BU9"", ""path"": ""documents/BTG_Pactual/2026/2T26/Planilhas_Series_Historicas_2T26__fcd319bf1765.xlsx"", ""vintage"": ""2026Q2""}]",,,,
BTG_Pactual,2026Q2,QoQ,2026Q1,BRL_million,334.3877940000002,6.954744142846455,403.4869669999989,-50.364392999999836,-18.734779999998864,arithmetic_bridge,Selected income components plus residual; not causal attribution. Accounting/managerial scope and 2025 rule changes may affect comparability.,"[{""metric"": ""revenue"", ""period"": ""2026Q2"", ""value"": 10371.184178, ""reference"": ""InputSite_Highlights!CA7"", ""path"": ""documents/BTG_Pactual/2026/2T26/Planilhas_Series_Historicas_2T26__fcd319bf1765.xlsx"", ""vintage"": ""2026Q2""}, {""metric"": ""revenue"", ""period"": ""2026Q1"", ""value"": 9967.697211, ""reference"": ""InputSite_Highlights!BZ7"", ""path"": ""documents/BTG_Pactual/2026/2T26/Planilhas_Series_Historicas_2T26__fcd319bf1765.xlsx"", ""vintage"": ""2026Q2""}, {""metric"": ""operating_expenses"", ""period"": ""2026Q2"", ""value"": 4281.474238, ""reference"": ""InputSite_Highlights!CA9"", ""path"": ""documents/BTG_Pactual/2026/2T26/Planilhas_Series_Historicas_2T26__fcd319bf1765.xlsx"", ""vintage"": ""2026Q2""}, {""metric"": ""operating_expenses"", ""period"": ""2026Q1"", ""value"": 4231.109845, ""reference"": ""InputSite_Highlights!BZ9"", ""path"": ""documents/BTG_Pactual/2026/2T26/Planilhas_Series_Historicas_2T26__fcd319bf1765.xlsx"", ""vintage"": ""2026Q2""}]",,,,
BTG_Pactual,2026Q2,YoY,2025Q2,BRL_million,948.0230660000007,22.602017640747878,1420.3293809999996,-494.5792389999997,22.272924000000785,arithmetic_bridge,Selected income components plus residual; not causal attribution. Accounting/managerial scope and 2025 rule changes may affect comparability.,"[{""metric"": ""revenue"", ""period"": ""2026Q2"", ""value"": 10371.184178, ""reference"": ""InputSite_Highlights!CA7"", ""path"": ""documents/BTG_Pactual/2026/2T26/Planilhas_Series_Historicas_2T26__fcd319bf1765.xlsx"", ""vintage"": ""2026Q2""}, {""metric"": ""revenue"", ""period"": ""2025Q2"", ""value"": 8950.854797, ""reference"": ""InputSite_Highlights!BV7"", ""path"": ""documents/BTG_Pactual/2026/2T26/Planilhas_Series_Historicas_2T26__fcd319bf1765.xlsx"", ""vintage"": ""2026Q2""}, {""metric"": ""operating_expenses"", ""period"": ""2026Q2"", ""value"": 4281.474238, ""reference"": ""InputSite_Highlights!CA9"", ""path"": ""documents/BTG_Pactual/2026/2T26/Planilhas_Series_Historicas_2T26__fcd319bf1765.xlsx"", ""vintage"": ""2026Q2""}, {""metric"": ""operating_expenses"", ""period"": ""2025Q2"", ""value"": 3786.894999, ""reference"": ""InputSite_Highlights!BV9"", ""path"": ""documents/BTG_Pactual/2026/2T26/Planilhas_Series_Historicas_2T26__fcd319bf1765.xlsx"", ""vintage"": ""2026Q2""}]",,,,
Banco_do_Brasil,2024Q2,QoQ,2024Q1,BRL_million,201.45546000000104,2.1661272566749816,,-366.8992020000005,-481.21083799999815,arithmetic_bridge,Selected income components plus residual; not causal attribution. Accounting/managerial scope and 2025 rule changes may affect comparability.,"[{""metric"": ""net_interest_income"", ""period"": ""2024Q2"", ""value"": 25548.935271, ""reference"": ""DRE com Realocações (Res. 4720)!AQ20"", ""path"": ""documents/Banco_do_Brasil/2026/2T26/Series_Historicas_2T26__5137c248b8ef.xlsx"", ""vintage"": ""2026Q2""}, {""metric"": ""net_interest_income"", ""period"": ""2024Q1"", ""value"": 25733.694344, ""reference"": ""DRE com Realocações (Res. 4720)!AP20"", ""path"": ""documents/Banco_do_Brasil/2026/2T26/Series_Historicas_2T26__5137c248b8ef.xlsx"", ""vintage"": ""2026Q2""}, {""metric"": ""fees"", ""period"": ""2024Q2"", ""value"": 8844.652887, ""reference"": ""DRE com Realocações (Res. 4720)!AQ27"", ""path"": ""documents/Banco_do_Brasil/2026/2T26/Series_Historicas_2T26__5137c248b8ef.xlsx"", ""vintage"": ""2026Q2""}, {""metric"": ""fees"", ""period"": ""2024Q1"", ""value"": 8344.382161, ""reference"": ""DRE com Realocações (Res. 4720)!AP27"", ""path"": ""documents/Banco_do_Brasil/2026/2T26/Series_Historicas_2T26__5137c248b8ef.xlsx"", ""vintage"": ""2026Q2""}, {""metric"": ""credit_cost"", ""period"": ""2024Q2"", ""value"": 7807.056495, ""reference"": ""DRE com Realocações (Res. 4720)!AQ21"", ""path"": ""documents/Banco_do_Brasil/2026/2T26/Series_Historicas_2T26__5137c248b8ef.xlsx"", ""vintage"": ""2026Q2""}, {""metric"": ""credit_cost"", ""period"": ""2024Q1"", ""value"": 8541.110342, ""reference"": ""DRE com Realocações (Res. 4720)!AP21"", ""path"": ""documents/Banco_do_Brasil/2026/2T26/Series_Historicas_2T26__5137c248b8ef.xlsx"", ""vintage"": ""2026Q2""}, {""metric"": ""operating_expenses"", ""period"": ""2024Q2"", ""value"": 9245.139582, ""reference"": ""Despesas Administrativas!W6"", ""path"": ""documents/Banco_do_Brasil/2026/2T26/Series_Historicas_2T26__5137c248b8ef.xlsx"", ""vintage"": ""2026Q2""}, {""metric"": ""operating_expenses"", ""period"": ""2024Q1"", ""value"": 8878.24038, ""reference"": ""Despesas Administrativas!V6"", ""path"": ""documents/Banco_do_Brasil/2026/2T26/Series_Historicas_2T26__5137c248b8ef.xlsx"", ""vintage"": ""2026Q2""}]",-184.75907300000108,500.27072600000065,734.0538470000001,
Banco_do_Brasil,2024Q3,QoQ,2024Q2,BRL_million,12.907160999999178,0.13584032779000738,,-127.55624900000112,1846.9899469999991,arithmetic_bridge,Selected income components plus residual; not causal attribution. Accounting/managerial scope and 2025 rule changes may affect comparability.,"[{""metric"": ""net_interest_income"", ""period"": ""2024Q3"", ""value"": 25870.190444, ""reference"": ""DRE com Realocações (Res. 4720)!AR20"", ""path"": ""documents/Banco_do_Brasil/2026/2T26/Series_Historicas_2T26__5137c248b8ef.xlsx"", ""vintage"": ""2026Q2""}, {""metric"": ""net_interest_income"", ""period"": ""2024Q2"", ""value"": 25548.935271, ""reference"": ""DRE com Realocações (Res. 4720)!AQ20"", ""path"": ""documents/Banco_do_Brasil/2026/2T26/Series_Historicas_2T26__5137c248b8ef.xlsx"", ""vintage"": ""2026Q2""}, {""metric"": ""fees"", ""period"": ""2024Q3"", ""value"": 9096.155136, ""reference"": ""DRE com Realocações (Res. 4720)!AR27"", ""path"": ""documents/Banco_do_Brasil/2026/2T26/Series_Historicas_2T26__5137c248b8ef.xlsx"", ""vintage"": ""2026Q2""}, {""metric"": ""fees"", ""period"": ""2024Q2"", ""value"": 8844.652887, ""reference"": ""DRE com Realocações (Res. 4720)!AQ27"", ""path"": ""documents/Banco_do_Brasil/2026/2T26/Series_Historicas_2T26__5137c248b8ef.xlsx"", ""vintage"": ""2026Q2""}, {""metric"": ""credit_cost"", ""period"": ""2024Q3"", ""value"": 10086.340454, ""reference"": ""DRE com Realocações (Res. 4720)!AR21"", ""path"": ""documents/Banco_do_Brasil/2026/2T26/Series_Historicas_2T26__5137c248b8ef.xlsx"", ""vintage"": ""2026Q2""}, {""metric"": ""credit_cost"", ""period"": ""2024Q2"", ""value"": 7807.056495, ""reference"": ""DRE com Realocações (Res. 4720)!AQ21"", ""path"": ""documents/Banco_do_Brasil/2026/2T26/Series_Historicas_2T26__5137c248b8ef.xlsx"", ""vintage"": ""2026Q2""}, {""metric"": ""operating_expenses"", ""period"": ""2024Q3"", ""value"": 9372.695831, ""reference"": ""Despesas Administrativas!X6"", ""path"": ""documents/Banco_do_Brasil/2026/2T26/Series_Historicas_2T26__5137c248b8ef.xlsx"", ""vintage"": ""2026Q2""}, {""metric"": ""operating_expenses"", ""period"": ""2024Q2"", ""value"": 9245.139582, ""reference"": ""Despesas Administrativas!W6"", ""path"": ""documents/Banco_do_Brasil/2026/2T26/Series_Historicas_2T26__5137c248b8ef.xlsx"", ""vintage"": ""2026Q2""}]",321.2551730000014,251.5022489999992,-2279.2839589999994,
Banco_do_Brasil,2024Q4,QoQ,2024Q3,BRL_million,65.09375800000089,0.6841444242312255,,-129.2724589999998,-1645.3318900000013,arithmetic_bridge,Selected income components plus residual; not causal attribution. Accounting/managerial scope and 2025 rule changes may affect comparability.,"[{""metric"": ""net_interest_income"", ""period"": ""2024Q4"", ""value"": 26790.702891, ""reference"": ""DRE com Realocações (Res. 4720)!AS20"", ""path"": ""documents/Banco_do_Brasil/2026/2T26/Series_Historicas_2T26__5137c248b8ef.xlsx"", ""vintage"": ""2026Q2""}, {""metric"": ""net_interest_income"", ""period"": ""2024Q3"", ""value"": 25870.190444, ""reference"": ""DRE com Realocações (Res. 4720)!AR20"", ""path"": ""documents/Banco_do_Brasil/2026/2T26/Series_Historicas_2T26__5137c248b8ef.xlsx"", ""vintage"": ""2026Q2""}, {""metric"": ""fees"", ""period"": ""2024Q4"", ""value"": 9192.001688, ""reference"": ""DRE com Realocações (Res. 4720)!AS27"", ""path"": ""documents/Banco_do_Brasil/2026/2T26/Series_Historicas_2T26__5137c248b8ef.xlsx"", ""vintage"": ""2026Q2""}, {""metric"": ""fees"", ""period"": ""2024Q3"", ""value"": 9096.155136, ""reference"": ""DRE com Realocações (Res. 4720)!AR27"", ""path"": ""documents/Banco_do_Brasil/2026/2T26/Series_Historicas_2T26__5137c248b8ef.xlsx"", ""vintage"": ""2026Q2""}, {""metric"": ""credit_cost"", ""period"": ""2024Q4"", ""value"": 9263.001346, ""reference"": ""DRE com Realocações (Res. 4720)!AS21"", ""path"": ""documents/Banco_do_Brasil/2026/2T26/Series_Historicas_2T26__5137c248b8ef.xlsx"", ""vintage"": ""2026Q2""}, {""metric"": ""credit_cost"", ""period"": ""2024Q3"", ""value"": 10086.340454, ""reference"": ""DRE com Realocações (Res. 4720)!AR21"", ""path"": ""documents/Banco_do_Brasil/2026/2T26/Series_Historicas_2T26__5137c248b8ef.xlsx"", ""vintage"": ""2026Q2""}, {""metric"": ""operating_expenses"", ""period"": ""2024Q4"", ""value"": 9501.96829, ""reference"": ""Despesas Administrativas!Y6"", ""path"": ""documents/Banco_do_Brasil/2026/2T26/Series_Historicas_2T26__5137c248b8ef.xlsx"", ""vintage"": ""2026Q2""}, {""metric"": ""operating_expenses"", ""period"": ""2024Q3"", ""value"": 9372.695831, ""reference"": ""Despesas Administrativas!X6"", ""path"": ""documents/Banco_do_Brasil/2026/2T26/Series_Historicas_2T26__5137c248b8ef.xlsx"", ""vintage"": ""2026Q2""}]",920.512447000001,95.84655200000088,823.3391080000001,
Banco_do_Brasil,2025Q1,QoQ,2024Q4,BRL_million,-2205.679244000001,-23.024474097500306,,5.601486999999906,2417.1098390000006,arithmetic_bridge,Selected income components plus residual; not causal attribution. Accounting/managerial scope and 2025 rule changes may affect comparability.,"[{""metric"": ""net_interest_income"", ""period"": ""2025Q1"", ""value"": 23881.380718, ""reference"": ""DRE com Realocações!B6"", ""path"": ""documents/Banco_do_Brasil/2026/2T26/Series_Historicas_2T26__5137c248b8ef.xlsx"", ""vintage"": ""2026Q2""}, {""metric"": ""net_interest_income"", ""period"": ""2024Q4"", ""value"": 26790.702891, ""reference"": ""DRE com Realocações (Res. 4720)!AS20"", ""path"": ""documents/Banco_do_Brasil/2026/2T26/Series_Historicas_2T26__5137c248b8ef.xlsx"", ""vintage"": ""2026Q2""}, {""metric"": ""fees"", ""period"": ""2025Q1"", ""value"": 8361.470104, ""reference"": ""DRE com Realocações!B13"", ""path"": ""documents/Banco_do_Brasil/2026/2T26/Series_Historicas_2T26__5137c248b8ef.xlsx"", ""vintage"": ""2026Q2""}, {""metric"": ""fees"", ""period"": ""2024Q4"", ""value"": 9192.001688, ""reference"": ""DRE com Realocações (Res. 4720)!AS27"", ""path"": ""documents/Banco_do_Brasil/2026/2T26/Series_Historicas_2T26__5137c248b8ef.xlsx"", ""vintage"": ""2026Q2""}, {""metric"": ""credit_cost"", ""period"": ""2025Q1"", ""value"": 10151.538159, ""reference"": ""DRE com Realocações!B7"", ""path"": ""documents/Banco_do_Brasil/2026/2T26/Series_Historicas_2T26__5137c248b8ef.xlsx"", ""vintage"": ""2026Q2""}, {""metric"": ""credit_cost"", ""period"": ""2024Q4"", ""value"": 9263.001346, ""reference"": ""DRE com Realocações (Res. 4720)!AS21"", ""path"": ""documents/Banco_do_Brasil/2026/2T26/Series_Historicas_2T26__5137c248b8ef.xlsx"", ""vintage"": ""2026Q2""}, {""metric"": ""operating_expenses"", ""period"": ""2025Q1"", ""value"": 9496.366803, ""reference"": ""DRE com Realocações!B14"", ""path"": ""documents/Banco_do_Brasil/2026/2T26/Series_Historicas_2T26__5137c248b8ef.xlsx"", ""vintage"": ""2026Q2""}, {""metric"": ""operating_expenses"", ""period"": ""2024Q4"", ""value"": 9501.96829, ""reference"": ""Despesas Administrativas!Y6"", ""path"": ""documents/Banco_do_Brasil/2026/2T26/Series_Historicas_2T26__5137c248b8ef.xlsx"", ""vintage"": ""2026Q2""}]",-2909.3221730000005,-830.5315840000003,-888.5368130000006,
Banco_do_Brasil,2025Q1,YoY,2024Q1,BRL_million,-1926.2228649999997,-20.711495485439073,,-618.1264230000015,2137.5570580000003,arithmetic_bridge,Selected income components plus residual; not causal attribution. Accounting/managerial scope and 2025 rule changes may affect comparability.,"[{""metric"": ""net_interest_income"", ""period"": ""2025Q1"", ""value"": 23881.380718, ""reference"": ""DRE com Realocações!B6"", ""path"": ""documents/Banco_do_Brasil/2026/2T26/Series_Historicas_2T26__5137c248b8ef.xlsx"", ""vintage"": ""2026Q2""}, {""metric"": ""net_interest_income"", ""period"": ""2024Q1"", ""value"": 25733.694344, ""reference"": ""DRE com Realocações (Res. 4720)!AP20"", ""path"": ""documents/Banco_do_Brasil/2026/2T26/Series_Historicas_2T26__5137c248b8ef.xlsx"", ""vintage"": ""2026Q2""}, {""metric"": ""fees"", ""period"": ""2025Q1"", ""value"": 8361.470104, ""reference"": ""DRE com Realocações!B13"", ""path"": ""documents/Banco_do_Brasil/2026/2T26/Series_Historicas_2T26__5137c248b8ef.xlsx"", ""vintage"": ""2026Q2""}, {""metric"": ""fees"", ""period"": ""2024Q1"", ""value"": 8344.382161, ""reference"": ""DRE com Realocações (Res. 4720)!AP27"", ""path"": ""documents/Banco_do_Brasil/2026/2T26/Series_Historicas_2T26__5137c248b8ef.xlsx"", ""vintage"": ""2026Q2""}, {""metric"": ""credit_cost"", ""period"": ""2025Q1"", ""value"": 10151.538159, ""reference"": ""DRE com Realocações!B7"", ""path"": ""documents/Banco_do_Brasil/2026/2T26/Series_Historicas_2T26__5137c248b8ef.xlsx"", ""vintage"": ""2026Q2""}, {""metric"": ""credit_cost"", ""period"": ""2024Q1"", ""value"": 8541.110342, ""reference"": ""DRE com Realocações (Res. 4720)!AP21"", ""path"": ""documents/Banco_do_Brasil/2026/2T26/Series_Historicas_2T26__5137c248b8ef.xlsx"", ""vintage"": ""2026Q2""}, {""metric"": ""operating_expenses"", ""period"": ""2025Q1"", ""value"": 9496.366803, ""reference"": ""DRE com Realocações!B14"", ""path"": ""documents/Banco_do_Brasil/2026/2T26/Series_Historicas_2T26__5137c248b8ef.xlsx"", ""vintage"": ""2026Q2""}, {""metric"": ""operating_expenses"", ""period"": ""2024Q1"", ""value"": 8878.24038, ""reference"": ""Despesas Administrativas!V6"", ""path"": ""documents/Banco_do_Brasil/2026/2T26/Series_Historicas_2T26__5137c248b8ef.xlsx"", ""vintage"": ""2026Q2""}]",-1852.3136259999992,17.08794300000045,-1610.4278169999998,
Banco_do_Brasil,2025Q2,QoQ,2025Q1,BRL_million,-3589.8059909999997,-48.68169332673855,,-179.71743099999912,755.3455129999979,arithmetic_bridge,Selected income components plus residual; not causal attribution. Accounting/managerial scope and 2025 rule changes may affect comparability.,"[{""metric"": ""net_interest_income"", ""period"": ""2025Q2"", ""value"": 25079.932053, ""reference"": ""DRE com Realocações!C6"", ""path"": ""documents/Banco_do_Brasil/2026/2T26/Series_Historicas_2T26__5137c248b8ef.xlsx"", ""vintage"": ""2026Q2""}, {""metric"": ""net_interest_income"", ""period"": ""2025Q1"", ""value"": 23881.380718, ""reference"": ""DRE com Realocações!B6"", ""path"": ""documents/Banco_do_Brasil/2026/2T26/Series_Historicas_2T26__5137c248b8ef.xlsx"", ""vintage"": ""2026Q2""}, {""metric"": ""fees"", ""period"": ""2025Q2"", ""value"": 8753.750615, ""reference"": ""DRE com Realocações!C13"", ""path"": ""documents/Banco_do_Brasil/2026/2T26/Series_Historicas_2T26__5137c248b8ef.xlsx"", ""vintage"": ""2026Q2""}, {""metric"": ""fees"", ""period"": ""2025Q1"", ""value"": 8361.470104, ""reference"": ""DRE com Realocações!B13"", ""path"": ""documents/Banco_do_Brasil/2026/2T26/Series_Historicas_2T26__5137c248b8ef.xlsx"", ""vintage"": ""2026Q2""}, {""metric"": ""credit_cost"", ""period"": ""2025Q2"", ""value"": 15907.804078, ""reference"": ""DRE com Realocações!C7"", ""path"": ""documents/Banco_do_Brasil/2026/2T26/Series_Historicas_2T26__5137c248b8ef.xlsx"", ""vintage"": ""2026Q2""}, {""metric"": ""credit_cost"", ""period"": ""2025Q1"", ""value"": 10151.538159, ""reference"": ""DRE com Realocações!B7"", ""path"": ""documents/Banco_do_Brasil/2026/2T26/Series_Historicas_2T26__5137c248b8ef.xlsx"", ""vintage"": ""2026Q2""}, {""metric"": ""operating_expenses"", ""period"": ""2025Q2"", ""value"": 9676.084234, ""reference"": ""DRE com Realocações!C14"", ""path"": ""documents/Banco_do_Brasil/2026/2T26/Series_Historicas_2T26__5137c248b8ef.xlsx"", ""vintage"": ""2026Q2""}, {""metric"": ""operating_expenses"", ""period"": ""2025Q1"", ""value"": 9496.366803, ""reference"": ""DRE com Realocações!B14"", ""path"": ""documents/Banco_do_Brasil/2026/2T26/Series_Historicas_2T26__5137c248b8ef.xlsx"", ""vintage"": ""2026Q2""}]",1198.551335,392.28051100000084,-5756.2659189999995,
Banco_do_Brasil,2025Q2,YoY,2024Q2,BRL_million,-5717.484316,-60.173181664017015,,-430.94465200000013,3374.113408999996,arithmetic_bridge,Selected income components plus residual; not causal attribution. Accounting/managerial scope and 2025 rule changes may affect comparability.,"[{""metric"": ""net_interest_income"", ""period"": ""2025Q2"", ""value"": 25079.932053, ""reference"": ""DRE com Realocações!C6"", ""path"": ""documents/Banco_do_Brasil/2026/2T26/Series_Historicas_2T26__5137c248b8ef.xlsx"", ""vintage"": ""2026Q2""}, {""metric"": ""net_interest_income"", ""period"": ""2024Q2"", ""value"": 25548.935271, ""reference"": ""DRE com Realocações (Res. 4720)!AQ20"", ""path"": ""documents/Banco_do_Brasil/2026/2T26/Series_Historicas_2T26__5137c248b8ef.xlsx"", ""vintage"": ""2026Q2""}, {""metric"": ""fees"", ""period"": ""2025Q2"", ""value"": 8753.750615, ""reference"": ""DRE com Realocações!C13"", ""path"": ""documents/Banco_do_Brasil/2026/2T26/Series_Historicas_2T26__5137c248b8ef.xlsx"", ""vintage"": ""2026Q2""}, {""metric"": ""fees"", ""period"": ""2024Q2"", ""value"": 8844.652887, ""reference"": ""DRE com Realocações (Res. 4720)!AQ27"", ""path"": ""documents/Banco_do_Brasil/2026/2T26/Series_Historicas_2T26__5137c248b8ef.xlsx"", ""vintage"": ""2026Q2""}, {""metric"": ""credit_cost"", ""period"": ""2025Q2"", ""value"": 15907.804078, ""reference"": ""DRE com Realocações!C7"", ""path"": ""documents/Banco_do_Brasil/2026/2T26/Series_Historicas_2T26__5137c248b8ef.xlsx"", ""vintage"": ""2026Q2""}, {""metric"": ""credit_cost"", ""period"": ""2024Q2"", ""value"": 7807.056495, ""reference"": ""DRE com Realocações (Res. 4720)!AQ21"", ""path"": ""documents/Banco_do_Brasil/2026/2T26/Series_Historicas_2T26__5137c248b8ef.xlsx"", ""vintage"": ""2026Q2""}, {""metric"": ""operating_expenses"", ""period"": ""2025Q2"", ""value"": 9676.084234, ""reference"": ""DRE com Realocações!C14"", ""path"": ""documents/Banco_do_Brasil/2026/2T26/Series_Historicas_2T26__5137c248b8ef.xlsx"", ""vintage"": ""2026Q2""}, {""metric"": ""operating_expenses"", ""period"": ""2024Q2"", ""value"": 9245.139582, ""reference"": ""Despesas Administrativas!W6"", ""path"": ""documents/Banco_do_Brasil/2026/2T26/Series_Historicas_2T26__5137c248b8ef.xlsx"", ""vintage"": ""2026Q2""}]",-469.003217999998,-90.90227199999936,-8100.747582999999,
Banco_do_Brasil,2025Q3,QoQ,2025Q2,BRL_million,0.6278760000000148,0.016591905415030264,,-135.51520600000003,761.4183380000027,arithmetic_bridge,Selected income components plus residual; not causal attribution. Accounting/managerial scope and 2025 rule changes may affect comparability.,"[{""metric"": ""net_interest_income"", ""period"": ""2025Q3"", ""value"": 26365.378596, ""reference"": ""DRE com Realocações!D6"", ""path"": ""documents/Banco_do_Brasil/2026/2T26/Series_Historicas_2T26__5137c248b8ef.xlsx"", ""vintage"": ""2026Q2""}, {""metric"": ""net_interest_income"", ""period"": ""2025Q2"", ""value"": 25079.932053, ""reference"": ""DRE com Realocações!C6"", ""path"": ""documents/Banco_do_Brasil/2026/2T26/Series_Historicas_2T26__5137c248b8ef.xlsx"", ""vintage"": ""2026Q2""}, {""metric"": ""fees"", ""period"": ""2025Q3"", ""value"": 8863.246173, ""reference"": ""DRE com Realocações!D13"", ""path"": ""documents/Banco_do_Brasil/2026/2T26/Series_Historicas_2T26__5137c248b8ef.xlsx"", ""vintage"": ""2026Q2""}, {""metric"": ""fees"", ""period"": ""2025Q2"", ""value"": 8753.750615, ""reference"": ""DRE com Realocações!C13"", ""path"": ""documents/Banco_do_Brasil/2026/2T26/Series_Historicas_2T26__5137c248b8ef.xlsx"", ""vintage"": ""2026Q2""}, {""metric"": ""credit_cost"", ""period"": ""2025Q3"", ""value"": 17928.021435, ""reference"": ""DRE com Realocações!D7"", ""path"": ""documents/Banco_do_Brasil/2026/2T26/Series_Historicas_2T26__5137c248b8ef.xlsx"", ""vintage"": ""2026Q2""}, {""metric"": ""credit_cost"", ""period"": ""2025Q2"", ""value"": 15907.804078, ""reference"": ""DRE com Realocações!C7"", ""path"": ""documents/Banco_do_Brasil/2026/2T26/Series_Historicas_2T26__5137c248b8ef.xlsx"", ""vintage"": ""2026Q2""}, {""metric"": ""operating_expenses"", ""period"": ""2025Q3"", ""value"": 9811.59944, ""reference"": ""DRE com Realocações!D14"", ""path"": ""documents/Banco_do_Brasil/2026/2T26/Series_Historicas_2T26__5137c248b8ef.xlsx"", ""vintage"": ""2026Q2""}, {""metric"": ""operating_expenses"", ""period"": ""2025Q2"", ""value"": 9676.084234, ""reference"": ""DRE com Realocações!C14"", ""path"": ""documents/Banco_do_Brasil/2026/2T26/Series_Historicas_2T26__5137c248b8ef.xlsx"", ""vintage"": ""2026Q2""}]",1285.4465429999982,109.49555799999871,-2020.2173569999995,
Banco_do_Brasil,2025Q3,YoY,2024Q3,BRL_million,-5729.763601,-60.220610089636,,-438.90360899999905,2288.5418,arithmetic_bridge,Selected income components plus residual; not causal attribution. Accounting/managerial scope and 2025 rule changes may affect comparability.,"[{""metric"": ""net_interest_income"", ""period"": ""2025Q3"", ""value"": 26365.378596, ""reference"": ""DRE com Realocações!D6"", ""path"": ""documents/Banco_do_Brasil/2026/2T26/Series_Historicas_2T26__5137c248b8ef.xlsx"", ""vintage"": ""2026Q2""}, {""metric"": ""net_interest_income"", ""period"": ""2024Q3"", ""value"": 25870.190444, ""reference"": ""DRE com Realocações (Res. 4720)!AR20"", ""path"": ""documents/Banco_do_Brasil/2026/2T26/Series_Historicas_2T26__5137c248b8ef.xlsx"", ""vintage"": ""2026Q2""}, {""metric"": ""fees"", ""period"": ""2025Q3"", ""value"": 8863.246173, ""reference"": ""DRE com Realocações!D13"", ""path"": ""documents/Banco_do_Brasil/2026/2T26/Series_Historicas_2T26__5137c248b8ef.xlsx"", ""vintage"": ""2026Q2""}, {""metric"": ""fees"", ""period"": ""2024Q3"", ""value"": 9096.155136, ""reference"": ""DRE com Realocações (Res. 4720)!AR27"", ""path"": ""documents/Banco_do_Brasil/2026/2T26/Series_Historicas_2T26__5137c248b8ef.xlsx"", ""vintage"": ""2026Q2""}, {""metric"": ""credit_cost"", ""period"": ""2025Q3"", ""value"": 17928.021435, ""reference"": ""DRE com Realocações!D7"", ""path"": ""documents/Banco_do_Brasil/2026/2T26/Series_Historicas_2T26__5137c248b8ef.xlsx"", ""vintage"": ""2026Q2""}, {""metric"": ""credit_cost"", ""period"": ""2024Q3"", ""value"": 10086.340454, ""reference"": ""DRE com Realocações (Res. 4720)!AR21"", ""path"": ""documents/Banco_do_Brasil/2026/2T26/Series_Historicas_2T26__5137c248b8ef.xlsx"", ""vintage"": ""2026Q2""}, {""metric"": ""operating_expenses"", ""period"": ""2025Q3"", ""value"": 9811.59944, ""reference"": ""DRE com Realocações!D14"", ""path"": ""documents/Banco_do_Brasil/2026/2T26/Series_Historicas_2T26__5137c248b8ef.xlsx"", ""vintage"": ""2026Q2""}, {""metric"": ""operating_expenses"", ""period"": ""2024Q3"", ""value"": 9372.695831, ""reference"": ""Despesas Administrativas!X6"", ""path"": ""documents/Banco_do_Brasil/2026/2T26/Series_Historicas_2T26__5137c248b8ef.xlsx"", ""vintage"": ""2026Q2""}]",495.1881519999988,-232.90896299999986,-7841.6809809999995,
Banco_do_Brasil,2025Q4,QoQ,2025Q3,BRL_million,1956.794433,51.700593998343045,,-75.9994800000004,656.772624000002,arithmetic_bridge,Selected income components plus residual; not causal attribution. Accounting/managerial scope and 2025 rule changes may affect comparability.,"[{""metric"": ""net_interest_income"", ""period"": ""2025Q4"", ""value"": 27801.429963, ""reference"": ""DRE com Realocações!E6"", ""path"": ""documents/Banco_do_Brasil/2026/2T26/Series_Historicas_2T26__5137c248b8ef.xlsx"", ""vintage"": ""2026Q2""}, {""metric"": ""net_interest_income"", ""period"": ""2025Q3"", ""value"": 26365.378596, ""reference"": ""DRE com Realocações!D6"", ""path"": ""documents/Banco_do_Brasil/2026/2T26/Series_Historicas_2T26__5137c248b8ef.xlsx"", ""vintage"": ""2026Q2""}, {""metric"": ""fees"", ""period"": ""2025Q4"", ""value"": 8834.595376, ""reference"": ""DRE com Realocações!E13"", ""path"": ""documents/Banco_do_Brasil/2026/2T26/Series_Historicas_2T26__5137c248b8ef.xlsx"", ""vintage"": ""2026Q2""}, {""metric"": ""fees"", ""period"": ""2025Q3"", ""value"": 8863.246173, ""reference"": ""DRE com Realocações!D13"", ""path"": ""documents/Banco_do_Brasil/2026/2T26/Series_Historicas_2T26__5137c248b8ef.xlsx"", ""vintage"": ""2026Q2""}, {""metric"": ""credit_cost"", ""period"": ""2025Q4"", ""value"": 17959.400716, ""reference"": ""DRE com Realocações!E7"", ""path"": ""documents/Banco_do_Brasil/2026/2T26/Series_Historicas_2T26__5137c248b8ef.xlsx"", ""vintage"": ""2026Q2""}, {""metric"": ""credit_cost"", ""period"": ""2025Q3"", ""value"": 17928.021435, ""reference"": ""DRE com Realocações!D7"", ""path"": ""documents/Banco_do_Brasil/2026/2T26/Series_Historicas_2T26__5137c248b8ef.xlsx"", ""vintage"": ""2026Q2""}, {""metric"": ""operating_expenses"", ""period"": ""2025Q4"", ""value"": 9887.59892, ""reference"": ""DRE com Realocações!E14"", ""path"": ""documents/Banco_do_Brasil/2026/2T26/Series_Historicas_2T26__5137c248b8ef.xlsx"", ""vintage"": ""2026Q2""}, {""metric"": ""operating_expenses"", ""period"": ""2025Q3"", ""value"": 9811.59944, ""reference"": ""DRE com Realocações!D14"", ""path"": ""documents/Banco_do_Brasil/2026/2T26/Series_Historicas_2T26__5137c248b8ef.xlsx"", ""vintage"": ""2026Q2""}]",1436.051367,-28.65079700000024,-31.379281000001356,
Banco_do_Brasil,2025Q4,YoY,2024Q4,BRL_million,-3838.0629260000005,-40.06447477104845,,-385.63062999999966,4590.646314000003,arithmetic_bridge,Selected income components plus residual; not causal attribution. Accounting/managerial scope and 2025 rule changes may affect comparability.,"[{""metric"": ""net_interest_income"", ""period"": ""2025Q4"", ""value"": 27801.429963, ""reference"": ""DRE com Realocações!E6"", ""path"": ""documents/Banco_do_Brasil/2026/2T26/Series_Historicas_2T26__5137c248b8ef.xlsx"", ""vintage"": ""2026Q2""}, {""metric"": ""net_interest_income"", ""period"": ""2024Q4"", ""value"": 26790.702891, ""reference"": ""DRE com Realocações (Res. 4720)!AS20"", ""path"": ""documents/Banco_do_Brasil/2026/2T26/Series_Historicas_2T26__5137c248b8ef.xlsx"", ""vintage"": ""2026Q2""}, {""metric"": ""fees"", ""period"": ""2025Q4"", ""value"": 8834.595376, ""reference"": ""DRE com Realocações!E13"", ""path"": ""documents/Banco_do_Brasil/2026/2T26/Series_Historicas_2T26__5137c248b8ef.xlsx"", ""vintage"": ""2026Q2""}, {""metric"": ""fees"", ""period"": ""2024Q4"", ""value"": 9192.001688, ""reference"": ""DRE com Realocações (Res. 4720)!AS27"", ""path"": ""documents/Banco_do_Brasil/2026/2T26/Series_Historicas_2T26__5137c248b8ef.xlsx"", ""vintage"": ""2026Q2""}, {""metric"": ""credit_cost"", ""period"": ""2025Q4"", ""value"": 17959.400716, ""reference"": ""DRE com Realocações!E7"", ""path"": ""documents/Banco_do_Brasil/2026/2T26/Series_Historicas_2T26__5137c248b8ef.xlsx"", ""vintage"": ""2026Q2""}, {""metric"": ""credit_cost"", ""period"": ""2024Q4"", ""value"": 9263.001346, ""reference"": ""DRE com Realocações (Res. 4720)!AS21"", ""path"": ""documents/Banco_do_Brasil/2026/2T26/Series_Historicas_2T26__5137c248b8ef.xlsx"", ""vintage"": ""2026Q2""}, {""metric"": ""operating_expenses"", ""period"": ""2025Q4"", ""value"": 9887.59892, ""reference"": ""DRE com Realocações!E14"", ""path"": ""documents/Banco_do_Brasil/2026/2T26/Series_Historicas_2T26__5137c248b8ef.xlsx"", ""vintage"": ""2026Q2""}, {""metric"": ""operating_expenses"", ""period"": ""2024Q4"", ""value"": 9501.96829, ""reference"": ""Despesas Administrativas!Y6"", ""path"": ""documents/Banco_do_Brasil/2026/2T26/Series_Historicas_2T26__5137c248b8ef.xlsx"", ""vintage"": ""2026Q2""}]",1010.7270719999979,-357.406312000001,-8696.399370000001,
Banco_do_Brasil,2026Q1,QoQ,2025Q4,BRL_million,-2310.904404,-40.248067029741904,,-129.8166029999993,-887.3583610000051,arithmetic_bridge,Selected income components plus residual; not causal attribution. Accounting/managerial scope and 2025 rule changes may affect comparability.,"[{""metric"": ""net_interest_income"", ""period"": ""2026Q1"", ""value"": 27426.371598, ""reference"": ""DRE com Realocações!F6"", ""path"": ""documents/Banco_do_Brasil/2026/2T26/Series_Historicas_2T26__5137c248b8ef.xlsx"", ""vintage"": ""2026Q2""}, {""metric"": ""net_interest_income"", ""period"": ""2025Q4"", ""value"": 27801.429963, ""reference"": ""DRE com Realocações!E6"", ""path"": ""documents/Banco_do_Brasil/2026/2T26/Series_Historicas_2T26__5137c248b8ef.xlsx"", ""vintage"": ""2026Q2""}, {""metric"": ""fees"", ""period"": ""2026Q1"", ""value"": 8821.278678, ""reference"": ""DRE com Realocações!F13"", ""path"": ""documents/Banco_do_Brasil/2026/2T26/Series_Historicas_2T26__5137c248b8ef.xlsx"", ""vintage"": ""2026Q2""}, {""metric"": ""fees"", ""period"": ""2025Q4"", ""value"": 8834.595376, ""reference"": ""DRE com Realocações!E13"", ""path"": ""documents/Banco_do_Brasil/2026/2T26/Series_Historicas_2T26__5137c248b8ef.xlsx"", ""vintage"": ""2026Q2""}, {""metric"": ""credit_cost"", ""period"": ""2026Q1"", ""value"": 18864.755093, ""reference"": ""DRE com Realocações!F7"", ""path"": ""documents/Banco_do_Brasil/2026/2T26/Series_Historicas_2T26__5137c248b8ef.xlsx"", ""vintage"": ""2026Q2""}, {""metric"": ""credit_cost"", ""period"": ""2025Q4"", ""value"": 17959.400716, ""reference"": ""DRE com Realocações!E7"", ""path"": ""documents/Banco_do_Brasil/2026/2T26/Series_Historicas_2T26__5137c248b8ef.xlsx"", ""vintage"": ""2026Q2""}, {""metric"": ""operating_expenses"", ""period"": ""2026Q1"", ""value"": 10017.415523, ""reference"": ""DRE com Realocações!F14"", ""path"": ""documents/Banco_do_Brasil/2026/2T26/Series_Historicas_2T26__5137c248b8ef.xlsx"", ""vintage"": ""2026Q2""}, {""metric"": ""operating_expenses"", ""period"": ""2025Q4"", ""value"": 9887.59892, ""reference"": ""DRE com Realocações!E14"", ""path"": ""documents/Banco_do_Brasil/2026/2T26/Series_Historicas_2T26__5137c248b8ef.xlsx"", ""vintage"": ""2026Q2""}]",-375.05836499999714,-13.316697999998723,-905.3543769999997,
Banco_do_Brasil,2026Q1,YoY,2025Q1,BRL_million,-3943.2880859999996,-53.4752969332915,,-521.0487199999989,1286.1781139999975,arithmetic_bridge,Selected income components plus residual; not causal attribution. Accounting/managerial scope and 2025 rule changes may affect comparability.,"[{""metric"": ""net_interest_income"", ""period"": ""2026Q1"", ""value"": 27426.371598, ""reference"": ""DRE com Realocações!F6"", ""path"": ""documents/Banco_do_Brasil/2026/2T26/Series_Historicas_2T26__5137c248b8ef.xlsx"", ""vintage"": ""2026Q2""}, {""metric"": ""net_interest_income"", ""period"": ""2025Q1"", ""value"": 23881.380718, ""reference"": ""DRE com Realocações!B6"", ""path"": ""documents/Banco_do_Brasil/2026/2T26/Series_Historicas_2T26__5137c248b8ef.xlsx"", ""vintage"": ""2026Q2""}, {""metric"": ""fees"", ""period"": ""2026Q1"", ""value"": 8821.278678, ""reference"": ""DRE com Realocações!F13"", ""path"": ""documents/Banco_do_Brasil/2026/2T26/Series_Historicas_2T26__5137c248b8ef.xlsx"", ""vintage"": ""2026Q2""}, {""metric"": ""fees"", ""period"": ""2025Q1"", ""value"": 8361.470104, ""reference"": ""DRE com Realocações!B13"", ""path"": ""documents/Banco_do_Brasil/2026/2T26/Series_Historicas_2T26__5137c248b8ef.xlsx"", ""vintage"": ""2026Q2""}, {""metric"": ""credit_cost"", ""period"": ""2026Q1"", ""value"": 18864.755093, ""reference"": ""DRE com Realocações!F7"", ""path"": ""documents/Banco_do_Brasil/2026/2T26/Series_Historicas_2T26__5137c248b8ef.xlsx"", ""vintage"": ""2026Q2""}, {""metric"": ""credit_cost"", ""period"": ""2025Q1"", ""value"": 10151.538159, ""reference"": ""DRE com Realocações!B7"", ""path"": ""documents/Banco_do_Brasil/2026/2T26/Series_Historicas_2T26__5137c248b8ef.xlsx"", ""vintage"": ""2026Q2""}, {""metric"": ""operating_expenses"", ""period"": ""2026Q1"", ""value"": 10017.415523, ""reference"": ""DRE com Realocações!F14"", ""path"": ""documents/Banco_do_Brasil/2026/2T26/Series_Historicas_2T26__5137c248b8ef.xlsx"", ""vintage"": ""2026Q2""}, {""metric"": ""operating_expenses"", ""period"": ""2025Q1"", ""value"": 9496.366803, ""reference"": ""DRE com Realocações!B14"", ""path"": ""documents/Banco_do_Brasil/2026/2T26/Series_Historicas_2T26__5137c248b8ef.xlsx"", ""vintage"": ""2026Q2""}]",3544.990880000001,459.8085740000006,-8713.216934,
Banco_do_Brasil,2026Q2,QoQ,2026Q1,BRL_million,477.00578499999983,13.903839127991395,,-58.481997000000774,-213.28299899999865,arithmetic_bridge,Selected income components plus residual; not causal attribution. Accounting/managerial scope and 2025 rule changes may affect comparability.,"[{""metric"": ""net_interest_income"", ""period"": ""2026Q2"", ""value"": 27482.959983, ""reference"": ""DRE com Realocações!G6"", ""path"": ""documents/Banco_do_Brasil/2026/2T26/Series_Historicas_2T26__5137c248b8ef.xlsx"", ""vintage"": ""2026Q2""}, {""metric"": ""net_interest_income"", ""period"": ""2026Q1"", ""value"": 27426.371598, ""reference"": ""DRE com Realocações!F6"", ""path"": ""documents/Banco_do_Brasil/2026/2T26/Series_Historicas_2T26__5137c248b8ef.xlsx"", ""vintage"": ""2026Q2""}, {""metric"": ""fees"", ""period"": ""2026Q2"", ""value"": 9125.218132, ""reference"": ""DRE com Realocações!G13"", ""path"": ""documents/Banco_do_Brasil/2026/2T26/Series_Historicas_2T26__5137c248b8ef.xlsx"", ""vintage"": ""2026Q2""}, {""metric"": ""fees"", ""period"": ""2026Q1"", ""value"": 8821.278678, ""reference"": ""DRE com Realocações!F13"", ""path"": ""documents/Banco_do_Brasil/2026/2T26/Series_Historicas_2T26__5137c248b8ef.xlsx"", ""vintage"": ""2026Q2""}, {""metric"": ""credit_cost"", ""period"": ""2026Q2"", ""value"": 18476.512151, ""reference"": ""DRE com Realocações!G7"", ""path"": ""documents/Banco_do_Brasil/2026/2T26/Series_Historicas_2T26__5137c248b8ef.xlsx"", ""vintage"": ""2026Q2""}, {""metric"": ""credit_cost"", ""period"": ""2026Q1"", ""value"": 18864.755093, ""reference"": ""DRE com Realocações!F7"", ""path"": ""documents/Banco_do_Brasil/2026/2T26/Series_Historicas_2T26__5137c248b8ef.xlsx"", ""vintage"": ""2026Q2""}, {""metric"": ""operating_expenses"", ""period"": ""2026Q2"", ""value"": 10075.89752, ""reference"": ""DRE com Realocações!G14"", ""path"": ""documents/Banco_do_Brasil/2026/2T26/Series_Historicas_2T26__5137c248b8ef.xlsx"", ""vintage"": ""2026Q2""}, {""metric"": ""operating_expenses"", ""period"": ""2026Q1"", ""value"": 10017.415523, ""reference"": ""DRE com Realocações!F14"", ""path"": ""documents/Banco_do_Brasil/2026/2T26/Series_Historicas_2T26__5137c248b8ef.xlsx"", ""vintage"": ""2026Q2""}]",56.58838499999911,303.9394539999994,388.24294200000077,
Banco_do_Brasil,2026Q2,YoY,2025Q2,BRL_million,123.52368999999999,3.2641690094787372,,-399.8132860000005,317.54960200000096,arithmetic_bridge,Selected income components plus residual; not causal attribution. Accounting/managerial scope and 2025 rule changes may affect comparability.,"[{""metric"": ""net_interest_income"", ""period"": ""2026Q2"", ""value"": 27482.959983, ""reference"": ""DRE com Realocações!G6"", ""path"": ""documents/Banco_do_Brasil/2026/2T26/Series_Historicas_2T26__5137c248b8ef.xlsx"", ""vintage"": ""2026Q2""}, {""metric"": ""net_interest_income"", ""period"": ""2025Q2"", ""value"": 25079.932053, ""reference"": ""DRE com Realocações!C6"", ""path"": ""documents/Banco_do_Brasil/2026/2T26/Series_Historicas_2T26__5137c248b8ef.xlsx"", ""vintage"": ""2026Q2""}, {""metric"": ""fees"", ""period"": ""2026Q2"", ""value"": 9125.218132, ""reference"": ""DRE com Realocações!G13"", ""path"": ""documents/Banco_do_Brasil/2026/2T26/Series_Historicas_2T26__5137c248b8ef.xlsx"", ""vintage"": ""2026Q2""}, {""metric"": ""fees"", ""period"": ""2025Q2"", ""value"": 8753.750615, ""reference"": ""DRE com Realocações!C13"", ""path"": ""documents/Banco_do_Brasil/2026/2T26/Series_Historicas_2T26__5137c248b8ef.xlsx"", ""vintage"": ""2026Q2""}, {""metric"": ""credit_cost"", ""period"": ""2026Q2"", ""value"": 18476.512151, ""reference"": ""DRE com Realocações!G7"", ""path"": ""documents/Banco_do_Brasil/2026/2T26/Series_Historicas_2T26__5137c248b8ef.xlsx"", ""vintage"": ""2026Q2""}, {""metric"": ""credit_cost"", ""period"": ""2025Q2"", ""value"": 15907.804078, ""reference"": ""DRE com Realocações!C7"", ""path"": ""documents/Banco_do_Brasil/2026/2T26/Series_Historicas_2T26__5137c248b8ef.xlsx"", ""vintage"": ""2026Q2""}, {""metric"": ""operating_expenses"", ""period"": ""2026Q2"", ""value"": 10075.89752, ""reference"": ""DRE com Realocações!G14"", ""path"": ""documents/Banco_do_Brasil/2026/2T26/Series_Historicas_2T26__5137c248b8ef.xlsx"", ""vintage"": ""2026Q2""}, {""metric"": ""operating_expenses"", ""period"": ""2025Q2"", ""value"": 9676.084234, ""reference"": ""DRE com Realocações!C14"", ""path"": ""documents/Banco_do_Brasil/2026/2T26/Series_Historicas_2T26__5137c248b8ef.xlsx"", ""vintage"": ""2026Q2""}]",2403.02793,371.46751699999913,-2568.708073,
Bradesco,2024Q2,QoQ,2024Q1,BRL_million,505,11.992400854903824,,-1106,-441,arithmetic_bridge,Selected income components plus residual; not causal attribution. Accounting/managerial scope and 2025 rule changes may affect comparability.,"[{""metric"": ""net_interest_income"", ""period"": ""2024Q2"", ""value"": 15580, ""reference"": ""DRE Recorrente!AL10"", ""path"": ""documents/Bradesco/2026/2T26/Bradesco_2T26_-_Series_Historicas__0e6d77287103.xlsx"", ""vintage"": ""2026Q2""}, {""metric"": ""net_interest_income"", ""period"": ""2024Q1"", ""value"": 15152, ""reference"": ""DRE Recorrente!AK10"", ""path"": ""documents/Bradesco/2026/2T26/Bradesco_2T26_-_Series_Historicas__0e6d77287103.xlsx"", ""vintage"": ""2026Q2""}, {""metric"": ""fees"", ""period"": ""2024Q2"", ""value"": 9317, ""reference"": ""DRE Recorrente!AL23"", ""path"": ""documents/Bradesco/2026/2T26/Bradesco_2T26_-_Series_Historicas__0e6d77287103.xlsx"", ""vintage"": ""2026Q2""}, {""metric"": ""fees"", ""period"": ""2024Q1"", ""value"": 8861, ""reference"": ""DRE Recorrente!AK23"", ""path"": ""documents/Bradesco/2026/2T26/Bradesco_2T26_-_Series_Historicas__0e6d77287103.xlsx"", ""vintage"": ""2026Q2""}, {""metric"": ""credit_cost"", ""period"": ""2024Q2"", ""value"": 7290, ""reference"": ""DRE Recorrente!AL14"", ""path"": ""documents/Bradesco/2026/2T26/Bradesco_2T26_-_Series_Historicas__0e6d77287103.xlsx"", ""vintage"": ""2026Q2""}, {""metric"": ""credit_cost"", ""period"": ""2024Q1"", ""value"": 7811, ""reference"": ""DRE Recorrente!AK14"", ""path"": ""documents/Bradesco/2026/2T26/Bradesco_2T26_-_Series_Historicas__0e6d77287103.xlsx"", ""vintage"": ""2026Q2""}, {""metric"": ""operating_expenses"", ""period"": ""2024Q2"", ""value"": 14466, ""reference"": ""DRE Recorrente!AL25"", ""path"": ""documents/Bradesco/2026/2T26/Bradesco_2T26_-_Series_Historicas__0e6d77287103.xlsx"", ""vintage"": ""2026Q2""}, {""metric"": ""operating_expenses"", ""period"": ""2024Q1"", ""value"": 13360, ""reference"": ""DRE Recorrente!AK25"", ""path"": ""documents/Bradesco/2026/2T26/Bradesco_2T26_-_Series_Historicas__0e6d77287103.xlsx"", ""vintage"": ""2026Q2""}, {""metric"": ""insurance_result"", ""period"": ""2024Q2"", ""value"": 4644, ""reference"": ""DRE Recorrente!AL22"", ""path"": ""documents/Bradesco/2026/2T26/Bradesco_2T26_-_Series_Historicas__0e6d77287103.xlsx"", ""vintage"": ""2026Q2""}, {""metric"": ""insurance_result"", ""period"": ""2024Q1"", ""value"": 3997, ""reference"": ""DRE Recorrente!AK22"", ""path"": ""documents/Bradesco/2026/2T26/Bradesco_2T26_-_Series_Historicas__0e6d77287103.xlsx"", ""vintage"": ""2026Q2""}]",428,456,521,647
Bradesco,2024Q3,QoQ,2024Q2,BRL_million,509,10.793044953350297,,-584,-480,arithmetic_bridge,Selected income components plus residual; not causal attribution. Accounting/managerial scope and 2025 rule changes may affect comparability.,"[{""metric"": ""net_interest_income"", ""period"": ""2024Q3"", ""value"": 15999, ""reference"": ""DRE Recorrente!AM10"", ""path"": ""documents/Bradesco/2026/2T26/Bradesco_2T26_-_Series_Historicas__0e6d77287103.xlsx"", ""vintage"": ""2026Q2""}, {""metric"": ""net_interest_income"", ""period"": ""2024Q2"", ""value"": 15580, ""reference"": ""DRE Recorrente!AL10"", ""path"": ""documents/Bradesco/2026/2T26/Bradesco_2T26_-_Series_Historicas__0e6d77287103.xlsx"", ""vintage"": ""2026Q2""}, {""metric"": ""fees"", ""period"": ""2024Q3"", ""value"": 9904, ""reference"": ""DRE Recorrente!AM23"", ""path"": ""documents/Bradesco/2026/2T26/Bradesco_2T26_-_Series_Historicas__0e6d77287103.xlsx"", ""vintage"": ""2026Q2""}, {""metric"": ""fees"", ""period"": ""2024Q2"", ""value"": 9317, ""reference"": ""DRE Recorrente!AL23"", ""path"": ""documents/Bradesco/2026/2T26/Bradesco_2T26_-_Series_Historicas__0e6d77287103.xlsx"", ""vintage"": ""2026Q2""}, {""metric"": ""credit_cost"", ""period"": ""2024Q3"", ""value"": 7127, ""reference"": ""DRE Recorrente!AM14"", ""path"": ""documents/Bradesco/2026/2T26/Bradesco_2T26_-_Series_Historicas__0e6d77287103.xlsx"", ""vintage"": ""2026Q2""}, {""metric"": ""credit_cost"", ""period"": ""2024Q2"", ""value"": 7290, ""reference"": ""DRE Recorrente!AL14"", ""path"": ""documents/Bradesco/2026/2T26/Bradesco_2T26_-_Series_Historicas__0e6d77287103.xlsx"", ""vintage"": ""2026Q2""}, {""metric"": ""operating_expenses"", ""period"": ""2024Q3"", ""value"": 15050, ""reference"": ""DRE Recorrente!AM25"", ""path"": ""documents/Bradesco/2026/2T26/Bradesco_2T26_-_Series_Historicas__0e6d77287103.xlsx"", ""vintage"": ""2026Q2""}, {""metric"": ""operating_expenses"", ""period"": ""2024Q2"", ""value"": 14466, ""reference"": ""DRE Recorrente!AL25"", ""path"": ""documents/Bradesco/2026/2T26/Bradesco_2T26_-_Series_Historicas__0e6d77287103.xlsx"", ""vintage"": ""2026Q2""}, {""metric"": ""insurance_result"", ""period"": ""2024Q3"", ""value"": 5048, ""reference"": ""DRE Recorrente!AM22"", ""path"": ""documents/Bradesco/2026/2T26/Bradesco_2T26_-_Series_Historicas__0e6d77287103.xlsx"", ""vintage"": ""2026Q2""}, {""metric"": ""insurance_result"", ""period"": ""2024Q2"", ""value"": 4644, ""reference"": ""DRE Recorrente!AL22"", ""path"": ""documents/Bradesco/2026/2T26/Bradesco_2T26_-_Series_Historicas__0e6d77287103.xlsx"", ""vintage"": ""2026Q2""}]",419,587,163,404
Bradesco,2024Q4,QoQ,2024Q3,BRL_million,177,3.38755980861244,,-1368,41,arithmetic_bridge,Selected income components plus residual; not causal attribution. Accounting/managerial scope and 2025 rule changes may affect comparability.,"[{""metric"": ""net_interest_income"", ""period"": ""2024Q4"", ""value"": 16995, ""reference"": ""DRE Recorrente!AN10"", ""path"": ""documents/Bradesco/2026/2T26/Bradesco_2T26_-_Series_Historicas__0e6d77287103.xlsx"", ""vintage"": ""2026Q2""}, {""metric"": ""net_interest_income"", ""period"": ""2024Q3"", ""value"": 15999, ""reference"": ""DRE Recorrente!AM10"", ""path"": ""documents/Bradesco/2026/2T26/Bradesco_2T26_-_Series_Historicas__0e6d77287103.xlsx"", ""vintage"": ""2026Q2""}, {""metric"": ""fees"", ""period"": ""2024Q4"", ""value"": 10262, ""reference"": ""DRE Recorrente!AN23"", ""path"": ""documents/Bradesco/2026/2T26/Bradesco_2T26_-_Series_Historicas__0e6d77287103.xlsx"", ""vintage"": ""2026Q2""}, {""metric"": ""fees"", ""period"": ""2024Q3"", ""value"": 9904, ""reference"": ""DRE Recorrente!AM23"", ""path"": ""documents/Bradesco/2026/2T26/Bradesco_2T26_-_Series_Historicas__0e6d77287103.xlsx"", ""vintage"": ""2026Q2""}, {""metric"": ""credit_cost"", ""period"": ""2024Q4"", ""value"": 7460, ""reference"": ""DRE Recorrente!AN14"", ""path"": ""documents/Bradesco/2026/2T26/Bradesco_2T26_-_Series_Historicas__0e6d77287103.xlsx"", ""vintage"": ""2026Q2""}, {""metric"": ""credit_cost"", ""period"": ""2024Q3"", ""value"": 7127, ""reference"": ""DRE Recorrente!AM14"", ""path"": ""documents/Bradesco/2026/2T26/Bradesco_2T26_-_Series_Historicas__0e6d77287103.xlsx"", ""vintage"": ""2026Q2""}, {""metric"": ""operating_expenses"", ""period"": ""2024Q4"", ""value"": 16418, ""reference"": ""DRE Recorrente!AN25"", ""path"": ""documents/Bradesco/2026/2T26/Bradesco_2T26_-_Series_Historicas__0e6d77287103.xlsx"", ""vintage"": ""2026Q2""}, {""metric"": ""operating_expenses"", ""period"": ""2024Q3"", ""value"": 15050, ""reference"": ""DRE Recorrente!AM25"", ""path"": ""documents/Bradesco/2026/2T26/Bradesco_2T26_-_Series_Historicas__0e6d77287103.xlsx"", ""vintage"": ""2026Q2""}, {""metric"": ""insurance_result"", ""period"": ""2024Q4"", ""value"": 5531, ""reference"": ""DRE Recorrente!AN22"", ""path"": ""documents/Bradesco/2026/2T26/Bradesco_2T26_-_Series_Historicas__0e6d77287103.xlsx"", ""vintage"": ""2026Q2""}, {""metric"": ""insurance_result"", ""period"": ""2024Q3"", ""value"": 5048, ""reference"": ""DRE Recorrente!AM22"", ""path"": ""documents/Bradesco/2026/2T26/Bradesco_2T26_-_Series_Historicas__0e6d77287103.xlsx"", ""vintage"": ""2026Q2""}]",996,358,-333,483
Bradesco,2025Q1,QoQ,2024Q4,BRL_million,462,8.552388004442799,,1412,-285,arithmetic_bridge,Selected income components plus residual; not causal attribution. Accounting/managerial scope and 2025 rule changes may affect comparability.,"[{""metric"": ""net_interest_income"", ""period"": ""2025Q1"", ""value"": 17233, ""reference"": ""4- DRE Recorrente!B10"", ""path"": ""documents/Bradesco/2026/2T26/Bradesco_2T26_-_Series_Historicas__0e6d77287103.xlsx"", ""vintage"": ""2026Q2""}, {""metric"": ""net_interest_income"", ""period"": ""2024Q4"", ""value"": 16995, ""reference"": ""DRE Recorrente!AN10"", ""path"": ""documents/Bradesco/2026/2T26/Bradesco_2T26_-_Series_Historicas__0e6d77287103.xlsx"", ""vintage"": ""2026Q2""}, {""metric"": ""fees"", ""period"": ""2025Q1"", ""value"": 9769, ""reference"": ""4- DRE Recorrente!B19"", ""path"": ""documents/Bradesco/2026/2T26/Bradesco_2T26_-_Series_Historicas__0e6d77287103.xlsx"", ""vintage"": ""2026Q2""}, {""metric"": ""fees"", ""period"": ""2024Q4"", ""value"": 10262, ""reference"": ""DRE Recorrente!AN23"", ""path"": ""documents/Bradesco/2026/2T26/Bradesco_2T26_-_Series_Historicas__0e6d77287103.xlsx"", ""vintage"": ""2026Q2""}, {""metric"": ""credit_cost"", ""period"": ""2025Q1"", ""value"": 7642, ""reference"": ""4- DRE Recorrente!B14"", ""path"": ""documents/Bradesco/2026/2T26/Bradesco_2T26_-_Series_Historicas__0e6d77287103.xlsx"", ""vintage"": ""2026Q2""}, {""metric"": ""credit_cost"", ""period"": ""2024Q4"", ""value"": 7460, ""reference"": ""DRE Recorrente!AN14"", ""path"": ""documents/Bradesco/2026/2T26/Bradesco_2T26_-_Series_Historicas__0e6d77287103.xlsx"", ""vintage"": ""2026Q2""}, {""metric"": ""operating_expenses"", ""period"": ""2025Q1"", ""value"": 15006, ""reference"": ""4- DRE Recorrente!B20"", ""path"": ""documents/Bradesco/2026/2T26/Bradesco_2T26_-_Series_Historicas__0e6d77287103.xlsx"", ""vintage"": ""2026Q2""}, {""metric"": ""operating_expenses"", ""period"": ""2024Q4"", ""value"": 16418, ""reference"": ""DRE Recorrente!AN25"", ""path"": ""documents/Bradesco/2026/2T26/Bradesco_2T26_-_Series_Historicas__0e6d77287103.xlsx"", ""vintage"": ""2026Q2""}, {""metric"": ""insurance_result"", ""period"": ""2025Q1"", ""value"": 5303, ""reference"": ""4- DRE Recorrente!B18"", ""path"": ""documents/Bradesco/2026/2T26/Bradesco_2T26_-_Series_Historicas__0e6d77287103.xlsx"", ""vintage"": ""2026Q2""}, {""metric"": ""insurance_result"", ""period"": ""2024Q4"", ""value"": 5531, ""reference"": ""DRE Recorrente!AN22"", ""path"": ""documents/Bradesco/2026/2T26/Bradesco_2T26_-_Series_Historicas__0e6d77287103.xlsx"", ""vintage"": ""2026Q2""}]",238,-493,-182,-228
Bradesco,2025Q1,YoY,2024Q1,BRL_million,1653,39.25433388743766,,-1646,-1165,arithmetic_bridge,Selected income components plus residual; not causal attribution. Accounting/managerial scope and 2025 rule changes may affect comparability.,"[{""metric"": ""net_interest_income"", ""period"": ""2025Q1"", ""value"": 17233, ""reference"": ""4- DRE Recorrente!B10"", ""path"": ""documents/Bradesco/2026/2T26/Bradesco_2T26_-_Series_Historicas__0e6d77287103.xlsx"", ""vintage"": ""2026Q2""}, {""metric"": ""net_interest_income"", ""period"": ""2024Q1"", ""value"": 15152, ""reference"": ""DRE Recorrente!AK10"", ""path"": ""documents/Bradesco/2026/2T26/Bradesco_2T26_-_Series_Historicas__0e6d77287103.xlsx"", ""vintage"": ""2026Q2""}, {""metric"": ""fees"", ""period"": ""2025Q1"", ""value"": 9769, ""reference"": ""4- DRE Recorrente!B19"", ""path"": ""documents/Bradesco/2026/2T26/Bradesco_2T26_-_Series_Historicas__0e6d77287103.xlsx"", ""vintage"": ""2026Q2""}, {""metric"": ""fees"", ""period"": ""2024Q1"", ""value"": 8861, ""reference"": ""DRE Recorrente!AK23"", ""path"": ""documents/Bradesco/2026/2T26/Bradesco_2T26_-_Series_Historicas__0e6d77287103.xlsx"", ""vintage"": ""2026Q2""}, {""metric"": ""credit_cost"", ""period"": ""2025Q1"", ""value"": 7642, ""reference"": ""4- DRE Recorrente!B14"", ""path"": ""documents/Bradesco/2026/2T26/Bradesco_2T26_-_Series_Historicas__0e6d77287103.xlsx"", ""vintage"": ""2026Q2""}, {""metric"": ""credit_cost"", ""period"": ""2024Q1"", ""value"": 7811, ""reference"": ""DRE Recorrente!AK14"", ""path"": ""documents/Bradesco/2026/2T26/Bradesco_2T26_-_Series_Historicas__0e6d77287103.xlsx"", ""vintage"": ""2026Q2""}, {""metric"": ""operating_expenses"", ""period"": ""2025Q1"", ""value"": 15006, ""reference"": ""4- DRE Recorrente!B20"", ""path"": ""documents/Bradesco/2026/2T26/Bradesco_2T26_-_Series_Historicas__0e6d77287103.xlsx"", ""vintage"": ""2026Q2""}, {""metric"": ""operating_expenses"", ""period"": ""2024Q1"", ""value"": 13360, ""reference"": ""DRE Recorrente!AK25"", ""path"": ""documents/Bradesco/2026/2T26/Bradesco_2T26_-_Series_Historicas__0e6d77287103.xlsx"", ""vintage"": ""2026Q2""}, {""metric"": ""insurance_result"", ""period"": ""2025Q1"", ""value"": 5303, ""reference"": ""4- DRE Recorrente!B18"", ""path"": ""documents/Bradesco/2026/2T26/Bradesco_2T26_-_Series_Historicas__0e6d77287103.xlsx"", ""vintage"": ""2026Q2""}, {""metric"": ""insurance_result"", ""period"": ""2024Q1"", ""value"": 3997, ""reference"": ""DRE Recorrente!AK22"", ""path"": ""documents/Bradesco/2026/2T26/Bradesco_2T26_-_Series_Historicas__0e6d77287103.xlsx"", ""vintage"": ""2026Q2""}]",2081,908,169,1306
Bradesco,2025Q2,QoQ,2025Q1,BRL_million,203,3.461800818553888,,-892,-101,arithmetic_bridge,Selected income components plus residual; not causal attribution. Accounting/managerial scope and 2025 rule changes may affect comparability.,"[{""metric"": ""net_interest_income"", ""period"": ""2025Q2"", ""value"": 18044, ""reference"": ""4- DRE Recorrente!C10"", ""path"": ""documents/Bradesco/2026/2T26/Bradesco_2T26_-_Series_Historicas__0e6d77287103.xlsx"", ""vintage"": ""2026Q2""}, {""metric"": ""net_interest_income"", ""period"": ""2025Q1"", ""value"": 17233, ""reference"": ""4- DRE Recorrente!B10"", ""path"": ""documents/Bradesco/2026/2T26/Bradesco_2T26_-_Series_Historicas__0e6d77287103.xlsx"", ""vintage"": ""2026Q2""}, {""metric"": ""fees"", ""period"": ""2025Q2"", ""value"": 10307, ""reference"": ""4- DRE Recorrente!C19"", ""path"": ""documents/Bradesco/2026/2T26/Bradesco_2T26_-_Series_Historicas__0e6d77287103.xlsx"", ""vintage"": ""2026Q2""}, {""metric"": ""fees"", ""period"": ""2025Q1"", ""value"": 9769, ""reference"": ""4- DRE Recorrente!B19"", ""path"": ""documents/Bradesco/2026/2T26/Bradesco_2T26_-_Series_Historicas__0e6d77287103.xlsx"", ""vintage"": ""2026Q2""}, {""metric"": ""credit_cost"", ""period"": ""2025Q2"", ""value"": 8142, ""reference"": ""4- DRE Recorrente!C14"", ""path"": ""documents/Bradesco/2026/2T26/Bradesco_2T26_-_Series_Historicas__0e6d77287103.xlsx"", ""vintage"": ""2026Q2""}, {""metric"": ""credit_cost"", ""period"": ""2025Q1"", ""value"": 7642, ""reference"": ""4- DRE Recorrente!B14"", ""path"": ""documents/Bradesco/2026/2T26/Bradesco_2T26_-_Series_Historicas__0e6d77287103.xlsx"", ""vintage"": ""2026Q2""}, {""metric"": ""operating_expenses"", ""period"": ""2025Q2"", ""value"": 15898, ""reference"": ""4- DRE Recorrente!C20"", ""path"": ""documents/Bradesco/2026/2T26/Bradesco_2T26_-_Series_Historicas__0e6d77287103.xlsx"", ""vintage"": ""2026Q2""}, {""metric"": ""operating_expenses"", ""period"": ""2025Q1"", ""value"": 15006, ""reference"": ""4- DRE Recorrente!B20"", ""path"": ""documents/Bradesco/2026/2T26/Bradesco_2T26_-_Series_Historicas__0e6d77287103.xlsx"", ""vintage"": ""2026Q2""}, {""metric"": ""insurance_result"", ""period"": ""2025Q2"", ""value"": 5650, ""reference"": ""4- DRE Recorrente!C18"", ""path"": ""documents/Bradesco/2026/2T26/Bradesco_2T26_-_Series_Historicas__0e6d77287103.xlsx"", ""vintage"": ""2026Q2""}, {""metric"": ""insurance_result"", ""period"": ""2025Q1"", ""value"": 5303, ""reference"": ""4- DRE Recorrente!B18"", ""path"": ""documents/Bradesco/2026/2T26/Bradesco_2T26_-_Series_Historicas__0e6d77287103.xlsx"", ""vintage"": ""2026Q2""}]",811,538,-500,347
Bradesco,2025Q2,YoY,2024Q2,BRL_million,1351,28.64715860899067,,-1432,-825,arithmetic_bridge,Selected income components plus residual; not causal attribution. Accounting/managerial scope and 2025 rule changes may affect comparability.,"[{""metric"": ""net_interest_income"", ""period"": ""2025Q2"", ""value"": 18044, ""reference"": ""4- DRE Recorrente!C10"", ""path"": ""documents/Bradesco/2026/2T26/Bradesco_2T26_-_Series_Historicas__0e6d77287103.xlsx"", ""vintage"": ""2026Q2""}, {""metric"": ""net_interest_income"", ""period"": ""2024Q2"", ""value"": 15580, ""reference"": ""DRE Recorrente!AL10"", ""path"": ""documents/Bradesco/2026/2T26/Bradesco_2T26_-_Series_Historicas__0e6d77287103.xlsx"", ""vintage"": ""2026Q2""}, {""metric"": ""fees"", ""period"": ""2025Q2"", ""value"": 10307, ""reference"": ""4- DRE Recorrente!C19"", ""path"": ""documents/Bradesco/2026/2T26/Bradesco_2T26_-_Series_Historicas__0e6d77287103.xlsx"", ""vintage"": ""2026Q2""}, {""metric"": ""fees"", ""period"": ""2024Q2"", ""value"": 9317, ""reference"": ""DRE Recorrente!AL23"", ""path"": ""documents/Bradesco/2026/2T26/Bradesco_2T26_-_Series_Historicas__0e6d77287103.xlsx"", ""vintage"": ""2026Q2""}, {""metric"": ""credit_cost"", ""period"": ""2025Q2"", ""value"": 8142, ""reference"": ""4- DRE Recorrente!C14"", ""path"": ""documents/Bradesco/2026/2T26/Bradesco_2T26_-_Series_Historicas__0e6d77287103.xlsx"", ""vintage"": ""2026Q2""}, {""metric"": ""credit_cost"", ""period"": ""2024Q2"", ""value"": 7290, ""reference"": ""DRE Recorrente!AL14"", ""path"": ""documents/Bradesco/2026/2T26/Bradesco_2T26_-_Series_Historicas__0e6d77287103.xlsx"", ""vintage"": ""2026Q2""}, {""metric"": ""operating_expenses"", ""period"": ""2025Q2"", ""value"": 15898, ""reference"": ""4- DRE Recorrente!C20"", ""path"": ""documents/Bradesco/2026/2T26/Bradesco_2T26_-_Series_Historicas__0e6d77287103.xlsx"", ""vintage"": ""2026Q2""}, {""metric"": ""operating_expenses"", ""period"": ""2024Q2"", ""value"": 14466, ""reference"": ""DRE Recorrente!AL25"", ""path"": ""documents/Bradesco/2026/2T26/Bradesco_2T26_-_Series_Historicas__0e6d77287103.xlsx"", ""vintage"": ""2026Q2""}, {""metric"": ""insurance_result"", ""period"": ""2025Q2"", ""value"": 5650, ""reference"": ""4- DRE Recorrente!C18"", ""path"": ""documents/Bradesco/2026/2T26/Bradesco_2T26_-_Series_Historicas__0e6d77287103.xlsx"", ""vintage"": ""2026Q2""}, {""metric"": ""insurance_result"", ""period"": ""2024Q2"", ""value"": 4644, ""reference"": ""DRE Recorrente!AL22"", ""path"": ""documents/Bradesco/2026/2T26/Bradesco_2T26_-_Series_Historicas__0e6d77287103.xlsx"", ""vintage"": ""2026Q2""}]",2464,990,-852,1006
Bradesco,2025Q3,QoQ,2025Q2,BRL_million,138,2.2746002966869954,,-590,139,arithmetic_bridge,Selected income components plus residual; not causal attribution. Accounting/managerial scope and 2025 rule changes may affect comparability.,"[{""metric"": ""net_interest_income"", ""period"": ""2025Q3"", ""value"": 18710, ""reference"": ""4- DRE Recorrente!D10"", ""path"": ""documents/Bradesco/2026/2T26/Bradesco_2T26_-_Series_Historicas__0e6d77287103.xlsx"", ""vintage"": ""2026Q2""}, {""metric"": ""net_interest_income"", ""period"": ""2025Q2"", ""value"": 18044, ""reference"": ""4- DRE Recorrente!C10"", ""path"": ""documents/Bradesco/2026/2T26/Bradesco_2T26_-_Series_Historicas__0e6d77287103.xlsx"", ""vintage"": ""2026Q2""}, {""metric"": ""fees"", ""period"": ""2025Q3"", ""value"": 10592, ""reference"": ""4- DRE Recorrente!D19"", ""path"": ""documents/Bradesco/2026/2T26/Bradesco_2T26_-_Series_Historicas__0e6d77287103.xlsx"", ""vintage"": ""2026Q2""}, {""metric"": ""fees"", ""period"": ""2025Q2"", ""value"": 10307, ""reference"": ""4- DRE Recorrente!C19"", ""path"": ""documents/Bradesco/2026/2T26/Bradesco_2T26_-_Series_Historicas__0e6d77287103.xlsx"", ""vintage"": ""2026Q2""}, {""metric"": ""credit_cost"", ""period"": ""2025Q3"", ""value"": 8560, ""reference"": ""4- DRE Recorrente!D14"", ""path"": ""documents/Bradesco/2026/2T26/Bradesco_2T26_-_Series_Historicas__0e6d77287103.xlsx"", ""vintage"": ""2026Q2""}, {""metric"": ""credit_cost"", ""period"": ""2025Q2"", ""value"": 8142, ""reference"": ""4- DRE Recorrente!C14"", ""path"": ""documents/Bradesco/2026/2T26/Bradesco_2T26_-_Series_Historicas__0e6d77287103.xlsx"", ""vintage"": ""2026Q2""}, {""metric"": ""operating_expenses"", ""period"": ""2025Q3"", ""value"": 16488, ""reference"": ""4- DRE Recorrente!D20"", ""path"": ""documents/Bradesco/2026/2T26/Bradesco_2T26_-_Series_Historicas__0e6d77287103.xlsx"", ""vintage"": ""2026Q2""}, {""metric"": ""operating_expenses"", ""period"": ""2025Q2"", ""value"": 15898, ""reference"": ""4- DRE Recorrente!C20"", ""path"": ""documents/Bradesco/2026/2T26/Bradesco_2T26_-_Series_Historicas__0e6d77287103.xlsx"", ""vintage"": ""2026Q2""}, {""metric"": ""insurance_result"", ""period"": ""2025Q3"", ""value"": 5706, ""reference"": ""4- DRE Recorrente!D18"", ""path"": ""documents/Bradesco/2026/2T26/Bradesco_2T26_-_Series_Historicas__0e6d77287103.xlsx"", ""vintage"": ""2026Q2""}, {""metric"": ""insurance_result"", ""period"": ""2025Q2"", ""value"": 5650, ""reference"": ""4- DRE Recorrente!C18"", ""path"": ""documents/Bradesco/2026/2T26/Bradesco_2T26_-_Series_Historicas__0e6d77287103.xlsx"", ""vintage"": ""2026Q2""}]",666,285,-418,56
Bradesco,2025Q3,YoY,2024Q3,BRL_million,980,18.75598086124402,,-1438,-206,arithmetic_bridge,Selected income components plus residual; not causal attribution. Accounting/managerial scope and 2025 rule changes may affect comparability.,"[{""metric"": ""net_interest_income"", ""period"": ""2025Q3"", ""value"": 18710, ""reference"": ""4- DRE Recorrente!D10"", ""path"": ""documents/Bradesco/2026/2T26/Bradesco_2T26_-_Series_Historicas__0e6d77287103.xlsx"", ""vintage"": ""2026Q2""}, {""metric"": ""net_interest_income"", ""period"": ""2024Q3"", ""value"": 15999, ""reference"": ""DRE Recorrente!AM10"", ""path"": ""documents/Bradesco/2026/2T26/Bradesco_2T26_-_Series_Historicas__0e6d77287103.xlsx"", ""vintage"": ""2026Q2""}, {""metric"": ""fees"", ""period"": ""2025Q3"", ""value"": 10592, ""reference"": ""4- DRE Recorrente!D19"", ""path"": ""documents/Bradesco/2026/2T26/Bradesco_2T26_-_Series_Historicas__0e6d77287103.xlsx"", ""vintage"": ""2026Q2""}, {""metric"": ""fees"", ""period"": ""2024Q3"", ""value"": 9904, ""reference"": ""DRE Recorrente!AM23"", ""path"": ""documents/Bradesco/2026/2T26/Bradesco_2T26_-_Series_Historicas__0e6d77287103.xlsx"", ""vintage"": ""2026Q2""}, {""metric"": ""credit_cost"", ""period"": ""2025Q3"", ""value"": 8560, ""reference"": ""4- DRE Recorrente!D14"", ""path"": ""documents/Bradesco/2026/2T26/Bradesco_2T26_-_Series_Historicas__0e6d77287103.xlsx"", ""vintage"": ""2026Q2""}, {""metric"": ""credit_cost"", ""period"": ""2024Q3"", ""value"": 7127, ""reference"": ""DRE Recorrente!AM14"", ""path"": ""documents/Bradesco/2026/2T26/Bradesco_2T26_-_Series_Historicas__0e6d77287103.xlsx"", ""vintage"": ""2026Q2""}, {""metric"": ""operating_expenses"", ""period"": ""2025Q3"", ""value"": 16488, ""reference"": ""4- DRE Recorrente!D20"", ""path"": ""documents/Bradesco/2026/2T26/Bradesco_2T26_-_Series_Historicas__0e6d77287103.xlsx"", ""vintage"": ""2026Q2""}, {""metric"": ""operating_expenses"", ""period"": ""2024Q3"", ""value"": 15050, ""reference"": ""DRE Recorrente!AM25"", ""path"": ""documents/Bradesco/2026/2T26/Bradesco_2T26_-_Series_Historicas__0e6d77287103.xlsx"", ""vintage"": ""2026Q2""}, {""metric"": ""insurance_result"", ""period"": ""2025Q3"", ""value"": 5706, ""reference"": ""4- DRE Recorrente!D18"", ""path"": ""documents/Bradesco/2026/2T26/Bradesco_2T26_-_Series_Historicas__0e6d77287103.xlsx"", ""vintage"": ""2026Q2""}, {""metric"": ""insurance_result"", ""period"": ""2024Q3"", ""value"": 5048, ""reference"": ""DRE Recorrente!AM22"", ""path"": ""documents/Bradesco/2026/2T26/Bradesco_2T26_-_Series_Historicas__0e6d77287103.xlsx"", ""vintage"": ""2026Q2""}]",2711,688,-1433,658
Bradesco,2025Q4,QoQ,2025Q3,BRL_million,311,5.012087026591458,,-470,79,arithmetic_bridge,Selected income components plus residual; not causal attribution. Accounting/managerial scope and 2025 rule changes may affect comparability.,"[{""metric"": ""net_interest_income"", ""period"": ""2025Q4"", ""value"": 19245, ""reference"": ""4- DRE Recorrente!E10"", ""path"": ""documents/Bradesco/2026/2T26/Bradesco_2T26_-_Series_Historicas__0e6d77287103.xlsx"", ""vintage"": ""2026Q2""}, {""metric"": ""net_interest_income"", ""period"": ""2025Q3"", ""value"": 18710, ""reference"": ""4- DRE Recorrente!D10"", ""path"": ""documents/Bradesco/2026/2T26/Bradesco_2T26_-_Series_Historicas__0e6d77287103.xlsx"", ""vintage"": ""2026Q2""}, {""metric"": ""fees"", ""period"": ""2025Q4"", ""value"": 11084, ""reference"": ""4- DRE Recorrente!E19"", ""path"": ""documents/Bradesco/2026/2T26/Bradesco_2T26_-_Series_Historicas__0e6d77287103.xlsx"", ""vintage"": ""2026Q2""}, {""metric"": ""fees"", ""period"": ""2025Q3"", ""value"": 10592, ""reference"": ""4- DRE Recorrente!D19"", ""path"": ""documents/Bradesco/2026/2T26/Bradesco_2T26_-_Series_Historicas__0e6d77287103.xlsx"", ""vintage"": ""2026Q2""}, {""metric"": ""credit_cost"", ""period"": ""2025Q4"", ""value"": 8828, ""reference"": ""4- DRE Recorrente!E14"", ""path"": ""documents/Bradesco/2026/2T26/Bradesco_2T26_-_Series_Historicas__0e6d77287103.xlsx"", ""vintage"": ""2026Q2""}, {""metric"": ""credit_cost"", ""period"": ""2025Q3"", ""value"": 8560, ""reference"": ""4- DRE Recorrente!D14"", ""path"": ""documents/Bradesco/2026/2T26/Bradesco_2T26_-_Series_Historicas__0e6d77287103.xlsx"", ""vintage"": ""2026Q2""}, {""metric"": ""operating_expenses"", ""period"": ""2025Q4"", ""value"": 16958, ""reference"": ""4- DRE Recorrente!E20"", ""path"": ""documents/Bradesco/2026/2T26/Bradesco_2T26_-_Series_Historicas__0e6d77287103.xlsx"", ""vintage"": ""2026Q2""}, {""metric"": ""operating_expenses"", ""period"": ""2025Q3"", ""value"": 16488, ""reference"": ""4- DRE Recorrente!D20"", ""path"": ""documents/Bradesco/2026/2T26/Bradesco_2T26_-_Series_Historicas__0e6d77287103.xlsx"", ""vintage"": ""2026Q2""}, {""metric"": ""insurance_result"", ""period"": ""2025Q4"", ""value"": 5649, ""reference"": ""4- DRE Recorrente!E18"", ""path"": ""documents/Bradesco/2026/2T26/Bradesco_2T26_-_Series_Historicas__0e6d77287103.xlsx"", ""vintage"": ""2026Q2""}, {""metric"": ""insurance_result"", ""period"": ""2025Q3"", ""value"": 5706, ""reference"": ""4- DRE Recorrente!D18"", ""path"": ""documents/Bradesco/2026/2T26/Bradesco_2T26_-_Series_Historicas__0e6d77287103.xlsx"", ""vintage"": ""2026Q2""}]",535,492,-268,-57
Bradesco,2025Q4,YoY,2024Q4,BRL_million,1114,20.62199185486857,,-540,-168,arithmetic_bridge,Selected income components plus residual; not causal attribution. Accounting/managerial scope and 2025 rule changes may affect comparability.,"[{""metric"": ""net_interest_income"", ""period"": ""2025Q4"", ""value"": 19245, ""reference"": ""4- DRE Recorrente!E10"", ""path"": ""documents/Bradesco/2026/2T26/Bradesco_2T26_-_Series_Historicas__0e6d77287103.xlsx"", ""vintage"": ""2026Q2""}, {""metric"": ""net_interest_income"", ""period"": ""2024Q4"", ""value"": 16995, ""reference"": ""DRE Recorrente!AN10"", ""path"": ""documents/Bradesco/2026/2T26/Bradesco_2T26_-_Series_Historicas__0e6d77287103.xlsx"", ""vintage"": ""2026Q2""}, {""metric"": ""fees"", ""period"": ""2025Q4"", ""value"": 11084, ""reference"": ""4- DRE Recorrente!E19"", ""path"": ""documents/Bradesco/2026/2T26/Bradesco_2T26_-_Series_Historicas__0e6d77287103.xlsx"", ""vintage"": ""2026Q2""}, {""metric"": ""fees"", ""period"": ""2024Q4"", ""value"": 10262, ""reference"": ""DRE Recorrente!AN23"", ""path"": ""documents/Bradesco/2026/2T26/Bradesco_2T26_-_Series_Historicas__0e6d77287103.xlsx"", ""vintage"": ""2026Q2""}, {""metric"": ""credit_cost"", ""period"": ""2025Q4"", ""value"": 8828, ""reference"": ""4- DRE Recorrente!E14"", ""path"": ""documents/Bradesco/2026/2T26/Bradesco_2T26_-_Series_Historicas__0e6d77287103.xlsx"", ""vintage"": ""2026Q2""}, {""metric"": ""credit_cost"", ""period"": ""2024Q4"", ""value"": 7460, ""reference"": ""DRE Recorrente!AN14"", ""path"": ""documents/Bradesco/2026/2T26/Bradesco_2T26_-_Series_Historicas__0e6d77287103.xlsx"", ""vintage"": ""2026Q2""}, {""metric"": ""operating_expenses"", ""period"": ""2025Q4"", ""value"": 16958, ""reference"": ""4- DRE Recorrente!E20"", ""path"": ""documents/Bradesco/2026/2T26/Bradesco_2T26_-_Series_Historicas__0e6d77287103.xlsx"", ""vintage"": ""2026Q2""}, {""metric"": ""operating_expenses"", ""period"": ""2024Q4"", ""value"": 16418, ""reference"": ""DRE Recorrente!AN25"", ""path"": ""documents/Bradesco/2026/2T26/Bradesco_2T26_-_Series_Historicas__0e6d77287103.xlsx"", ""vintage"": ""2026Q2""}, {""metric"": ""insurance_result"", ""period"": ""2025Q4"", ""value"": 5649, ""reference"": ""4- DRE Recorrente!E18"", ""path"": ""documents/Bradesco/2026/2T26/Bradesco_2T26_-_Series_Historicas__0e6d77287103.xlsx"", ""vintage"": ""2026Q2""}, {""metric"": ""insurance_result"", ""period"": ""2024Q4"", ""value"": 5531, ""reference"": ""DRE Recorrente!AN22"", ""path"": ""documents/Bradesco/2026/2T26/Bradesco_2T26_-_Series_Historicas__0e6d77287103.xlsx"", ""vintage"": ""2026Q2""}]",2250,822,-1368,118
Bradesco,2026Q1,QoQ,2025Q4,BRL_million,295,4.52731737262124,,780,-476,arithmetic_bridge,Selected income components plus residual; not causal attribution. Accounting/managerial scope and 2025 rule changes may affect comparability.,"[{""metric"": ""net_interest_income"", ""period"": ""2026Q1"", ""value"": 20051, ""reference"": ""4- DRE Recorrente!F10"", ""path"": ""documents/Bradesco/2026/2T26/Bradesco_2T26_-_Series_Historicas__0e6d77287103.xlsx"", ""vintage"": ""2026Q2""}, {""metric"": ""net_interest_income"", ""period"": ""2025Q4"", ""value"": 19245, ""reference"": ""4- DRE Recorrente!E10"", ""path"": ""documents/Bradesco/2026/2T26/Bradesco_2T26_-_Series_Historicas__0e6d77287103.xlsx"", ""vintage"": ""2026Q2""}, {""metric"": ""fees"", ""period"": ""2026Q1"", ""value"": 10373, ""reference"": ""4- DRE Recorrente!F19"", ""path"": ""documents/Bradesco/2026/2T26/Bradesco_2T26_-_Series_Historicas__0e6d77287103.xlsx"", ""vintage"": ""2026Q2""}, {""metric"": ""fees"", ""period"": ""2025Q4"", ""value"": 11084, ""reference"": ""4- DRE Recorrente!E19"", ""path"": ""documents/Bradesco/2026/2T26/Bradesco_2T26_-_Series_Historicas__0e6d77287103.xlsx"", ""vintage"": ""2026Q2""}, {""metric"": ""credit_cost"", ""period"": ""2026Q1"", ""value"": 9667, ""reference"": ""4- DRE Recorrente!F14"", ""path"": ""documents/Bradesco/2026/2T26/Bradesco_2T26_-_Series_Historicas__0e6d77287103.xlsx"", ""vintage"": ""2026Q2""}, {""metric"": ""credit_cost"", ""period"": ""2025Q4"", ""value"": 8828, ""reference"": ""4- DRE Recorrente!E14"", ""path"": ""documents/Bradesco/2026/2T26/Bradesco_2T26_-_Series_Historicas__0e6d77287103.xlsx"", ""vintage"": ""2026Q2""}, {""metric"": ""operating_expenses"", ""period"": ""2026Q1"", ""value"": 16178, ""reference"": ""4- DRE Recorrente!F20"", ""path"": ""documents/Bradesco/2026/2T26/Bradesco_2T26_-_Series_Historicas__0e6d77287103.xlsx"", ""vintage"": ""2026Q2""}, {""metric"": ""operating_expenses"", ""period"": ""2025Q4"", ""value"": 16958, ""reference"": ""4- DRE Recorrente!E20"", ""path"": ""documents/Bradesco/2026/2T26/Bradesco_2T26_-_Series_Historicas__0e6d77287103.xlsx"", ""vintage"": ""2026Q2""}, {""metric"": ""insurance_result"", ""period"": ""2026Q1"", ""value"": 6384, ""reference"": ""4- DRE Recorrente!F18"", ""path"": ""documents/Bradesco/2026/2T26/Bradesco_2T26_-_Series_Historicas__0e6d77287103.xlsx"", ""vintage"": ""2026Q2""}, {""metric"": ""insurance_result"", ""period"": ""2025Q4"", ""value"": 5649, ""reference"": ""4- DRE Recorrente!E18"", ""path"": ""documents/Bradesco/2026/2T26/Bradesco_2T26_-_Series_Historicas__0e6d77287103.xlsx"", ""vintage"": ""2026Q2""}]",806,-711,-839,735
Bradesco,2026Q1,YoY,2025Q1,BRL_million,947,16.149386084583902,,-1172,-359,arithmetic_bridge,Selected income components plus residual; not causal attribution. Accounting/managerial scope and 2025 rule changes may affect comparability.,"[{""metric"": ""net_interest_income"", ""period"": ""2026Q1"", ""value"": 20051, ""reference"": ""4- DRE Recorrente!F10"", ""path"": ""documents/Bradesco/2026/2T26/Bradesco_2T26_-_Series_Historicas__0e6d77287103.xlsx"", ""vintage"": ""2026Q2""}, {""metric"": ""net_interest_income"", ""period"": ""2025Q1"", ""value"": 17233, ""reference"": ""4- DRE Recorrente!B10"", ""path"": ""documents/Bradesco/2026/2T26/Bradesco_2T26_-_Series_Historicas__0e6d77287103.xlsx"", ""vintage"": ""2026Q2""}, {""metric"": ""fees"", ""period"": ""2026Q1"", ""value"": 10373, ""reference"": ""4- DRE Recorrente!F19"", ""path"": ""documents/Bradesco/2026/2T26/Bradesco_2T26_-_Series_Historicas__0e6d77287103.xlsx"", ""vintage"": ""2026Q2""}, {""metric"": ""fees"", ""period"": ""2025Q1"", ""value"": 9769, ""reference"": ""4- DRE Recorrente!B19"", ""path"": ""documents/Bradesco/2026/2T26/Bradesco_2T26_-_Series_Historicas__0e6d77287103.xlsx"", ""vintage"": ""2026Q2""}, {""metric"": ""credit_cost"", ""period"": ""2026Q1"", ""value"": 9667, ""reference"": ""4- DRE Recorrente!F14"", ""path"": ""documents/Bradesco/2026/2T26/Bradesco_2T26_-_Series_Historicas__0e6d77287103.xlsx"", ""vintage"": ""2026Q2""}, {""metric"": ""credit_cost"", ""period"": ""2025Q1"", ""value"": 7642, ""reference"": ""4- DRE Recorrente!B14"", ""path"": ""documents/Bradesco/2026/2T26/Bradesco_2T26_-_Series_Historicas__0e6d77287103.xlsx"", ""vintage"": ""2026Q2""}, {""metric"": ""operating_expenses"", ""period"": ""2026Q1"", ""value"": 16178, ""reference"": ""4- DRE Recorrente!F20"", ""path"": ""documents/Bradesco/2026/2T26/Bradesco_2T26_-_Series_Historicas__0e6d77287103.xlsx"", ""vintage"": ""2026Q2""}, {""metric"": ""operating_expenses"", ""period"": ""2025Q1"", ""value"": 15006, ""reference"": ""4- DRE Recorrente!B20"", ""path"": ""documents/Bradesco/2026/2T26/Bradesco_2T26_-_Series_Historicas__0e6d77287103.xlsx"", ""vintage"": ""2026Q2""}, {""metric"": ""insurance_result"", ""period"": ""2026Q1"", ""value"": 6384, ""reference"": ""4- DRE Recorrente!F18"", ""path"": ""documents/Bradesco/2026/2T26/Bradesco_2T26_-_Series_Historicas__0e6d77287103.xlsx"", ""vintage"": ""2026Q2""}, {""metric"": ""insurance_result"", ""period"": ""2025Q1"", ""value"": 5303, ""reference"": ""4- DRE Recorrente!B18"", ""path"": ""documents/Bradesco/2026/2T26/Bradesco_2T26_-_Series_Historicas__0e6d77287103.xlsx"", ""vintage"": ""2026Q2""}]",2818,604,-2025,1081
Bradesco,2026Q2,QoQ,2026Q1,BRL_million,239,3.5090295110850094,,-258,146,arithmetic_bridge,Selected income components plus residual; not causal attribution. Accounting/managerial scope and 2025 rule changes may affect comparability.,"[{""metric"": ""net_interest_income"", ""period"": ""2026Q2"", ""value"": 20872, ""reference"": ""4- DRE Recorrente!G10"", ""path"": ""documents/Bradesco/2026/2T26/Bradesco_2T26_-_Series_Historicas__0e6d77287103.xlsx"", ""vintage"": ""2026Q2""}, {""metric"": ""net_interest_income"", ""period"": ""2026Q1"", ""value"": 20051, ""reference"": ""4- DRE Recorrente!F10"", ""path"": ""documents/Bradesco/2026/2T26/Bradesco_2T26_-_Series_Historicas__0e6d77287103.xlsx"", ""vintage"": ""2026Q2""}, {""metric"": ""fees"", ""period"": ""2026Q2"", ""value"": 10486, ""reference"": ""4- DRE Recorrente!G19"", ""path"": ""documents/Bradesco/2026/2T26/Bradesco_2T26_-_Series_Historicas__0e6d77287103.xlsx"", ""vintage"": ""2026Q2""}, {""metric"": ""fees"", ""period"": ""2026Q1"", ""value"": 10373, ""reference"": ""4- DRE Recorrente!F19"", ""path"": ""documents/Bradesco/2026/2T26/Bradesco_2T26_-_Series_Historicas__0e6d77287103.xlsx"", ""vintage"": ""2026Q2""}, {""metric"": ""credit_cost"", ""period"": ""2026Q2"", ""value"": 9985, ""reference"": ""4- DRE Recorrente!G14"", ""path"": ""documents/Bradesco/2026/2T26/Bradesco_2T26_-_Series_Historicas__0e6d77287103.xlsx"", ""vintage"": ""2026Q2""}, {""metric"": ""credit_cost"", ""period"": ""2026Q1"", ""value"": 9667, ""reference"": ""4- DRE Recorrente!F14"", ""path"": ""documents/Bradesco/2026/2T26/Bradesco_2T26_-_Series_Historicas__0e6d77287103.xlsx"", ""vintage"": ""2026Q2""}, {""metric"": ""operating_expenses"", ""period"": ""2026Q2"", ""value"": 16436, ""reference"": ""4- DRE Recorrente!G20"", ""path"": ""documents/Bradesco/2026/2T26/Bradesco_2T26_-_Series_Historicas__0e6d77287103.xlsx"", ""vintage"": ""2026Q2""}, {""metric"": ""operating_expenses"", ""period"": ""2026Q1"", ""value"": 16178, ""reference"": ""4- DRE Recorrente!F20"", ""path"": ""documents/Bradesco/2026/2T26/Bradesco_2T26_-_Series_Historicas__0e6d77287103.xlsx"", ""vintage"": ""2026Q2""}, {""metric"": ""insurance_result"", ""period"": ""2026Q2"", ""value"": 6119, ""reference"": ""4- DRE Recorrente!G18"", ""path"": ""documents/Bradesco/2026/2T26/Bradesco_2T26_-_Series_Historicas__0e6d77287103.xlsx"", ""vintage"": ""2026Q2""}, {""metric"": ""insurance_result"", ""period"": ""2026Q1"", ""value"": 6384, ""reference"": ""4- DRE Recorrente!F18"", ""path"": ""documents/Bradesco/2026/2T26/Bradesco_2T26_-_Series_Historicas__0e6d77287103.xlsx"", ""vintage"": ""2026Q2""}]",821,113,-318,-265
Bradesco,2026Q2,YoY,2025Q2,BRL_million,983,16.20240646118345,,-538,-112,arithmetic_bridge,Selected income components plus residual; not causal attribution. Accounting/managerial scope and 2025 rule changes may affect comparability.,"[{""metric"": ""net_interest_income"", ""period"": ""2026Q2"", ""value"": 20872, ""reference"": ""4- DRE Recorrente!G10"", ""path"": ""documents/Bradesco/2026/2T26/Bradesco_2T26_-_Series_Historicas__0e6d77287103.xlsx"", ""vintage"": ""2026Q2""}, {""metric"": ""net_interest_income"", ""period"": ""2025Q2"", ""value"": 18044, ""reference"": ""4- DRE Recorrente!C10"", ""path"": ""documents/Bradesco/2026/2T26/Bradesco_2T26_-_Series_Historicas__0e6d77287103.xlsx"", ""vintage"": ""2026Q2""}, {""metric"": ""fees"", ""period"": ""2026Q2"", ""value"": 10486, ""reference"": ""4- DRE Recorrente!G19"", ""path"": ""documents/Bradesco/2026/2T26/Bradesco_2T26_-_Series_Historicas__0e6d77287103.xlsx"", ""vintage"": ""2026Q2""}, {""metric"": ""fees"", ""period"": ""2025Q2"", ""value"": 10307, ""reference"": ""4- DRE Recorrente!C19"", ""path"": ""documents/Bradesco/2026/2T26/Bradesco_2T26_-_Series_Historicas__0e6d77287103.xlsx"", ""vintage"": ""2026Q2""}, {""metric"": ""credit_cost"", ""period"": ""2026Q2"", ""value"": 9985, ""reference"": ""4- DRE Recorrente!G14"", ""path"": ""documents/Bradesco/2026/2T26/Bradesco_2T26_-_Series_Historicas__0e6d77287103.xlsx"", ""vintage"": ""2026Q2""}, {""metric"": ""credit_cost"", ""period"": ""2025Q2"", ""value"": 8142, ""reference"": ""4- DRE Recorrente!C14"", ""path"": ""documents/Bradesco/2026/2T26/Bradesco_2T26_-_Series_Historicas__0e6d77287103.xlsx"", ""vintage"": ""2026Q2""}, {""metric"": ""operating_expenses"", ""period"": ""2026Q2"", ""value"": 16436, ""reference"": ""4- DRE Recorrente!G20"", ""path"": ""documents/Bradesco/2026/2T26/Bradesco_2T26_-_Series_Historicas__0e6d77287103.xlsx"", ""vintage"": ""2026Q2""}, {""metric"": ""operating_expenses"", ""period"": ""2025Q2"", ""value"": 15898, ""reference"": ""4- DRE Recorrente!C20"", ""path"": ""documents/Bradesco/2026/2T26/Bradesco_2T26_-_Series_Historicas__0e6d77287103.xlsx"", ""vintage"": ""2026Q2""}, {""metric"": ""insurance_result"", ""period"": ""2026Q2"", ""value"": 6119, ""reference"": ""4- DRE Recorrente!G18"", ""path"": ""documents/Bradesco/2026/2T26/Bradesco_2T26_-_Series_Historicas__0e6d77287103.xlsx"", ""vintage"": ""2026Q2""}, {""metric"": ""insurance_result"", ""period"": ""2025Q2"", ""value"": 5650, ""reference"": ""4- DRE Recorrente!C18"", ""path"": ""documents/Bradesco/2026/2T26/Bradesco_2T26_-_Series_Historicas__0e6d77287103.xlsx"", ""vintage"": ""2026Q2""}]",2828,179,-1843,469
Caixa,2024Q2,QoQ,2024Q1,BRL_million,404.0,14.013180714533473,,650.0,-1122.0,arithmetic_bridge,Selected income components plus residual; not causal attribution. Accounting/managerial scope and 2025 rule changes may affect comparability.,"[{""metric"": ""net_interest_income"", ""period"": ""2024Q2"", ""value"": 15481.0, ""reference"": ""PDF p. 5; column 2T24; row margem financeira"", ""path"": ""documents/Caixa/2025/2T25/Relatorio_de_Analise_de_Desempenho_2T25__c81299e56925.pdf"", ""vintage"": ""2025Q2""}, {""metric"": ""net_interest_income"", ""period"": ""2024Q1"", ""value"": 15278.0, ""reference"": ""PDF p. 5; column 1T24; row margem financeira"", ""path"": ""documents/Caixa/2025/1T25/Relatorio_de_Analise_de_Desempenho_1T25__aec514a18d9a.pdf"", ""vintage"": ""2025Q1""}, {""metric"": ""fees"", ""period"": ""2024Q2"", ""value"": 6755.0, ""reference"": ""PDF p. 5; column 2T24; row receita com prestacao de servicos"", ""path"": ""documents/Caixa/2025/2T25/Relatorio_de_Analise_de_Desempenho_2T25__c81299e56925.pdf"", ""vintage"": ""2025Q2""}, {""metric"": ""fees"", ""period"": ""2024Q1"", ""value"": 6629.0, ""reference"": ""PDF p. 5; column 1T24; row receita com prestacao de servicos"", ""path"": ""documents/Caixa/2025/1T25/Relatorio_de_Analise_de_Desempenho_1T25__aec514a18d9a.pdf"", ""vintage"": ""2025Q1""}, {""metric"": ""credit_cost"", ""period"": ""2024Q2"", ""value"": 4399.0, ""reference"": ""PDF p. 5; column 2T24; row provisao para creditos de liquidacao duvidosa (pcld)"", ""path"": ""documents/Caixa/2025/2T25/Relatorio_de_Analise_de_Desempenho_2T25__c81299e56925.pdf"", ""vintage"": ""2025Q2""}, {""metric"": ""credit_cost"", ""period"": ""2024Q1"", ""value"": 4946.0, ""reference"": ""PDF p. 5; column 1T24; row provisao para creditos de liquidacao duvidosa (pcld)"", ""path"": ""documents/Caixa/2025/1T25/Relatorio_de_Analise_de_Desempenho_1T25__aec514a18d9a.pdf"", ""vintage"": ""2025Q1""}, {""metric"": ""operating_expenses"", ""period"": ""2024Q2"", ""value"": 10769.0, ""reference"": ""PDF p. 5; column 2T24; row despesas administrativas"", ""path"": ""documents/Caixa/2025/2T25/Relatorio_de_Analise_de_Desempenho_2T25__c81299e56925.pdf"", ""vintage"": ""2025Q2""}, {""metric"": ""operating_expenses"", ""period"": ""2024Q1"", ""value"": 11419.0, ""reference"": ""PDF p. 5; column 1T24; row despesas administrativas"", ""path"": ""documents/Caixa/2025/1T25/Relatorio_de_Analise_de_Desempenho_1T25__aec514a18d9a.pdf"", ""vintage"": ""2025Q1""}]",203.0,126.0,547.0,
Caixa,2024Q3,QoQ,2024Q2,BRL_million,-24.0,-0.7301490721022209,,-32.0,-610.0,arithmetic_bridge,Selected income components plus residual; not causal attribution. Accounting/managerial scope and 2025 rule changes may affect comparability.,"[{""metric"": ""net_interest_income"", ""period"": ""2024Q3"", ""value"": 14497.0, ""reference"": ""PDF p. 5; column 3T24; row margem financeira"", ""path"": ""documents/Caixa/2025/3T25/Relatorio_de_Analise_de_Desempenho_3T25__02a72dd0faaa.pdf"", ""vintage"": ""2025Q3""}, {""metric"": ""net_interest_income"", ""period"": ""2024Q2"", ""value"": 15481.0, ""reference"": ""PDF p. 5; column 2T24; row margem financeira"", ""path"": ""documents/Caixa/2025/2T25/Relatorio_de_Analise_de_Desempenho_2T25__c81299e56925.pdf"", ""vintage"": ""2025Q2""}, {""metric"": ""fees"", ""period"": ""2024Q3"", ""value"": 7042.0, ""reference"": ""PDF p. 5; column 3T24; row receita com prestacao de servicos"", ""path"": ""documents/Caixa/2025/3T25/Relatorio_de_Analise_de_Desempenho_3T25__02a72dd0faaa.pdf"", ""vintage"": ""2025Q3""}, {""metric"": ""fees"", ""period"": ""2024Q2"", ""value"": 6755.0, ""reference"": ""PDF p. 5; column 2T24; row receita com prestacao de servicos"", ""path"": ""documents/Caixa/2025/2T25/Relatorio_de_Analise_de_Desempenho_2T25__c81299e56925.pdf"", ""vintage"": ""2025Q2""}, {""metric"": ""credit_cost"", ""period"": ""2024Q3"", ""value"": 3084.0, ""reference"": ""PDF p. 5; column 3T24; row provisao para creditos de liquidacao duvidosa (pcld)"", ""path"": ""documents/Caixa/2025/3T25/Relatorio_de_Analise_de_Desempenho_3T25__02a72dd0faaa.pdf"", ""vintage"": ""2025Q3""}, {""metric"": ""credit_cost"", ""period"": ""2024Q2"", ""value"": 4399.0, ""reference"": ""PDF p. 5; column 2T24; row provisao para creditos de liquidacao duvidosa (pcld)"", ""path"": ""documents/Caixa/2025/2T25/Relatorio_de_Analise_de_Desempenho_2T25__c81299e56925.pdf"", ""vintage"": ""2025Q2""}, {""metric"": ""operating_expenses"", ""period"": ""2024Q3"", ""value"": 10801.0, ""reference"": ""PDF p. 5; column 3T24; row despesas administrativas"", ""path"": ""documents/Caixa/2025/3T25/Relatorio_de_Analise_de_Desempenho_3T25__02a72dd0faaa.pdf"", ""vintage"": ""2025Q3""}, {""metric"": ""operating_expenses"", ""period"": ""2024Q2"", ""value"": 10769.0, ""reference"": ""PDF p. 5; column 2T24; row despesas administrativas"", ""path"": ""documents/Caixa/2025/2T25/Relatorio_de_Analise_de_Desempenho_2T25__c81299e56925.pdf"", ""vintage"": ""2025Q2""}]",-984.0,287.0,1315.0,
Caixa,2024Q4,QoQ,2024Q3,BRL_million,1318.0,40.3922770456635,,-1031.0,1757.0,arithmetic_bridge,Selected income components plus residual; not causal attribution. Accounting/managerial scope and 2025 rule changes may affect comparability.,"[{""metric"": ""net_interest_income"", ""period"": ""2024Q4"", ""value"": 16332.0, ""reference"": ""PDF p. 5; column 4T24; row margem financeira"", ""path"": ""documents/Caixa/2025/4T25/Relatorio_de_Analise_de_Desempenho_4T25__e299068feb40.pdf"", ""vintage"": ""2025Q4""}, {""metric"": ""net_interest_income"", ""period"": ""2024Q3"", ""value"": 14497.0, ""reference"": ""PDF p. 5; column 3T24; row margem financeira"", ""path"": ""documents/Caixa/2025/3T25/Relatorio_de_Analise_de_Desempenho_3T25__02a72dd0faaa.pdf"", ""vintage"": ""2025Q3""}, {""metric"": ""fees"", ""period"": ""2024Q4"", ""value"": 7387.0, ""reference"": ""PDF p. 5; column 4T24; row receita com prestacao de servicos"", ""path"": ""documents/Caixa/2025/4T25/Relatorio_de_Analise_de_Desempenho_4T25__e299068feb40.pdf"", ""vintage"": ""2025Q4""}, {""metric"": ""fees"", ""period"": ""2024Q3"", ""value"": 7042.0, ""reference"": ""PDF p. 5; column 3T24; row receita com prestacao de servicos"", ""path"": ""documents/Caixa/2025/3T25/Relatorio_de_Analise_de_Desempenho_3T25__02a72dd0faaa.pdf"", ""vintage"": ""2025Q3""}, {""metric"": ""credit_cost"", ""period"": ""2024Q4"", ""value"": 4672.0, ""reference"": ""PDF p. 5; column 4T24; row provisao para creditos de liquidacao duvidosa (pcld)"", ""path"": ""documents/Caixa/2025/4T25/Relatorio_de_Analise_de_Desempenho_4T25__e299068feb40.pdf"", ""vintage"": ""2025Q4""}, {""metric"": ""credit_cost"", ""period"": ""2024Q3"", ""value"": 3084.0, ""reference"": ""PDF p. 5; column 3T24; row provisao para creditos de liquidacao duvidosa (pcld)"", ""path"": ""documents/Caixa/2025/3T25/Relatorio_de_Analise_de_Desempenho_3T25__02a72dd0faaa.pdf"", ""vintage"": ""2025Q3""}, {""metric"": ""operating_expenses"", ""period"": ""2024Q4"", ""value"": 11832.0, ""reference"": ""PDF p. 5; column 4T24; row despesas administrativas"", ""path"": ""documents/Caixa/2025/4T25/Relatorio_de_Analise_de_Desempenho_4T25__e299068feb40.pdf"", ""vintage"": ""2025Q4""}, {""metric"": ""operating_expenses"", ""period"": ""2024Q3"", ""value"": 10801.0, ""reference"": ""PDF p. 5; column 3T24; row despesas administrativas"", ""path"": ""documents/Caixa/2025/3T25/Relatorio_de_Analise_de_Desempenho_3T25__02a72dd0faaa.pdf"", ""vintage"": ""2025Q3""}]",1835.0,345.0,-1588.0,
Caixa,2025Q1,QoQ,2024Q4,BRL_million,708.0,15.455140798952193,,971.0,-2009.0,arithmetic_bridge,Selected income components plus residual; not causal attribution. Accounting/managerial scope and 2025 rule changes may affect comparability.,"[{""metric"": ""net_interest_income"", ""period"": ""2025Q1"", ""value"": 16351.0, ""reference"": ""PDF p. 7; column 1T25; row margem financeira"", ""path"": ""documents/Caixa/2026/1T26/Relatorio_de_Analise_de_Desempenho_1T26__360d4c3f04e5.pdf"", ""vintage"": ""2026Q1""}, {""metric"": ""net_interest_income"", ""period"": ""2024Q4"", ""value"": 16332.0, ""reference"": ""PDF p. 5; column 4T24; row margem financeira"", ""path"": ""documents/Caixa/2025/4T25/Relatorio_de_Analise_de_Desempenho_4T25__e299068feb40.pdf"", ""vintage"": ""2025Q4""}, {""metric"": ""fees"", ""period"": ""2025Q1"", ""value"": 6535.0, ""reference"": ""PDF p. 7; column 1T25; row receita com prestacao de servicos"", ""path"": ""documents/Caixa/2026/1T26/Relatorio_de_Analise_de_Desempenho_1T26__360d4c3f04e5.pdf"", ""vintage"": ""2026Q1""}, {""metric"": ""fees"", ""period"": ""2024Q4"", ""value"": 7387.0, ""reference"": ""PDF p. 5; column 4T24; row receita com prestacao de servicos"", ""path"": ""documents/Caixa/2025/4T25/Relatorio_de_Analise_de_Desempenho_4T25__e299068feb40.pdf"", ""vintage"": ""2025Q4""}, {""metric"": ""credit_cost"", ""period"": ""2025Q1"", ""value"": 2093.0, ""reference"": ""PDF p. 7; column 1T25; row provisao para creditos de liquidacao duvidosa (pcld)"", ""path"": ""documents/Caixa/2026/1T26/Relatorio_de_Analise_de_Desempenho_1T26__360d4c3f04e5.pdf"", ""vintage"": ""2026Q1""}, {""metric"": ""credit_cost"", ""period"": ""2024Q4"", ""value"": 4672.0, ""reference"": ""PDF p. 5; column 4T24; row provisao para creditos de liquidacao duvidosa (pcld)"", ""path"": ""documents/Caixa/2025/4T25/Relatorio_de_Analise_de_Desempenho_4T25__e299068feb40.pdf"", ""vintage"": ""2025Q4""}, {""metric"": ""operating_expenses"", ""period"": ""2025Q1"", ""value"": 10861.0, ""reference"": ""PDF p. 7; column 1T25; row despesas administrativas"", ""path"": ""documents/Caixa/2026/1T26/Relatorio_de_Analise_de_Desempenho_1T26__360d4c3f04e5.pdf"", ""vintage"": ""2026Q1""}, {""metric"": ""operating_expenses"", ""period"": ""2024Q4"", ""value"": 11832.0, ""reference"": ""PDF p. 5; column 4T24; row despesas administrativas"", ""path"": ""documents/Caixa/2025/4T25/Relatorio_de_Analise_de_Desempenho_4T25__e299068feb40.pdf"", ""vintage"": ""2025Q4""}]",19.0,-852.0,2579.0,
Caixa,2025Q1,YoY,2024Q1,BRL_million,2406.0,83.45473465140479,,558.0,-1984.0,arithmetic_bridge,Selected income components plus residual; not causal attribution. Accounting/managerial scope and 2025 rule changes may affect comparability.,"[{""metric"": ""net_interest_income"", ""period"": ""2025Q1"", ""value"": 16351.0, ""reference"": ""PDF p. 7; column 1T25; row margem financeira"", ""path"": ""documents/Caixa/2026/1T26/Relatorio_de_Analise_de_Desempenho_1T26__360d4c3f04e5.pdf"", ""vintage"": ""2026Q1""}, {""metric"": ""net_interest_income"", ""period"": ""2024Q1"", ""value"": 15278.0, ""reference"": ""PDF p. 5; column 1T24; row margem financeira"", ""path"": ""documents/Caixa/2025/1T25/Relatorio_de_Analise_de_Desempenho_1T25__aec514a18d9a.pdf"", ""vintage"": ""2025Q1""}, {""metric"": ""fees"", ""period"": ""2025Q1"", ""value"": 6535.0, ""reference"": ""PDF p. 7; column 1T25; row receita com prestacao de servicos"", ""path"": ""documents/Caixa/2026/1T26/Relatorio_de_Analise_de_Desempenho_1T26__360d4c3f04e5.pdf"", ""vintage"": ""2026Q1""}, {""metric"": ""fees"", ""period"": ""2024Q1"", ""value"": 6629.0, ""reference"": ""PDF p. 5; column 1T24; row receita com prestacao de servicos"", ""path"": ""documents/Caixa/2025/1T25/Relatorio_de_Analise_de_Desempenho_1T25__aec514a18d9a.pdf"", ""vintage"": ""2025Q1""}, {""metric"": ""credit_cost"", ""period"": ""2025Q1"", ""value"": 2093.0, ""reference"": ""PDF p. 7; column 1T25; row provisao para creditos de liquidacao duvidosa (pcld)"", ""path"": ""documents/Caixa/2026/1T26/Relatorio_de_Analise_de_Desempenho_1T26__360d4c3f04e5.pdf"", ""vintage"": ""2026Q1""}, {""metric"": ""credit_cost"", ""period"": ""2024Q1"", ""value"": 4946.0, ""reference"": ""PDF p. 5; column 1T24; row provisao para creditos de liquidacao duvidosa (pcld)"", ""path"": ""documents/Caixa/2025/1T25/Relatorio_de_Analise_de_Desempenho_1T25__aec514a18d9a.pdf"", ""vintage"": ""2025Q1""}, {""metric"": ""operating_expenses"", ""period"": ""2025Q1"", ""value"": 10861.0, ""reference"": ""PDF p. 7; column 1T25; row despesas administrativas"", ""path"": ""documents/Caixa/2026/1T26/Relatorio_de_Analise_de_Desempenho_1T26__360d4c3f04e5.pdf"", ""vintage"": ""2026Q1""}, {""metric"": ""operating_expenses"", ""period"": ""2024Q1"", ""value"": 11419.0, ""reference"": ""PDF p. 5; column 1T24; row despesas administrativas"", ""path"": ""documents/Caixa/2025/1T25/Relatorio_de_Analise_de_Desempenho_1T25__aec514a18d9a.pdf"", ""vintage"": ""2025Q1""}]",1073.0,-94.0,2853.0,
Caixa,2025Q2,QoQ,2025Q1,BRL_million,-1607.0,-30.383815466061638,,61.0,-414.0,arithmetic_bridge,Selected income components plus residual; not causal attribution. Accounting/managerial scope and 2025 rule changes may affect comparability.,"[{""metric"": ""net_interest_income"", ""period"": ""2025Q2"", ""value"": 16358.0, ""reference"": ""PDF p. 7; column 2T25; row margem financeira"", ""path"": ""documents/Caixa/2026/2T26/Relatorio_de_Analise_de_Desempenho_2T26__131132d0814d.pdf"", ""vintage"": ""2026Q2""}, {""metric"": ""net_interest_income"", ""period"": ""2025Q1"", ""value"": 16351.0, ""reference"": ""PDF p. 7; column 1T25; row margem financeira"", ""path"": ""documents/Caixa/2026/1T26/Relatorio_de_Analise_de_Desempenho_1T26__360d4c3f04e5.pdf"", ""vintage"": ""2026Q1""}, {""metric"": ""fees"", ""period"": ""2025Q2"", ""value"": 6706.0, ""reference"": ""PDF p. 7; column 2T25; row receita com prestacao de servicos"", ""path"": ""documents/Caixa/2026/2T26/Relatorio_de_Analise_de_Desempenho_2T26__131132d0814d.pdf"", ""vintage"": ""2026Q2""}, {""metric"": ""fees"", ""period"": ""2025Q1"", ""value"": 6535.0, ""reference"": ""PDF p. 7; column 1T25; row receita com prestacao de servicos"", ""path"": ""documents/Caixa/2026/1T26/Relatorio_de_Analise_de_Desempenho_1T26__360d4c3f04e5.pdf"", ""vintage"": ""2026Q1""}, {""metric"": ""credit_cost"", ""period"": ""2025Q2"", ""value"": 3525.0, ""reference"": ""PDF p. 7; column 2T25; row provisao para creditos de liquidacao duvidosa (pcld)"", ""path"": ""documents/Caixa/2026/2T26/Relatorio_de_Analise_de_Desempenho_2T26__131132d0814d.pdf"", ""vintage"": ""2026Q2""}, {""metric"": ""credit_cost"", ""period"": ""2025Q1"", ""value"": 2093.0, ""reference"": ""PDF p. 7; column 1T25; row provisao para creditos de liquidacao duvidosa (pcld)"", ""path"": ""documents/Caixa/2026/1T26/Relatorio_de_Analise_de_Desempenho_1T26__360d4c3f04e5.pdf"", ""vintage"": ""2026Q1""}, {""metric"": ""operating_expenses"", ""period"": ""2025Q2"", ""value"": 10800.0, ""reference"": ""PDF p. 7; column 2T25; row despesas administrativas"", ""path"": ""documents/Caixa/2026/2T26/Relatorio_de_Analise_de_Desempenho_2T26__131132d0814d.pdf"", ""vintage"": ""2026Q2""}, {""metric"": ""operating_expenses"", ""period"": ""2025Q1"", ""value"": 10861.0, ""reference"": ""PDF p. 7; column 1T25; row despesas administrativas"", ""path"": ""documents/Caixa/2026/1T26/Relatorio_de_Analise_de_Desempenho_1T26__360d4c3f04e5.pdf"", ""vintage"": ""2026Q1""}]",7.0,171.0,-1432.0,
Caixa,2025Q2,YoY,2024Q2,BRL_million,395.0,12.017036811682384,,-31.0,-1276.0,arithmetic_bridge,Selected income components plus residual; not causal attribution. Accounting/managerial scope and 2025 rule changes may affect comparability.,"[{""metric"": ""net_interest_income"", ""period"": ""2025Q2"", ""value"": 16358.0, ""reference"": ""PDF p. 7; column 2T25; row margem financeira"", ""path"": ""documents/Caixa/2026/2T26/Relatorio_de_Analise_de_Desempenho_2T26__131132d0814d.pdf"", ""vintage"": ""2026Q2""}, {""metric"": ""net_interest_income"", ""period"": ""2024Q2"", ""value"": 15481.0, ""reference"": ""PDF p. 5; column 2T24; row margem financeira"", ""path"": ""documents/Caixa/2025/2T25/Relatorio_de_Analise_de_Desempenho_2T25__c81299e56925.pdf"", ""vintage"": ""2025Q2""}, {""metric"": ""fees"", ""period"": ""2025Q2"", ""value"": 6706.0, ""reference"": ""PDF p. 7; column 2T25; row receita com prestacao de servicos"", ""path"": ""documents/Caixa/2026/2T26/Relatorio_de_Analise_de_Desempenho_2T26__131132d0814d.pdf"", ""vintage"": ""2026Q2""}, {""metric"": ""fees"", ""period"": ""2024Q2"", ""value"": 6755.0, ""reference"": ""PDF p. 5; column 2T24; row receita com prestacao de servicos"", ""path"": ""documents/Caixa/2025/2T25/Relatorio_de_Analise_de_Desempenho_2T25__c81299e56925.pdf"", ""vintage"": ""2025Q2""}, {""metric"": ""credit_cost"", ""period"": ""2025Q2"", ""value"": 3525.0, ""reference"": ""PDF p. 7; column 2T25; row provisao para creditos de liquidacao duvidosa (pcld)"", ""path"": ""documents/Caixa/2026/2T26/Relatorio_de_Analise_de_Desempenho_2T26__131132d0814d.pdf"", ""vintage"": ""2026Q2""}, {""metric"": ""credit_cost"", ""period"": ""2024Q2"", ""value"": 4399.0, ""reference"": ""PDF p. 5; column 2T24; row provisao para creditos de liquidacao duvidosa (pcld)"", ""path"": ""documents/Caixa/2025/2T25/Relatorio_de_Analise_de_Desempenho_2T25__c81299e56925.pdf"", ""vintage"": ""2025Q2""}, {""metric"": ""operating_expenses"", ""period"": ""2025Q2"", ""value"": 10800.0, ""reference"": ""PDF p. 7; column 2T25; row despesas administrativas"", ""path"": ""documents/Caixa/2026/2T26/Relatorio_de_Analise_de_Desempenho_2T26__131132d0814d.pdf"", ""vintage"": ""2026Q2""}, {""metric"": ""operating_expenses"", ""period"": ""2024Q2"", ""value"": 10769.0, ""reference"": ""PDF p. 5; column 2T24; row despesas administrativas"", ""path"": ""documents/Caixa/2025/2T25/Relatorio_de_Analise_de_Desempenho_2T25__c81299e56925.pdf"", ""vintage"": ""2025Q2""}]",877.0,-49.0,874.0,
Caixa,2025Q3,QoQ,2025Q2,BRL_million,82.0,2.2270505160239003,,-446.0,1530.0,arithmetic_bridge,Selected income components plus residual; not causal attribution. Accounting/managerial scope and 2025 rule changes may affect comparability.,"[{""metric"": ""net_interest_income"", ""period"": ""2025Q3"", ""value"": 16523.0, ""reference"": ""PDF p. 5; column 3T25; row margem financeira"", ""path"": ""documents/Caixa/2025/4T25/Relatorio_de_Analise_de_Desempenho_4T25__e299068feb40.pdf"", ""vintage"": ""2025Q4""}, {""metric"": ""net_interest_income"", ""period"": ""2025Q2"", ""value"": 16358.0, ""reference"": ""PDF p. 7; column 2T25; row margem financeira"", ""path"": ""documents/Caixa/2026/2T26/Relatorio_de_Analise_de_Desempenho_2T26__131132d0814d.pdf"", ""vintage"": ""2026Q2""}, {""metric"": ""fees"", ""period"": ""2025Q3"", ""value"": 7087.0, ""reference"": ""PDF p. 5; column 3T25; row receita com prestacao de servicos"", ""path"": ""documents/Caixa/2025/4T25/Relatorio_de_Analise_de_Desempenho_4T25__e299068feb40.pdf"", ""vintage"": ""2025Q4""}, {""metric"": ""fees"", ""period"": ""2025Q2"", ""value"": 6706.0, ""reference"": ""PDF p. 7; column 2T25; row receita com prestacao de servicos"", ""path"": ""documents/Caixa/2026/2T26/Relatorio_de_Analise_de_Desempenho_2T26__131132d0814d.pdf"", ""vintage"": ""2026Q2""}, {""metric"": ""credit_cost"", ""period"": ""2025Q3"", ""value"": 5073.0, ""reference"": ""PDF p. 5; column 3T25; row provisao para creditos de liquidacao duvidosa (pcld)"", ""path"": ""documents/Caixa/2025/4T25/Relatorio_de_Analise_de_Desempenho_4T25__e299068feb40.pdf"", ""vintage"": ""2025Q4""}, {""metric"": ""credit_cost"", ""period"": ""2025Q2"", ""value"": 3525.0, ""reference"": ""PDF p. 7; column 2T25; row provisao para creditos de liquidacao duvidosa (pcld)"", ""path"": ""documents/Caixa/2026/2T26/Relatorio_de_Analise_de_Desempenho_2T26__131132d0814d.pdf"", ""vintage"": ""2026Q2""}, {""metric"": ""operating_expenses"", ""period"": ""2025Q3"", ""value"": 11246.0, ""reference"": ""PDF p. 5; column 3T25; row despesas administrativas"", ""path"": ""documents/Caixa/2025/4T25/Relatorio_de_Analise_de_Desempenho_4T25__e299068feb40.pdf"", ""vintage"": ""2025Q4""}, {""metric"": ""operating_expenses"", ""period"": ""2025Q2"", ""value"": 10800.0, ""reference"": ""PDF p. 7; column 2T25; row despesas administrativas"", ""path"": ""documents/Caixa/2026/2T26/Relatorio_de_Analise_de_Desempenho_2T26__131132d0814d.pdf"", ""vintage"": ""2026Q2""}]",165.0,381.0,-1548.0,
Caixa,2025Q3,YoY,2024Q3,BRL_million,501.0,15.353968740422923,,-445.0,864.0,arithmetic_bridge,Selected income components plus residual; not causal attribution. Accounting/managerial scope and 2025 rule changes may affect comparability.,"[{""metric"": ""net_interest_income"", ""period"": ""2025Q3"", ""value"": 16523.0, ""reference"": ""PDF p. 5; column 3T25; row margem financeira"", ""path"": ""documents/Caixa/2025/4T25/Relatorio_de_Analise_de_Desempenho_4T25__e299068feb40.pdf"", ""vintage"": ""2025Q4""}, {""metric"": ""net_interest_income"", ""period"": ""2024Q3"", ""value"": 14497.0, ""reference"": ""PDF p. 5; column 3T24; row margem financeira"", ""path"": ""documents/Caixa/2025/3T25/Relatorio_de_Analise_de_Desempenho_3T25__02a72dd0faaa.pdf"", ""vintage"": ""2025Q3""}, {""metric"": ""fees"", ""period"": ""2025Q3"", ""value"": 7087.0, ""reference"": ""PDF p. 5; column 3T25; row receita com prestacao de servicos"", ""path"": ""documents/Caixa/2025/4T25/Relatorio_de_Analise_de_Desempenho_4T25__e299068feb40.pdf"", ""vintage"": ""2025Q4""}, {""metric"": ""fees"", ""period"": ""2024Q3"", ""value"": 7042.0, ""reference"": ""PDF p. 5; column 3T24; row receita com prestacao de servicos"", ""path"": ""documents/Caixa/2025/3T25/Relatorio_de_Analise_de_Desempenho_3T25__02a72dd0faaa.pdf"", ""vintage"": ""2025Q3""}, {""metric"": ""credit_cost"", ""period"": ""2025Q3"", ""value"": 5073.0, ""reference"": ""PDF p. 5; column 3T25; row provisao para creditos de liquidacao duvidosa (pcld)"", ""path"": ""documents/Caixa/2025/4T25/Relatorio_de_Analise_de_Desempenho_4T25__e299068feb40.pdf"", ""vintage"": ""2025Q4""}, {""metric"": ""credit_cost"", ""period"": ""2024Q3"", ""value"": 3084.0, ""reference"": ""PDF p. 5; column 3T24; row provisao para creditos de liquidacao duvidosa (pcld)"", ""path"": ""documents/Caixa/2025/3T25/Relatorio_de_Analise_de_Desempenho_3T25__02a72dd0faaa.pdf"", ""vintage"": ""2025Q3""}, {""metric"": ""operating_expenses"", ""period"": ""2025Q3"", ""value"": 11246.0, ""reference"": ""PDF p. 5; column 3T25; row despesas administrativas"", ""path"": ""documents/Caixa/2025/4T25/Relatorio_de_Analise_de_Desempenho_4T25__e299068feb40.pdf"", ""vintage"": ""2025Q4""}, {""metric"": ""operating_expenses"", ""period"": ""2024Q3"", ""value"": 10801.0, ""reference"": ""PDF p. 5; column 3T24; row despesas administrativas"", ""path"": ""documents/Caixa/2025/3T25/Relatorio_de_Analise_de_Desempenho_3T25__02a72dd0faaa.pdf"", ""vintage"": ""2025Q3""}]",2026.0,45.0,-1989.0,
Caixa,2025Q4,QoQ,2025Q3,BRL_million,-997.0,-26.487778958554728,,-1521.0,-624.0,arithmetic_bridge,Selected income components plus residual; not causal attribution. Accounting/managerial scope and 2025 rule changes may affect comparability.,"[{""metric"": ""net_interest_income"", ""period"": ""2025Q4"", ""value"": 17543.0, ""reference"": ""PDF p. 7; column 4T25; row margem financeira"", ""path"": ""documents/Caixa/2026/1T26/Relatorio_de_Analise_de_Desempenho_1T26__360d4c3f04e5.pdf"", ""vintage"": ""2026Q1""}, {""metric"": ""net_interest_income"", ""period"": ""2025Q3"", ""value"": 16523.0, ""reference"": ""PDF p. 5; column 3T25; row margem financeira"", ""path"": ""documents/Caixa/2025/4T25/Relatorio_de_Analise_de_Desempenho_4T25__e299068feb40.pdf"", ""vintage"": ""2025Q4""}, {""metric"": ""fees"", ""period"": ""2025Q4"", ""value"": 7498.0, ""reference"": ""PDF p. 7; column 4T25; row receita com prestacao de servicos"", ""path"": ""documents/Caixa/2026/1T26/Relatorio_de_Analise_de_Desempenho_1T26__360d4c3f04e5.pdf"", ""vintage"": ""2026Q1""}, {""metric"": ""fees"", ""period"": ""2025Q3"", ""value"": 7087.0, ""reference"": ""PDF p. 5; column 3T25; row receita com prestacao de servicos"", ""path"": ""documents/Caixa/2025/4T25/Relatorio_de_Analise_de_Desempenho_4T25__e299068feb40.pdf"", ""vintage"": ""2025Q4""}, {""metric"": ""credit_cost"", ""period"": ""2025Q4"", ""value"": 5356.0, ""reference"": ""PDF p. 7; column 4T25; row provisao para creditos de liquidacao duvidosa (pcld)"", ""path"": ""documents/Caixa/2026/1T26/Relatorio_de_Analise_de_Desempenho_1T26__360d4c3f04e5.pdf"", ""vintage"": ""2026Q1""}, {""metric"": ""credit_cost"", ""period"": ""2025Q3"", ""value"": 5073.0, ""reference"": ""PDF p. 5; column 3T25; row provisao para creditos de liquidacao duvidosa (pcld)"", ""path"": ""documents/Caixa/2025/4T25/Relatorio_de_Analise_de_Desempenho_4T25__e299068feb40.pdf"", ""vintage"": ""2025Q4""}, {""metric"": ""operating_expenses"", ""period"": ""2025Q4"", ""value"": 12767.0, ""reference"": ""PDF p. 7; column 4T25; row despesas administrativas"", ""path"": ""documents/Caixa/2026/1T26/Relatorio_de_Analise_de_Desempenho_1T26__360d4c3f04e5.pdf"", ""vintage"": ""2026Q1""}, {""metric"": ""operating_expenses"", ""period"": ""2025Q3"", ""value"": 11246.0, ""reference"": ""PDF p. 5; column 3T25; row despesas administrativas"", ""path"": ""documents/Caixa/2025/4T25/Relatorio_de_Analise_de_Desempenho_4T25__e299068feb40.pdf"", ""vintage"": ""2025Q4""}]",1020.0,411.0,-283.0,
Caixa,2025Q4,YoY,2024Q4,BRL_million,-1814.0,-39.59834097358655,,-935.0,-1517.0,arithmetic_bridge,Selected income components plus residual; not causal attribution. Accounting/managerial scope and 2025 rule changes may affect comparability.,"[{""metric"": ""net_interest_income"", ""period"": ""2025Q4"", ""value"": 17543.0, ""reference"": ""PDF p. 7; column 4T25; row margem financeira"", ""path"": ""documents/Caixa/2026/1T26/Relatorio_de_Analise_de_Desempenho_1T26__360d4c3f04e5.pdf"", ""vintage"": ""2026Q1""}, {""metric"": ""net_interest_income"", ""period"": ""2024Q4"", ""value"": 16332.0, ""reference"": ""PDF p. 5; column 4T24; row margem financeira"", ""path"": ""documents/Caixa/2025/4T25/Relatorio_de_Analise_de_Desempenho_4T25__e299068feb40.pdf"", ""vintage"": ""2025Q4""}, {""metric"": ""fees"", ""period"": ""2025Q4"", ""value"": 7498.0, ""reference"": ""PDF p. 7; column 4T25; row receita com prestacao de servicos"", ""path"": ""documents/Caixa/2026/1T26/Relatorio_de_Analise_de_Desempenho_1T26__360d4c3f04e5.pdf"", ""vintage"": ""2026Q1""}, {""metric"": ""fees"", ""period"": ""2024Q4"", ""value"": 7387.0, ""reference"": ""PDF p. 5; column 4T24; row receita com prestacao de servicos"", ""path"": ""documents/Caixa/2025/4T25/Relatorio_de_Analise_de_Desempenho_4T25__e299068feb40.pdf"", ""vintage"": ""2025Q4""}, {""metric"": ""credit_cost"", ""period"": ""2025Q4"", ""value"": 5356.0, ""reference"": ""PDF p. 7; column 4T25; row provisao para creditos de liquidacao duvidosa (pcld)"", ""path"": ""documents/Caixa/2026/1T26/Relatorio_de_Analise_de_Desempenho_1T26__360d4c3f04e5.pdf"", ""vintage"": ""2026Q1""}, {""metric"": ""credit_cost"", ""period"": ""2024Q4"", ""value"": 4672.0, ""reference"": ""PDF p. 5; column 4T24; row provisao para creditos de liquidacao duvidosa (pcld)"", ""path"": ""documents/Caixa/2025/4T25/Relatorio_de_Analise_de_Desempenho_4T25__e299068feb40.pdf"", ""vintage"": ""2025Q4""}, {""metric"": ""operating_expenses"", ""period"": ""2025Q4"", ""value"": 12767.0, ""reference"": ""PDF p. 7; column 4T25; row despesas administrativas"", ""path"": ""documents/Caixa/2026/1T26/Relatorio_de_Analise_de_Desempenho_1T26__360d4c3f04e5.pdf"", ""vintage"": ""2026Q1""}, {""metric"": ""operating_expenses"", ""period"": ""2024Q4"", ""value"": 11832.0, ""reference"": ""PDF p. 5; column 4T24; row despesas administrativas"", ""path"": ""documents/Caixa/2025/4T25/Relatorio_de_Analise_de_Desempenho_4T25__e299068feb40.pdf"", ""vintage"": ""2025Q4""}]",1211.0,111.0,-684.0,
Caixa,2026Q1,QoQ,2025Q4,BRL_million,702.0,25.37043729671124,,1256.0,14.0,arithmetic_bridge,Selected income components plus residual; not causal attribution. Accounting/managerial scope and 2025 rule changes may affect comparability.,"[{""metric"": ""net_interest_income"", ""period"": ""2026Q1"", ""value"": 18280.0, ""reference"": ""PDF p. 7; column 1T26; row margem financeira"", ""path"": ""documents/Caixa/2026/2T26/Relatorio_de_Analise_de_Desempenho_2T26__131132d0814d.pdf"", ""vintage"": ""2026Q2""}, {""metric"": ""net_interest_income"", ""period"": ""2025Q4"", ""value"": 17543.0, ""reference"": ""PDF p. 7; column 4T25; row margem financeira"", ""path"": ""documents/Caixa/2026/1T26/Relatorio_de_Analise_de_Desempenho_1T26__360d4c3f04e5.pdf"", ""vintage"": ""2026Q1""}, {""metric"": ""fees"", ""period"": ""2026Q1"", ""value"": 7355.0, ""reference"": ""PDF p. 7; column 1T26; row receita com prestacao de servicos"", ""path"": ""documents/Caixa/2026/2T26/Relatorio_de_Analise_de_Desempenho_2T26__131132d0814d.pdf"", ""vintage"": ""2026Q2""}, {""metric"": ""fees"", ""period"": ""2025Q4"", ""value"": 7498.0, ""reference"": ""PDF p. 7; column 4T25; row receita com prestacao de servicos"", ""path"": ""documents/Caixa/2026/1T26/Relatorio_de_Analise_de_Desempenho_1T26__360d4c3f04e5.pdf"", ""vintage"": ""2026Q1""}, {""metric"": ""credit_cost"", ""period"": ""2026Q1"", ""value"": 6518.0, ""reference"": ""PDF p. 7; column 1T26; row provisao para creditos de liquidacao duvidosa (pcld)"", ""path"": ""documents/Caixa/2026/2T26/Relatorio_de_Analise_de_Desempenho_2T26__131132d0814d.pdf"", ""vintage"": ""2026Q2""}, {""metric"": ""credit_cost"", ""period"": ""2025Q4"", ""value"": 5356.0, ""reference"": ""PDF p. 7; column 4T25; row provisao para creditos de liquidacao duvidosa (pcld)"", ""path"": ""documents/Caixa/2026/1T26/Relatorio_de_Analise_de_Desempenho_1T26__360d4c3f04e5.pdf"", ""vintage"": ""2026Q1""}, {""metric"": ""operating_expenses"", ""period"": ""2026Q1"", ""value"": 11511.0, ""reference"": ""PDF p. 7; column 1T26; row despesas administrativas"", ""path"": ""documents/Caixa/2026/2T26/Relatorio_de_Analise_de_Desempenho_2T26__131132d0814d.pdf"", ""vintage"": ""2026Q2""}, {""metric"": ""operating_expenses"", ""period"": ""2025Q4"", ""value"": 12767.0, ""reference"": ""PDF p. 7; column 4T25; row despesas administrativas"", ""path"": ""documents/Caixa/2026/1T26/Relatorio_de_Analise_de_Desempenho_1T26__360d4c3f04e5.pdf"", ""vintage"": ""2026Q1""}]",737.0,-143.0,-1162.0,
Caixa,2026Q1,YoY,2025Q1,BRL_million,-1820.0,-34.411041784836456,,-650.0,506.0,arithmetic_bridge,Selected income components plus residual; not causal attribution. Accounting/managerial scope and 2025 rule changes may affect comparability.,"[{""metric"": ""net_interest_income"", ""period"": ""2026Q1"", ""value"": 18280.0, ""reference"": ""PDF p. 7; column 1T26; row margem financeira"", ""path"": ""documents/Caixa/2026/2T26/Relatorio_de_Analise_de_Desempenho_2T26__131132d0814d.pdf"", ""vintage"": ""2026Q2""}, {""metric"": ""net_interest_income"", ""period"": ""2025Q1"", ""value"": 16351.0, ""reference"": ""PDF p. 7; column 1T25; row margem financeira"", ""path"": ""documents/Caixa/2026/1T26/Relatorio_de_Analise_de_Desempenho_1T26__360d4c3f04e5.pdf"", ""vintage"": ""2026Q1""}, {""metric"": ""fees"", ""period"": ""2026Q1"", ""value"": 7355.0, ""reference"": ""PDF p. 7; column 1T26; row receita com prestacao de servicos"", ""path"": ""documents/Caixa/2026/2T26/Relatorio_de_Analise_de_Desempenho_2T26__131132d0814d.pdf"", ""vintage"": ""2026Q2""}, {""metric"": ""fees"", ""period"": ""2025Q1"", ""value"": 6535.0, ""reference"": ""PDF p. 7; column 1T25; row receita com prestacao de servicos"", ""path"": ""documents/Caixa/2026/1T26/Relatorio_de_Analise_de_Desempenho_1T26__360d4c3f04e5.pdf"", ""vintage"": ""2026Q1""}, {""metric"": ""credit_cost"", ""period"": ""2026Q1"", ""value"": 6518.0, ""reference"": ""PDF p. 7; column 1T26; row provisao para creditos de liquidacao duvidosa (pcld)"", ""path"": ""documents/Caixa/2026/2T26/Relatorio_de_Analise_de_Desempenho_2T26__131132d0814d.pdf"", ""vintage"": ""2026Q2""}, {""metric"": ""credit_cost"", ""period"": ""2025Q1"", ""value"": 2093.0, ""reference"": ""PDF p. 7; column 1T25; row provisao para creditos de liquidacao duvidosa (pcld)"", ""path"": ""documents/Caixa/2026/1T26/Relatorio_de_Analise_de_Desempenho_1T26__360d4c3f04e5.pdf"", ""vintage"": ""2026Q1""}, {""metric"": ""operating_expenses"", ""period"": ""2026Q1"", ""value"": 11511.0, ""reference"": ""PDF p. 7; column 1T26; row despesas administrativas"", ""path"": ""documents/Caixa/2026/2T26/Relatorio_de_Analise_de_Desempenho_2T26__131132d0814d.pdf"", ""vintage"": ""2026Q2""}, {""metric"": ""operating_expenses"", ""period"": ""2025Q1"", ""value"": 10861.0, ""reference"": ""PDF p. 7; column 1T25; row despesas administrativas"", ""path"": ""documents/Caixa/2026/1T26/Relatorio_de_Analise_de_Desempenho_1T26__360d4c3f04e5.pdf"", ""vintage"": ""2026Q1""}]",1929.0,820.0,-4425.0,
Caixa,2026Q2,QoQ,2026Q1,BRL_million,430.0,12.395503026808878,,69.0,-793.0,arithmetic_bridge,Selected income components plus residual; not causal attribution. Accounting/managerial scope and 2025 rule changes may affect comparability.,"[{""metric"": ""net_interest_income"", ""period"": ""2026Q2"", ""value"": 19664.0, ""reference"": ""PDF p. 7; column 2T26; row margem financeira"", ""path"": ""documents/Caixa/2026/2T26/Relatorio_de_Analise_de_Desempenho_2T26__131132d0814d.pdf"", ""vintage"": ""2026Q2""}, {""metric"": ""net_interest_income"", ""period"": ""2026Q1"", ""value"": 18280.0, ""reference"": ""PDF p. 7; column 1T26; row margem financeira"", ""path"": ""documents/Caixa/2026/2T26/Relatorio_de_Analise_de_Desempenho_2T26__131132d0814d.pdf"", ""vintage"": ""2026Q2""}, {""metric"": ""fees"", ""period"": ""2026Q2"", ""value"": 7573.0, ""reference"": ""PDF p. 7; column 2T26; row receita com prestacao de servicos"", ""path"": ""documents/Caixa/2026/2T26/Relatorio_de_Analise_de_Desempenho_2T26__131132d0814d.pdf"", ""vintage"": ""2026Q2""}, {""metric"": ""fees"", ""period"": ""2026Q1"", ""value"": 7355.0, ""reference"": ""PDF p. 7; column 1T26; row receita com prestacao de servicos"", ""path"": ""documents/Caixa/2026/2T26/Relatorio_de_Analise_de_Desempenho_2T26__131132d0814d.pdf"", ""vintage"": ""2026Q2""}, {""metric"": ""credit_cost"", ""period"": ""2026Q2"", ""value"": 6966.0, ""reference"": ""PDF p. 7; column 2T26; row provisao para creditos de liquidacao duvidosa (pcld)"", ""path"": ""documents/Caixa/2026/2T26/Relatorio_de_Analise_de_Desempenho_2T26__131132d0814d.pdf"", ""vintage"": ""2026Q2""}, {""metric"": ""credit_cost"", ""period"": ""2026Q1"", ""value"": 6518.0, ""reference"": ""PDF p. 7; column 1T26; row provisao para creditos de liquidacao duvidosa (pcld)"", ""path"": ""documents/Caixa/2026/2T26/Relatorio_de_Analise_de_Desempenho_2T26__131132d0814d.pdf"", ""vintage"": ""2026Q2""}, {""metric"": ""operating_expenses"", ""period"": ""2026Q2"", ""value"": 11442.0, ""reference"": ""PDF p. 7; column 2T26; row despesas administrativas"", ""path"": ""documents/Caixa/2026/2T26/Relatorio_de_Analise_de_Desempenho_2T26__131132d0814d.pdf"", ""vintage"": ""2026Q2""}, {""metric"": ""operating_expenses"", ""period"": ""2026Q1"", ""value"": 11511.0, ""reference"": ""PDF p. 7; column 1T26; row despesas administrativas"", ""path"": ""documents/Caixa/2026/2T26/Relatorio_de_Analise_de_Desempenho_2T26__131132d0814d.pdf"", ""vintage"": ""2026Q2""}]",1384.0,218.0,-448.0,
Caixa,2026Q2,YoY,2025Q2,BRL_million,217.0,5.893536121673004,,-642.0,127.0,arithmetic_bridge,Selected income components plus residual; not causal attribution. Accounting/managerial scope and 2025 rule changes may affect comparability.,"[{""metric"": ""net_interest_income"", ""period"": ""2026Q2"", ""value"": 19664.0, ""reference"": ""PDF p. 7; column 2T26; row margem financeira"", ""path"": ""documents/Caixa/2026/2T26/Relatorio_de_Analise_de_Desempenho_2T26__131132d0814d.pdf"", ""vintage"": ""2026Q2""}, {""metric"": ""net_interest_income"", ""period"": ""2025Q2"", ""value"": 16358.0, ""reference"": ""PDF p. 7; column 2T25; row margem financeira"", ""path"": ""documents/Caixa/2026/2T26/Relatorio_de_Analise_de_Desempenho_2T26__131132d0814d.pdf"", ""vintage"": ""2026Q2""}, {""metric"": ""fees"", ""period"": ""2026Q2"", ""value"": 7573.0, ""reference"": ""PDF p. 7; column 2T26; row receita com prestacao de servicos"", ""path"": ""documents/Caixa/2026/2T26/Relatorio_de_Analise_de_Desempenho_2T26__131132d0814d.pdf"", ""vintage"": ""2026Q2""}, {""metric"": ""fees"", ""period"": ""2025Q2"", ""value"": 6706.0, ""reference"": ""PDF p. 7; column 2T25; row receita com prestacao de servicos"", ""path"": ""documents/Caixa/2026/2T26/Relatorio_de_Analise_de_Desempenho_2T26__131132d0814d.pdf"", ""vintage"": ""2026Q2""}, {""metric"": ""credit_cost"", ""period"": ""2026Q2"", ""value"": 6966.0, ""reference"": ""PDF p. 7; column 2T26; row provisao para creditos de liquidacao duvidosa (pcld)"", ""path"": ""documents/Caixa/2026/2T26/Relatorio_de_Analise_de_Desempenho_2T26__131132d0814d.pdf"", ""vintage"": ""2026Q2""}, {""metric"": ""credit_cost"", ""period"": ""2025Q2"", ""value"": 3525.0, ""reference"": ""PDF p. 7; column 2T25; row provisao para creditos de liquidacao duvidosa (pcld)"", ""path"": ""documents/Caixa/2026/2T26/Relatorio_de_Analise_de_Desempenho_2T26__131132d0814d.pdf"", ""vintage"": ""2026Q2""}, {""metric"": ""operating_expenses"", ""period"": ""2026Q2"", ""value"": 11442.0, ""reference"": ""PDF p. 7; column 2T26; row despesas administrativas"", ""path"": ""documents/Caixa/2026/2T26/Relatorio_de_Analise_de_Desempenho_2T26__131132d0814d.pdf"", ""vintage"": ""2026Q2""}, {""metric"": ""operating_expenses"", ""period"": ""2025Q2"", ""value"": 10800.0, ""reference"": ""PDF p. 7; column 2T25; row despesas administrativas"", ""path"": ""documents/Caixa/2026/2T26/Relatorio_de_Analise_de_Desempenho_2T26__131132d0814d.pdf"", ""vintage"": ""2026Q2""}]",3306.0,867.0,-3441.0,
Itau,2024Q2,QoQ,2024Q1,BRL_million,301.39144999999917,3.0845558661050716,,-754.018997000001,-239.11424199999965,arithmetic_bridge,Selected income components plus residual; not causal attribution. Accounting/managerial scope and 2025 rule changes may affect comparability.,"[{""metric"": ""net_interest_income"", ""period"": ""2024Q2"", ""value"": 28460.122507, ""reference"": ""Sumário_PRO FORMA!E6"", ""path"": ""documents/Itau/2026/2T26/Planilha_de_Series_Historicas_2T26__7747b90df4b5.xlsx"", ""vintage"": ""2026Q2""}, {""metric"": ""net_interest_income"", ""period"": ""2024Q1"", ""value"": 27576.114954, ""reference"": ""Sumário_PRO FORMA!D6"", ""path"": ""documents/Itau/2026/2T26/Planilha_de_Series_Historicas_2T26__7747b90df4b5.xlsx"", ""vintage"": ""2026Q2""}, {""metric"": ""fees"", ""period"": ""2024Q2"", ""value"": 10886.337192, ""reference"": ""DRE_MF_PRO FORMA!C18"", ""path"": ""documents/Itau/2026/2T26/Planilha_de_Series_Historicas_2T26__7747b90df4b5.xlsx"", ""vintage"": ""2026Q2""}, {""metric"": ""fees"", ""period"": ""2024Q1"", ""value"": 10430.029719, ""reference"": ""DRE_MF_PRO FORMA!B18"", ""path"": ""documents/Itau/2026/2T26/Planilha_de_Series_Historicas_2T26__7747b90df4b5.xlsx"", ""vintage"": ""2026Q2""}, {""metric"": ""credit_cost"", ""period"": ""2024Q2"", ""value"": 9428.803405, ""reference"": ""DRE_MF_PRO FORMA!C10"", ""path"": ""documents/Itau/2026/2T26/Planilha_de_Series_Historicas_2T26__7747b90df4b5.xlsx"", ""vintage"": ""2026Q2""}, {""metric"": ""credit_cost"", ""period"": ""2024Q1"", ""value"": 9383.013068, ""reference"": ""DRE_MF_PRO FORMA!B10"", ""path"": ""documents/Itau/2026/2T26/Planilha_de_Series_Historicas_2T26__7747b90df4b5.xlsx"", ""vintage"": ""2026Q2""}, {""metric"": ""operating_expenses"", ""period"": ""2024Q2"", ""value"": 14772.279967, ""reference"": ""DRE_MF_PRO FORMA!C20"", ""path"": ""documents/Itau/2026/2T26/Planilha_de_Series_Historicas_2T26__7747b90df4b5.xlsx"", ""vintage"": ""2026Q2""}, {""metric"": ""operating_expenses"", ""period"": ""2024Q1"", ""value"": 14018.26097, ""reference"": ""DRE_MF_PRO FORMA!B20"", ""path"": ""documents/Itau/2026/2T26/Planilha_de_Series_Historicas_2T26__7747b90df4b5.xlsx"", ""vintage"": ""2026Q2""}]",884.0075529999995,456.30747300000075,-45.79033700000036,
Itau,2024Q3,QoQ,2024Q2,BRL_million,602.7654770000008,5.984343015018264,,-982.4613360000003,237.80877900000087,arithmetic_bridge,Selected income components plus residual; not causal attribution. Accounting/managerial scope and 2025 rule changes may affect comparability.,"[{""metric"": ""net_interest_income"", ""period"": ""2024Q3"", ""value"": 29276.623541, ""reference"": ""Sumário_PRO FORMA!F6"", ""path"": ""documents/Itau/2026/2T26/Planilha_de_Series_Historicas_2T26__7747b90df4b5.xlsx"", ""vintage"": ""2026Q2""}, {""metric"": ""net_interest_income"", ""period"": ""2024Q2"", ""value"": 28460.122507, ""reference"": ""Sumário_PRO FORMA!E6"", ""path"": ""documents/Itau/2026/2T26/Planilha_de_Series_Historicas_2T26__7747b90df4b5.xlsx"", ""vintage"": ""2026Q2""}, {""metric"": ""fees"", ""period"": ""2024Q3"", ""value"": 10826.46576, ""reference"": ""DRE_MF_PRO FORMA!D18"", ""path"": ""documents/Itau/2026/2T26/Planilha_de_Series_Historicas_2T26__7747b90df4b5.xlsx"", ""vintage"": ""2026Q2""}, {""metric"": ""fees"", ""period"": ""2024Q2"", ""value"": 10886.337192, ""reference"": ""DRE_MF_PRO FORMA!C18"", ""path"": ""documents/Itau/2026/2T26/Planilha_de_Series_Historicas_2T26__7747b90df4b5.xlsx"", ""vintage"": ""2026Q2""}, {""metric"": ""credit_cost"", ""period"": ""2024Q3"", ""value"": 8838.014973, ""reference"": ""DRE_MF_PRO FORMA!D10"", ""path"": ""documents/Itau/2026/2T26/Planilha_de_Series_Historicas_2T26__7747b90df4b5.xlsx"", ""vintage"": ""2026Q2""}, {""metric"": ""credit_cost"", ""period"": ""2024Q2"", ""value"": 9428.803405, ""reference"": ""DRE_MF_PRO FORMA!C10"", ""path"": ""documents/Itau/2026/2T26/Planilha_de_Series_Historicas_2T26__7747b90df4b5.xlsx"", ""vintage"": ""2026Q2""}, {""metric"": ""operating_expenses"", ""period"": ""2024Q3"", ""value"": 15754.741303, ""reference"": ""DRE_MF_PRO FORMA!D20"", ""path"": ""documents/Itau/2026/2T26/Planilha_de_Series_Historicas_2T26__7747b90df4b5.xlsx"", ""vintage"": ""2026Q2""}, {""metric"": ""operating_expenses"", ""period"": ""2024Q2"", ""value"": 14772.279967, ""reference"": ""DRE_MF_PRO FORMA!C20"", ""path"": ""documents/Itau/2026/2T26/Planilha_de_Series_Historicas_2T26__7747b90df4b5.xlsx"", ""vintage"": ""2026Q2""}]",816.5010340000008,-59.87143200000173,590.7884320000012,
Itau,2024Q4,QoQ,2024Q3,BRL_million,208.97971700000016,1.9576296450760822,,-655.8132089999981,-34.7563339999997,arithmetic_bridge,Selected income components plus residual; not causal attribution. Accounting/managerial scope and 2025 rule changes may affect comparability.,"[{""metric"": ""net_interest_income"", ""period"": ""2024Q4"", ""value"": 30307.171959, ""reference"": ""Sumário_PRO FORMA!G6"", ""path"": ""documents/Itau/2026/2T26/Planilha_de_Series_Historicas_2T26__7747b90df4b5.xlsx"", ""vintage"": ""2026Q2""}, {""metric"": ""net_interest_income"", ""period"": ""2024Q3"", ""value"": 29276.623541, ""reference"": ""Sumário_PRO FORMA!F6"", ""path"": ""documents/Itau/2026/2T26/Planilha_de_Series_Historicas_2T26__7747b90df4b5.xlsx"", ""vintage"": ""2026Q2""}, {""metric"": ""fees"", ""period"": ""2024Q4"", ""value"": 11246.046245, ""reference"": ""DRE_MF_PRO FORMA!E18"", ""path"": ""documents/Itau/2026/2T26/Planilha_de_Series_Historicas_2T26__7747b90df4b5.xlsx"", ""vintage"": ""2026Q2""}, {""metric"": ""fees"", ""period"": ""2024Q3"", ""value"": 10826.46576, ""reference"": ""DRE_MF_PRO FORMA!D18"", ""path"": ""documents/Itau/2026/2T26/Planilha_de_Series_Historicas_2T26__7747b90df4b5.xlsx"", ""vintage"": ""2026Q2""}, {""metric"": ""credit_cost"", ""period"": ""2024Q4"", ""value"": 9388.594616, ""reference"": ""DRE_MF_PRO FORMA!E10"", ""path"": ""documents/Itau/2026/2T26/Planilha_de_Series_Historicas_2T26__7747b90df4b5.xlsx"", ""vintage"": ""2026Q2""}, {""metric"": ""credit_cost"", ""period"": ""2024Q3"", ""value"": 8838.014973, ""reference"": ""DRE_MF_PRO FORMA!D10"", ""path"": ""documents/Itau/2026/2T26/Planilha_de_Series_Historicas_2T26__7747b90df4b5.xlsx"", ""vintage"": ""2026Q2""}, {""metric"": ""operating_expenses"", ""period"": ""2024Q4"", ""value"": 16410.554512, ""reference"": ""DRE_MF_PRO FORMA!E20"", ""path"": ""documents/Itau/2026/2T26/Planilha_de_Series_Historicas_2T26__7747b90df4b5.xlsx"", ""vintage"": ""2026Q2""}, {""metric"": ""operating_expenses"", ""period"": ""2024Q3"", ""value"": 15754.741303, ""reference"": ""DRE_MF_PRO FORMA!D20"", ""path"": ""documents/Itau/2026/2T26/Planilha_de_Series_Historicas_2T26__7747b90df4b5.xlsx"", ""vintage"": ""2026Q2""}]",1030.5484179999985,419.5804850000004,-550.5796430000009,
Itau,2025Q1,QoQ,2024Q4,BRL_million,244.00195299999905,2.241816021306992,,960.0870479999994,-844.5274050000025,arithmetic_bridge,Selected income components plus residual; not causal attribution. Accounting/managerial scope and 2025 rule changes may affect comparability.,"[{""metric"": ""net_interest_income"", ""period"": ""2025Q1"", ""value"": 31081.126368, ""reference"": ""Sumário_PRO FORMA!H6"", ""path"": ""documents/Itau/2026/2T26/Planilha_de_Series_Historicas_2T26__7747b90df4b5.xlsx"", ""vintage"": ""2026Q2""}, {""metric"": ""net_interest_income"", ""period"": ""2024Q4"", ""value"": 30307.171959, ""reference"": ""Sumário_PRO FORMA!G6"", ""path"": ""documents/Itau/2026/2T26/Planilha_de_Series_Historicas_2T26__7747b90df4b5.xlsx"", ""vintage"": ""2026Q2""}, {""metric"": ""fees"", ""period"": ""2025Q1"", ""value"": 10735.765801, ""reference"": ""DRE_MF_PRO FORMA!G18"", ""path"": ""documents/Itau/2026/2T26/Planilha_de_Series_Historicas_2T26__7747b90df4b5.xlsx"", ""vintage"": ""2026Q2""}, {""metric"": ""fees"", ""period"": ""2024Q4"", ""value"": 11246.046245, ""reference"": ""DRE_MF_PRO FORMA!E18"", ""path"": ""documents/Itau/2026/2T26/Planilha_de_Series_Historicas_2T26__7747b90df4b5.xlsx"", ""vintage"": ""2026Q2""}, {""metric"": ""credit_cost"", ""period"": ""2025Q1"", ""value"": 9523.826271, ""reference"": ""DRE_MF_PRO FORMA!G10"", ""path"": ""documents/Itau/2026/2T26/Planilha_de_Series_Historicas_2T26__7747b90df4b5.xlsx"", ""vintage"": ""2026Q2""}, {""metric"": ""credit_cost"", ""period"": ""2024Q4"", ""value"": 9388.594616, ""reference"": ""DRE_MF_PRO FORMA!E10"", ""path"": ""documents/Itau/2026/2T26/Planilha_de_Series_Historicas_2T26__7747b90df4b5.xlsx"", ""vintage"": ""2026Q2""}, {""metric"": ""operating_expenses"", ""period"": ""2025Q1"", ""value"": 15450.467464, ""reference"": ""DRE_MF_PRO FORMA!G20"", ""path"": ""documents/Itau/2026/2T26/Planilha_de_Series_Historicas_2T26__7747b90df4b5.xlsx"", ""vintage"": ""2026Q2""}, {""metric"": ""operating_expenses"", ""period"": ""2024Q4"", ""value"": 16410.554512, ""reference"": ""DRE_MF_PRO FORMA!E20"", ""path"": ""documents/Itau/2026/2T26/Planilha_de_Series_Historicas_2T26__7747b90df4b5.xlsx"", ""vintage"": ""2026Q2""}]",773.9544090000018,-510.280444,-135.2316549999996,
Itau,2025Q1,YoY,2024Q1,BRL_million,1357.1385969999992,13.889477689211043,,-1432.206494,-880.589202000001,arithmetic_bridge,Selected income components plus residual; not causal attribution. Accounting/managerial scope and 2025 rule changes may affect comparability.,"[{""metric"": ""net_interest_income"", ""period"": ""2025Q1"", ""value"": 31081.126368, ""reference"": ""Sumário_PRO FORMA!H6"", ""path"": ""documents/Itau/2026/2T26/Planilha_de_Series_Historicas_2T26__7747b90df4b5.xlsx"", ""vintage"": ""2026Q2""}, {""metric"": ""net_interest_income"", ""period"": ""2024Q1"", ""value"": 27576.114954, ""reference"": ""Sumário_PRO FORMA!D6"", ""path"": ""documents/Itau/2026/2T26/Planilha_de_Series_Historicas_2T26__7747b90df4b5.xlsx"", ""vintage"": ""2026Q2""}, {""metric"": ""fees"", ""period"": ""2025Q1"", ""value"": 10735.765801, ""reference"": ""DRE_MF_PRO FORMA!G18"", ""path"": ""documents/Itau/2026/2T26/Planilha_de_Series_Historicas_2T26__7747b90df4b5.xlsx"", ""vintage"": ""2026Q2""}, {""metric"": ""fees"", ""period"": ""2024Q1"", ""value"": 10430.029719, ""reference"": ""DRE_MF_PRO FORMA!B18"", ""path"": ""documents/Itau/2026/2T26/Planilha_de_Series_Historicas_2T26__7747b90df4b5.xlsx"", ""vintage"": ""2026Q2""}, {""metric"": ""credit_cost"", ""period"": ""2025Q1"", ""value"": 9523.826271, ""reference"": ""DRE_MF_PRO FORMA!G10"", ""path"": ""documents/Itau/2026/2T26/Planilha_de_Series_Historicas_2T26__7747b90df4b5.xlsx"", ""vintage"": ""2026Q2""}, {""metric"": ""credit_cost"", ""period"": ""2024Q1"", ""value"": 9383.013068, ""reference"": ""DRE_MF_PRO FORMA!B10"", ""path"": ""documents/Itau/2026/2T26/Planilha_de_Series_Historicas_2T26__7747b90df4b5.xlsx"", ""vintage"": ""2026Q2""}, {""metric"": ""operating_expenses"", ""period"": ""2025Q1"", ""value"": 15450.467464, ""reference"": ""DRE_MF_PRO FORMA!G20"", ""path"": ""documents/Itau/2026/2T26/Planilha_de_Series_Historicas_2T26__7747b90df4b5.xlsx"", ""vintage"": ""2026Q2""}, {""metric"": ""operating_expenses"", ""period"": ""2024Q1"", ""value"": 14018.26097, ""reference"": ""DRE_MF_PRO FORMA!B20"", ""path"": ""documents/Itau/2026/2T26/Planilha_de_Series_Historicas_2T26__7747b90df4b5.xlsx"", ""vintage"": ""2026Q2""}]",3505.0114140000005,305.73608199999944,-140.8132029999997,
Itau,2025Q2,QoQ,2025Q1,BRL_million,380.2042100000017,3.416607050529234,,-768.9120760000005,257.7330900000052,arithmetic_bridge,Selected income components plus residual; not causal attribution. Accounting/managerial scope and 2025 rule changes may affect comparability.,"[{""metric"": ""net_interest_income"", ""period"": ""2025Q2"", ""value"": 31846.058391, ""reference"": ""Sumário_PRO FORMA!I6"", ""path"": ""documents/Itau/2026/2T26/Planilha_de_Series_Historicas_2T26__7747b90df4b5.xlsx"", ""vintage"": ""2026Q2""}, {""metric"": ""net_interest_income"", ""period"": ""2025Q1"", ""value"": 31081.126368, ""reference"": ""Sumário_PRO FORMA!H6"", ""path"": ""documents/Itau/2026/2T26/Planilha_de_Series_Historicas_2T26__7747b90df4b5.xlsx"", ""vintage"": ""2026Q2""}, {""metric"": ""fees"", ""period"": ""2025Q2"", ""value"": 10781.249418, ""reference"": ""DRE_MF_PRO FORMA!H18"", ""path"": ""documents/Itau/2026/2T26/Planilha_de_Series_Historicas_2T26__7747b90df4b5.xlsx"", ""vintage"": ""2026Q2""}, {""metric"": ""fees"", ""period"": ""2025Q1"", ""value"": 10735.765801, ""reference"": ""DRE_MF_PRO FORMA!G18"", ""path"": ""documents/Itau/2026/2T26/Planilha_de_Series_Historicas_2T26__7747b90df4b5.xlsx"", ""vintage"": ""2026Q2""}, {""metric"": ""credit_cost"", ""period"": ""2025Q2"", ""value"": 9442.858715, ""reference"": ""DRE_MF_PRO FORMA!H10"", ""path"": ""documents/Itau/2026/2T26/Planilha_de_Series_Historicas_2T26__7747b90df4b5.xlsx"", ""vintage"": ""2026Q2""}, {""metric"": ""credit_cost"", ""period"": ""2025Q1"", ""value"": 9523.826271, ""reference"": ""DRE_MF_PRO FORMA!G10"", ""path"": ""documents/Itau/2026/2T26/Planilha_de_Series_Historicas_2T26__7747b90df4b5.xlsx"", ""vintage"": ""2026Q2""}, {""metric"": ""operating_expenses"", ""period"": ""2025Q2"", ""value"": 16219.37954, ""reference"": ""DRE_MF_PRO FORMA!H20"", ""path"": ""documents/Itau/2026/2T26/Planilha_de_Series_Historicas_2T26__7747b90df4b5.xlsx"", ""vintage"": ""2026Q2""}, {""metric"": ""operating_expenses"", ""period"": ""2025Q1"", ""value"": 15450.467464, ""reference"": ""DRE_MF_PRO FORMA!G20"", ""path"": ""documents/Itau/2026/2T26/Planilha_de_Series_Historicas_2T26__7747b90df4b5.xlsx"", ""vintage"": ""2026Q2""}]",764.9320229999976,45.48361699999987,80.9675559999996,
Itau,2025Q2,YoY,2024Q2,BRL_million,1435.9513570000017,14.256333186064246,,-1447.0995729999995,-383.7418699999962,arithmetic_bridge,Selected income components plus residual; not causal attribution. Accounting/managerial scope and 2025 rule changes may affect comparability.,"[{""metric"": ""net_interest_income"", ""period"": ""2025Q2"", ""value"": 31846.058391, ""reference"": ""Sumário_PRO FORMA!I6"", ""path"": ""documents/Itau/2026/2T26/Planilha_de_Series_Historicas_2T26__7747b90df4b5.xlsx"", ""vintage"": ""2026Q2""}, {""metric"": ""net_interest_income"", ""period"": ""2024Q2"", ""value"": 28460.122507, ""reference"": ""Sumário_PRO FORMA!E6"", ""path"": ""documents/Itau/2026/2T26/Planilha_de_Series_Historicas_2T26__7747b90df4b5.xlsx"", ""vintage"": ""2026Q2""}, {""metric"": ""fees"", ""period"": ""2025Q2"", ""value"": 10781.249418, ""reference"": ""DRE_MF_PRO FORMA!H18"", ""path"": ""documents/Itau/2026/2T26/Planilha_de_Series_Historicas_2T26__7747b90df4b5.xlsx"", ""vintage"": ""2026Q2""}, {""metric"": ""fees"", ""period"": ""2024Q2"", ""value"": 10886.337192, ""reference"": ""DRE_MF_PRO FORMA!C18"", ""path"": ""documents/Itau/2026/2T26/Planilha_de_Series_Historicas_2T26__7747b90df4b5.xlsx"", ""vintage"": ""2026Q2""}, {""metric"": ""credit_cost"", ""period"": ""2025Q2"", ""value"": 9442.858715, ""reference"": ""DRE_MF_PRO FORMA!H10"", ""path"": ""documents/Itau/2026/2T26/Planilha_de_Series_Historicas_2T26__7747b90df4b5.xlsx"", ""vintage"": ""2026Q2""}, {""metric"": ""credit_cost"", ""period"": ""2024Q2"", ""value"": 9428.803405, ""reference"": ""DRE_MF_PRO FORMA!C10"", ""path"": ""documents/Itau/2026/2T26/Planilha_de_Series_Historicas_2T26__7747b90df4b5.xlsx"", ""vintage"": ""2026Q2""}, {""metric"": ""operating_expenses"", ""period"": ""2025Q2"", ""value"": 16219.37954, ""reference"": ""DRE_MF_PRO FORMA!H20"", ""path"": ""documents/Itau/2026/2T26/Planilha_de_Series_Historicas_2T26__7747b90df4b5.xlsx"", ""vintage"": ""2026Q2""}, {""metric"": ""operating_expenses"", ""period"": ""2024Q2"", ""value"": 14772.279967, ""reference"": ""DRE_MF_PRO FORMA!C20"", ""path"": ""documents/Itau/2026/2T26/Planilha_de_Series_Historicas_2T26__7747b90df4b5.xlsx"", ""vintage"": ""2026Q2""}]",3385.9358839999986,-105.08777400000145,-14.055309999999736,
Itau,2025Q3,QoQ,2025Q2,BRL_million,367.9798949999986,3.1975100437361657,,-630.3405089999997,450.64943299999686,arithmetic_bridge,Selected income components plus residual; not causal attribution. Accounting/managerial scope and 2025 rule changes may affect comparability.,"[{""metric"": ""net_interest_income"", ""period"": ""2025Q3"", ""value"": 32117.54768, ""reference"": ""Sumário_PRO FORMA!J6"", ""path"": ""documents/Itau/2026/2T26/Planilha_de_Series_Historicas_2T26__7747b90df4b5.xlsx"", ""vintage"": ""2026Q2""}, {""metric"": ""net_interest_income"", ""period"": ""2025Q2"", ""value"": 31846.058391, ""reference"": ""Sumário_PRO FORMA!I6"", ""path"": ""documents/Itau/2026/2T26/Planilha_de_Series_Historicas_2T26__7747b90df4b5.xlsx"", ""vintage"": ""2026Q2""}, {""metric"": ""fees"", ""period"": ""2025Q3"", ""value"": 11061.855259, ""reference"": ""DRE_MF_PRO FORMA!I18"", ""path"": ""documents/Itau/2026/2T26/Planilha_de_Series_Historicas_2T26__7747b90df4b5.xlsx"", ""vintage"": ""2026Q2""}, {""metric"": ""fees"", ""period"": ""2025Q2"", ""value"": 10781.249418, ""reference"": ""DRE_MF_PRO FORMA!H18"", ""path"": ""documents/Itau/2026/2T26/Planilha_de_Series_Historicas_2T26__7747b90df4b5.xlsx"", ""vintage"": ""2026Q2""}, {""metric"": ""credit_cost"", ""period"": ""2025Q3"", ""value"": 9447.282874, ""reference"": ""DRE_MF_PRO FORMA!I10"", ""path"": ""documents/Itau/2026/2T26/Planilha_de_Series_Historicas_2T26__7747b90df4b5.xlsx"", ""vintage"": ""2026Q2""}, {""metric"": ""credit_cost"", ""period"": ""2025Q2"", ""value"": 9442.858715, ""reference"": ""DRE_MF_PRO FORMA!H10"", ""path"": ""documents/Itau/2026/2T26/Planilha_de_Series_Historicas_2T26__7747b90df4b5.xlsx"", ""vintage"": ""2026Q2""}, {""metric"": ""operating_expenses"", ""period"": ""2025Q3"", ""value"": 16849.720049, ""reference"": ""DRE_MF_PRO FORMA!I20"", ""path"": ""documents/Itau/2026/2T26/Planilha_de_Series_Historicas_2T26__7747b90df4b5.xlsx"", ""vintage"": ""2026Q2""}, {""metric"": ""operating_expenses"", ""period"": ""2025Q2"", ""value"": 16219.37954, ""reference"": ""DRE_MF_PRO FORMA!H20"", ""path"": ""documents/Itau/2026/2T26/Planilha_de_Series_Historicas_2T26__7747b90df4b5.xlsx"", ""vintage"": ""2026Q2""}]",271.489289000001,280.6058410000005,-4.424159000000145,
Itau,2025Q3,YoY,2024Q3,BRL_million,1201.1657749999995,11.251990210087158,,-1094.9787459999989,-170.9012160000002,arithmetic_bridge,Selected income components plus residual; not causal attribution. Accounting/managerial scope and 2025 rule changes may affect comparability.,"[{""metric"": ""net_interest_income"", ""period"": ""2025Q3"", ""value"": 32117.54768, ""reference"": ""Sumário_PRO FORMA!J6"", ""path"": ""documents/Itau/2026/2T26/Planilha_de_Series_Historicas_2T26__7747b90df4b5.xlsx"", ""vintage"": ""2026Q2""}, {""metric"": ""net_interest_income"", ""period"": ""2024Q3"", ""value"": 29276.623541, ""reference"": ""Sumário_PRO FORMA!F6"", ""path"": ""documents/Itau/2026/2T26/Planilha_de_Series_Historicas_2T26__7747b90df4b5.xlsx"", ""vintage"": ""2026Q2""}, {""metric"": ""fees"", ""period"": ""2025Q3"", ""value"": 11061.855259, ""reference"": ""DRE_MF_PRO FORMA!I18"", ""path"": ""documents/Itau/2026/2T26/Planilha_de_Series_Historicas_2T26__7747b90df4b5.xlsx"", ""vintage"": ""2026Q2""}, {""metric"": ""fees"", ""period"": ""2024Q3"", ""value"": 10826.46576, ""reference"": ""DRE_MF_PRO FORMA!D18"", ""path"": ""documents/Itau/2026/2T26/Planilha_de_Series_Historicas_2T26__7747b90df4b5.xlsx"", ""vintage"": ""2026Q2""}, {""metric"": ""credit_cost"", ""period"": ""2025Q3"", ""value"": 9447.282874, ""reference"": ""DRE_MF_PRO FORMA!I10"", ""path"": ""documents/Itau/2026/2T26/Planilha_de_Series_Historicas_2T26__7747b90df4b5.xlsx"", ""vintage"": ""2026Q2""}, {""metric"": ""credit_cost"", ""period"": ""2024Q3"", ""value"": 8838.014973, ""reference"": ""DRE_MF_PRO FORMA!D10"", ""path"": ""documents/Itau/2026/2T26/Planilha_de_Series_Historicas_2T26__7747b90df4b5.xlsx"", ""vintage"": ""2026Q2""}, {""metric"": ""operating_expenses"", ""period"": ""2025Q3"", ""value"": 16849.720049, ""reference"": ""DRE_MF_PRO FORMA!I20"", ""path"": ""documents/Itau/2026/2T26/Planilha_de_Series_Historicas_2T26__7747b90df4b5.xlsx"", ""vintage"": ""2026Q2""}, {""metric"": ""operating_expenses"", ""period"": ""2024Q3"", ""value"": 15754.741303, ""reference"": ""DRE_MF_PRO FORMA!D20"", ""path"": ""documents/Itau/2026/2T26/Planilha_de_Series_Historicas_2T26__7747b90df4b5.xlsx"", ""vintage"": ""2026Q2""}]",2840.924138999999,235.3894990000008,-609.2679010000011,
Itau,2025Q4,QoQ,2025Q3,BRL_million,440.86086799999975,3.712104202719693,,-194.91540800000075,-71.02376899999945,arithmetic_bridge,Selected income components plus residual; not causal attribution. Accounting/managerial scope and 2025 rule changes may affect comparability.,"[{""metric"": ""net_interest_income"", ""period"": ""2025Q4"", ""value"": 32313.528518, ""reference"": ""Sumário_PRO FORMA!K6"", ""path"": ""documents/Itau/2026/2T26/Planilha_de_Series_Historicas_2T26__7747b90df4b5.xlsx"", ""vintage"": ""2026Q2""}, {""metric"": ""net_interest_income"", ""period"": ""2025Q3"", ""value"": 32117.54768, ""reference"": ""Sumário_PRO FORMA!J6"", ""path"": ""documents/Itau/2026/2T26/Planilha_de_Series_Historicas_2T26__7747b90df4b5.xlsx"", ""vintage"": ""2026Q2""}, {""metric"": ""fees"", ""period"": ""2025Q4"", ""value"": 11835.79714, ""reference"": ""DRE_MF_PRO FORMA!J18"", ""path"": ""documents/Itau/2026/2T26/Planilha_de_Series_Historicas_2T26__7747b90df4b5.xlsx"", ""vintage"": ""2026Q2""}, {""metric"": ""fees"", ""period"": ""2025Q3"", ""value"": 11061.855259, ""reference"": ""DRE_MF_PRO FORMA!I18"", ""path"": ""documents/Itau/2026/2T26/Planilha_de_Series_Historicas_2T26__7747b90df4b5.xlsx"", ""vintage"": ""2026Q2""}, {""metric"": ""credit_cost"", ""period"": ""2025Q4"", ""value"": 9710.405548, ""reference"": ""DRE_MF_PRO FORMA!J10"", ""path"": ""documents/Itau/2026/2T26/Planilha_de_Series_Historicas_2T26__7747b90df4b5.xlsx"", ""vintage"": ""2026Q2""}, {""metric"": ""credit_cost"", ""period"": ""2025Q3"", ""value"": 9447.282874, ""reference"": ""DRE_MF_PRO FORMA!I10"", ""path"": ""documents/Itau/2026/2T26/Planilha_de_Series_Historicas_2T26__7747b90df4b5.xlsx"", ""vintage"": ""2026Q2""}, {""metric"": ""operating_expenses"", ""period"": ""2025Q4"", ""value"": 17044.635457, ""reference"": ""DRE_MF_PRO FORMA!J20"", ""path"": ""documents/Itau/2026/2T26/Planilha_de_Series_Historicas_2T26__7747b90df4b5.xlsx"", ""vintage"": ""2026Q2""}, {""metric"": ""operating_expenses"", ""period"": ""2025Q3"", ""value"": 16849.720049, ""reference"": ""DRE_MF_PRO FORMA!I20"", ""path"": ""documents/Itau/2026/2T26/Planilha_de_Series_Historicas_2T26__7747b90df4b5.xlsx"", ""vintage"": ""2026Q2""}]",195.9808379999995,773.9418810000006,-263.1226740000002,
Itau,2025Q4,YoY,2024Q4,BRL_million,1433.046925999999,13.166401000042592,,-634.0809450000015,-207.16865099999995,arithmetic_bridge,Selected income components plus residual; not causal attribution. Accounting/managerial scope and 2025 rule changes may affect comparability.,"[{""metric"": ""net_interest_income"", ""period"": ""2025Q4"", ""value"": 32313.528518, ""reference"": ""Sumário_PRO FORMA!K6"", ""path"": ""documents/Itau/2026/2T26/Planilha_de_Series_Historicas_2T26__7747b90df4b5.xlsx"", ""vintage"": ""2026Q2""}, {""metric"": ""net_interest_income"", ""period"": ""2024Q4"", ""value"": 30307.171959, ""reference"": ""Sumário_PRO FORMA!G6"", ""path"": ""documents/Itau/2026/2T26/Planilha_de_Series_Historicas_2T26__7747b90df4b5.xlsx"", ""vintage"": ""2026Q2""}, {""metric"": ""fees"", ""period"": ""2025Q4"", ""value"": 11835.79714, ""reference"": ""DRE_MF_PRO FORMA!J18"", ""path"": ""documents/Itau/2026/2T26/Planilha_de_Series_Historicas_2T26__7747b90df4b5.xlsx"", ""vintage"": ""2026Q2""}, {""metric"": ""fees"", ""period"": ""2024Q4"", ""value"": 11246.046245, ""reference"": ""DRE_MF_PRO FORMA!E18"", ""path"": ""documents/Itau/2026/2T26/Planilha_de_Series_Historicas_2T26__7747b90df4b5.xlsx"", ""vintage"": ""2026Q2""}, {""metric"": ""credit_cost"", ""period"": ""2025Q4"", ""value"": 9710.405548, ""reference"": ""DRE_MF_PRO FORMA!J10"", ""path"": ""documents/Itau/2026/2T26/Planilha_de_Series_Historicas_2T26__7747b90df4b5.xlsx"", ""vintage"": ""2026Q2""}, {""metric"": ""credit_cost"", ""period"": ""2024Q4"", ""value"": 9388.594616, ""reference"": ""DRE_MF_PRO FORMA!E10"", ""path"": ""documents/Itau/2026/2T26/Planilha_de_Series_Historicas_2T26__7747b90df4b5.xlsx"", ""vintage"": ""2026Q2""}, {""metric"": ""operating_expenses"", ""period"": ""2025Q4"", ""value"": 17044.635457, ""reference"": ""DRE_MF_PRO FORMA!J20"", ""path"": ""documents/Itau/2026/2T26/Planilha_de_Series_Historicas_2T26__7747b90df4b5.xlsx"", ""vintage"": ""2026Q2""}, {""metric"": ""operating_expenses"", ""period"": ""2024Q4"", ""value"": 16410.554512, ""reference"": ""DRE_MF_PRO FORMA!E20"", ""path"": ""documents/Itau/2026/2T26/Planilha_de_Series_Historicas_2T26__7747b90df4b5.xlsx"", ""vintage"": ""2026Q2""}]",2006.3565589999998,589.750895000001,-321.8109320000003,
Itau,2026Q1,QoQ,2025Q4,BRL_million,-35.052363999999216,-0.2845813758485056,,856.7830910000011,180.6909199999991,arithmetic_bridge,Selected income components plus residual; not causal attribution. Accounting/managerial scope and 2025 rule changes may affect comparability.,"[{""metric"": ""net_interest_income"", ""period"": ""2026Q1"", ""value"": 32325.713194, ""reference"": ""Sumário_PRO FORMA!L6"", ""path"": ""documents/Itau/2026/2T26/Planilha_de_Series_Historicas_2T26__7747b90df4b5.xlsx"", ""vintage"": ""2026Q2""}, {""metric"": ""net_interest_income"", ""period"": ""2025Q4"", ""value"": 32313.528518, ""reference"": ""Sumário_PRO FORMA!K6"", ""path"": ""documents/Itau/2026/2T26/Planilha_de_Series_Historicas_2T26__7747b90df4b5.xlsx"", ""vintage"": ""2026Q2""}, {""metric"": ""fees"", ""period"": ""2026Q1"", ""value"": 10992.680541, ""reference"": ""DRE_MF_PRO FORMA!L18"", ""path"": ""documents/Itau/2026/2T26/Planilha_de_Series_Historicas_2T26__7747b90df4b5.xlsx"", ""vintage"": ""2026Q2""}, {""metric"": ""fees"", ""period"": ""2025Q4"", ""value"": 11835.79714, ""reference"": ""DRE_MF_PRO FORMA!J18"", ""path"": ""documents/Itau/2026/2T26/Planilha_de_Series_Historicas_2T26__7747b90df4b5.xlsx"", ""vintage"": ""2026Q2""}, {""metric"": ""credit_cost"", ""period"": ""2026Q1"", ""value"": 9952, ""reference"": ""DRE_MF_PRO FORMA!L10"", ""path"": ""documents/Itau/2026/2T26/Planilha_de_Series_Historicas_2T26__7747b90df4b5.xlsx"", ""vintage"": ""2026Q2""}, {""metric"": ""credit_cost"", ""period"": ""2025Q4"", ""value"": 9710.405548, ""reference"": ""DRE_MF_PRO FORMA!J10"", ""path"": ""documents/Itau/2026/2T26/Planilha_de_Series_Historicas_2T26__7747b90df4b5.xlsx"", ""vintage"": ""2026Q2""}, {""metric"": ""operating_expenses"", ""period"": ""2026Q1"", ""value"": 16187.852366, ""reference"": ""DRE_MF_PRO FORMA!L20"", ""path"": ""documents/Itau/2026/2T26/Planilha_de_Series_Historicas_2T26__7747b90df4b5.xlsx"", ""vintage"": ""2026Q2""}, {""metric"": ""operating_expenses"", ""period"": ""2025Q4"", ""value"": 17044.635457, ""reference"": ""DRE_MF_PRO FORMA!J20"", ""path"": ""documents/Itau/2026/2T26/Planilha_de_Series_Historicas_2T26__7747b90df4b5.xlsx"", ""vintage"": ""2026Q2""}]",12.184676000000763,-843.1165990000009,-241.59445199999936,
Itau,2026Q1,YoY,2025Q1,BRL_million,1153.9926090000008,10.370056881190271,,-737.3849019999998,818.0496740000017,arithmetic_bridge,Selected income components plus residual; not causal attribution. Accounting/managerial scope and 2025 rule changes may affect comparability.,"[{""metric"": ""net_interest_income"", ""period"": ""2026Q1"", ""value"": 32325.713194, ""reference"": ""Sumário_PRO FORMA!L6"", ""path"": ""documents/Itau/2026/2T26/Planilha_de_Series_Historicas_2T26__7747b90df4b5.xlsx"", ""vintage"": ""2026Q2""}, {""metric"": ""net_interest_income"", ""period"": ""2025Q1"", ""value"": 31081.126368, ""reference"": ""Sumário_PRO FORMA!H6"", ""path"": ""documents/Itau/2026/2T26/Planilha_de_Series_Historicas_2T26__7747b90df4b5.xlsx"", ""vintage"": ""2026Q2""}, {""metric"": ""fees"", ""period"": ""2026Q1"", ""value"": 10992.680541, ""reference"": ""DRE_MF_PRO FORMA!L18"", ""path"": ""documents/Itau/2026/2T26/Planilha_de_Series_Historicas_2T26__7747b90df4b5.xlsx"", ""vintage"": ""2026Q2""}, {""metric"": ""fees"", ""period"": ""2025Q1"", ""value"": 10735.765801, ""reference"": ""DRE_MF_PRO FORMA!G18"", ""path"": ""documents/Itau/2026/2T26/Planilha_de_Series_Historicas_2T26__7747b90df4b5.xlsx"", ""vintage"": ""2026Q2""}, {""metric"": ""credit_cost"", ""period"": ""2026Q1"", ""value"": 9952, ""reference"": ""DRE_MF_PRO FORMA!L10"", ""path"": ""documents/Itau/2026/2T26/Planilha_de_Series_Historicas_2T26__7747b90df4b5.xlsx"", ""vintage"": ""2026Q2""}, {""metric"": ""credit_cost"", ""period"": ""2025Q1"", ""value"": 9523.826271, ""reference"": ""DRE_MF_PRO FORMA!G10"", ""path"": ""documents/Itau/2026/2T26/Planilha_de_Series_Historicas_2T26__7747b90df4b5.xlsx"", ""vintage"": ""2026Q2""}, {""metric"": ""operating_expenses"", ""period"": ""2026Q1"", ""value"": 16187.852366, ""reference"": ""DRE_MF_PRO FORMA!L20"", ""path"": ""documents/Itau/2026/2T26/Planilha_de_Series_Historicas_2T26__7747b90df4b5.xlsx"", ""vintage"": ""2026Q2""}, {""metric"": ""operating_expenses"", ""period"": ""2025Q1"", ""value"": 15450.467464, ""reference"": ""DRE_MF_PRO FORMA!G20"", ""path"": ""documents/Itau/2026/2T26/Planilha_de_Series_Historicas_2T26__7747b90df4b5.xlsx"", ""vintage"": ""2026Q2""}]",1244.5868259999988,256.91474000000017,-428.1737290000001,
Itau,2026Q2,QoQ,2026Q1,BRL_million,124.57140099999924,1.0142504140982824,,-539.658545000002,-346.65589199999704,arithmetic_bridge,Selected income components plus residual; not causal attribution. Accounting/managerial scope and 2025 rule changes may affect comparability.,"[{""metric"": ""net_interest_income"", ""period"": ""2026Q2"", ""value"": 33487.583621, ""reference"": ""Sumário_PRO FORMA!M6"", ""path"": ""documents/Itau/2026/2T26/Planilha_de_Series_Historicas_2T26__7747b90df4b5.xlsx"", ""vintage"": ""2026Q2""}, {""metric"": ""net_interest_income"", ""period"": ""2026Q1"", ""value"": 32325.713194, ""reference"": ""Sumário_PRO FORMA!L6"", ""path"": ""documents/Itau/2026/2T26/Planilha_de_Series_Historicas_2T26__7747b90df4b5.xlsx"", ""vintage"": ""2026Q2""}, {""metric"": ""fees"", ""period"": ""2026Q2"", ""value"": 11028.34111, ""reference"": ""DRE_MF_PRO FORMA!M18"", ""path"": ""documents/Itau/2026/2T26/Planilha_de_Series_Historicas_2T26__7747b90df4b5.xlsx"", ""vintage"": ""2026Q2""}, {""metric"": ""fees"", ""period"": ""2026Q1"", ""value"": 10992.680541, ""reference"": ""DRE_MF_PRO FORMA!L18"", ""path"": ""documents/Itau/2026/2T26/Planilha_de_Series_Historicas_2T26__7747b90df4b5.xlsx"", ""vintage"": ""2026Q2""}, {""metric"": ""credit_cost"", ""period"": ""2026Q2"", ""value"": 10138.645158, ""reference"": ""DRE_MF_PRO FORMA!M10"", ""path"": ""documents/Itau/2026/2T26/Planilha_de_Series_Historicas_2T26__7747b90df4b5.xlsx"", ""vintage"": ""2026Q2""}, {""metric"": ""credit_cost"", ""period"": ""2026Q1"", ""value"": 9952, ""reference"": ""DRE_MF_PRO FORMA!L10"", ""path"": ""documents/Itau/2026/2T26/Planilha_de_Series_Historicas_2T26__7747b90df4b5.xlsx"", ""vintage"": ""2026Q2""}, {""metric"": ""operating_expenses"", ""period"": ""2026Q2"", ""value"": 16727.510911, ""reference"": ""DRE_MF_PRO FORMA!M20"", ""path"": ""documents/Itau/2026/2T26/Planilha_de_Series_Historicas_2T26__7747b90df4b5.xlsx"", ""vintage"": ""2026Q2""}, {""metric"": ""operating_expenses"", ""period"": ""2026Q1"", ""value"": 16187.852366, ""reference"": ""DRE_MF_PRO FORMA!L20"", ""path"": ""documents/Itau/2026/2T26/Planilha_de_Series_Historicas_2T26__7747b90df4b5.xlsx"", ""vintage"": ""2026Q2""}]",1161.870426999998,35.66056899999967,-186.64515799999936,
Itau,2026Q2,YoY,2025Q2,BRL_million,898.3597999999984,7.806172354576108,,-508.1313710000013,213.66069199999947,arithmetic_bridge,Selected income components plus residual; not causal attribution. Accounting/managerial scope and 2025 rule changes may affect comparability.,"[{""metric"": ""net_interest_income"", ""period"": ""2026Q2"", ""value"": 33487.583621, ""reference"": ""Sumário_PRO FORMA!M6"", ""path"": ""documents/Itau/2026/2T26/Planilha_de_Series_Historicas_2T26__7747b90df4b5.xlsx"", ""vintage"": ""2026Q2""}, {""metric"": ""net_interest_income"", ""period"": ""2025Q2"", ""value"": 31846.058391, ""reference"": ""Sumário_PRO FORMA!I6"", ""path"": ""documents/Itau/2026/2T26/Planilha_de_Series_Historicas_2T26__7747b90df4b5.xlsx"", ""vintage"": ""2026Q2""}, {""metric"": ""fees"", ""period"": ""2026Q2"", ""value"": 11028.34111, ""reference"": ""DRE_MF_PRO FORMA!M18"", ""path"": ""documents/Itau/2026/2T26/Planilha_de_Series_Historicas_2T26__7747b90df4b5.xlsx"", ""vintage"": ""2026Q2""}, {""metric"": ""fees"", ""period"": ""2025Q2"", ""value"": 10781.249418, ""reference"": ""DRE_MF_PRO FORMA!H18"", ""path"": ""documents/Itau/2026/2T26/Planilha_de_Series_Historicas_2T26__7747b90df4b5.xlsx"", ""vintage"": ""2026Q2""}, {""metric"": ""credit_cost"", ""period"": ""2026Q2"", ""value"": 10138.645158, ""reference"": ""DRE_MF_PRO FORMA!M10"", ""path"": ""documents/Itau/2026/2T26/Planilha_de_Series_Historicas_2T26__7747b90df4b5.xlsx"", ""vintage"": ""2026Q2""}, {""metric"": ""credit_cost"", ""period"": ""2025Q2"", ""value"": 9442.858715, ""reference"": ""DRE_MF_PRO FORMA!H10"", ""path"": ""documents/Itau/2026/2T26/Planilha_de_Series_Historicas_2T26__7747b90df4b5.xlsx"", ""vintage"": ""2026Q2""}, {""metric"": ""operating_expenses"", ""period"": ""2026Q2"", ""value"": 16727.510911, ""reference"": ""DRE_MF_PRO FORMA!M20"", ""path"": ""documents/Itau/2026/2T26/Planilha_de_Series_Historicas_2T26__7747b90df4b5.xlsx"", ""vintage"": ""2026Q2""}, {""metric"": ""operating_expenses"", ""period"": ""2025Q2"", ""value"": 16219.37954, ""reference"": ""DRE_MF_PRO FORMA!H20"", ""path"": ""documents/Itau/2026/2T26/Planilha_de_Series_Historicas_2T26__7747b90df4b5.xlsx"", ""vintage"": ""2026Q2""}]",1641.5252299999993,247.09169199999997,-695.786442999999,
Santander,2024Q2,QoQ,2024Q1,BRL_million,310.7938260000001,10.287190828225558,,-17.60848199999964,-75.61988499999916,arithmetic_bridge,Selected income components plus residual; not causal attribution. Accounting/managerial scope and 2025 rule changes may affect comparability.,"[{""metric"": ""net_interest_income"", ""period"": ""2024Q2"", ""value"": 14750.760111, ""reference"": ""DRE Gerencial 2023 a 2024!H10"", ""path"": ""documents/Santander/2026/2T26/Series_Historicas_2T26__0b04dac5a2f3.xlsx"", ""vintage"": ""2026Q2""}, {""metric"": ""net_interest_income"", ""period"": ""2024Q1"", ""value"": 14789.998868, ""reference"": ""DRE Gerencial 2023 a 2024!G10"", ""path"": ""documents/Santander/2026/2T26/Series_Historicas_2T26__0b04dac5a2f3.xlsx"", ""vintage"": ""2026Q2""}, {""metric"": ""fees"", ""period"": ""2024Q2"", ""value"": 5181.994993, ""reference"": ""DRE Gerencial 2023 a 2024!H13"", ""path"": ""documents/Santander/2026/2T26/Series_Historicas_2T26__0b04dac5a2f3.xlsx"", ""vintage"": ""2026Q2""}, {""metric"": ""fees"", ""period"": ""2024Q1"", ""value"": 4885.590328, ""reference"": ""DRE Gerencial 2023 a 2024!G13"", ""path"": ""documents/Santander/2026/2T26/Series_Historicas_2T26__0b04dac5a2f3.xlsx"", ""vintage"": ""2026Q2""}, {""metric"": ""credit_cost"", ""period"": ""2024Q2"", ""value"": 5896.011818, ""reference"": ""DRE Gerencial 2023 a 2024!H15"", ""path"": ""documents/Santander/2026/2T26/Series_Historicas_2T26__0b04dac5a2f3.xlsx"", ""vintage"": ""2026Q2""}, {""metric"": ""credit_cost"", ""period"": ""2024Q1"", ""value"": 6042.868103, ""reference"": ""DRE Gerencial 2023 a 2024!G15"", ""path"": ""documents/Santander/2026/2T26/Series_Historicas_2T26__0b04dac5a2f3.xlsx"", ""vintage"": ""2026Q2""}, {""metric"": ""operating_expenses"", ""period"": ""2024Q2"", ""value"": 6314.477677, ""reference"": ""DRE Gerencial 2023 a 2024!H18"", ""path"": ""documents/Santander/2026/2T26/Series_Historicas_2T26__0b04dac5a2f3.xlsx"", ""vintage"": ""2026Q2""}, {""metric"": ""operating_expenses"", ""period"": ""2024Q1"", ""value"": 6296.869195, ""reference"": ""DRE Gerencial 2023 a 2024!G18"", ""path"": ""documents/Santander/2026/2T26/Series_Historicas_2T26__0b04dac5a2f3.xlsx"", ""vintage"": ""2026Q2""}]",-39.23875700000099,296.404665,146.85628499999984,
Santander,2024Q3,QoQ,2024Q2,BRL_million,332.26213400000006,9.971952211276108,,-142.46035699999993,-165.55747999999994,arithmetic_bridge,Selected income components plus residual; not causal attribution. Accounting/managerial scope and 2025 rule changes may affect comparability.,"[{""metric"": ""net_interest_income"", ""period"": ""2024Q3"", ""value"": 15227.27362, ""reference"": ""DRE Gerencial 2023 a 2024!I10"", ""path"": ""documents/Santander/2026/2T26/Series_Historicas_2T26__0b04dac5a2f3.xlsx"", ""vintage"": ""2026Q2""}, {""metric"": ""net_interest_income"", ""period"": ""2024Q2"", ""value"": 14750.760111, ""reference"": ""DRE Gerencial 2023 a 2024!H10"", ""path"": ""documents/Santander/2026/2T26/Series_Historicas_2T26__0b04dac5a2f3.xlsx"", ""vintage"": ""2026Q2""}, {""metric"": ""fees"", ""period"": ""2024Q3"", ""value"": 5334.064792, ""reference"": ""DRE Gerencial 2023 a 2024!I13"", ""path"": ""documents/Santander/2026/2T26/Series_Historicas_2T26__0b04dac5a2f3.xlsx"", ""vintage"": ""2026Q2""}, {""metric"": ""fees"", ""period"": ""2024Q2"", ""value"": 5181.994993, ""reference"": ""DRE Gerencial 2023 a 2024!H13"", ""path"": ""documents/Santander/2026/2T26/Series_Historicas_2T26__0b04dac5a2f3.xlsx"", ""vintage"": ""2026Q2""}, {""metric"": ""credit_cost"", ""period"": ""2024Q3"", ""value"": 5884.315155, ""reference"": ""DRE Gerencial 2023 a 2024!I15"", ""path"": ""documents/Santander/2026/2T26/Series_Historicas_2T26__0b04dac5a2f3.xlsx"", ""vintage"": ""2026Q2""}, {""metric"": ""credit_cost"", ""period"": ""2024Q2"", ""value"": 5896.011818, ""reference"": ""DRE Gerencial 2023 a 2024!H15"", ""path"": ""documents/Santander/2026/2T26/Series_Historicas_2T26__0b04dac5a2f3.xlsx"", ""vintage"": ""2026Q2""}, {""metric"": ""operating_expenses"", ""period"": ""2024Q3"", ""value"": 6456.938034, ""reference"": ""DRE Gerencial 2023 a 2024!I18"", ""path"": ""documents/Santander/2026/2T26/Series_Historicas_2T26__0b04dac5a2f3.xlsx"", ""vintage"": ""2026Q2""}, {""metric"": ""operating_expenses"", ""period"": ""2024Q2"", ""value"": 6314.477677, ""reference"": ""DRE Gerencial 2023 a 2024!H18"", ""path"": ""documents/Santander/2026/2T26/Series_Historicas_2T26__0b04dac5a2f3.xlsx"", ""vintage"": ""2026Q2""}]",476.51350900000034,152.06979899999988,11.696662999999717,
Santander,2024Q4,QoQ,2024Q3,BRL_million,190.3410960000001,5.194574383500363,,-312.10732800000005,-382.07656099999986,arithmetic_bridge,Selected income components plus residual; not causal attribution. Accounting/managerial scope and 2025 rule changes may affect comparability.,"[{""metric"": ""net_interest_income"", ""period"": ""2024Q4"", ""value"": 15978.140758, ""reference"": ""DRE Gerencial 2023 a 2024!J10"", ""path"": ""documents/Santander/2026/2T26/Series_Historicas_2T26__0b04dac5a2f3.xlsx"", ""vintage"": ""2026Q2""}, {""metric"": ""net_interest_income"", ""period"": ""2024Q3"", ""value"": 15227.27362, ""reference"": ""DRE Gerencial 2023 a 2024!I10"", ""path"": ""documents/Santander/2026/2T26/Series_Historicas_2T26__0b04dac5a2f3.xlsx"", ""vintage"": ""2026Q2""}, {""metric"": ""fees"", ""period"": ""2024Q4"", ""value"": 5515.306593, ""reference"": ""DRE Gerencial 2023 a 2024!J13"", ""path"": ""documents/Santander/2026/2T26/Series_Historicas_2T26__0b04dac5a2f3.xlsx"", ""vintage"": ""2026Q2""}, {""metric"": ""fees"", ""period"": ""2024Q3"", ""value"": 5334.064792, ""reference"": ""DRE Gerencial 2023 a 2024!I13"", ""path"": ""documents/Santander/2026/2T26/Series_Historicas_2T26__0b04dac5a2f3.xlsx"", ""vintage"": ""2026Q2""}, {""metric"": ""credit_cost"", ""period"": ""2024Q4"", ""value"": 5931.899109, ""reference"": ""DRE Gerencial 2023 a 2024!J15"", ""path"": ""documents/Santander/2026/2T26/Series_Historicas_2T26__0b04dac5a2f3.xlsx"", ""vintage"": ""2026Q2""}, {""metric"": ""credit_cost"", ""period"": ""2024Q3"", ""value"": 5884.315155, ""reference"": ""DRE Gerencial 2023 a 2024!I15"", ""path"": ""documents/Santander/2026/2T26/Series_Historicas_2T26__0b04dac5a2f3.xlsx"", ""vintage"": ""2026Q2""}, {""metric"": ""operating_expenses"", ""period"": ""2024Q4"", ""value"": 6769.045362, ""reference"": ""DRE Gerencial 2023 a 2024!J18"", ""path"": ""documents/Santander/2026/2T26/Series_Historicas_2T26__0b04dac5a2f3.xlsx"", ""vintage"": ""2026Q2""}, {""metric"": ""operating_expenses"", ""period"": ""2024Q3"", ""value"": 6456.938034, ""reference"": ""DRE Gerencial 2023 a 2024!I18"", ""path"": ""documents/Santander/2026/2T26/Series_Historicas_2T26__0b04dac5a2f3.xlsx"", ""vintage"": ""2026Q2""}]",750.8671379999996,181.24180100000012,-47.58395399999972,
Santander,2025Q1,QoQ,2024Q4,BRL_million,6.0946389999999155,0.15811462757194486,,195.57355999999982,703.7253840000003,arithmetic_bridge,Selected income components plus residual; not causal attribution. Accounting/managerial scope and 2025 rule changes may affect comparability.,"[{""metric"": ""net_interest_income"", ""period"": ""2025Q1"", ""value"": 15921.6188, ""reference"": ""DRE Gerencial!E10"", ""path"": ""documents/Santander/2026/2T26/Series_Historicas_2T26__0b04dac5a2f3.xlsx"", ""vintage"": ""2026Q2""}, {""metric"": ""net_interest_income"", ""period"": ""2024Q4"", ""value"": 15978.140758, ""reference"": ""DRE Gerencial 2023 a 2024!J10"", ""path"": ""documents/Santander/2026/2T26/Series_Historicas_2T26__0b04dac5a2f3.xlsx"", ""vintage"": ""2026Q2""}, {""metric"": ""fees"", ""period"": ""2025Q1"", ""value"": 5136.5611, ""reference"": ""DRE Gerencial!E13"", ""path"": ""documents/Santander/2026/2T26/Series_Historicas_2T26__0b04dac5a2f3.xlsx"", ""vintage"": ""2026Q2""}, {""metric"": ""fees"", ""period"": ""2024Q4"", ""value"": 5515.306593, ""reference"": ""DRE Gerencial 2023 a 2024!J13"", ""path"": ""documents/Santander/2026/2T26/Series_Historicas_2T26__0b04dac5a2f3.xlsx"", ""vintage"": ""2026Q2""}, {""metric"": ""credit_cost"", ""period"": ""2025Q1"", ""value"": 6389.835963, ""reference"": ""DRE Gerencial!E16"", ""path"": ""documents/Santander/2026/2T26/Series_Historicas_2T26__0b04dac5a2f3.xlsx"", ""vintage"": ""2026Q2""}, {""metric"": ""credit_cost"", ""period"": ""2024Q4"", ""value"": 5931.899109, ""reference"": ""DRE Gerencial 2023 a 2024!J15"", ""path"": ""documents/Santander/2026/2T26/Series_Historicas_2T26__0b04dac5a2f3.xlsx"", ""vintage"": ""2026Q2""}, {""metric"": ""operating_expenses"", ""period"": ""2025Q1"", ""value"": 6573.471802, ""reference"": ""DRE Gerencial!E19"", ""path"": ""documents/Santander/2026/2T26/Series_Historicas_2T26__0b04dac5a2f3.xlsx"", ""vintage"": ""2026Q2""}, {""metric"": ""operating_expenses"", ""period"": ""2024Q4"", ""value"": 6769.045362, ""reference"": ""DRE Gerencial 2023 a 2024!J18"", ""path"": ""documents/Santander/2026/2T26/Series_Historicas_2T26__0b04dac5a2f3.xlsx"", ""vintage"": ""2026Q2""}]",-56.52195799999936,-378.74549300000035,-457.9368540000005,
Santander,2025Q1,YoY,2024Q1,BRL_million,839.4916950000002,27.786946016023908,,-276.6026069999998,80.47145800000135,arithmetic_bridge,Selected income components plus residual; not causal attribution. Accounting/managerial scope and 2025 rule changes may affect comparability.,"[{""metric"": ""net_interest_income"", ""period"": ""2025Q1"", ""value"": 15921.6188, ""reference"": ""DRE Gerencial!E10"", ""path"": ""documents/Santander/2026/2T26/Series_Historicas_2T26__0b04dac5a2f3.xlsx"", ""vintage"": ""2026Q2""}, {""metric"": ""net_interest_income"", ""period"": ""2024Q1"", ""value"": 14789.998868, ""reference"": ""DRE Gerencial 2023 a 2024!G10"", ""path"": ""documents/Santander/2026/2T26/Series_Historicas_2T26__0b04dac5a2f3.xlsx"", ""vintage"": ""2026Q2""}, {""metric"": ""fees"", ""period"": ""2025Q1"", ""value"": 5136.5611, ""reference"": ""DRE Gerencial!E13"", ""path"": ""documents/Santander/2026/2T26/Series_Historicas_2T26__0b04dac5a2f3.xlsx"", ""vintage"": ""2026Q2""}, {""metric"": ""fees"", ""period"": ""2024Q1"", ""value"": 4885.590328, ""reference"": ""DRE Gerencial 2023 a 2024!G13"", ""path"": ""documents/Santander/2026/2T26/Series_Historicas_2T26__0b04dac5a2f3.xlsx"", ""vintage"": ""2026Q2""}, {""metric"": ""credit_cost"", ""period"": ""2025Q1"", ""value"": 6389.835963, ""reference"": ""DRE Gerencial!E16"", ""path"": ""documents/Santander/2026/2T26/Series_Historicas_2T26__0b04dac5a2f3.xlsx"", ""vintage"": ""2026Q2""}, {""metric"": ""credit_cost"", ""period"": ""2024Q1"", ""value"": 6042.868103, ""reference"": ""DRE Gerencial 2023 a 2024!G15"", ""path"": ""documents/Santander/2026/2T26/Series_Historicas_2T26__0b04dac5a2f3.xlsx"", ""vintage"": ""2026Q2""}, {""metric"": ""operating_expenses"", ""period"": ""2025Q1"", ""value"": 6573.471802, ""reference"": ""DRE Gerencial!E19"", ""path"": ""documents/Santander/2026/2T26/Series_Historicas_2T26__0b04dac5a2f3.xlsx"", ""vintage"": ""2026Q2""}, {""metric"": ""operating_expenses"", ""period"": ""2024Q1"", ""value"": 6296.869195, ""reference"": ""DRE Gerencial 2023 a 2024!G18"", ""path"": ""documents/Santander/2026/2T26/Series_Historicas_2T26__0b04dac5a2f3.xlsx"", ""vintage"": ""2026Q2""}]",1131.6199319999996,250.97077199999967,-346.96786000000066,
Santander,2025Q2,QoQ,2025Q1,BRL_million,-201.29135700000006,-5.213904232099764,,161.39865499999996,567.2103229999993,arithmetic_bridge,Selected income components plus residual; not causal attribution. Accounting/managerial scope and 2025 rule changes may affect comparability.,"[{""metric"": ""net_interest_income"", ""period"": ""2025Q2"", ""value"": 15396.3734, ""reference"": ""DRE Gerencial!F10"", ""path"": ""documents/Santander/2026/2T26/Series_Historicas_2T26__0b04dac5a2f3.xlsx"", ""vintage"": ""2026Q2""}, {""metric"": ""net_interest_income"", ""period"": ""2025Q1"", ""value"": 15921.6188, ""reference"": ""DRE Gerencial!E10"", ""path"": ""documents/Santander/2026/2T26/Series_Historicas_2T26__0b04dac5a2f3.xlsx"", ""vintage"": ""2026Q2""}, {""metric"": ""fees"", ""period"": ""2025Q2"", ""value"": 5204.0085, ""reference"": ""DRE Gerencial!F13"", ""path"": ""documents/Santander/2026/2T26/Series_Historicas_2T26__0b04dac5a2f3.xlsx"", ""vintage"": ""2026Q2""}, {""metric"": ""fees"", ""period"": ""2025Q1"", ""value"": 5136.5611, ""reference"": ""DRE Gerencial!E13"", ""path"": ""documents/Santander/2026/2T26/Series_Historicas_2T26__0b04dac5a2f3.xlsx"", ""vintage"": ""2026Q2""}, {""metric"": ""credit_cost"", ""period"": ""2025Q2"", ""value"": 6861.938298, ""reference"": ""DRE Gerencial!F16"", ""path"": ""documents/Santander/2026/2T26/Series_Historicas_2T26__0b04dac5a2f3.xlsx"", ""vintage"": ""2026Q2""}, {""metric"": ""credit_cost"", ""period"": ""2025Q1"", ""value"": 6389.835963, ""reference"": ""DRE Gerencial!E16"", ""path"": ""documents/Santander/2026/2T26/Series_Historicas_2T26__0b04dac5a2f3.xlsx"", ""vintage"": ""2026Q2""}, {""metric"": ""operating_expenses"", ""period"": ""2025Q2"", ""value"": 6412.073147, ""reference"": ""DRE Gerencial!F19"", ""path"": ""documents/Santander/2026/2T26/Series_Historicas_2T26__0b04dac5a2f3.xlsx"", ""vintage"": ""2026Q2""}, {""metric"": ""operating_expenses"", ""period"": ""2025Q1"", ""value"": 6573.471802, ""reference"": ""DRE Gerencial!E19"", ""path"": ""documents/Santander/2026/2T26/Series_Historicas_2T26__0b04dac5a2f3.xlsx"", ""vintage"": ""2026Q2""}]",-525.2453999999998,67.44740000000002,-472.1023349999996,
Santander,2025Q2,YoY,2024Q2,BRL_million,327.406512,9.826223807147993,,-97.5954700000002,723.3016659999998,arithmetic_bridge,Selected income components plus residual; not causal attribution. Accounting/managerial scope and 2025 rule changes may affect comparability.,"[{""metric"": ""net_interest_income"", ""period"": ""2025Q2"", ""value"": 15396.3734, ""reference"": ""DRE Gerencial!F10"", ""path"": ""documents/Santander/2026/2T26/Series_Historicas_2T26__0b04dac5a2f3.xlsx"", ""vintage"": ""2026Q2""}, {""metric"": ""net_interest_income"", ""period"": ""2024Q2"", ""value"": 14750.760111, ""reference"": ""DRE Gerencial 2023 a 2024!H10"", ""path"": ""documents/Santander/2026/2T26/Series_Historicas_2T26__0b04dac5a2f3.xlsx"", ""vintage"": ""2026Q2""}, {""metric"": ""fees"", ""period"": ""2025Q2"", ""value"": 5204.0085, ""reference"": ""DRE Gerencial!F13"", ""path"": ""documents/Santander/2026/2T26/Series_Historicas_2T26__0b04dac5a2f3.xlsx"", ""vintage"": ""2026Q2""}, {""metric"": ""fees"", ""period"": ""2024Q2"", ""value"": 5181.994993, ""reference"": ""DRE Gerencial 2023 a 2024!H13"", ""path"": ""documents/Santander/2026/2T26/Series_Historicas_2T26__0b04dac5a2f3.xlsx"", ""vintage"": ""2026Q2""}, {""metric"": ""credit_cost"", ""period"": ""2025Q2"", ""value"": 6861.938298, ""reference"": ""DRE Gerencial!F16"", ""path"": ""documents/Santander/2026/2T26/Series_Historicas_2T26__0b04dac5a2f3.xlsx"", ""vintage"": ""2026Q2""}, {""metric"": ""credit_cost"", ""period"": ""2024Q2"", ""value"": 5896.011818, ""reference"": ""DRE Gerencial 2023 a 2024!H15"", ""path"": ""documents/Santander/2026/2T26/Series_Historicas_2T26__0b04dac5a2f3.xlsx"", ""vintage"": ""2026Q2""}, {""metric"": ""operating_expenses"", ""period"": ""2025Q2"", ""value"": 6412.073147, ""reference"": ""DRE Gerencial!F19"", ""path"": ""documents/Santander/2026/2T26/Series_Historicas_2T26__0b04dac5a2f3.xlsx"", ""vintage"": ""2026Q2""}, {""metric"": ""operating_expenses"", ""period"": ""2024Q2"", ""value"": 6314.477677, ""reference"": ""DRE Gerencial 2023 a 2024!H18"", ""path"": ""documents/Santander/2026/2T26/Series_Historicas_2T26__0b04dac5a2f3.xlsx"", ""vintage"": ""2026Q2""}]",645.6132890000008,22.013506999999663,-965.9264800000001,
Santander,2025Q3,QoQ,2025Q2,BRL_million,349.58039899999994,9.553012826528036,,-11.199633000000176,-137.0733669999986,arithmetic_bridge,Selected income components plus residual; not causal attribution. Accounting/managerial scope and 2025 rule changes may affect comparability.,"[{""metric"": ""net_interest_income"", ""period"": ""2025Q3"", ""value"": 15208.201, ""reference"": ""DRE Gerencial!G10"", ""path"": ""documents/Santander/2026/2T26/Series_Historicas_2T26__0b04dac5a2f3.xlsx"", ""vintage"": ""2026Q2""}, {""metric"": ""net_interest_income"", ""period"": ""2025Q2"", ""value"": 15396.3734, ""reference"": ""DRE Gerencial!F10"", ""path"": ""documents/Santander/2026/2T26/Series_Historicas_2T26__0b04dac5a2f3.xlsx"", ""vintage"": ""2026Q2""}, {""metric"": ""fees"", ""period"": ""2025Q3"", ""value"": 5552.0777, ""reference"": ""DRE Gerencial!G13"", ""path"": ""documents/Santander/2026/2T26/Series_Historicas_2T26__0b04dac5a2f3.xlsx"", ""vintage"": ""2026Q2""}, {""metric"": ""fees"", ""period"": ""2025Q2"", ""value"": 5204.0085, ""reference"": ""DRE Gerencial!F13"", ""path"": ""documents/Santander/2026/2T26/Series_Historicas_2T26__0b04dac5a2f3.xlsx"", ""vintage"": ""2026Q2""}, {""metric"": ""credit_cost"", ""period"": ""2025Q3"", ""value"": 6523.981699, ""reference"": ""DRE Gerencial!G16"", ""path"": ""documents/Santander/2026/2T26/Series_Historicas_2T26__0b04dac5a2f3.xlsx"", ""vintage"": ""2026Q2""}, {""metric"": ""credit_cost"", ""period"": ""2025Q2"", ""value"": 6861.938298, ""reference"": ""DRE Gerencial!F16"", ""path"": ""documents/Santander/2026/2T26/Series_Historicas_2T26__0b04dac5a2f3.xlsx"", ""vintage"": ""2026Q2""}, {""metric"": ""operating_expenses"", ""period"": ""2025Q3"", ""value"": 6423.27278, ""reference"": ""DRE Gerencial!G19"", ""path"": ""documents/Santander/2026/2T26/Series_Historicas_2T26__0b04dac5a2f3.xlsx"", ""vintage"": ""2026Q2""}, {""metric"": ""operating_expenses"", ""period"": ""2025Q2"", ""value"": 6412.073147, ""reference"": ""DRE Gerencial!F19"", ""path"": ""documents/Santander/2026/2T26/Series_Historicas_2T26__0b04dac5a2f3.xlsx"", ""vintage"": ""2026Q2""}]",-188.1724000000013,348.0691999999999,337.9565990000001,
Santander,2025Q3,YoY,2024Q3,BRL_million,344.7247769999999,9.407839576389081,,33.66525399999955,751.7857790000012,arithmetic_bridge,Selected income components plus residual; not causal attribution. Accounting/managerial scope and 2025 rule changes may affect comparability.,"[{""metric"": ""net_interest_income"", ""period"": ""2025Q3"", ""value"": 15208.201, ""reference"": ""DRE Gerencial!G10"", ""path"": ""documents/Santander/2026/2T26/Series_Historicas_2T26__0b04dac5a2f3.xlsx"", ""vintage"": ""2026Q2""}, {""metric"": ""net_interest_income"", ""period"": ""2024Q3"", ""value"": 15227.27362, ""reference"": ""DRE Gerencial 2023 a 2024!I10"", ""path"": ""documents/Santander/2026/2T26/Series_Historicas_2T26__0b04dac5a2f3.xlsx"", ""vintage"": ""2026Q2""}, {""metric"": ""fees"", ""period"": ""2025Q3"", ""value"": 5552.0777, ""reference"": ""DRE Gerencial!G13"", ""path"": ""documents/Santander/2026/2T26/Series_Historicas_2T26__0b04dac5a2f3.xlsx"", ""vintage"": ""2026Q2""}, {""metric"": ""fees"", ""period"": ""2024Q3"", ""value"": 5334.064792, ""reference"": ""DRE Gerencial 2023 a 2024!I13"", ""path"": ""documents/Santander/2026/2T26/Series_Historicas_2T26__0b04dac5a2f3.xlsx"", ""vintage"": ""2026Q2""}, {""metric"": ""credit_cost"", ""period"": ""2025Q3"", ""value"": 6523.981699, ""reference"": ""DRE Gerencial!G16"", ""path"": ""documents/Santander/2026/2T26/Series_Historicas_2T26__0b04dac5a2f3.xlsx"", ""vintage"": ""2026Q2""}, {""metric"": ""credit_cost"", ""period"": ""2024Q3"", ""value"": 5884.315155, ""reference"": ""DRE Gerencial 2023 a 2024!I15"", ""path"": ""documents/Santander/2026/2T26/Series_Historicas_2T26__0b04dac5a2f3.xlsx"", ""vintage"": ""2026Q2""}, {""metric"": ""operating_expenses"", ""period"": ""2025Q3"", ""value"": 6423.27278, ""reference"": ""DRE Gerencial!G19"", ""path"": ""documents/Santander/2026/2T26/Series_Historicas_2T26__0b04dac5a2f3.xlsx"", ""vintage"": ""2026Q2""}, {""metric"": ""operating_expenses"", ""period"": ""2024Q3"", ""value"": 6456.938034, ""reference"": ""DRE Gerencial 2023 a 2024!I18"", ""path"": ""documents/Santander/2026/2T26/Series_Historicas_2T26__0b04dac5a2f3.xlsx"", ""vintage"": ""2026Q2""}]",-19.072620000000825,218.0129079999997,-639.6665439999997,
Santander,2025Q4,QoQ,2025Q3,BRL_million,77.31231900000012,1.9284912012431934,,-210.03694499999983,-457.897977000001,arithmetic_bridge,Selected income components plus residual; not causal attribution. Accounting/managerial scope and 2025 rule changes may affect comparability.,"[{""metric"": ""net_interest_income"", ""period"": ""2025Q4"", ""value"": 15331.9293, ""reference"": ""DRE Gerencial!H10"", ""path"": ""documents/Santander/2026/2T26/Series_Historicas_2T26__0b04dac5a2f3.xlsx"", ""vintage"": ""2026Q2""}, {""metric"": ""net_interest_income"", ""period"": ""2025Q3"", ""value"": 15208.201, ""reference"": ""DRE Gerencial!G10"", ""path"": ""documents/Santander/2026/2T26/Series_Historicas_2T26__0b04dac5a2f3.xlsx"", ""vintage"": ""2026Q2""}, {""metric"": ""fees"", ""period"": ""2025Q4"", ""value"": 5754.1501, ""reference"": ""DRE Gerencial!H13"", ""path"": ""documents/Santander/2026/2T26/Series_Historicas_2T26__0b04dac5a2f3.xlsx"", ""vintage"": ""2026Q2""}, {""metric"": ""fees"", ""period"": ""2025Q3"", ""value"": 5552.0777, ""reference"": ""DRE Gerencial!G13"", ""path"": ""documents/Santander/2026/2T26/Series_Historicas_2T26__0b04dac5a2f3.xlsx"", ""vintage"": ""2026Q2""}, {""metric"": ""credit_cost"", ""period"": ""2025Q4"", ""value"": 6104.535158, ""reference"": ""DRE Gerencial!H16"", ""path"": ""documents/Santander/2026/2T26/Series_Historicas_2T26__0b04dac5a2f3.xlsx"", ""vintage"": ""2026Q2""}, {""metric"": ""credit_cost"", ""period"": ""2025Q3"", ""value"": 6523.981699, ""reference"": ""DRE Gerencial!G16"", ""path"": ""documents/Santander/2026/2T26/Series_Historicas_2T26__0b04dac5a2f3.xlsx"", ""vintage"": ""2026Q2""}, {""metric"": ""operating_expenses"", ""period"": ""2025Q4"", ""value"": 6633.309725, ""reference"": ""DRE Gerencial!H19"", ""path"": ""documents/Santander/2026/2T26/Series_Historicas_2T26__0b04dac5a2f3.xlsx"", ""vintage"": ""2026Q2""}, {""metric"": ""operating_expenses"", ""period"": ""2025Q3"", ""value"": 6423.27278, ""reference"": ""DRE Gerencial!G19"", ""path"": ""documents/Santander/2026/2T26/Series_Historicas_2T26__0b04dac5a2f3.xlsx"", ""vintage"": ""2026Q2""}]",123.72830000000067,202.07240000000002,419.44654100000025,
Santander,2025Q4,YoY,2024Q4,BRL_million,231.6959999999999,6.010942854845026,,135.73563699999977,675.964363,arithmetic_bridge,Selected income components plus residual; not causal attribution. Accounting/managerial scope and 2025 rule changes may affect comparability.,"[{""metric"": ""net_interest_income"", ""period"": ""2025Q4"", ""value"": 15331.9293, ""reference"": ""DRE Gerencial!H10"", ""path"": ""documents/Santander/2026/2T26/Series_Historicas_2T26__0b04dac5a2f3.xlsx"", ""vintage"": ""2026Q2""}, {""metric"": ""net_interest_income"", ""period"": ""2024Q4"", ""value"": 15978.140758, ""reference"": ""DRE Gerencial 2023 a 2024!J10"", ""path"": ""documents/Santander/2026/2T26/Series_Historicas_2T26__0b04dac5a2f3.xlsx"", ""vintage"": ""2026Q2""}, {""metric"": ""fees"", ""period"": ""2025Q4"", ""value"": 5754.1501, ""reference"": ""DRE Gerencial!H13"", ""path"": ""documents/Santander/2026/2T26/Series_Historicas_2T26__0b04dac5a2f3.xlsx"", ""vintage"": ""2026Q2""}, {""metric"": ""fees"", ""period"": ""2024Q4"", ""value"": 5515.306593, ""reference"": ""DRE Gerencial 2023 a 2024!J13"", ""path"": ""documents/Santander/2026/2T26/Series_Historicas_2T26__0b04dac5a2f3.xlsx"", ""vintage"": ""2026Q2""}, {""metric"": ""credit_cost"", ""period"": ""2025Q4"", ""value"": 6104.535158, ""reference"": ""DRE Gerencial!H16"", ""path"": ""documents/Santander/2026/2T26/Series_Historicas_2T26__0b04dac5a2f3.xlsx"", ""vintage"": ""2026Q2""}, {""metric"": ""credit_cost"", ""period"": ""2024Q4"", ""value"": 5931.899109, ""reference"": ""DRE Gerencial 2023 a 2024!J15"", ""path"": ""documents/Santander/2026/2T26/Series_Historicas_2T26__0b04dac5a2f3.xlsx"", ""vintage"": ""2026Q2""}, {""metric"": ""operating_expenses"", ""period"": ""2025Q4"", ""value"": 6633.309725, ""reference"": ""DRE Gerencial!H19"", ""path"": ""documents/Santander/2026/2T26/Series_Historicas_2T26__0b04dac5a2f3.xlsx"", ""vintage"": ""2026Q2""}, {""metric"": ""operating_expenses"", ""period"": ""2024Q4"", ""value"": 6769.045362, ""reference"": ""DRE Gerencial 2023 a 2024!J18"", ""path"": ""documents/Santander/2026/2T26/Series_Historicas_2T26__0b04dac5a2f3.xlsx"", ""vintage"": ""2026Q2""}]",-646.2114579999998,238.8435069999996,-172.63604899999973,
Santander,2026Q1,QoQ,2025Q4,BRL_million,-298.3012880000001,-7.300094707490901,,0.6539249999996173,-221.05098300000054,arithmetic_bridge,Selected income components plus residual; not causal attribution. Accounting/managerial scope and 2025 rule changes may affect comparability.,"[{""metric"": ""net_interest_income"", ""period"": ""2026Q1"", ""value"": 15812.1465, ""reference"": ""DRE Gerencial!I10"", ""path"": ""documents/Santander/2026/2T26/Series_Historicas_2T26__0b04dac5a2f3.xlsx"", ""vintage"": ""2026Q2""}, {""metric"": ""net_interest_income"", ""period"": ""2025Q4"", ""value"": 15331.9293, ""reference"": ""DRE Gerencial!H10"", ""path"": ""documents/Santander/2026/2T26/Series_Historicas_2T26__0b04dac5a2f3.xlsx"", ""vintage"": ""2026Q2""}, {""metric"": ""fees"", ""period"": ""2026Q1"", ""value"": 5435.4433, ""reference"": ""DRE Gerencial!I13"", ""path"": ""documents/Santander/2026/2T26/Series_Historicas_2T26__0b04dac5a2f3.xlsx"", ""vintage"": ""2026Q2""}, {""metric"": ""fees"", ""period"": ""2025Q4"", ""value"": 5754.1501, ""reference"": ""DRE Gerencial!H13"", ""path"": ""documents/Santander/2026/2T26/Series_Historicas_2T26__0b04dac5a2f3.xlsx"", ""vintage"": ""2026Q2""}, {""metric"": ""credit_cost"", ""period"": ""2026Q1"", ""value"": 6343.949788, ""reference"": ""DRE Gerencial!I16"", ""path"": ""documents/Santander/2026/2T26/Series_Historicas_2T26__0b04dac5a2f3.xlsx"", ""vintage"": ""2026Q2""}, {""metric"": ""credit_cost"", ""period"": ""2025Q4"", ""value"": 6104.535158, ""reference"": ""DRE Gerencial!H16"", ""path"": ""documents/Santander/2026/2T26/Series_Historicas_2T26__0b04dac5a2f3.xlsx"", ""vintage"": ""2026Q2""}, {""metric"": ""operating_expenses"", ""period"": ""2026Q1"", ""value"": 6632.6558, ""reference"": ""DRE Gerencial!I19"", ""path"": ""documents/Santander/2026/2T26/Series_Historicas_2T26__0b04dac5a2f3.xlsx"", ""vintage"": ""2026Q2""}, {""metric"": ""operating_expenses"", ""period"": ""2025Q4"", ""value"": 6633.309725, ""reference"": ""DRE Gerencial!H19"", ""path"": ""documents/Santander/2026/2T26/Series_Historicas_2T26__0b04dac5a2f3.xlsx"", ""vintage"": ""2026Q2""}]",480.21720000000096,-318.70679999999993,-239.41463000000022,
Santander,2026Q1,YoY,2025Q1,BRL_million,-72.69992700000012,-1.8830935550732282,,-59.18399800000043,-248.8120040000008,arithmetic_bridge,Selected income components plus residual; not causal attribution. Accounting/managerial scope and 2025 rule changes may affect comparability.,"[{""metric"": ""net_interest_income"", ""period"": ""2026Q1"", ""value"": 15812.1465, ""reference"": ""DRE Gerencial!I10"", ""path"": ""documents/Santander/2026/2T26/Series_Historicas_2T26__0b04dac5a2f3.xlsx"", ""vintage"": ""2026Q2""}, {""metric"": ""net_interest_income"", ""period"": ""2025Q1"", ""value"": 15921.6188, ""reference"": ""DRE Gerencial!E10"", ""path"": ""documents/Santander/2026/2T26/Series_Historicas_2T26__0b04dac5a2f3.xlsx"", ""vintage"": ""2026Q2""}, {""metric"": ""fees"", ""period"": ""2026Q1"", ""value"": 5435.4433, ""reference"": ""DRE Gerencial!I13"", ""path"": ""documents/Santander/2026/2T26/Series_Historicas_2T26__0b04dac5a2f3.xlsx"", ""vintage"": ""2026Q2""}, {""metric"": ""fees"", ""period"": ""2025Q1"", ""value"": 5136.5611, ""reference"": ""DRE Gerencial!E13"", ""path"": ""documents/Santander/2026/2T26/Series_Historicas_2T26__0b04dac5a2f3.xlsx"", ""vintage"": ""2026Q2""}, {""metric"": ""credit_cost"", ""period"": ""2026Q1"", ""value"": 6343.949788, ""reference"": ""DRE Gerencial!I16"", ""path"": ""documents/Santander/2026/2T26/Series_Historicas_2T26__0b04dac5a2f3.xlsx"", ""vintage"": ""2026Q2""}, {""metric"": ""credit_cost"", ""period"": ""2025Q1"", ""value"": 6389.835963, ""reference"": ""DRE Gerencial!E16"", ""path"": ""documents/Santander/2026/2T26/Series_Historicas_2T26__0b04dac5a2f3.xlsx"", ""vintage"": ""2026Q2""}, {""metric"": ""operating_expenses"", ""period"": ""2026Q1"", ""value"": 6632.6558, ""reference"": ""DRE Gerencial!I19"", ""path"": ""documents/Santander/2026/2T26/Series_Historicas_2T26__0b04dac5a2f3.xlsx"", ""vintage"": ""2026Q2""}, {""metric"": ""operating_expenses"", ""period"": ""2025Q1"", ""value"": 6573.471802, ""reference"": ""DRE Gerencial!E19"", ""path"": ""documents/Santander/2026/2T26/Series_Historicas_2T26__0b04dac5a2f3.xlsx"", ""vintage"": ""2026Q2""}]",-109.47229999999945,298.8822,45.88617500000055,
Santander,2026Q2,QoQ,2026Q1,BRL_million,-774.0260720000001,-20.433824780572564,,54.49510000000009,1054.0502000000001,arithmetic_bridge,Selected income components plus residual; not causal attribution. Accounting/managerial scope and 2025 rule changes may affect comparability.,"[{""metric"": ""net_interest_income"", ""period"": ""2026Q2"", ""value"": 15340.8202, ""reference"": ""DRE Gerencial!J10"", ""path"": ""documents/Santander/2026/2T26/Series_Historicas_2T26__0b04dac5a2f3.xlsx"", ""vintage"": ""2026Q2""}, {""metric"": ""net_interest_income"", ""period"": ""2026Q1"", ""value"": 15812.1465, ""reference"": ""DRE Gerencial!I10"", ""path"": ""documents/Santander/2026/2T26/Series_Historicas_2T26__0b04dac5a2f3.xlsx"", ""vintage"": ""2026Q2""}, {""metric"": ""fees"", ""period"": ""2026Q2"", ""value"": 5334.0503, ""reference"": ""DRE Gerencial!J13"", ""path"": ""documents/Santander/2026/2T26/Series_Historicas_2T26__0b04dac5a2f3.xlsx"", ""vintage"": ""2026Q2""}, {""metric"": ""fees"", ""period"": ""2026Q1"", ""value"": 5435.4433, ""reference"": ""DRE Gerencial!I13"", ""path"": ""documents/Santander/2026/2T26/Series_Historicas_2T26__0b04dac5a2f3.xlsx"", ""vintage"": ""2026Q2""}, {""metric"": ""credit_cost"", ""period"": ""2026Q2"", ""value"": 7653.80186, ""reference"": ""DRE Gerencial!J16"", ""path"": ""documents/Santander/2026/2T26/Series_Historicas_2T26__0b04dac5a2f3.xlsx"", ""vintage"": ""2026Q2""}, {""metric"": ""credit_cost"", ""period"": ""2026Q1"", ""value"": 6343.949788, ""reference"": ""DRE Gerencial!I16"", ""path"": ""documents/Santander/2026/2T26/Series_Historicas_2T26__0b04dac5a2f3.xlsx"", ""vintage"": ""2026Q2""}, {""metric"": ""operating_expenses"", ""period"": ""2026Q2"", ""value"": 6578.1607, ""reference"": ""DRE Gerencial!J19"", ""path"": ""documents/Santander/2026/2T26/Series_Historicas_2T26__0b04dac5a2f3.xlsx"", ""vintage"": ""2026Q2""}, {""metric"": ""operating_expenses"", ""period"": ""2026Q1"", ""value"": 6632.6558, ""reference"": ""DRE Gerencial!I19"", ""path"": ""documents/Santander/2026/2T26/Series_Historicas_2T26__0b04dac5a2f3.xlsx"", ""vintage"": ""2026Q2""}]",-471.32630000000063,-101.39300000000003,-1309.8520719999997,
Santander,2026Q2,YoY,2025Q2,BRL_million,-645.4346420000002,-17.637846490676765,,-166.0875530000003,238.027873,arithmetic_bridge,Selected income components plus residual; not causal attribution. Accounting/managerial scope and 2025 rule changes may affect comparability.,"[{""metric"": ""net_interest_income"", ""period"": ""2026Q2"", ""value"": 15340.8202, ""reference"": ""DRE Gerencial!J10"", ""path"": ""documents/Santander/2026/2T26/Series_Historicas_2T26__0b04dac5a2f3.xlsx"", ""vintage"": ""2026Q2""}, {""metric"": ""net_interest_income"", ""period"": ""2025Q2"", ""value"": 15396.3734, ""reference"": ""DRE Gerencial!F10"", ""path"": ""documents/Santander/2026/2T26/Series_Historicas_2T26__0b04dac5a2f3.xlsx"", ""vintage"": ""2026Q2""}, {""metric"": ""fees"", ""period"": ""2026Q2"", ""value"": 5334.0503, ""reference"": ""DRE Gerencial!J13"", ""path"": ""documents/Santander/2026/2T26/Series_Historicas_2T26__0b04dac5a2f3.xlsx"", ""vintage"": ""2026Q2""}, {""metric"": ""fees"", ""period"": ""2025Q2"", ""value"": 5204.0085, ""reference"": ""DRE Gerencial!F13"", ""path"": ""documents/Santander/2026/2T26/Series_Historicas_2T26__0b04dac5a2f3.xlsx"", ""vintage"": ""2026Q2""}, {""metric"": ""credit_cost"", ""period"": ""2026Q2"", ""value"": 7653.80186, ""reference"": ""DRE Gerencial!J16"", ""path"": ""documents/Santander/2026/2T26/Series_Historicas_2T26__0b04dac5a2f3.xlsx"", ""vintage"": ""2026Q2""}, {""metric"": ""credit_cost"", ""period"": ""2025Q2"", ""value"": 6861.938298, ""reference"": ""DRE Gerencial!F16"", ""path"": ""documents/Santander/2026/2T26/Series_Historicas_2T26__0b04dac5a2f3.xlsx"", ""vintage"": ""2026Q2""}, {""metric"": ""operating_expenses"", ""period"": ""2026Q2"", ""value"": 6578.1607, ""reference"": ""DRE Gerencial!J19"", ""path"": ""documents/Santander/2026/2T26/Series_Historicas_2T26__0b04dac5a2f3.xlsx"", ""vintage"": ""2026Q2""}, {""metric"": ""operating_expenses"", ""period"": ""2025Q2"", ""value"": 6412.073147, ""reference"": ""DRE Gerencial!F19"", ""path"": ""documents/Santander/2026/2T26/Series_Historicas_2T26__0b04dac5a2f3.xlsx"", ""vintage"": ""2026Q2""}]",-55.55320000000029,130.04179999999997,-791.8635619999995,
