bank,period,metric,value,unit,frequency,basis,scope,method,source_label,source_url,source_path,source_reference,source_vintage,source_sha256,raw_value,multiplier,status
BTG_Pactual,2024Q1,assets,567677.286,BRL_million,end_of_period,accounting_consolidated,consolidated,BTG consolidated; Banco Pan fully consolidated from 1Q26 and comparative business-line results adjusted for Consumer Finance & Banking; 4Q24 balance pro forma CMN 4966. Capital ratio applies to Banco BTG Pactual,Total Ativos,https://d169uzu5o4xu1k.cloudfront.net/78a5a309-f13a-41ed-a7d1-814e37b63259/2026/7b97fa2e-8f44-42b4-9b21-61417b2d746e.xlsx,documents/BTG_Pactual/2026/2T26/Planilhas_Series_Historicas_2T26__fcd319bf1765.xlsx,InputSite_Highlights!BP25,2026Q2,fcd319bf1765b93a11d47577b8d8b4847d0f4820cf9a943b136dc78659b02d77,567677.286,1,mapped
BTG_Pactual,2024Q1,aum,879611.474229,BRL_million,end_of_period,managerial_adjusted,consolidated,BTG consolidated; Banco Pan fully consolidated from 1Q26 and comparative business-line results adjusted for Consumer Finance & Banking; 4Q24 balance pro forma CMN 4966. Capital ratio applies to Banco BTG Pactual,AuM e AuA (em R$ bilhões),https://d169uzu5o4xu1k.cloudfront.net/78a5a309-f13a-41ed-a7d1-814e37b63259/2026/7b97fa2e-8f44-42b4-9b21-61417b2d746e.xlsx,documents/BTG_Pactual/2026/2T26/Planilhas_Series_Historicas_2T26__fcd319bf1765.xlsx,InputSite_Highlights!BP39,2026Q2,fcd319bf1765b93a11d47577b8d8b4847d0f4820cf9a943b136dc78659b02d77,879.6114742290697,1000,mapped
BTG_Pactual,2024Q1,capital_total,16.381862,percent,end_of_period,managerial_adjusted,prudential,BTG consolidated; Banco Pan fully consolidated from 1Q26 and comparative business-line results adjusted for Consumer Finance & Banking; 4Q24 balance pro forma CMN 4966. Capital ratio applies to Banco BTG Pactual,Índice de Basiléia (aplicável apenas ao Banco BTG Pactual),https://d169uzu5o4xu1k.cloudfront.net/78a5a309-f13a-41ed-a7d1-814e37b63259/2026/7b97fa2e-8f44-42b4-9b21-61417b2d746e.xlsx,documents/BTG_Pactual/2026/2T26/Planilhas_Series_Historicas_2T26__fcd319bf1765.xlsx,InputSite_Highlights!BP44,2026Q2,fcd319bf1765b93a11d47577b8d8b4847d0f4820cf9a943b136dc78659b02d77,0.16381861673949638,100,mapped
BTG_Pactual,2024Q1,cet1,12.40644,percent,end_of_period,prudential,prudential,Derived from prudential capital principal and RWA in the same source workbook,Derived CET1 = Capital Principal / RWA,https://d169uzu5o4xu1k.cloudfront.net/78a5a309-f13a-41ed-a7d1-814e37b63259/2026/7b97fa2e-8f44-42b4-9b21-61417b2d746e.xlsx,documents/BTG_Pactual/2026/2T26/Planilhas_Series_Historicas_2T26__fcd319bf1765.xlsx,InputSite_RegulatoryCapital!BP29 / InputSite_RegulatoryCapital!BP24 × 100,2026Q2,fcd319bf1765b93a11d47577b8d8b4847d0f4820cf9a943b136dc78659b02d77,47665.611969,0.0002602807257668331,derived
BTG_Pactual,2024Q1,cet1_amount,47665.611969,BRL_million,end_of_period,prudential,prudential,,Capital Principal,https://d169uzu5o4xu1k.cloudfront.net/78a5a309-f13a-41ed-a7d1-814e37b63259/2026/7b97fa2e-8f44-42b4-9b21-61417b2d746e.xlsx,documents/BTG_Pactual/2026/2T26/Planilhas_Series_Historicas_2T26__fcd319bf1765.xlsx,InputSite_RegulatoryCapital!BP29,2026Q2,fcd319bf1765b93a11d47577b8d8b4847d0f4820cf9a943b136dc78659b02d77,47665.61196884,1,mapped
BTG_Pactual,2024Q1,efficiency,41.051077,percent,quarter,managerial_adjusted,consolidated,BTG consolidated; Banco Pan fully consolidated from 1Q26 and comparative business-line results adjusted for Consumer Finance & Banking; 4Q24 balance pro forma CMN 4966. Capital ratio applies to Banco BTG Pactual,Índice de eficiência,https://d169uzu5o4xu1k.cloudfront.net/78a5a309-f13a-41ed-a7d1-814e37b63259/2026/7b97fa2e-8f44-42b4-9b21-61417b2d746e.xlsx,documents/BTG_Pactual/2026/2T26/Planilhas_Series_Historicas_2T26__fcd319bf1765.xlsx,InputSite_Highlights!BP35,2026Q2,fcd319bf1765b93a11d47577b8d8b4847d0f4820cf9a943b136dc78659b02d77,0.4105107689443626,100,mapped
BTG_Pactual,2024Q1,equity,51962.107415,BRL_million,end_of_period,accounting_consolidated,consolidated,BTG consolidated; Banco Pan fully consolidated from 1Q26 and comparative business-line results adjusted for Consumer Finance & Banking; 4Q24 balance pro forma CMN 4966. Capital ratio applies to Banco BTG Pactual,Patrimônio Liquido,https://d169uzu5o4xu1k.cloudfront.net/78a5a309-f13a-41ed-a7d1-814e37b63259/2026/7b97fa2e-8f44-42b4-9b21-61417b2d746e.xlsx,documents/BTG_Pactual/2026/2T26/Planilhas_Series_Historicas_2T26__fcd319bf1765.xlsx,InputSite_Highlights!BP23,2026Q2,fcd319bf1765b93a11d47577b8d8b4847d0f4820cf9a943b136dc78659b02d77,51962.10741509,1,mapped
BTG_Pactual,2024Q1,funding_broad,224485.095643,BRL_million,end_of_period,managerial_adjusted,consolidated,BTG consolidated; Banco Pan fully consolidated from 1Q26 and comparative business-line results adjusted for Consumer Finance & Banking; 4Q24 balance pro forma CMN 4966. Capital ratio applies to Banco BTG Pactual,"Financiamento por depósitos, títulos emitidos e empréstimos e repasses",https://d169uzu5o4xu1k.cloudfront.net/78a5a309-f13a-41ed-a7d1-814e37b63259/2026/7b97fa2e-8f44-42b4-9b21-61417b2d746e.xlsx,documents/BTG_Pactual/2026/2T26/Planilhas_Series_Historicas_2T26__fcd319bf1765.xlsx,InputSite_Highlights!BP63,2026Q2,fcd319bf1765b93a11d47577b8d8b4847d0f4820cf9a943b136dc78659b02d77,224485.09564275,1,mapped
BTG_Pactual,2024Q1,loans,131230.208213,BRL_million,end_of_period,managerial_adjusted,consolidated,BTG consolidated; Banco Pan fully consolidated from 1Q26 and comparative business-line results adjusted for Consumer Finance & Banking; 4Q24 balance pro forma CMN 4966. Capital ratio applies to Banco BTG Pactual,Carteira de crédito,https://d169uzu5o4xu1k.cloudfront.net/78a5a309-f13a-41ed-a7d1-814e37b63259/2026/7b97fa2e-8f44-42b4-9b21-61417b2d746e.xlsx,documents/BTG_Pactual/2026/2T26/Planilhas_Series_Historicas_2T26__fcd319bf1765.xlsx,InputSite_Highlights!BP51,2026Q2,fcd319bf1765b93a11d47577b8d8b4847d0f4820cf9a943b136dc78659b02d77,131230.20821271668,1,mapped
BTG_Pactual,2024Q1,net_income_accounting,2773.873289,BRL_million,quarter,accounting_consolidated,consolidated,BTG consolidated; Banco Pan fully consolidated from 1Q26 and comparative business-line results adjusted for Consumer Finance & Banking; 4Q24 balance pro forma CMN 4966. Capital ratio applies to Banco BTG Pactual,Lucro Liquido,https://d169uzu5o4xu1k.cloudfront.net/78a5a309-f13a-41ed-a7d1-814e37b63259/2026/7b97fa2e-8f44-42b4-9b21-61417b2d746e.xlsx,documents/BTG_Pactual/2026/2T26/Planilhas_Series_Historicas_2T26__fcd319bf1765.xlsx,InputSite_Highlights!BP16,2026Q2,fcd319bf1765b93a11d47577b8d8b4847d0f4820cf9a943b136dc78659b02d77,2773.8732890983006,1,mapped
BTG_Pactual,2024Q1,net_income_adjusted,2889.430367,BRL_million,quarter,managerial_adjusted,consolidated,BTG consolidated; Banco Pan fully consolidated from 1Q26 and comparative business-line results adjusted for Consumer Finance & Banking; 4Q24 balance pro forma CMN 4966. Capital ratio applies to Banco BTG Pactual,Lucro Liquido Ajustado,https://d169uzu5o4xu1k.cloudfront.net/78a5a309-f13a-41ed-a7d1-814e37b63259/2026/7b97fa2e-8f44-42b4-9b21-61417b2d746e.xlsx,documents/BTG_Pactual/2026/2T26/Planilhas_Series_Historicas_2T26__fcd319bf1765.xlsx,InputSite_Highlights!BP17,2026Q2,fcd319bf1765b93a11d47577b8d8b4847d0f4820cf9a943b136dc78659b02d77,2889.43036698787,1,mapped
BTG_Pactual,2024Q1,operating_expenses,2418.523469,BRL_million,quarter,accounting_consolidated,consolidated,BTG consolidated; Banco Pan fully consolidated from 1Q26 and comparative business-line results adjusted for Consumer Finance & Banking; 4Q24 balance pro forma CMN 4966. Capital ratio applies to Banco BTG Pactual,Despesas Operacionais,https://d169uzu5o4xu1k.cloudfront.net/78a5a309-f13a-41ed-a7d1-814e37b63259/2026/7b97fa2e-8f44-42b4-9b21-61417b2d746e.xlsx,documents/BTG_Pactual/2026/2T26/Planilhas_Series_Historicas_2T26__fcd319bf1765.xlsx,InputSite_Highlights!BP9,2026Q2,fcd319bf1765b93a11d47577b8d8b4847d0f4820cf9a943b136dc78659b02d77,-2418.5234694289434,-1,mapped
BTG_Pactual,2024Q1,revenue,5891.498232,BRL_million,quarter,managerial_adjusted,consolidated,BTG consolidated; Banco Pan fully consolidated from 1Q26 and comparative business-line results adjusted for Consumer Finance & Banking; 4Q24 balance pro forma CMN 4966. Capital ratio applies to Banco BTG Pactual,Receita Total,https://d169uzu5o4xu1k.cloudfront.net/78a5a309-f13a-41ed-a7d1-814e37b63259/2026/7b97fa2e-8f44-42b4-9b21-61417b2d746e.xlsx,documents/BTG_Pactual/2026/2T26/Planilhas_Series_Historicas_2T26__fcd319bf1765.xlsx,InputSite_Highlights!BP7,2026Q2,fcd319bf1765b93a11d47577b8d8b4847d0f4820cf9a943b136dc78659b02d77,5891.498231942195,1,mapped
BTG_Pactual,2024Q1,roe_accounting,21.896713,percent,quarter_annualized,accounting_consolidated,consolidated,BTG consolidated; Banco Pan fully consolidated from 1Q26 and comparative business-line results adjusted for Consumer Finance & Banking; 4Q24 balance pro forma CMN 4966. Capital ratio applies to Banco BTG Pactual,ROAE Anualizado,https://d169uzu5o4xu1k.cloudfront.net/78a5a309-f13a-41ed-a7d1-814e37b63259/2026/7b97fa2e-8f44-42b4-9b21-61417b2d746e.xlsx,documents/BTG_Pactual/2026/2T26/Planilhas_Series_Historicas_2T26__fcd319bf1765.xlsx,InputSite_Highlights!BP31,2026Q2,fcd319bf1765b93a11d47577b8d8b4847d0f4820cf9a943b136dc78659b02d77,0.21896713448465152,100,mapped
BTG_Pactual,2024Q1,roe_adjusted,22.808911,percent,quarter_annualized,managerial_adjusted,consolidated,BTG consolidated; Banco Pan fully consolidated from 1Q26 and comparative business-line results adjusted for Consumer Finance & Banking; 4Q24 balance pro forma CMN 4966. Capital ratio applies to Banco BTG Pactual,ROAE Anualizado Ajustado,https://d169uzu5o4xu1k.cloudfront.net/78a5a309-f13a-41ed-a7d1-814e37b63259/2026/7b97fa2e-8f44-42b4-9b21-61417b2d746e.xlsx,documents/BTG_Pactual/2026/2T26/Planilhas_Series_Historicas_2T26__fcd319bf1765.xlsx,InputSite_Highlights!BP32,2026Q2,fcd319bf1765b93a11d47577b8d8b4847d0f4820cf9a943b136dc78659b02d77,0.22808910922183803,100,mapped
BTG_Pactual,2024Q1,rwa,384200.557707,BRL_million,end_of_period,prudential,prudential,,RWA,https://d169uzu5o4xu1k.cloudfront.net/78a5a309-f13a-41ed-a7d1-814e37b63259/2026/7b97fa2e-8f44-42b4-9b21-61417b2d746e.xlsx,documents/BTG_Pactual/2026/2T26/Planilhas_Series_Historicas_2T26__fcd319bf1765.xlsx,InputSite_RegulatoryCapital!BP24,2026Q2,fcd319bf1765b93a11d47577b8d8b4847d0f4820cf9a943b136dc78659b02d77,384200.55770715995,1,mapped
BTG_Pactual,2024Q1,wum,756353.657392,BRL_million,end_of_period,managerial_adjusted,consolidated,BTG consolidated; Banco Pan fully consolidated from 1Q26 and comparative business-line results adjusted for Consumer Finance & Banking; 4Q24 balance pro forma CMN 4966. Capital ratio applies to Banco BTG Pactual,WuM (em R$ bilhões),https://d169uzu5o4xu1k.cloudfront.net/78a5a309-f13a-41ed-a7d1-814e37b63259/2026/7b97fa2e-8f44-42b4-9b21-61417b2d746e.xlsx,documents/BTG_Pactual/2026/2T26/Planilhas_Series_Historicas_2T26__fcd319bf1765.xlsx,InputSite_Highlights!BP40,2026Q2,fcd319bf1765b93a11d47577b8d8b4847d0f4820cf9a943b136dc78659b02d77,756.3536573919598,1000,mapped
BTG_Pactual,2024Q2,assets,600362.635,BRL_million,end_of_period,accounting_consolidated,consolidated,BTG consolidated; Banco Pan fully consolidated from 1Q26 and comparative business-line results adjusted for Consumer Finance & Banking; 4Q24 balance pro forma CMN 4966. Capital ratio applies to Banco BTG Pactual,Total Ativos,https://d169uzu5o4xu1k.cloudfront.net/78a5a309-f13a-41ed-a7d1-814e37b63259/2026/7b97fa2e-8f44-42b4-9b21-61417b2d746e.xlsx,documents/BTG_Pactual/2026/2T26/Planilhas_Series_Historicas_2T26__fcd319bf1765.xlsx,InputSite_Highlights!BQ25,2026Q2,fcd319bf1765b93a11d47577b8d8b4847d0f4820cf9a943b136dc78659b02d77,600362.635,1,mapped
BTG_Pactual,2024Q2,aum,919925.833131,BRL_million,end_of_period,managerial_adjusted,consolidated,BTG consolidated; Banco Pan fully consolidated from 1Q26 and comparative business-line results adjusted for Consumer Finance & Banking; 4Q24 balance pro forma CMN 4966. Capital ratio applies to Banco BTG Pactual,AuM e AuA (em R$ bilhões),https://d169uzu5o4xu1k.cloudfront.net/78a5a309-f13a-41ed-a7d1-814e37b63259/2026/7b97fa2e-8f44-42b4-9b21-61417b2d746e.xlsx,documents/BTG_Pactual/2026/2T26/Planilhas_Series_Historicas_2T26__fcd319bf1765.xlsx,InputSite_Highlights!BQ39,2026Q2,fcd319bf1765b93a11d47577b8d8b4847d0f4820cf9a943b136dc78659b02d77,919.9258331307501,1000,mapped
BTG_Pactual,2024Q2,capital_total,16.155866,percent,end_of_period,managerial_adjusted,prudential,BTG consolidated; Banco Pan fully consolidated from 1Q26 and comparative business-line results adjusted for Consumer Finance & Banking; 4Q24 balance pro forma CMN 4966. Capital ratio applies to Banco BTG Pactual,Índice de Basiléia (aplicável apenas ao Banco BTG Pactual),https://d169uzu5o4xu1k.cloudfront.net/78a5a309-f13a-41ed-a7d1-814e37b63259/2026/7b97fa2e-8f44-42b4-9b21-61417b2d746e.xlsx,documents/BTG_Pactual/2026/2T26/Planilhas_Series_Historicas_2T26__fcd319bf1765.xlsx,InputSite_Highlights!BQ44,2026Q2,fcd319bf1765b93a11d47577b8d8b4847d0f4820cf9a943b136dc78659b02d77,0.16155865597756916,100,mapped
BTG_Pactual,2024Q2,cet1,12.246057,percent,end_of_period,prudential,prudential,Derived from prudential capital principal and RWA in the same source workbook,Derived CET1 = Capital Principal / RWA,https://d169uzu5o4xu1k.cloudfront.net/78a5a309-f13a-41ed-a7d1-814e37b63259/2026/7b97fa2e-8f44-42b4-9b21-61417b2d746e.xlsx,documents/BTG_Pactual/2026/2T26/Planilhas_Series_Historicas_2T26__fcd319bf1765.xlsx,InputSite_RegulatoryCapital!BQ29 / InputSite_RegulatoryCapital!BQ24 × 100,2026Q2,fcd319bf1765b93a11d47577b8d8b4847d0f4820cf9a943b136dc78659b02d77,49547.709792,0.00024715688015668766,derived
BTG_Pactual,2024Q2,cet1_amount,49547.709792,BRL_million,end_of_period,prudential,prudential,,Capital Principal,https://d169uzu5o4xu1k.cloudfront.net/78a5a309-f13a-41ed-a7d1-814e37b63259/2026/7b97fa2e-8f44-42b4-9b21-61417b2d746e.xlsx,documents/BTG_Pactual/2026/2T26/Planilhas_Series_Historicas_2T26__fcd319bf1765.xlsx,InputSite_RegulatoryCapital!BQ29,2026Q2,fcd319bf1765b93a11d47577b8d8b4847d0f4820cf9a943b136dc78659b02d77,49547.70979214,1,mapped
BTG_Pactual,2024Q2,efficiency,41.142115,percent,quarter,managerial_adjusted,consolidated,BTG consolidated; Banco Pan fully consolidated from 1Q26 and comparative business-line results adjusted for Consumer Finance & Banking; 4Q24 balance pro forma CMN 4966. Capital ratio applies to Banco BTG Pactual,Índice de eficiência,https://d169uzu5o4xu1k.cloudfront.net/78a5a309-f13a-41ed-a7d1-814e37b63259/2026/7b97fa2e-8f44-42b4-9b21-61417b2d746e.xlsx,documents/BTG_Pactual/2026/2T26/Planilhas_Series_Historicas_2T26__fcd319bf1765.xlsx,InputSite_Highlights!BQ35,2026Q2,fcd319bf1765b93a11d47577b8d8b4847d0f4820cf9a943b136dc78659b02d77,0.411421150044862,100,mapped
BTG_Pactual,2024Q2,equity,53075.585,BRL_million,end_of_period,accounting_consolidated,consolidated,BTG consolidated; Banco Pan fully consolidated from 1Q26 and comparative business-line results adjusted for Consumer Finance & Banking; 4Q24 balance pro forma CMN 4966. Capital ratio applies to Banco BTG Pactual,Patrimônio Liquido,https://d169uzu5o4xu1k.cloudfront.net/78a5a309-f13a-41ed-a7d1-814e37b63259/2026/7b97fa2e-8f44-42b4-9b21-61417b2d746e.xlsx,documents/BTG_Pactual/2026/2T26/Planilhas_Series_Historicas_2T26__fcd319bf1765.xlsx,InputSite_Highlights!BQ23,2026Q2,fcd319bf1765b93a11d47577b8d8b4847d0f4820cf9a943b136dc78659b02d77,53075.585,1,mapped
BTG_Pactual,2024Q2,funding_broad,235587.842674,BRL_million,end_of_period,managerial_adjusted,consolidated,BTG consolidated; Banco Pan fully consolidated from 1Q26 and comparative business-line results adjusted for Consumer Finance & Banking; 4Q24 balance pro forma CMN 4966. Capital ratio applies to Banco BTG Pactual,"Financiamento por depósitos, títulos emitidos e empréstimos e repasses",https://d169uzu5o4xu1k.cloudfront.net/78a5a309-f13a-41ed-a7d1-814e37b63259/2026/7b97fa2e-8f44-42b4-9b21-61417b2d746e.xlsx,documents/BTG_Pactual/2026/2T26/Planilhas_Series_Historicas_2T26__fcd319bf1765.xlsx,InputSite_Highlights!BQ63,2026Q2,fcd319bf1765b93a11d47577b8d8b4847d0f4820cf9a943b136dc78659b02d77,235587.84267431,1,mapped
BTG_Pactual,2024Q2,loans,140425.050336,BRL_million,end_of_period,managerial_adjusted,consolidated,BTG consolidated; Banco Pan fully consolidated from 1Q26 and comparative business-line results adjusted for Consumer Finance & Banking; 4Q24 balance pro forma CMN 4966. Capital ratio applies to Banco BTG Pactual,Carteira de crédito,https://d169uzu5o4xu1k.cloudfront.net/78a5a309-f13a-41ed-a7d1-814e37b63259/2026/7b97fa2e-8f44-42b4-9b21-61417b2d746e.xlsx,documents/BTG_Pactual/2026/2T26/Planilhas_Series_Historicas_2T26__fcd319bf1765.xlsx,InputSite_Highlights!BQ51,2026Q2,fcd319bf1765b93a11d47577b8d8b4847d0f4820cf9a943b136dc78659b02d77,140425.05033571157,1,mapped
BTG_Pactual,2024Q2,net_income_accounting,2823.184051,BRL_million,quarter,accounting_consolidated,consolidated,BTG consolidated; Banco Pan fully consolidated from 1Q26 and comparative business-line results adjusted for Consumer Finance & Banking; 4Q24 balance pro forma CMN 4966. Capital ratio applies to Banco BTG Pactual,Lucro Liquido,https://d169uzu5o4xu1k.cloudfront.net/78a5a309-f13a-41ed-a7d1-814e37b63259/2026/7b97fa2e-8f44-42b4-9b21-61417b2d746e.xlsx,documents/BTG_Pactual/2026/2T26/Planilhas_Series_Historicas_2T26__fcd319bf1765.xlsx,InputSite_Highlights!BQ16,2026Q2,fcd319bf1765b93a11d47577b8d8b4847d0f4820cf9a943b136dc78659b02d77,2823.1840508629043,1,mapped
BTG_Pactual,2024Q2,net_income_adjusted,2949.046673,BRL_million,quarter,managerial_adjusted,consolidated,BTG consolidated; Banco Pan fully consolidated from 1Q26 and comparative business-line results adjusted for Consumer Finance & Banking; 4Q24 balance pro forma CMN 4966. Capital ratio applies to Banco BTG Pactual,Lucro Liquido Ajustado,https://d169uzu5o4xu1k.cloudfront.net/78a5a309-f13a-41ed-a7d1-814e37b63259/2026/7b97fa2e-8f44-42b4-9b21-61417b2d746e.xlsx,documents/BTG_Pactual/2026/2T26/Planilhas_Series_Historicas_2T26__fcd319bf1765.xlsx,InputSite_Highlights!BQ17,2026Q2,fcd319bf1765b93a11d47577b8d8b4847d0f4820cf9a943b136dc78659b02d77,2949.046672958916,1,mapped
BTG_Pactual,2024Q2,operating_expenses,2464.314412,BRL_million,quarter,accounting_consolidated,consolidated,BTG consolidated; Banco Pan fully consolidated from 1Q26 and comparative business-line results adjusted for Consumer Finance & Banking; 4Q24 balance pro forma CMN 4966. Capital ratio applies to Banco BTG Pactual,Despesas Operacionais,https://d169uzu5o4xu1k.cloudfront.net/78a5a309-f13a-41ed-a7d1-814e37b63259/2026/7b97fa2e-8f44-42b4-9b21-61417b2d746e.xlsx,documents/BTG_Pactual/2026/2T26/Planilhas_Series_Historicas_2T26__fcd319bf1765.xlsx,InputSite_Highlights!BQ9,2026Q2,fcd319bf1765b93a11d47577b8d8b4847d0f4820cf9a943b136dc78659b02d77,-2464.3144123930456,-1,mapped
BTG_Pactual,2024Q2,revenue,5989.76113,BRL_million,quarter,managerial_adjusted,consolidated,BTG consolidated; Banco Pan fully consolidated from 1Q26 and comparative business-line results adjusted for Consumer Finance & Banking; 4Q24 balance pro forma CMN 4966. Capital ratio applies to Banco BTG Pactual,Receita Total,https://d169uzu5o4xu1k.cloudfront.net/78a5a309-f13a-41ed-a7d1-814e37b63259/2026/7b97fa2e-8f44-42b4-9b21-61417b2d746e.xlsx,documents/BTG_Pactual/2026/2T26/Planilhas_Series_Historicas_2T26__fcd319bf1765.xlsx,InputSite_Highlights!BQ7,2026Q2,fcd319bf1765b93a11d47577b8d8b4847d0f4820cf9a943b136dc78659b02d77,5989.76112950035,1,mapped
BTG_Pactual,2024Q2,roe_accounting,21.502255,percent,quarter_annualized,accounting_consolidated,consolidated,BTG consolidated; Banco Pan fully consolidated from 1Q26 and comparative business-line results adjusted for Consumer Finance & Banking; 4Q24 balance pro forma CMN 4966. Capital ratio applies to Banco BTG Pactual,ROAE Anualizado,https://d169uzu5o4xu1k.cloudfront.net/78a5a309-f13a-41ed-a7d1-814e37b63259/2026/7b97fa2e-8f44-42b4-9b21-61417b2d746e.xlsx,documents/BTG_Pactual/2026/2T26/Planilhas_Series_Historicas_2T26__fcd319bf1765.xlsx,InputSite_Highlights!BQ31,2026Q2,fcd319bf1765b93a11d47577b8d8b4847d0f4820cf9a943b136dc78659b02d77,0.21502254826219577,100,mapped
BTG_Pactual,2024Q2,roe_adjusted,22.460864,percent,quarter_annualized,managerial_adjusted,consolidated,BTG consolidated; Banco Pan fully consolidated from 1Q26 and comparative business-line results adjusted for Consumer Finance & Banking; 4Q24 balance pro forma CMN 4966. Capital ratio applies to Banco BTG Pactual,ROAE Anualizado Ajustado,https://d169uzu5o4xu1k.cloudfront.net/78a5a309-f13a-41ed-a7d1-814e37b63259/2026/7b97fa2e-8f44-42b4-9b21-61417b2d746e.xlsx,documents/BTG_Pactual/2026/2T26/Planilhas_Series_Historicas_2T26__fcd319bf1765.xlsx,InputSite_Highlights!BQ32,2026Q2,fcd319bf1765b93a11d47577b8d8b4847d0f4820cf9a943b136dc78659b02d77,0.22460864134789374,100,mapped
BTG_Pactual,2024Q2,rwa,404601.320168,BRL_million,end_of_period,prudential,prudential,,RWA,https://d169uzu5o4xu1k.cloudfront.net/78a5a309-f13a-41ed-a7d1-814e37b63259/2026/7b97fa2e-8f44-42b4-9b21-61417b2d746e.xlsx,documents/BTG_Pactual/2026/2T26/Planilhas_Series_Historicas_2T26__fcd319bf1765.xlsx,InputSite_RegulatoryCapital!BQ24,2026Q2,fcd319bf1765b93a11d47577b8d8b4847d0f4820cf9a943b136dc78659b02d77,404601.32016811,1,mapped
BTG_Pactual,2024Q2,wum,799016.103328,BRL_million,end_of_period,managerial_adjusted,consolidated,BTG consolidated; Banco Pan fully consolidated from 1Q26 and comparative business-line results adjusted for Consumer Finance & Banking; 4Q24 balance pro forma CMN 4966. Capital ratio applies to Banco BTG Pactual,WuM (em R$ bilhões),https://d169uzu5o4xu1k.cloudfront.net/78a5a309-f13a-41ed-a7d1-814e37b63259/2026/7b97fa2e-8f44-42b4-9b21-61417b2d746e.xlsx,documents/BTG_Pactual/2026/2T26/Planilhas_Series_Historicas_2T26__fcd319bf1765.xlsx,InputSite_Highlights!BQ40,2026Q2,fcd319bf1765b93a11d47577b8d8b4847d0f4820cf9a943b136dc78659b02d77,799.0161033277049,1000,mapped
BTG_Pactual,2024Q3,assets,611387.03,BRL_million,end_of_period,accounting_consolidated,consolidated,BTG consolidated; Banco Pan fully consolidated from 1Q26 and comparative business-line results adjusted for Consumer Finance & Banking; 4Q24 balance pro forma CMN 4966. Capital ratio applies to Banco BTG Pactual,Total Ativos,https://d169uzu5o4xu1k.cloudfront.net/78a5a309-f13a-41ed-a7d1-814e37b63259/2026/7b97fa2e-8f44-42b4-9b21-61417b2d746e.xlsx,documents/BTG_Pactual/2026/2T26/Planilhas_Series_Historicas_2T26__fcd319bf1765.xlsx,InputSite_Highlights!BR25,2026Q2,fcd319bf1765b93a11d47577b8d8b4847d0f4820cf9a943b136dc78659b02d77,611387.0300000001,1,mapped
BTG_Pactual,2024Q3,aum,969881.58729,BRL_million,end_of_period,managerial_adjusted,consolidated,BTG consolidated; Banco Pan fully consolidated from 1Q26 and comparative business-line results adjusted for Consumer Finance & Banking; 4Q24 balance pro forma CMN 4966. Capital ratio applies to Banco BTG Pactual,AuM e AuA (em R$ bilhões),https://d169uzu5o4xu1k.cloudfront.net/78a5a309-f13a-41ed-a7d1-814e37b63259/2026/7b97fa2e-8f44-42b4-9b21-61417b2d746e.xlsx,documents/BTG_Pactual/2026/2T26/Planilhas_Series_Historicas_2T26__fcd319bf1765.xlsx,InputSite_Highlights!BR39,2026Q2,fcd319bf1765b93a11d47577b8d8b4847d0f4820cf9a943b136dc78659b02d77,969.8815872896544,1000,mapped
BTG_Pactual,2024Q3,capital_total,16.429131,percent,end_of_period,managerial_adjusted,prudential,BTG consolidated; Banco Pan fully consolidated from 1Q26 and comparative business-line results adjusted for Consumer Finance & Banking; 4Q24 balance pro forma CMN 4966. Capital ratio applies to Banco BTG Pactual,Índice de Basiléia (aplicável apenas ao Banco BTG Pactual),https://d169uzu5o4xu1k.cloudfront.net/78a5a309-f13a-41ed-a7d1-814e37b63259/2026/7b97fa2e-8f44-42b4-9b21-61417b2d746e.xlsx,documents/BTG_Pactual/2026/2T26/Planilhas_Series_Historicas_2T26__fcd319bf1765.xlsx,InputSite_Highlights!BR44,2026Q2,fcd319bf1765b93a11d47577b8d8b4847d0f4820cf9a943b136dc78659b02d77,0.1642913140211384,100,mapped
BTG_Pactual,2024Q3,cet1,12.279043,percent,end_of_period,prudential,prudential,Derived from prudential capital principal and RWA in the same source workbook,Derived CET1 = Capital Principal / RWA,https://d169uzu5o4xu1k.cloudfront.net/78a5a309-f13a-41ed-a7d1-814e37b63259/2026/7b97fa2e-8f44-42b4-9b21-61417b2d746e.xlsx,documents/BTG_Pactual/2026/2T26/Planilhas_Series_Historicas_2T26__fcd319bf1765.xlsx,InputSite_RegulatoryCapital!BR29 / InputSite_RegulatoryCapital!BR24 × 100,2026Q2,fcd319bf1765b93a11d47577b8d8b4847d0f4820cf9a943b136dc78659b02d77,52617.05149,0.00023336622724376259,derived
BTG_Pactual,2024Q3,cet1_amount,52617.05149,BRL_million,end_of_period,prudential,prudential,,Capital Principal,https://d169uzu5o4xu1k.cloudfront.net/78a5a309-f13a-41ed-a7d1-814e37b63259/2026/7b97fa2e-8f44-42b4-9b21-61417b2d746e.xlsx,documents/BTG_Pactual/2026/2T26/Planilhas_Series_Historicas_2T26__fcd319bf1765.xlsx,InputSite_RegulatoryCapital!BR29,2026Q2,fcd319bf1765b93a11d47577b8d8b4847d0f4820cf9a943b136dc78659b02d77,52617.051489980004,1,mapped
BTG_Pactual,2024Q3,efficiency,40.355967,percent,quarter,managerial_adjusted,consolidated,BTG consolidated; Banco Pan fully consolidated from 1Q26 and comparative business-line results adjusted for Consumer Finance & Banking; 4Q24 balance pro forma CMN 4966. Capital ratio applies to Banco BTG Pactual,Índice de eficiência,https://d169uzu5o4xu1k.cloudfront.net/78a5a309-f13a-41ed-a7d1-814e37b63259/2026/7b97fa2e-8f44-42b4-9b21-61417b2d746e.xlsx,documents/BTG_Pactual/2026/2T26/Planilhas_Series_Historicas_2T26__fcd319bf1765.xlsx,InputSite_Highlights!BR35,2026Q2,fcd319bf1765b93a11d47577b8d8b4847d0f4820cf9a943b136dc78659b02d77,0.40355967334723325,100,mapped
BTG_Pactual,2024Q3,equity,56270.405,BRL_million,end_of_period,accounting_consolidated,consolidated,BTG consolidated; Banco Pan fully consolidated from 1Q26 and comparative business-line results adjusted for Consumer Finance & Banking; 4Q24 balance pro forma CMN 4966. Capital ratio applies to Banco BTG Pactual,Patrimônio Liquido,https://d169uzu5o4xu1k.cloudfront.net/78a5a309-f13a-41ed-a7d1-814e37b63259/2026/7b97fa2e-8f44-42b4-9b21-61417b2d746e.xlsx,documents/BTG_Pactual/2026/2T26/Planilhas_Series_Historicas_2T26__fcd319bf1765.xlsx,InputSite_Highlights!BR23,2026Q2,fcd319bf1765b93a11d47577b8d8b4847d0f4820cf9a943b136dc78659b02d77,56270.405,1,mapped
BTG_Pactual,2024Q3,funding_broad,253771.640325,BRL_million,end_of_period,managerial_adjusted,consolidated,BTG consolidated; Banco Pan fully consolidated from 1Q26 and comparative business-line results adjusted for Consumer Finance & Banking; 4Q24 balance pro forma CMN 4966. Capital ratio applies to Banco BTG Pactual,"Financiamento por depósitos, títulos emitidos e empréstimos e repasses",https://d169uzu5o4xu1k.cloudfront.net/78a5a309-f13a-41ed-a7d1-814e37b63259/2026/7b97fa2e-8f44-42b4-9b21-61417b2d746e.xlsx,documents/BTG_Pactual/2026/2T26/Planilhas_Series_Historicas_2T26__fcd319bf1765.xlsx,InputSite_Highlights!BR63,2026Q2,fcd319bf1765b93a11d47577b8d8b4847d0f4820cf9a943b136dc78659b02d77,253771.64032478002,1,mapped
BTG_Pactual,2024Q3,loans,156108.549788,BRL_million,end_of_period,managerial_adjusted,consolidated,BTG consolidated; Banco Pan fully consolidated from 1Q26 and comparative business-line results adjusted for Consumer Finance & Banking; 4Q24 balance pro forma CMN 4966. Capital ratio applies to Banco BTG Pactual,Carteira de crédito,https://d169uzu5o4xu1k.cloudfront.net/78a5a309-f13a-41ed-a7d1-814e37b63259/2026/7b97fa2e-8f44-42b4-9b21-61417b2d746e.xlsx,documents/BTG_Pactual/2026/2T26/Planilhas_Series_Historicas_2T26__fcd319bf1765.xlsx,InputSite_Highlights!BR51,2026Q2,fcd319bf1765b93a11d47577b8d8b4847d0f4820cf9a943b136dc78659b02d77,156108.5497881708,1,mapped
BTG_Pactual,2024Q3,net_income_accounting,3068.284265,BRL_million,quarter,accounting_consolidated,consolidated,BTG consolidated; Banco Pan fully consolidated from 1Q26 and comparative business-line results adjusted for Consumer Finance & Banking; 4Q24 balance pro forma CMN 4966. Capital ratio applies to Banco BTG Pactual,Lucro Liquido,https://d169uzu5o4xu1k.cloudfront.net/78a5a309-f13a-41ed-a7d1-814e37b63259/2026/7b97fa2e-8f44-42b4-9b21-61417b2d746e.xlsx,documents/BTG_Pactual/2026/2T26/Planilhas_Series_Historicas_2T26__fcd319bf1765.xlsx,InputSite_Highlights!BR16,2026Q2,fcd319bf1765b93a11d47577b8d8b4847d0f4820cf9a943b136dc78659b02d77,3068.2842651851156,1,mapped
BTG_Pactual,2024Q3,net_income_adjusted,3207.32076,BRL_million,quarter,managerial_adjusted,consolidated,BTG consolidated; Banco Pan fully consolidated from 1Q26 and comparative business-line results adjusted for Consumer Finance & Banking; 4Q24 balance pro forma CMN 4966. Capital ratio applies to Banco BTG Pactual,Lucro Liquido Ajustado,https://d169uzu5o4xu1k.cloudfront.net/78a5a309-f13a-41ed-a7d1-814e37b63259/2026/7b97fa2e-8f44-42b4-9b21-61417b2d746e.xlsx,documents/BTG_Pactual/2026/2T26/Planilhas_Series_Historicas_2T26__fcd319bf1765.xlsx,InputSite_Highlights!BR17,2026Q2,fcd319bf1765b93a11d47577b8d8b4847d0f4820cf9a943b136dc78659b02d77,3207.3207596644415,1,mapped
BTG_Pactual,2024Q3,operating_expenses,2601.044727,BRL_million,quarter,accounting_consolidated,consolidated,BTG consolidated; Banco Pan fully consolidated from 1Q26 and comparative business-line results adjusted for Consumer Finance & Banking; 4Q24 balance pro forma CMN 4966. Capital ratio applies to Banco BTG Pactual,Despesas Operacionais,https://d169uzu5o4xu1k.cloudfront.net/78a5a309-f13a-41ed-a7d1-814e37b63259/2026/7b97fa2e-8f44-42b4-9b21-61417b2d746e.xlsx,documents/BTG_Pactual/2026/2T26/Planilhas_Series_Historicas_2T26__fcd319bf1765.xlsx,InputSite_Highlights!BR9,2026Q2,fcd319bf1765b93a11d47577b8d8b4847d0f4820cf9a943b136dc78659b02d77,-2601.0447272426454,-1,mapped
BTG_Pactual,2024Q3,revenue,6445.254318,BRL_million,quarter,managerial_adjusted,consolidated,BTG consolidated; Banco Pan fully consolidated from 1Q26 and comparative business-line results adjusted for Consumer Finance & Banking; 4Q24 balance pro forma CMN 4966. Capital ratio applies to Banco BTG Pactual,Receita Total,https://d169uzu5o4xu1k.cloudfront.net/78a5a309-f13a-41ed-a7d1-814e37b63259/2026/7b97fa2e-8f44-42b4-9b21-61417b2d746e.xlsx,documents/BTG_Pactual/2026/2T26/Planilhas_Series_Historicas_2T26__fcd319bf1765.xlsx,InputSite_Highlights!BR7,2026Q2,fcd319bf1765b93a11d47577b8d8b4847d0f4820cf9a943b136dc78659b02d77,6445.254318076125,1,mapped
BTG_Pactual,2024Q3,roe_accounting,22.448262,percent,quarter_annualized,accounting_consolidated,consolidated,BTG consolidated; Banco Pan fully consolidated from 1Q26 and comparative business-line results adjusted for Consumer Finance & Banking; 4Q24 balance pro forma CMN 4966. Capital ratio applies to Banco BTG Pactual,ROAE Anualizado,https://d169uzu5o4xu1k.cloudfront.net/78a5a309-f13a-41ed-a7d1-814e37b63259/2026/7b97fa2e-8f44-42b4-9b21-61417b2d746e.xlsx,documents/BTG_Pactual/2026/2T26/Planilhas_Series_Historicas_2T26__fcd319bf1765.xlsx,InputSite_Highlights!BR31,2026Q2,fcd319bf1765b93a11d47577b8d8b4847d0f4820cf9a943b136dc78659b02d77,0.2244826168140223,100,mapped
BTG_Pactual,2024Q3,roe_adjusted,23.465484,percent,quarter_annualized,managerial_adjusted,consolidated,BTG consolidated; Banco Pan fully consolidated from 1Q26 and comparative business-line results adjusted for Consumer Finance & Banking; 4Q24 balance pro forma CMN 4966. Capital ratio applies to Banco BTG Pactual,ROAE Anualizado Ajustado,https://d169uzu5o4xu1k.cloudfront.net/78a5a309-f13a-41ed-a7d1-814e37b63259/2026/7b97fa2e-8f44-42b4-9b21-61417b2d746e.xlsx,documents/BTG_Pactual/2026/2T26/Planilhas_Series_Historicas_2T26__fcd319bf1765.xlsx,InputSite_Highlights!BR32,2026Q2,fcd319bf1765b93a11d47577b8d8b4847d0f4820cf9a943b136dc78659b02d77,0.23465484264503467,100,mapped
BTG_Pactual,2024Q3,rwa,428511.019701,BRL_million,end_of_period,prudential,prudential,,RWA,https://d169uzu5o4xu1k.cloudfront.net/78a5a309-f13a-41ed-a7d1-814e37b63259/2026/7b97fa2e-8f44-42b4-9b21-61417b2d746e.xlsx,documents/BTG_Pactual/2026/2T26/Planilhas_Series_Historicas_2T26__fcd319bf1765.xlsx,InputSite_RegulatoryCapital!BR24,2026Q2,fcd319bf1765b93a11d47577b8d8b4847d0f4820cf9a943b136dc78659b02d77,428511.01970109,1,mapped
BTG_Pactual,2024Q3,wum,857438.483347,BRL_million,end_of_period,managerial_adjusted,consolidated,BTG consolidated; Banco Pan fully consolidated from 1Q26 and comparative business-line results adjusted for Consumer Finance & Banking; 4Q24 balance pro forma CMN 4966. Capital ratio applies to Banco BTG Pactual,WuM (em R$ bilhões),https://d169uzu5o4xu1k.cloudfront.net/78a5a309-f13a-41ed-a7d1-814e37b63259/2026/7b97fa2e-8f44-42b4-9b21-61417b2d746e.xlsx,documents/BTG_Pactual/2026/2T26/Planilhas_Series_Historicas_2T26__fcd319bf1765.xlsx,InputSite_Highlights!BR40,2026Q2,fcd319bf1765b93a11d47577b8d8b4847d0f4820cf9a943b136dc78659b02d77,857.4384833467249,1000,mapped
BTG_Pactual,2024Q4,assets,646841.806,BRL_million,end_of_period,accounting_consolidated,consolidated,BTG consolidated; Banco Pan fully consolidated from 1Q26 and comparative business-line results adjusted for Consumer Finance & Banking; 4Q24 balance pro forma CMN 4966. Capital ratio applies to Banco BTG Pactual,Total Ativos,https://d169uzu5o4xu1k.cloudfront.net/78a5a309-f13a-41ed-a7d1-814e37b63259/2026/7b97fa2e-8f44-42b4-9b21-61417b2d746e.xlsx,documents/BTG_Pactual/2026/2T26/Planilhas_Series_Historicas_2T26__fcd319bf1765.xlsx,InputSite_Highlights!BS25,2026Q2,fcd319bf1765b93a11d47577b8d8b4847d0f4820cf9a943b136dc78659b02d77,646841.806,1,mapped
BTG_Pactual,2024Q4,aum,991758.531954,BRL_million,end_of_period,managerial_adjusted,consolidated,BTG consolidated; Banco Pan fully consolidated from 1Q26 and comparative business-line results adjusted for Consumer Finance & Banking; 4Q24 balance pro forma CMN 4966. Capital ratio applies to Banco BTG Pactual,AuM e AuA (em R$ bilhões),https://d169uzu5o4xu1k.cloudfront.net/78a5a309-f13a-41ed-a7d1-814e37b63259/2026/7b97fa2e-8f44-42b4-9b21-61417b2d746e.xlsx,documents/BTG_Pactual/2026/2T26/Planilhas_Series_Historicas_2T26__fcd319bf1765.xlsx,InputSite_Highlights!BS39,2026Q2,fcd319bf1765b93a11d47577b8d8b4847d0f4820cf9a943b136dc78659b02d77,991.75853195402,1000,mapped
BTG_Pactual,2024Q4,capital_total,15.66,percent,end_of_period,managerial_adjusted,prudential,BTG consolidated; Banco Pan fully consolidated from 1Q26 and comparative business-line results adjusted for Consumer Finance & Banking; 4Q24 balance pro forma CMN 4966. Capital ratio applies to Banco BTG Pactual,Índice de Basiléia (aplicável apenas ao Banco BTG Pactual),https://d169uzu5o4xu1k.cloudfront.net/78a5a309-f13a-41ed-a7d1-814e37b63259/2026/7b97fa2e-8f44-42b4-9b21-61417b2d746e.xlsx,documents/BTG_Pactual/2026/2T26/Planilhas_Series_Historicas_2T26__fcd319bf1765.xlsx,InputSite_Highlights!BS44,2026Q2,fcd319bf1765b93a11d47577b8d8b4847d0f4820cf9a943b136dc78659b02d77,0.1566,100,mapped
BTG_Pactual,2024Q4,cet1,11.760205,percent,end_of_period,prudential,prudential,Derived from prudential capital principal and RWA in the same source workbook,Derived CET1 = Capital Principal / RWA,https://d169uzu5o4xu1k.cloudfront.net/78a5a309-f13a-41ed-a7d1-814e37b63259/2026/7b97fa2e-8f44-42b4-9b21-61417b2d746e.xlsx,documents/BTG_Pactual/2026/2T26/Planilhas_Series_Historicas_2T26__fcd319bf1765.xlsx,InputSite_RegulatoryCapital!BS29 / InputSite_RegulatoryCapital!BS24 × 100,2026Q2,fcd319bf1765b93a11d47577b8d8b4847d0f4820cf9a943b136dc78659b02d77,53817.134667,0.00021852157285510518,derived
BTG_Pactual,2024Q4,cet1_amount,53817.134667,BRL_million,end_of_period,prudential,prudential,,Capital Principal,https://d169uzu5o4xu1k.cloudfront.net/78a5a309-f13a-41ed-a7d1-814e37b63259/2026/7b97fa2e-8f44-42b4-9b21-61417b2d746e.xlsx,documents/BTG_Pactual/2026/2T26/Planilhas_Series_Historicas_2T26__fcd319bf1765.xlsx,InputSite_RegulatoryCapital!BS29,2026Q2,fcd319bf1765b93a11d47577b8d8b4847d0f4820cf9a943b136dc78659b02d77,53817.13466728,1,mapped
BTG_Pactual,2024Q4,efficiency,42.622736,percent,quarter,managerial_adjusted,consolidated,BTG consolidated; Banco Pan fully consolidated from 1Q26 and comparative business-line results adjusted for Consumer Finance & Banking; 4Q24 balance pro forma CMN 4966. Capital ratio applies to Banco BTG Pactual,Índice de eficiência,https://d169uzu5o4xu1k.cloudfront.net/78a5a309-f13a-41ed-a7d1-814e37b63259/2026/7b97fa2e-8f44-42b4-9b21-61417b2d746e.xlsx,documents/BTG_Pactual/2026/2T26/Planilhas_Series_Historicas_2T26__fcd319bf1765.xlsx,InputSite_Highlights!BS35,2026Q2,fcd319bf1765b93a11d47577b8d8b4847d0f4820cf9a943b136dc78659b02d77,0.4262273633165746,100,mapped
BTG_Pactual,2024Q4,equity,57466.518,BRL_million,end_of_period,accounting_consolidated,consolidated,BTG consolidated; Banco Pan fully consolidated from 1Q26 and comparative business-line results adjusted for Consumer Finance & Banking; 4Q24 balance pro forma CMN 4966. Capital ratio applies to Banco BTG Pactual,Patrimônio Liquido,https://d169uzu5o4xu1k.cloudfront.net/78a5a309-f13a-41ed-a7d1-814e37b63259/2026/7b97fa2e-8f44-42b4-9b21-61417b2d746e.xlsx,documents/BTG_Pactual/2026/2T26/Planilhas_Series_Historicas_2T26__fcd319bf1765.xlsx,InputSite_Highlights!BS23,2026Q2,fcd319bf1765b93a11d47577b8d8b4847d0f4820cf9a943b136dc78659b02d77,57466.518,1,mapped
BTG_Pactual,2024Q4,funding_broad,262938.35842,BRL_million,end_of_period,managerial_adjusted,consolidated,BTG consolidated; Banco Pan fully consolidated from 1Q26 and comparative business-line results adjusted for Consumer Finance & Banking; 4Q24 balance pro forma CMN 4966. Capital ratio applies to Banco BTG Pactual,"Financiamento por depósitos, títulos emitidos e empréstimos e repasses",https://d169uzu5o4xu1k.cloudfront.net/78a5a309-f13a-41ed-a7d1-814e37b63259/2026/7b97fa2e-8f44-42b4-9b21-61417b2d746e.xlsx,documents/BTG_Pactual/2026/2T26/Planilhas_Series_Historicas_2T26__fcd319bf1765.xlsx,InputSite_Highlights!BS63,2026Q2,fcd319bf1765b93a11d47577b8d8b4847d0f4820cf9a943b136dc78659b02d77,262938.35842025996,1,mapped
BTG_Pactual,2024Q4,loans,162978.039367,BRL_million,end_of_period,managerial_adjusted,consolidated,BTG consolidated; Banco Pan fully consolidated from 1Q26 and comparative business-line results adjusted for Consumer Finance & Banking; 4Q24 balance pro forma CMN 4966. Capital ratio applies to Banco BTG Pactual,Carteira de crédito,https://d169uzu5o4xu1k.cloudfront.net/78a5a309-f13a-41ed-a7d1-814e37b63259/2026/7b97fa2e-8f44-42b4-9b21-61417b2d746e.xlsx,documents/BTG_Pactual/2026/2T26/Planilhas_Series_Historicas_2T26__fcd319bf1765.xlsx,InputSite_Highlights!BS51,2026Q2,fcd319bf1765b93a11d47577b8d8b4847d0f4820cf9a943b136dc78659b02d77,162978.039366569,1,mapped
BTG_Pactual,2024Q4,net_income_accounting,3124.04537,BRL_million,quarter,accounting_consolidated,consolidated,BTG consolidated; Banco Pan fully consolidated from 1Q26 and comparative business-line results adjusted for Consumer Finance & Banking; 4Q24 balance pro forma CMN 4966. Capital ratio applies to Banco BTG Pactual,Lucro Liquido,https://d169uzu5o4xu1k.cloudfront.net/78a5a309-f13a-41ed-a7d1-814e37b63259/2026/7b97fa2e-8f44-42b4-9b21-61417b2d746e.xlsx,documents/BTG_Pactual/2026/2T26/Planilhas_Series_Historicas_2T26__fcd319bf1765.xlsx,InputSite_Highlights!BS16,2026Q2,fcd319bf1765b93a11d47577b8d8b4847d0f4820cf9a943b136dc78659b02d77,3124.045370154435,1,mapped
BTG_Pactual,2024Q4,net_income_adjusted,3275.749508,BRL_million,quarter,managerial_adjusted,consolidated,BTG consolidated; Banco Pan fully consolidated from 1Q26 and comparative business-line results adjusted for Consumer Finance & Banking; 4Q24 balance pro forma CMN 4966. Capital ratio applies to Banco BTG Pactual,Lucro Liquido Ajustado,https://d169uzu5o4xu1k.cloudfront.net/78a5a309-f13a-41ed-a7d1-814e37b63259/2026/7b97fa2e-8f44-42b4-9b21-61417b2d746e.xlsx,documents/BTG_Pactual/2026/2T26/Planilhas_Series_Historicas_2T26__fcd319bf1765.xlsx,InputSite_Highlights!BS17,2026Q2,fcd319bf1765b93a11d47577b8d8b4847d0f4820cf9a943b136dc78659b02d77,3275.7495075696925,1,mapped
BTG_Pactual,2024Q4,operating_expenses,2867.575935,BRL_million,quarter,accounting_consolidated,consolidated,BTG consolidated; Banco Pan fully consolidated from 1Q26 and comparative business-line results adjusted for Consumer Finance & Banking; 4Q24 balance pro forma CMN 4966. Capital ratio applies to Banco BTG Pactual,Despesas Operacionais,https://d169uzu5o4xu1k.cloudfront.net/78a5a309-f13a-41ed-a7d1-814e37b63259/2026/7b97fa2e-8f44-42b4-9b21-61417b2d746e.xlsx,documents/BTG_Pactual/2026/2T26/Planilhas_Series_Historicas_2T26__fcd319bf1765.xlsx,InputSite_Highlights!BS9,2026Q2,fcd319bf1765b93a11d47577b8d8b4847d0f4820cf9a943b136dc78659b02d77,-2867.5759348993092,-1,mapped
BTG_Pactual,2024Q4,revenue,6727.808165,BRL_million,quarter,managerial_adjusted,consolidated,BTG consolidated; Banco Pan fully consolidated from 1Q26 and comparative business-line results adjusted for Consumer Finance & Banking; 4Q24 balance pro forma CMN 4966. Capital ratio applies to Banco BTG Pactual,Receita Total,https://d169uzu5o4xu1k.cloudfront.net/78a5a309-f13a-41ed-a7d1-814e37b63259/2026/7b97fa2e-8f44-42b4-9b21-61417b2d746e.xlsx,documents/BTG_Pactual/2026/2T26/Planilhas_Series_Historicas_2T26__fcd319bf1765.xlsx,InputSite_Highlights!BS7,2026Q2,fcd319bf1765b93a11d47577b8d8b4847d0f4820cf9a943b136dc78659b02d77,6727.808164604992,1,mapped
BTG_Pactual,2024Q4,roe_accounting,21.973834,percent,quarter_annualized,accounting_consolidated,consolidated,BTG consolidated; Banco Pan fully consolidated from 1Q26 and comparative business-line results adjusted for Consumer Finance & Banking; 4Q24 balance pro forma CMN 4966. Capital ratio applies to Banco BTG Pactual,ROAE Anualizado,https://d169uzu5o4xu1k.cloudfront.net/78a5a309-f13a-41ed-a7d1-814e37b63259/2026/7b97fa2e-8f44-42b4-9b21-61417b2d746e.xlsx,documents/BTG_Pactual/2026/2T26/Planilhas_Series_Historicas_2T26__fcd319bf1765.xlsx,InputSite_Highlights!BS31,2026Q2,fcd319bf1765b93a11d47577b8d8b4847d0f4820cf9a943b136dc78659b02d77,0.21973834145562315,100,mapped
BTG_Pactual,2024Q4,roe_adjusted,23.040887,percent,quarter_annualized,managerial_adjusted,consolidated,BTG consolidated; Banco Pan fully consolidated from 1Q26 and comparative business-line results adjusted for Consumer Finance & Banking; 4Q24 balance pro forma CMN 4966. Capital ratio applies to Banco BTG Pactual,ROAE Anualizado Ajustado,https://d169uzu5o4xu1k.cloudfront.net/78a5a309-f13a-41ed-a7d1-814e37b63259/2026/7b97fa2e-8f44-42b4-9b21-61417b2d746e.xlsx,documents/BTG_Pactual/2026/2T26/Planilhas_Series_Historicas_2T26__fcd319bf1765.xlsx,InputSite_Highlights!BS32,2026Q2,fcd319bf1765b93a11d47577b8d8b4847d0f4820cf9a943b136dc78659b02d77,0.23040887028480472,100,mapped
BTG_Pactual,2024Q4,rwa,457620.722263,BRL_million,end_of_period,prudential,prudential,,RWA,https://d169uzu5o4xu1k.cloudfront.net/78a5a309-f13a-41ed-a7d1-814e37b63259/2026/7b97fa2e-8f44-42b4-9b21-61417b2d746e.xlsx,documents/BTG_Pactual/2026/2T26/Planilhas_Series_Historicas_2T26__fcd319bf1765.xlsx,InputSite_RegulatoryCapital!BS24,2026Q2,fcd319bf1765b93a11d47577b8d8b4847d0f4820cf9a943b136dc78659b02d77,457620.7222631546,1,mapped
BTG_Pactual,2024Q4,wum,900998.140452,BRL_million,end_of_period,managerial_adjusted,consolidated,BTG consolidated; Banco Pan fully consolidated from 1Q26 and comparative business-line results adjusted for Consumer Finance & Banking; 4Q24 balance pro forma CMN 4966. Capital ratio applies to Banco BTG Pactual,WuM (em R$ bilhões),https://d169uzu5o4xu1k.cloudfront.net/78a5a309-f13a-41ed-a7d1-814e37b63259/2026/7b97fa2e-8f44-42b4-9b21-61417b2d746e.xlsx,documents/BTG_Pactual/2026/2T26/Planilhas_Series_Historicas_2T26__fcd319bf1765.xlsx,InputSite_Highlights!BS40,2026Q2,fcd319bf1765b93a11d47577b8d8b4847d0f4820cf9a943b136dc78659b02d77,900.9981404516112,1000,mapped
BTG_Pactual,2025Q1,assets,608441.721,BRL_million,end_of_period,accounting_consolidated,consolidated,BTG consolidated; Banco Pan fully consolidated from 1Q26 and comparative business-line results adjusted for Consumer Finance & Banking; 4Q24 balance pro forma CMN 4966. Capital ratio applies to Banco BTG Pactual,Total Ativos,https://d169uzu5o4xu1k.cloudfront.net/78a5a309-f13a-41ed-a7d1-814e37b63259/2026/7b97fa2e-8f44-42b4-9b21-61417b2d746e.xlsx,documents/BTG_Pactual/2026/2T26/Planilhas_Series_Historicas_2T26__fcd319bf1765.xlsx,InputSite_Highlights!BU25,2026Q2,fcd319bf1765b93a11d47577b8d8b4847d0f4820cf9a943b136dc78659b02d77,608441.7209999999,1,mapped
BTG_Pactual,2025Q1,aum,1026233.335699,BRL_million,end_of_period,managerial_adjusted,consolidated,BTG consolidated; Banco Pan fully consolidated from 1Q26 and comparative business-line results adjusted for Consumer Finance & Banking; 4Q24 balance pro forma CMN 4966. Capital ratio applies to Banco BTG Pactual,AuM e AuA (em R$ bilhões),https://d169uzu5o4xu1k.cloudfront.net/78a5a309-f13a-41ed-a7d1-814e37b63259/2026/7b97fa2e-8f44-42b4-9b21-61417b2d746e.xlsx,documents/BTG_Pactual/2026/2T26/Planilhas_Series_Historicas_2T26__fcd319bf1765.xlsx,InputSite_Highlights!BU39,2026Q2,fcd319bf1765b93a11d47577b8d8b4847d0f4820cf9a943b136dc78659b02d77,1026.2333356988356,1000,mapped
BTG_Pactual,2025Q1,capital_total,15.395331,percent,end_of_period,managerial_adjusted,prudential,BTG consolidated; Banco Pan fully consolidated from 1Q26 and comparative business-line results adjusted for Consumer Finance & Banking; 4Q24 balance pro forma CMN 4966. Capital ratio applies to Banco BTG Pactual,Índice de Basiléia (aplicável apenas ao Banco BTG Pactual),https://d169uzu5o4xu1k.cloudfront.net/78a5a309-f13a-41ed-a7d1-814e37b63259/2026/7b97fa2e-8f44-42b4-9b21-61417b2d746e.xlsx,documents/BTG_Pactual/2026/2T26/Planilhas_Series_Historicas_2T26__fcd319bf1765.xlsx,InputSite_Highlights!BU44,2026Q2,fcd319bf1765b93a11d47577b8d8b4847d0f4820cf9a943b136dc78659b02d77,0.1539533054142873,100,mapped
BTG_Pactual,2025Q1,cet1,11.510848,percent,end_of_period,prudential,prudential,Derived from prudential capital principal and RWA in the same source workbook,Derived CET1 = Capital Principal / RWA,https://d169uzu5o4xu1k.cloudfront.net/78a5a309-f13a-41ed-a7d1-814e37b63259/2026/7b97fa2e-8f44-42b4-9b21-61417b2d746e.xlsx,documents/BTG_Pactual/2026/2T26/Planilhas_Series_Historicas_2T26__fcd319bf1765.xlsx,InputSite_RegulatoryCapital!BU29 / InputSite_RegulatoryCapital!BU24 × 100,2026Q2,fcd319bf1765b93a11d47577b8d8b4847d0f4820cf9a943b136dc78659b02d77,55266.419981,0.00020827924567092768,derived
BTG_Pactual,2025Q1,cet1_amount,55266.419981,BRL_million,end_of_period,prudential,prudential,,Capital Principal,https://d169uzu5o4xu1k.cloudfront.net/78a5a309-f13a-41ed-a7d1-814e37b63259/2026/7b97fa2e-8f44-42b4-9b21-61417b2d746e.xlsx,documents/BTG_Pactual/2026/2T26/Planilhas_Series_Historicas_2T26__fcd319bf1765.xlsx,InputSite_RegulatoryCapital!BU29,2026Q2,fcd319bf1765b93a11d47577b8d8b4847d0f4820cf9a943b136dc78659b02d77,55266.41998104,1,mapped
BTG_Pactual,2025Q1,efficiency,45.430572,percent,quarter,managerial_adjusted,consolidated,BTG consolidated; Banco Pan fully consolidated from 1Q26 and comparative business-line results adjusted for Consumer Finance & Banking; 4Q24 balance pro forma CMN 4966. Capital ratio applies to Banco BTG Pactual,Índice de eficiência,https://d169uzu5o4xu1k.cloudfront.net/78a5a309-f13a-41ed-a7d1-814e37b63259/2026/7b97fa2e-8f44-42b4-9b21-61417b2d746e.xlsx,documents/BTG_Pactual/2026/2T26/Planilhas_Series_Historicas_2T26__fcd319bf1765.xlsx,InputSite_Highlights!BU35,2026Q2,fcd319bf1765b93a11d47577b8d8b4847d0f4820cf9a943b136dc78659b02d77,0.45430572348860404,100,mapped
BTG_Pactual,2025Q1,equity,59778.576,BRL_million,end_of_period,accounting_consolidated,consolidated,BTG consolidated; Banco Pan fully consolidated from 1Q26 and comparative business-line results adjusted for Consumer Finance & Banking; 4Q24 balance pro forma CMN 4966. Capital ratio applies to Banco BTG Pactual,Patrimônio Liquido,https://d169uzu5o4xu1k.cloudfront.net/78a5a309-f13a-41ed-a7d1-814e37b63259/2026/7b97fa2e-8f44-42b4-9b21-61417b2d746e.xlsx,documents/BTG_Pactual/2026/2T26/Planilhas_Series_Historicas_2T26__fcd319bf1765.xlsx,InputSite_Highlights!BU23,2026Q2,fcd319bf1765b93a11d47577b8d8b4847d0f4820cf9a943b136dc78659b02d77,59778.576,1,mapped
BTG_Pactual,2025Q1,funding_broad,256987.110405,BRL_million,end_of_period,managerial_adjusted,consolidated,BTG consolidated; Banco Pan fully consolidated from 1Q26 and comparative business-line results adjusted for Consumer Finance & Banking; 4Q24 balance pro forma CMN 4966. Capital ratio applies to Banco BTG Pactual,"Financiamento por depósitos, títulos emitidos e empréstimos e repasses",https://d169uzu5o4xu1k.cloudfront.net/78a5a309-f13a-41ed-a7d1-814e37b63259/2026/7b97fa2e-8f44-42b4-9b21-61417b2d746e.xlsx,documents/BTG_Pactual/2026/2T26/Planilhas_Series_Historicas_2T26__fcd319bf1765.xlsx,InputSite_Highlights!BU63,2026Q2,fcd319bf1765b93a11d47577b8d8b4847d0f4820cf9a943b136dc78659b02d77,256987.11040515002,1,mapped
BTG_Pactual,2025Q1,loans,170207.50555,BRL_million,end_of_period,managerial_adjusted,consolidated,BTG consolidated; Banco Pan fully consolidated from 1Q26 and comparative business-line results adjusted for Consumer Finance & Banking; 4Q24 balance pro forma CMN 4966. Capital ratio applies to Banco BTG Pactual,Carteira de crédito,https://d169uzu5o4xu1k.cloudfront.net/78a5a309-f13a-41ed-a7d1-814e37b63259/2026/7b97fa2e-8f44-42b4-9b21-61417b2d746e.xlsx,documents/BTG_Pactual/2026/2T26/Planilhas_Series_Historicas_2T26__fcd319bf1765.xlsx,InputSite_Highlights!BU51,2026Q2,fcd319bf1765b93a11d47577b8d8b4847d0f4820cf9a943b136dc78659b02d77,170207.505549617,1,mapped
BTG_Pactual,2025Q1,net_income_accounting,3209.921571,BRL_million,quarter,accounting_consolidated,consolidated,BTG consolidated; Banco Pan fully consolidated from 1Q26 and comparative business-line results adjusted for Consumer Finance & Banking; 4Q24 balance pro forma CMN 4966. Capital ratio applies to Banco BTG Pactual,Lucro Liquido,https://d169uzu5o4xu1k.cloudfront.net/78a5a309-f13a-41ed-a7d1-814e37b63259/2026/7b97fa2e-8f44-42b4-9b21-61417b2d746e.xlsx,documents/BTG_Pactual/2026/2T26/Planilhas_Series_Historicas_2T26__fcd319bf1765.xlsx,InputSite_Highlights!BU16,2026Q2,fcd319bf1765b93a11d47577b8d8b4847d0f4820cf9a943b136dc78659b02d77,3209.9215711661304,1,mapped
BTG_Pactual,2025Q1,net_income_adjusted,3379.23599,BRL_million,quarter,managerial_adjusted,consolidated,BTG consolidated; Banco Pan fully consolidated from 1Q26 and comparative business-line results adjusted for Consumer Finance & Banking; 4Q24 balance pro forma CMN 4966. Capital ratio applies to Banco BTG Pactual,Lucro Liquido Ajustado,https://d169uzu5o4xu1k.cloudfront.net/78a5a309-f13a-41ed-a7d1-814e37b63259/2026/7b97fa2e-8f44-42b4-9b21-61417b2d746e.xlsx,documents/BTG_Pactual/2026/2T26/Planilhas_Series_Historicas_2T26__fcd319bf1765.xlsx,InputSite_Highlights!BU17,2026Q2,fcd319bf1765b93a11d47577b8d8b4847d0f4820cf9a943b136dc78659b02d77,3379.2359896249204,1,mapped
BTG_Pactual,2025Q1,operating_expenses,3372.165765,BRL_million,quarter,accounting_consolidated,consolidated,BTG consolidated; Banco Pan fully consolidated from 1Q26 and comparative business-line results adjusted for Consumer Finance & Banking; 4Q24 balance pro forma CMN 4966. Capital ratio applies to Banco BTG Pactual,Despesas Operacionais,https://d169uzu5o4xu1k.cloudfront.net/78a5a309-f13a-41ed-a7d1-814e37b63259/2026/7b97fa2e-8f44-42b4-9b21-61417b2d746e.xlsx,documents/BTG_Pactual/2026/2T26/Planilhas_Series_Historicas_2T26__fcd319bf1765.xlsx,InputSite_Highlights!BU9,2026Q2,fcd319bf1765b93a11d47577b8d8b4847d0f4820cf9a943b136dc78659b02d77,-3372.1657646415974,-1,mapped
BTG_Pactual,2025Q1,revenue,7422.679465,BRL_million,quarter,managerial_adjusted,consolidated,BTG consolidated; Banco Pan fully consolidated from 1Q26 and comparative business-line results adjusted for Consumer Finance & Banking; 4Q24 balance pro forma CMN 4966. Capital ratio applies to Banco BTG Pactual,Receita Total,https://d169uzu5o4xu1k.cloudfront.net/78a5a309-f13a-41ed-a7d1-814e37b63259/2026/7b97fa2e-8f44-42b4-9b21-61417b2d746e.xlsx,documents/BTG_Pactual/2026/2T26/Planilhas_Series_Historicas_2T26__fcd319bf1765.xlsx,InputSite_Highlights!BU7,2026Q2,fcd319bf1765b93a11d47577b8d8b4847d0f4820cf9a943b136dc78659b02d77,7422.679465155772,1,mapped
BTG_Pactual,2025Q1,roe_accounting,21.9023,percent,quarter_annualized,accounting_consolidated,consolidated,BTG consolidated; Banco Pan fully consolidated from 1Q26 and comparative business-line results adjusted for Consumer Finance & Banking; 4Q24 balance pro forma CMN 4966. Capital ratio applies to Banco BTG Pactual,ROAE Anualizado,https://d169uzu5o4xu1k.cloudfront.net/78a5a309-f13a-41ed-a7d1-814e37b63259/2026/7b97fa2e-8f44-42b4-9b21-61417b2d746e.xlsx,documents/BTG_Pactual/2026/2T26/Planilhas_Series_Historicas_2T26__fcd319bf1765.xlsx,InputSite_Highlights!BU31,2026Q2,fcd319bf1765b93a11d47577b8d8b4847d0f4820cf9a943b136dc78659b02d77,0.21902299635716438,100,mapped
BTG_Pactual,2025Q1,roe_adjusted,23.248739,percent,quarter_annualized,managerial_adjusted,consolidated,BTG consolidated; Banco Pan fully consolidated from 1Q26 and comparative business-line results adjusted for Consumer Finance & Banking; 4Q24 balance pro forma CMN 4966. Capital ratio applies to Banco BTG Pactual,ROAE Anualizado Ajustado,https://d169uzu5o4xu1k.cloudfront.net/78a5a309-f13a-41ed-a7d1-814e37b63259/2026/7b97fa2e-8f44-42b4-9b21-61417b2d746e.xlsx,documents/BTG_Pactual/2026/2T26/Planilhas_Series_Historicas_2T26__fcd319bf1765.xlsx,InputSite_Highlights!BU32,2026Q2,fcd319bf1765b93a11d47577b8d8b4847d0f4820cf9a943b136dc78659b02d77,0.23248738885273443,100,mapped
BTG_Pactual,2025Q1,rwa,480124.650336,BRL_million,end_of_period,prudential,prudential,,RWA,https://d169uzu5o4xu1k.cloudfront.net/78a5a309-f13a-41ed-a7d1-814e37b63259/2026/7b97fa2e-8f44-42b4-9b21-61417b2d746e.xlsx,documents/BTG_Pactual/2026/2T26/Planilhas_Series_Historicas_2T26__fcd319bf1765.xlsx,InputSite_RegulatoryCapital!BU24,2026Q2,fcd319bf1765b93a11d47577b8d8b4847d0f4820cf9a943b136dc78659b02d77,480124.65033557056,1,mapped
BTG_Pactual,2025Q1,wum,999561.461484,BRL_million,end_of_period,managerial_adjusted,consolidated,BTG consolidated; Banco Pan fully consolidated from 1Q26 and comparative business-line results adjusted for Consumer Finance & Banking; 4Q24 balance pro forma CMN 4966. Capital ratio applies to Banco BTG Pactual,WuM (em R$ bilhões),https://d169uzu5o4xu1k.cloudfront.net/78a5a309-f13a-41ed-a7d1-814e37b63259/2026/7b97fa2e-8f44-42b4-9b21-61417b2d746e.xlsx,documents/BTG_Pactual/2026/2T26/Planilhas_Series_Historicas_2T26__fcd319bf1765.xlsx,InputSite_Highlights!BU40,2026Q2,fcd319bf1765b93a11d47577b8d8b4847d0f4820cf9a943b136dc78659b02d77,999.5614614838089,1000,mapped
BTG_Pactual,2025Q2,assets,656071.35,BRL_million,end_of_period,accounting_consolidated,consolidated,BTG consolidated; Banco Pan fully consolidated from 1Q26 and comparative business-line results adjusted for Consumer Finance & Banking; 4Q24 balance pro forma CMN 4966. Capital ratio applies to Banco BTG Pactual,Total Ativos,https://d169uzu5o4xu1k.cloudfront.net/78a5a309-f13a-41ed-a7d1-814e37b63259/2026/7b97fa2e-8f44-42b4-9b21-61417b2d746e.xlsx,documents/BTG_Pactual/2026/2T26/Planilhas_Series_Historicas_2T26__fcd319bf1765.xlsx,InputSite_Highlights!BV25,2026Q2,fcd319bf1765b93a11d47577b8d8b4847d0f4820cf9a943b136dc78659b02d77,656071.35,1,mapped
BTG_Pactual,2025Q2,aum,1090432.248464,BRL_million,end_of_period,managerial_adjusted,consolidated,BTG consolidated; Banco Pan fully consolidated from 1Q26 and comparative business-line results adjusted for Consumer Finance & Banking; 4Q24 balance pro forma CMN 4966. Capital ratio applies to Banco BTG Pactual,AuM e AuA (em R$ bilhões),https://d169uzu5o4xu1k.cloudfront.net/78a5a309-f13a-41ed-a7d1-814e37b63259/2026/7b97fa2e-8f44-42b4-9b21-61417b2d746e.xlsx,documents/BTG_Pactual/2026/2T26/Planilhas_Series_Historicas_2T26__fcd319bf1765.xlsx,InputSite_Highlights!BV39,2026Q2,fcd319bf1765b93a11d47577b8d8b4847d0f4820cf9a943b136dc78659b02d77,1090.4322484640918,1000,mapped
BTG_Pactual,2025Q2,capital_total,16.157734,percent,end_of_period,managerial_adjusted,prudential,BTG consolidated; Banco Pan fully consolidated from 1Q26 and comparative business-line results adjusted for Consumer Finance & Banking; 4Q24 balance pro forma CMN 4966. Capital ratio applies to Banco BTG Pactual,Índice de Basiléia (aplicável apenas ao Banco BTG Pactual),https://d169uzu5o4xu1k.cloudfront.net/78a5a309-f13a-41ed-a7d1-814e37b63259/2026/7b97fa2e-8f44-42b4-9b21-61417b2d746e.xlsx,documents/BTG_Pactual/2026/2T26/Planilhas_Series_Historicas_2T26__fcd319bf1765.xlsx,InputSite_Highlights!BV44,2026Q2,fcd319bf1765b93a11d47577b8d8b4847d0f4820cf9a943b136dc78659b02d77,0.16157733562215032,100,mapped
BTG_Pactual,2025Q2,cet1,12.035264,percent,end_of_period,prudential,prudential,Derived from prudential capital principal and RWA in the same source workbook,Derived CET1 = Capital Principal / RWA,https://d169uzu5o4xu1k.cloudfront.net/78a5a309-f13a-41ed-a7d1-814e37b63259/2026/7b97fa2e-8f44-42b4-9b21-61417b2d746e.xlsx,documents/BTG_Pactual/2026/2T26/Planilhas_Series_Historicas_2T26__fcd319bf1765.xlsx,InputSite_RegulatoryCapital!BV29 / InputSite_RegulatoryCapital!BV24 × 100,2026Q2,fcd319bf1765b93a11d47577b8d8b4847d0f4820cf9a943b136dc78659b02d77,59317.603052,0.0002028953255883458,derived
BTG_Pactual,2025Q2,cet1_amount,59317.603052,BRL_million,end_of_period,prudential,prudential,,Capital Principal,https://d169uzu5o4xu1k.cloudfront.net/78a5a309-f13a-41ed-a7d1-814e37b63259/2026/7b97fa2e-8f44-42b4-9b21-61417b2d746e.xlsx,documents/BTG_Pactual/2026/2T26/Planilhas_Series_Historicas_2T26__fcd319bf1765.xlsx,InputSite_RegulatoryCapital!BV29,2026Q2,fcd319bf1765b93a11d47577b8d8b4847d0f4820cf9a943b136dc78659b02d77,59317.60305203,1,mapped
BTG_Pactual,2025Q2,efficiency,42.307635,percent,quarter,managerial_adjusted,consolidated,BTG consolidated; Banco Pan fully consolidated from 1Q26 and comparative business-line results adjusted for Consumer Finance & Banking; 4Q24 balance pro forma CMN 4966. Capital ratio applies to Banco BTG Pactual,Índice de eficiência,https://d169uzu5o4xu1k.cloudfront.net/78a5a309-f13a-41ed-a7d1-814e37b63259/2026/7b97fa2e-8f44-42b4-9b21-61417b2d746e.xlsx,documents/BTG_Pactual/2026/2T26/Planilhas_Series_Historicas_2T26__fcd319bf1765.xlsx,InputSite_Highlights!BV35,2026Q2,fcd319bf1765b93a11d47577b8d8b4847d0f4820cf9a943b136dc78659b02d77,0.4230763524854756,100,mapped
BTG_Pactual,2025Q2,equity,63703.322,BRL_million,end_of_period,accounting_consolidated,consolidated,BTG consolidated; Banco Pan fully consolidated from 1Q26 and comparative business-line results adjusted for Consumer Finance & Banking; 4Q24 balance pro forma CMN 4966. Capital ratio applies to Banco BTG Pactual,Patrimônio Liquido,https://d169uzu5o4xu1k.cloudfront.net/78a5a309-f13a-41ed-a7d1-814e37b63259/2026/7b97fa2e-8f44-42b4-9b21-61417b2d746e.xlsx,documents/BTG_Pactual/2026/2T26/Planilhas_Series_Historicas_2T26__fcd319bf1765.xlsx,InputSite_Highlights!BV23,2026Q2,fcd319bf1765b93a11d47577b8d8b4847d0f4820cf9a943b136dc78659b02d77,63703.322,1,mapped
BTG_Pactual,2025Q2,funding_broad,274900.345522,BRL_million,end_of_period,managerial_adjusted,consolidated,BTG consolidated; Banco Pan fully consolidated from 1Q26 and comparative business-line results adjusted for Consumer Finance & Banking; 4Q24 balance pro forma CMN 4966. Capital ratio applies to Banco BTG Pactual,"Financiamento por depósitos, títulos emitidos e empréstimos e repasses",https://d169uzu5o4xu1k.cloudfront.net/78a5a309-f13a-41ed-a7d1-814e37b63259/2026/7b97fa2e-8f44-42b4-9b21-61417b2d746e.xlsx,documents/BTG_Pactual/2026/2T26/Planilhas_Series_Historicas_2T26__fcd319bf1765.xlsx,InputSite_Highlights!BV63,2026Q2,fcd319bf1765b93a11d47577b8d8b4847d0f4820cf9a943b136dc78659b02d77,274900.34552159,1,mapped
BTG_Pactual,2025Q2,loans,176945.222094,BRL_million,end_of_period,managerial_adjusted,consolidated,BTG consolidated; Banco Pan fully consolidated from 1Q26 and comparative business-line results adjusted for Consumer Finance & Banking; 4Q24 balance pro forma CMN 4966. Capital ratio applies to Banco BTG Pactual,Carteira de crédito,https://d169uzu5o4xu1k.cloudfront.net/78a5a309-f13a-41ed-a7d1-814e37b63259/2026/7b97fa2e-8f44-42b4-9b21-61417b2d746e.xlsx,documents/BTG_Pactual/2026/2T26/Planilhas_Series_Historicas_2T26__fcd319bf1765.xlsx,InputSite_Highlights!BV51,2026Q2,fcd319bf1765b93a11d47577b8d8b4847d0f4820cf9a943b136dc78659b02d77,176945.22209432436,1,mapped
BTG_Pactual,2025Q2,net_income_accounting,4009.221888,BRL_million,quarter,accounting_consolidated,consolidated,BTG consolidated; Banco Pan fully consolidated from 1Q26 and comparative business-line results adjusted for Consumer Finance & Banking; 4Q24 balance pro forma CMN 4966. Capital ratio applies to Banco BTG Pactual,Lucro Liquido,https://d169uzu5o4xu1k.cloudfront.net/78a5a309-f13a-41ed-a7d1-814e37b63259/2026/7b97fa2e-8f44-42b4-9b21-61417b2d746e.xlsx,documents/BTG_Pactual/2026/2T26/Planilhas_Series_Historicas_2T26__fcd319bf1765.xlsx,InputSite_Highlights!BV16,2026Q2,fcd319bf1765b93a11d47577b8d8b4847d0f4820cf9a943b136dc78659b02d77,4009.2218877924875,1,mapped
BTG_Pactual,2025Q2,net_income_adjusted,4194.417866,BRL_million,quarter,managerial_adjusted,consolidated,BTG consolidated; Banco Pan fully consolidated from 1Q26 and comparative business-line results adjusted for Consumer Finance & Banking; 4Q24 balance pro forma CMN 4966. Capital ratio applies to Banco BTG Pactual,Lucro Liquido Ajustado,https://d169uzu5o4xu1k.cloudfront.net/78a5a309-f13a-41ed-a7d1-814e37b63259/2026/7b97fa2e-8f44-42b4-9b21-61417b2d746e.xlsx,documents/BTG_Pactual/2026/2T26/Planilhas_Series_Historicas_2T26__fcd319bf1765.xlsx,InputSite_Highlights!BV17,2026Q2,fcd319bf1765b93a11d47577b8d8b4847d0f4820cf9a943b136dc78659b02d77,4194.417865959836,1,mapped
BTG_Pactual,2025Q2,operating_expenses,3786.894999,BRL_million,quarter,accounting_consolidated,consolidated,BTG consolidated; Banco Pan fully consolidated from 1Q26 and comparative business-line results adjusted for Consumer Finance & Banking; 4Q24 balance pro forma CMN 4966. Capital ratio applies to Banco BTG Pactual,Despesas Operacionais,https://d169uzu5o4xu1k.cloudfront.net/78a5a309-f13a-41ed-a7d1-814e37b63259/2026/7b97fa2e-8f44-42b4-9b21-61417b2d746e.xlsx,documents/BTG_Pactual/2026/2T26/Planilhas_Series_Historicas_2T26__fcd319bf1765.xlsx,InputSite_Highlights!BV9,2026Q2,fcd319bf1765b93a11d47577b8d8b4847d0f4820cf9a943b136dc78659b02d77,-3786.894998939567,-1,mapped
BTG_Pactual,2025Q2,revenue,8950.854797,BRL_million,quarter,managerial_adjusted,consolidated,BTG consolidated; Banco Pan fully consolidated from 1Q26 and comparative business-line results adjusted for Consumer Finance & Banking; 4Q24 balance pro forma CMN 4966. Capital ratio applies to Banco BTG Pactual,Receita Total,https://d169uzu5o4xu1k.cloudfront.net/78a5a309-f13a-41ed-a7d1-814e37b63259/2026/7b97fa2e-8f44-42b4-9b21-61417b2d746e.xlsx,documents/BTG_Pactual/2026/2T26/Planilhas_Series_Historicas_2T26__fcd319bf1765.xlsx,InputSite_Highlights!BV7,2026Q2,fcd319bf1765b93a11d47577b8d8b4847d0f4820cf9a943b136dc78659b02d77,8950.8547965218,1,mapped
BTG_Pactual,2025Q2,roe_accounting,25.974478,percent,quarter_annualized,accounting_consolidated,consolidated,BTG consolidated; Banco Pan fully consolidated from 1Q26 and comparative business-line results adjusted for Consumer Finance & Banking; 4Q24 balance pro forma CMN 4966. Capital ratio applies to Banco BTG Pactual,ROAE Anualizado,https://d169uzu5o4xu1k.cloudfront.net/78a5a309-f13a-41ed-a7d1-814e37b63259/2026/7b97fa2e-8f44-42b4-9b21-61417b2d746e.xlsx,documents/BTG_Pactual/2026/2T26/Planilhas_Series_Historicas_2T26__fcd319bf1765.xlsx,InputSite_Highlights!BV31,2026Q2,fcd319bf1765b93a11d47577b8d8b4847d0f4820cf9a943b136dc78659b02d77,0.25974477714428446,100,mapped
BTG_Pactual,2025Q2,roe_adjusted,27.174301,percent,quarter_annualized,managerial_adjusted,consolidated,BTG consolidated; Banco Pan fully consolidated from 1Q26 and comparative business-line results adjusted for Consumer Finance & Banking; 4Q24 balance pro forma CMN 4966. Capital ratio applies to Banco BTG Pactual,ROAE Anualizado Ajustado,https://d169uzu5o4xu1k.cloudfront.net/78a5a309-f13a-41ed-a7d1-814e37b63259/2026/7b97fa2e-8f44-42b4-9b21-61417b2d746e.xlsx,documents/BTG_Pactual/2026/2T26/Planilhas_Series_Historicas_2T26__fcd319bf1765.xlsx,InputSite_Highlights!BV32,2026Q2,fcd319bf1765b93a11d47577b8d8b4847d0f4820cf9a943b136dc78659b02d77,0.2717430123051614,100,mapped
BTG_Pactual,2025Q2,rwa,492864.977101,BRL_million,end_of_period,prudential,prudential,,RWA,https://d169uzu5o4xu1k.cloudfront.net/78a5a309-f13a-41ed-a7d1-814e37b63259/2026/7b97fa2e-8f44-42b4-9b21-61417b2d746e.xlsx,documents/BTG_Pactual/2026/2T26/Planilhas_Series_Historicas_2T26__fcd319bf1765.xlsx,InputSite_RegulatoryCapital!BV24,2026Q2,fcd319bf1765b93a11d47577b8d8b4847d0f4820cf9a943b136dc78659b02d77,492864.97710068,1,mapped
BTG_Pactual,2025Q2,wum,1056109.456069,BRL_million,end_of_period,managerial_adjusted,consolidated,BTG consolidated; Banco Pan fully consolidated from 1Q26 and comparative business-line results adjusted for Consumer Finance & Banking; 4Q24 balance pro forma CMN 4966. Capital ratio applies to Banco BTG Pactual,WuM (em R$ bilhões),https://d169uzu5o4xu1k.cloudfront.net/78a5a309-f13a-41ed-a7d1-814e37b63259/2026/7b97fa2e-8f44-42b4-9b21-61417b2d746e.xlsx,documents/BTG_Pactual/2026/2T26/Planilhas_Series_Historicas_2T26__fcd319bf1765.xlsx,InputSite_Highlights!BV40,2026Q2,fcd319bf1765b93a11d47577b8d8b4847d0f4820cf9a943b136dc78659b02d77,1056.109456069044,1000,mapped
BTG_Pactual,2025Q3,assets,684960.022,BRL_million,end_of_period,accounting_consolidated,consolidated,BTG consolidated; Banco Pan fully consolidated from 1Q26 and comparative business-line results adjusted for Consumer Finance & Banking; 4Q24 balance pro forma CMN 4966. Capital ratio applies to Banco BTG Pactual,Total Ativos,https://d169uzu5o4xu1k.cloudfront.net/78a5a309-f13a-41ed-a7d1-814e37b63259/2026/7b97fa2e-8f44-42b4-9b21-61417b2d746e.xlsx,documents/BTG_Pactual/2026/2T26/Planilhas_Series_Historicas_2T26__fcd319bf1765.xlsx,InputSite_Highlights!BW25,2026Q2,fcd319bf1765b93a11d47577b8d8b4847d0f4820cf9a943b136dc78659b02d77,684960.022,1,mapped
BTG_Pactual,2025Q3,aum,1151820.712534,BRL_million,end_of_period,managerial_adjusted,consolidated,BTG consolidated; Banco Pan fully consolidated from 1Q26 and comparative business-line results adjusted for Consumer Finance & Banking; 4Q24 balance pro forma CMN 4966. Capital ratio applies to Banco BTG Pactual,AuM e AuA (em R$ bilhões),https://d169uzu5o4xu1k.cloudfront.net/78a5a309-f13a-41ed-a7d1-814e37b63259/2026/7b97fa2e-8f44-42b4-9b21-61417b2d746e.xlsx,documents/BTG_Pactual/2026/2T26/Planilhas_Series_Historicas_2T26__fcd319bf1765.xlsx,InputSite_Highlights!BW39,2026Q2,fcd319bf1765b93a11d47577b8d8b4847d0f4820cf9a943b136dc78659b02d77,1151.820712533693,1000,mapped
BTG_Pactual,2025Q3,capital_total,15.545249,percent,end_of_period,managerial_adjusted,prudential,BTG consolidated; Banco Pan fully consolidated from 1Q26 and comparative business-line results adjusted for Consumer Finance & Banking; 4Q24 balance pro forma CMN 4966. Capital ratio applies to Banco BTG Pactual,Índice de Basiléia (aplicável apenas ao Banco BTG Pactual),https://d169uzu5o4xu1k.cloudfront.net/78a5a309-f13a-41ed-a7d1-814e37b63259/2026/7b97fa2e-8f44-42b4-9b21-61417b2d746e.xlsx,documents/BTG_Pactual/2026/2T26/Planilhas_Series_Historicas_2T26__fcd319bf1765.xlsx,InputSite_Highlights!BW44,2026Q2,fcd319bf1765b93a11d47577b8d8b4847d0f4820cf9a943b136dc78659b02d77,0.1554524864408108,100,mapped
BTG_Pactual,2025Q3,cet1,11.49791,percent,end_of_period,prudential,prudential,Derived from prudential capital principal and RWA in the same source workbook,Derived CET1 = Capital Principal / RWA,https://d169uzu5o4xu1k.cloudfront.net/78a5a309-f13a-41ed-a7d1-814e37b63259/2026/7b97fa2e-8f44-42b4-9b21-61417b2d746e.xlsx,documents/BTG_Pactual/2026/2T26/Planilhas_Series_Historicas_2T26__fcd319bf1765.xlsx,InputSite_RegulatoryCapital!BW29 / InputSite_RegulatoryCapital!BW24 × 100,2026Q2,fcd319bf1765b93a11d47577b8d8b4847d0f4820cf9a943b136dc78659b02d77,62303.65326,0.00018454632732972835,derived
BTG_Pactual,2025Q3,cet1_amount,62303.65326,BRL_million,end_of_period,prudential,prudential,,Capital Principal,https://d169uzu5o4xu1k.cloudfront.net/78a5a309-f13a-41ed-a7d1-814e37b63259/2026/7b97fa2e-8f44-42b4-9b21-61417b2d746e.xlsx,documents/BTG_Pactual/2026/2T26/Planilhas_Series_Historicas_2T26__fcd319bf1765.xlsx,InputSite_RegulatoryCapital!BW29,2026Q2,fcd319bf1765b93a11d47577b8d8b4847d0f4820cf9a943b136dc78659b02d77,62303.653259729996,1,mapped
BTG_Pactual,2025Q3,efficiency,40.895082,percent,quarter,managerial_adjusted,consolidated,BTG consolidated; Banco Pan fully consolidated from 1Q26 and comparative business-line results adjusted for Consumer Finance & Banking; 4Q24 balance pro forma CMN 4966. Capital ratio applies to Banco BTG Pactual,Índice de eficiência,https://d169uzu5o4xu1k.cloudfront.net/78a5a309-f13a-41ed-a7d1-814e37b63259/2026/7b97fa2e-8f44-42b4-9b21-61417b2d746e.xlsx,documents/BTG_Pactual/2026/2T26/Planilhas_Series_Historicas_2T26__fcd319bf1765.xlsx,InputSite_Highlights!BW35,2026Q2,fcd319bf1765b93a11d47577b8d8b4847d0f4820cf9a943b136dc78659b02d77,0.4089508195607813,100,mapped
BTG_Pactual,2025Q3,equity,65605.493,BRL_million,end_of_period,accounting_consolidated,consolidated,BTG consolidated; Banco Pan fully consolidated from 1Q26 and comparative business-line results adjusted for Consumer Finance & Banking; 4Q24 balance pro forma CMN 4966. Capital ratio applies to Banco BTG Pactual,Patrimônio Liquido,https://d169uzu5o4xu1k.cloudfront.net/78a5a309-f13a-41ed-a7d1-814e37b63259/2026/7b97fa2e-8f44-42b4-9b21-61417b2d746e.xlsx,documents/BTG_Pactual/2026/2T26/Planilhas_Series_Historicas_2T26__fcd319bf1765.xlsx,InputSite_Highlights!BW23,2026Q2,fcd319bf1765b93a11d47577b8d8b4847d0f4820cf9a943b136dc78659b02d77,65605.493,1,mapped
BTG_Pactual,2025Q3,funding_broad,303231.163391,BRL_million,end_of_period,managerial_adjusted,consolidated,BTG consolidated; Banco Pan fully consolidated from 1Q26 and comparative business-line results adjusted for Consumer Finance & Banking; 4Q24 balance pro forma CMN 4966. Capital ratio applies to Banco BTG Pactual,"Financiamento por depósitos, títulos emitidos e empréstimos e repasses",https://d169uzu5o4xu1k.cloudfront.net/78a5a309-f13a-41ed-a7d1-814e37b63259/2026/7b97fa2e-8f44-42b4-9b21-61417b2d746e.xlsx,documents/BTG_Pactual/2026/2T26/Planilhas_Series_Historicas_2T26__fcd319bf1765.xlsx,InputSite_Highlights!BW63,2026Q2,fcd319bf1765b93a11d47577b8d8b4847d0f4820cf9a943b136dc78659b02d77,303231.16339067,1,mapped
BTG_Pactual,2025Q3,loans,178907.519652,BRL_million,end_of_period,managerial_adjusted,consolidated,BTG consolidated; Banco Pan fully consolidated from 1Q26 and comparative business-line results adjusted for Consumer Finance & Banking; 4Q24 balance pro forma CMN 4966. Capital ratio applies to Banco BTG Pactual,Carteira de crédito,https://d169uzu5o4xu1k.cloudfront.net/78a5a309-f13a-41ed-a7d1-814e37b63259/2026/7b97fa2e-8f44-42b4-9b21-61417b2d746e.xlsx,documents/BTG_Pactual/2026/2T26/Planilhas_Series_Historicas_2T26__fcd319bf1765.xlsx,InputSite_Highlights!BW51,2026Q2,fcd319bf1765b93a11d47577b8d8b4847d0f4820cf9a943b136dc78659b02d77,178907.5196518486,1,mapped
BTG_Pactual,2025Q3,net_income_accounting,4337.376495,BRL_million,quarter,accounting_consolidated,consolidated,BTG consolidated; Banco Pan fully consolidated from 1Q26 and comparative business-line results adjusted for Consumer Finance & Banking; 4Q24 balance pro forma CMN 4966. Capital ratio applies to Banco BTG Pactual,Lucro Liquido,https://d169uzu5o4xu1k.cloudfront.net/78a5a309-f13a-41ed-a7d1-814e37b63259/2026/7b97fa2e-8f44-42b4-9b21-61417b2d746e.xlsx,documents/BTG_Pactual/2026/2T26/Planilhas_Series_Historicas_2T26__fcd319bf1765.xlsx,InputSite_Highlights!BW16,2026Q2,fcd319bf1765b93a11d47577b8d8b4847d0f4820cf9a943b136dc78659b02d77,4337.376495424634,1,mapped
BTG_Pactual,2025Q3,net_income_adjusted,4551.093698,BRL_million,quarter,managerial_adjusted,consolidated,BTG consolidated; Banco Pan fully consolidated from 1Q26 and comparative business-line results adjusted for Consumer Finance & Banking; 4Q24 balance pro forma CMN 4966. Capital ratio applies to Banco BTG Pactual,Lucro Liquido Ajustado,https://d169uzu5o4xu1k.cloudfront.net/78a5a309-f13a-41ed-a7d1-814e37b63259/2026/7b97fa2e-8f44-42b4-9b21-61417b2d746e.xlsx,documents/BTG_Pactual/2026/2T26/Planilhas_Series_Historicas_2T26__fcd319bf1765.xlsx,InputSite_Highlights!BW17,2026Q2,fcd319bf1765b93a11d47577b8d8b4847d0f4820cf9a943b136dc78659b02d77,4551.093697828835,1,mapped
BTG_Pactual,2025Q3,operating_expenses,3886.35423,BRL_million,quarter,accounting_consolidated,consolidated,BTG consolidated; Banco Pan fully consolidated from 1Q26 and comparative business-line results adjusted for Consumer Finance & Banking; 4Q24 balance pro forma CMN 4966. Capital ratio applies to Banco BTG Pactual,Despesas Operacionais,https://d169uzu5o4xu1k.cloudfront.net/78a5a309-f13a-41ed-a7d1-814e37b63259/2026/7b97fa2e-8f44-42b4-9b21-61417b2d746e.xlsx,documents/BTG_Pactual/2026/2T26/Planilhas_Series_Historicas_2T26__fcd319bf1765.xlsx,InputSite_Highlights!BW9,2026Q2,fcd319bf1765b93a11d47577b8d8b4847d0f4820cf9a943b136dc78659b02d77,-3886.3542298623292,-1,mapped
BTG_Pactual,2025Q3,revenue,9503.231303,BRL_million,quarter,managerial_adjusted,consolidated,BTG consolidated; Banco Pan fully consolidated from 1Q26 and comparative business-line results adjusted for Consumer Finance & Banking; 4Q24 balance pro forma CMN 4966. Capital ratio applies to Banco BTG Pactual,Receita Total,https://d169uzu5o4xu1k.cloudfront.net/78a5a309-f13a-41ed-a7d1-814e37b63259/2026/7b97fa2e-8f44-42b4-9b21-61417b2d746e.xlsx,documents/BTG_Pactual/2026/2T26/Planilhas_Series_Historicas_2T26__fcd319bf1765.xlsx,InputSite_Highlights!BW7,2026Q2,fcd319bf1765b93a11d47577b8d8b4847d0f4820cf9a943b136dc78659b02d77,9503.231303060662,1,mapped
BTG_Pactual,2025Q3,roe_accounting,26.834108,percent,quarter_annualized,accounting_consolidated,consolidated,BTG consolidated; Banco Pan fully consolidated from 1Q26 and comparative business-line results adjusted for Consumer Finance & Banking; 4Q24 balance pro forma CMN 4966. Capital ratio applies to Banco BTG Pactual,ROAE Anualizado,https://d169uzu5o4xu1k.cloudfront.net/78a5a309-f13a-41ed-a7d1-814e37b63259/2026/7b97fa2e-8f44-42b4-9b21-61417b2d746e.xlsx,documents/BTG_Pactual/2026/2T26/Planilhas_Series_Historicas_2T26__fcd319bf1765.xlsx,InputSite_Highlights!BW31,2026Q2,fcd319bf1765b93a11d47577b8d8b4847d0f4820cf9a943b136dc78659b02d77,0.26834107716783845,100,mapped
BTG_Pactual,2025Q3,roe_adjusted,28.156433,percent,quarter_annualized,managerial_adjusted,consolidated,BTG consolidated; Banco Pan fully consolidated from 1Q26 and comparative business-line results adjusted for Consumer Finance & Banking; 4Q24 balance pro forma CMN 4966. Capital ratio applies to Banco BTG Pactual,ROAE Anualizado Ajustado,https://d169uzu5o4xu1k.cloudfront.net/78a5a309-f13a-41ed-a7d1-814e37b63259/2026/7b97fa2e-8f44-42b4-9b21-61417b2d746e.xlsx,documents/BTG_Pactual/2026/2T26/Planilhas_Series_Historicas_2T26__fcd319bf1765.xlsx,InputSite_Highlights!BW32,2026Q2,fcd319bf1765b93a11d47577b8d8b4847d0f4820cf9a943b136dc78659b02d77,0.2815643278660521,100,mapped
BTG_Pactual,2025Q3,rwa,541869.35848,BRL_million,end_of_period,prudential,prudential,,RWA,https://d169uzu5o4xu1k.cloudfront.net/78a5a309-f13a-41ed-a7d1-814e37b63259/2026/7b97fa2e-8f44-42b4-9b21-61417b2d746e.xlsx,documents/BTG_Pactual/2026/2T26/Planilhas_Series_Historicas_2T26__fcd319bf1765.xlsx,InputSite_RegulatoryCapital!BW24,2026Q2,fcd319bf1765b93a11d47577b8d8b4847d0f4820cf9a943b136dc78659b02d77,541869.3584795301,1,mapped
BTG_Pactual,2025Q3,wum,1135751.689971,BRL_million,end_of_period,managerial_adjusted,consolidated,BTG consolidated; Banco Pan fully consolidated from 1Q26 and comparative business-line results adjusted for Consumer Finance & Banking; 4Q24 balance pro forma CMN 4966. Capital ratio applies to Banco BTG Pactual,WuM (em R$ bilhões),https://d169uzu5o4xu1k.cloudfront.net/78a5a309-f13a-41ed-a7d1-814e37b63259/2026/7b97fa2e-8f44-42b4-9b21-61417b2d746e.xlsx,documents/BTG_Pactual/2026/2T26/Planilhas_Series_Historicas_2T26__fcd319bf1765.xlsx,InputSite_Highlights!BW40,2026Q2,fcd319bf1765b93a11d47577b8d8b4847d0f4820cf9a943b136dc78659b02d77,1135.7516899712657,1000,mapped
BTG_Pactual,2025Q4,assets,805968.339,BRL_million,end_of_period,accounting_consolidated,consolidated,BTG consolidated; Banco Pan fully consolidated from 1Q26 and comparative business-line results adjusted for Consumer Finance & Banking; 4Q24 balance pro forma CMN 4966. Capital ratio applies to Banco BTG Pactual,Total Ativos,https://d169uzu5o4xu1k.cloudfront.net/78a5a309-f13a-41ed-a7d1-814e37b63259/2026/7b97fa2e-8f44-42b4-9b21-61417b2d746e.xlsx,documents/BTG_Pactual/2026/2T26/Planilhas_Series_Historicas_2T26__fcd319bf1765.xlsx,InputSite_Highlights!BX25,2026Q2,fcd319bf1765b93a11d47577b8d8b4847d0f4820cf9a943b136dc78659b02d77,805968.339,1,mapped
BTG_Pactual,2025Q4,aum,1248019.349596,BRL_million,end_of_period,managerial_adjusted,consolidated,BTG consolidated; Banco Pan fully consolidated from 1Q26 and comparative business-line results adjusted for Consumer Finance & Banking; 4Q24 balance pro forma CMN 4966. Capital ratio applies to Banco BTG Pactual,AuM e AuA (em R$ bilhões),https://d169uzu5o4xu1k.cloudfront.net/78a5a309-f13a-41ed-a7d1-814e37b63259/2026/7b97fa2e-8f44-42b4-9b21-61417b2d746e.xlsx,documents/BTG_Pactual/2026/2T26/Planilhas_Series_Historicas_2T26__fcd319bf1765.xlsx,InputSite_Highlights!BX39,2026Q2,fcd319bf1765b93a11d47577b8d8b4847d0f4820cf9a943b136dc78659b02d77,1248.0193495958615,1000,mapped
BTG_Pactual,2025Q4,capital_total,15.503318,percent,end_of_period,managerial_adjusted,prudential,BTG consolidated; Banco Pan fully consolidated from 1Q26 and comparative business-line results adjusted for Consumer Finance & Banking; 4Q24 balance pro forma CMN 4966. Capital ratio applies to Banco BTG Pactual,Índice de Basiléia (aplicável apenas ao Banco BTG Pactual),https://d169uzu5o4xu1k.cloudfront.net/78a5a309-f13a-41ed-a7d1-814e37b63259/2026/7b97fa2e-8f44-42b4-9b21-61417b2d746e.xlsx,documents/BTG_Pactual/2026/2T26/Planilhas_Series_Historicas_2T26__fcd319bf1765.xlsx,InputSite_Highlights!BX44,2026Q2,fcd319bf1765b93a11d47577b8d8b4847d0f4820cf9a943b136dc78659b02d77,0.15503317651475929,100,mapped
BTG_Pactual,2025Q4,cet1,11.317337,percent,end_of_period,prudential,prudential,Derived from prudential capital principal and RWA in the same source workbook,Derived CET1 = Capital Principal / RWA,https://d169uzu5o4xu1k.cloudfront.net/78a5a309-f13a-41ed-a7d1-814e37b63259/2026/7b97fa2e-8f44-42b4-9b21-61417b2d746e.xlsx,documents/BTG_Pactual/2026/2T26/Planilhas_Series_Historicas_2T26__fcd319bf1765.xlsx,InputSite_RegulatoryCapital!BX29 / InputSite_RegulatoryCapital!BX24 × 100,2026Q2,fcd319bf1765b93a11d47577b8d8b4847d0f4820cf9a943b136dc78659b02d77,65950.614425,0.00017160320671833488,derived
BTG_Pactual,2025Q4,cet1_amount,65950.614425,BRL_million,end_of_period,prudential,prudential,,Capital Principal,https://d169uzu5o4xu1k.cloudfront.net/78a5a309-f13a-41ed-a7d1-814e37b63259/2026/7b97fa2e-8f44-42b4-9b21-61417b2d746e.xlsx,documents/BTG_Pactual/2026/2T26/Planilhas_Series_Historicas_2T26__fcd319bf1765.xlsx,InputSite_RegulatoryCapital!BX29,2026Q2,fcd319bf1765b93a11d47577b8d8b4847d0f4820cf9a943b136dc78659b02d77,65950.61442534998,1,mapped
BTG_Pactual,2025Q4,efficiency,42.023562,percent,quarter,managerial_adjusted,consolidated,BTG consolidated; Banco Pan fully consolidated from 1Q26 and comparative business-line results adjusted for Consumer Finance & Banking; 4Q24 balance pro forma CMN 4966. Capital ratio applies to Banco BTG Pactual,Índice de eficiência,https://d169uzu5o4xu1k.cloudfront.net/78a5a309-f13a-41ed-a7d1-814e37b63259/2026/7b97fa2e-8f44-42b4-9b21-61417b2d746e.xlsx,documents/BTG_Pactual/2026/2T26/Planilhas_Series_Historicas_2T26__fcd319bf1765.xlsx,InputSite_Highlights!BX35,2026Q2,fcd319bf1765b93a11d47577b8d8b4847d0f4820cf9a943b136dc78659b02d77,0.42023562161684347,100,mapped
BTG_Pactual,2025Q4,equity,69969.626,BRL_million,end_of_period,accounting_consolidated,consolidated,BTG consolidated; Banco Pan fully consolidated from 1Q26 and comparative business-line results adjusted for Consumer Finance & Banking; 4Q24 balance pro forma CMN 4966. Capital ratio applies to Banco BTG Pactual,Patrimônio Liquido,https://d169uzu5o4xu1k.cloudfront.net/78a5a309-f13a-41ed-a7d1-814e37b63259/2026/7b97fa2e-8f44-42b4-9b21-61417b2d746e.xlsx,documents/BTG_Pactual/2026/2T26/Planilhas_Series_Historicas_2T26__fcd319bf1765.xlsx,InputSite_Highlights!BX23,2026Q2,fcd319bf1765b93a11d47577b8d8b4847d0f4820cf9a943b136dc78659b02d77,69969.626,1,mapped
BTG_Pactual,2025Q4,funding_broad,330189.716881,BRL_million,end_of_period,managerial_adjusted,consolidated,BTG consolidated; Banco Pan fully consolidated from 1Q26 and comparative business-line results adjusted for Consumer Finance & Banking; 4Q24 balance pro forma CMN 4966. Capital ratio applies to Banco BTG Pactual,"Financiamento por depósitos, títulos emitidos e empréstimos e repasses",https://d169uzu5o4xu1k.cloudfront.net/78a5a309-f13a-41ed-a7d1-814e37b63259/2026/7b97fa2e-8f44-42b4-9b21-61417b2d746e.xlsx,documents/BTG_Pactual/2026/2T26/Planilhas_Series_Historicas_2T26__fcd319bf1765.xlsx,InputSite_Highlights!BX63,2026Q2,fcd319bf1765b93a11d47577b8d8b4847d0f4820cf9a943b136dc78659b02d77,330189.71688064997,1,mapped
BTG_Pactual,2025Q4,loans,197084.216872,BRL_million,end_of_period,managerial_adjusted,consolidated,BTG consolidated; Banco Pan fully consolidated from 1Q26 and comparative business-line results adjusted for Consumer Finance & Banking; 4Q24 balance pro forma CMN 4966. Capital ratio applies to Banco BTG Pactual,Carteira de crédito,https://d169uzu5o4xu1k.cloudfront.net/78a5a309-f13a-41ed-a7d1-814e37b63259/2026/7b97fa2e-8f44-42b4-9b21-61417b2d746e.xlsx,documents/BTG_Pactual/2026/2T26/Planilhas_Series_Historicas_2T26__fcd319bf1765.xlsx,InputSite_Highlights!BX51,2026Q2,fcd319bf1765b93a11d47577b8d8b4847d0f4820cf9a943b136dc78659b02d77,197084.21687168168,1,mapped
BTG_Pactual,2025Q4,net_income_accounting,4390.52811,BRL_million,quarter,accounting_consolidated,consolidated,BTG consolidated; Banco Pan fully consolidated from 1Q26 and comparative business-line results adjusted for Consumer Finance & Banking; 4Q24 balance pro forma CMN 4966. Capital ratio applies to Banco BTG Pactual,Lucro Liquido,https://d169uzu5o4xu1k.cloudfront.net/78a5a309-f13a-41ed-a7d1-814e37b63259/2026/7b97fa2e-8f44-42b4-9b21-61417b2d746e.xlsx,documents/BTG_Pactual/2026/2T26/Planilhas_Series_Historicas_2T26__fcd319bf1765.xlsx,InputSite_Highlights!BX16,2026Q2,fcd319bf1765b93a11d47577b8d8b4847d0f4820cf9a943b136dc78659b02d77,4390.528109923596,1,mapped
BTG_Pactual,2025Q4,net_income_adjusted,4609.677048,BRL_million,quarter,managerial_adjusted,consolidated,BTG consolidated; Banco Pan fully consolidated from 1Q26 and comparative business-line results adjusted for Consumer Finance & Banking; 4Q24 balance pro forma CMN 4966. Capital ratio applies to Banco BTG Pactual,Lucro Liquido Ajustado,https://d169uzu5o4xu1k.cloudfront.net/78a5a309-f13a-41ed-a7d1-814e37b63259/2026/7b97fa2e-8f44-42b4-9b21-61417b2d746e.xlsx,documents/BTG_Pactual/2026/2T26/Planilhas_Series_Historicas_2T26__fcd319bf1765.xlsx,InputSite_Highlights!BX17,2026Q2,fcd319bf1765b93a11d47577b8d8b4847d0f4820cf9a943b136dc78659b02d77,4609.677047857428,1,mapped
BTG_Pactual,2025Q4,operating_expenses,4155.422012,BRL_million,quarter,accounting_consolidated,consolidated,BTG consolidated; Banco Pan fully consolidated from 1Q26 and comparative business-line results adjusted for Consumer Finance & Banking; 4Q24 balance pro forma CMN 4966. Capital ratio applies to Banco BTG Pactual,Despesas Operacionais,https://d169uzu5o4xu1k.cloudfront.net/78a5a309-f13a-41ed-a7d1-814e37b63259/2026/7b97fa2e-8f44-42b4-9b21-61417b2d746e.xlsx,documents/BTG_Pactual/2026/2T26/Planilhas_Series_Historicas_2T26__fcd319bf1765.xlsx,InputSite_Highlights!BX9,2026Q2,fcd319bf1765b93a11d47577b8d8b4847d0f4820cf9a943b136dc78659b02d77,-4155.422012079816,-1,mapped
BTG_Pactual,2025Q4,revenue,9888.314551,BRL_million,quarter,managerial_adjusted,consolidated,BTG consolidated; Banco Pan fully consolidated from 1Q26 and comparative business-line results adjusted for Consumer Finance & Banking; 4Q24 balance pro forma CMN 4966. Capital ratio applies to Banco BTG Pactual,Receita Total,https://d169uzu5o4xu1k.cloudfront.net/78a5a309-f13a-41ed-a7d1-814e37b63259/2026/7b97fa2e-8f44-42b4-9b21-61417b2d746e.xlsx,documents/BTG_Pactual/2026/2T26/Planilhas_Series_Historicas_2T26__fcd319bf1765.xlsx,InputSite_Highlights!BX7,2026Q2,fcd319bf1765b93a11d47577b8d8b4847d0f4820cf9a943b136dc78659b02d77,9888.314550993939,1,mapped
BTG_Pactual,2025Q4,roe_accounting,25.907468,percent,quarter_annualized,accounting_consolidated,consolidated,BTG consolidated; Banco Pan fully consolidated from 1Q26 and comparative business-line results adjusted for Consumer Finance & Banking; 4Q24 balance pro forma CMN 4966. Capital ratio applies to Banco BTG Pactual,ROAE Anualizado,https://d169uzu5o4xu1k.cloudfront.net/78a5a309-f13a-41ed-a7d1-814e37b63259/2026/7b97fa2e-8f44-42b4-9b21-61417b2d746e.xlsx,documents/BTG_Pactual/2026/2T26/Planilhas_Series_Historicas_2T26__fcd319bf1765.xlsx,InputSite_Highlights!BX31,2026Q2,fcd319bf1765b93a11d47577b8d8b4847d0f4820cf9a943b136dc78659b02d77,0.25907468070741446,100,mapped
BTG_Pactual,2025Q4,roe_adjusted,27.649329,percent,quarter_annualized,managerial_adjusted,consolidated,BTG consolidated; Banco Pan fully consolidated from 1Q26 and comparative business-line results adjusted for Consumer Finance & Banking; 4Q24 balance pro forma CMN 4966. Capital ratio applies to Banco BTG Pactual,ROAE Anualizado Ajustado,https://d169uzu5o4xu1k.cloudfront.net/78a5a309-f13a-41ed-a7d1-814e37b63259/2026/7b97fa2e-8f44-42b4-9b21-61417b2d746e.xlsx,documents/BTG_Pactual/2026/2T26/Planilhas_Series_Historicas_2T26__fcd319bf1765.xlsx,InputSite_Highlights!BX32,2026Q2,fcd319bf1765b93a11d47577b8d8b4847d0f4820cf9a943b136dc78659b02d77,0.2764932891000583,100,mapped
BTG_Pactual,2025Q4,rwa,582739.692995,BRL_million,end_of_period,prudential,prudential,,RWA,https://d169uzu5o4xu1k.cloudfront.net/78a5a309-f13a-41ed-a7d1-814e37b63259/2026/7b97fa2e-8f44-42b4-9b21-61417b2d746e.xlsx,documents/BTG_Pactual/2026/2T26/Planilhas_Series_Historicas_2T26__fcd319bf1765.xlsx,InputSite_RegulatoryCapital!BX24,2026Q2,fcd319bf1765b93a11d47577b8d8b4847d0f4820cf9a943b136dc78659b02d77,582739.6929954999,1,mapped
BTG_Pactual,2025Q4,wum,1233790.731438,BRL_million,end_of_period,managerial_adjusted,consolidated,BTG consolidated; Banco Pan fully consolidated from 1Q26 and comparative business-line results adjusted for Consumer Finance & Banking; 4Q24 balance pro forma CMN 4966. Capital ratio applies to Banco BTG Pactual,WuM (em R$ bilhões),https://d169uzu5o4xu1k.cloudfront.net/78a5a309-f13a-41ed-a7d1-814e37b63259/2026/7b97fa2e-8f44-42b4-9b21-61417b2d746e.xlsx,documents/BTG_Pactual/2026/2T26/Planilhas_Series_Historicas_2T26__fcd319bf1765.xlsx,InputSite_Highlights!BX40,2026Q2,fcd319bf1765b93a11d47577b8d8b4847d0f4820cf9a943b136dc78659b02d77,1233.7907314381732,1000,mapped
BTG_Pactual,2026Q1,assets,845574.803,BRL_million,end_of_period,accounting_consolidated,consolidated,BTG consolidated; Banco Pan fully consolidated from 1Q26 and comparative business-line results adjusted for Consumer Finance & Banking; 4Q24 balance pro forma CMN 4966. Capital ratio applies to Banco BTG Pactual,Total Ativos,https://d169uzu5o4xu1k.cloudfront.net/78a5a309-f13a-41ed-a7d1-814e37b63259/2026/7b97fa2e-8f44-42b4-9b21-61417b2d746e.xlsx,documents/BTG_Pactual/2026/2T26/Planilhas_Series_Historicas_2T26__fcd319bf1765.xlsx,InputSite_Highlights!BZ25,2026Q2,fcd319bf1765b93a11d47577b8d8b4847d0f4820cf9a943b136dc78659b02d77,845574.803,1,mapped
BTG_Pactual,2026Q1,aum,1314762.263951,BRL_million,end_of_period,managerial_adjusted,consolidated,BTG consolidated; Banco Pan fully consolidated from 1Q26 and comparative business-line results adjusted for Consumer Finance & Banking; 4Q24 balance pro forma CMN 4966. Capital ratio applies to Banco BTG Pactual,AuM e AuA (em R$ bilhões),https://d169uzu5o4xu1k.cloudfront.net/78a5a309-f13a-41ed-a7d1-814e37b63259/2026/7b97fa2e-8f44-42b4-9b21-61417b2d746e.xlsx,documents/BTG_Pactual/2026/2T26/Planilhas_Series_Historicas_2T26__fcd319bf1765.xlsx,InputSite_Highlights!BZ39,2026Q2,fcd319bf1765b93a11d47577b8d8b4847d0f4820cf9a943b136dc78659b02d77,1314.76226395059,1000,mapped
BTG_Pactual,2026Q1,capital_total,15.913486,percent,end_of_period,managerial_adjusted,prudential,BTG consolidated; Banco Pan fully consolidated from 1Q26 and comparative business-line results adjusted for Consumer Finance & Banking; 4Q24 balance pro forma CMN 4966. Capital ratio applies to Banco BTG Pactual,Índice de Basiléia (aplicável apenas ao Banco BTG Pactual),https://d169uzu5o4xu1k.cloudfront.net/78a5a309-f13a-41ed-a7d1-814e37b63259/2026/7b97fa2e-8f44-42b4-9b21-61417b2d746e.xlsx,documents/BTG_Pactual/2026/2T26/Planilhas_Series_Historicas_2T26__fcd319bf1765.xlsx,InputSite_Highlights!BZ44,2026Q2,fcd319bf1765b93a11d47577b8d8b4847d0f4820cf9a943b136dc78659b02d77,0.15913485584528822,100,mapped
BTG_Pactual,2026Q1,cet1,11.356515,percent,end_of_period,prudential,prudential,Derived from prudential capital principal and RWA in the same source workbook,Derived CET1 = Capital Principal / RWA,https://d169uzu5o4xu1k.cloudfront.net/78a5a309-f13a-41ed-a7d1-814e37b63259/2026/7b97fa2e-8f44-42b4-9b21-61417b2d746e.xlsx,documents/BTG_Pactual/2026/2T26/Planilhas_Series_Historicas_2T26__fcd319bf1765.xlsx,InputSite_RegulatoryCapital!BZ29 / InputSite_RegulatoryCapital!BZ24 × 100,2026Q2,fcd319bf1765b93a11d47577b8d8b4847d0f4820cf9a943b136dc78659b02d77,69045.748551,0.00016447812456450538,derived
BTG_Pactual,2026Q1,cet1_amount,69045.748551,BRL_million,end_of_period,prudential,prudential,,Capital Principal,https://d169uzu5o4xu1k.cloudfront.net/78a5a309-f13a-41ed-a7d1-814e37b63259/2026/7b97fa2e-8f44-42b4-9b21-61417b2d746e.xlsx,documents/BTG_Pactual/2026/2T26/Planilhas_Series_Historicas_2T26__fcd319bf1765.xlsx,InputSite_RegulatoryCapital!BZ29,2026Q2,fcd319bf1765b93a11d47577b8d8b4847d0f4820cf9a943b136dc78659b02d77,69045.74855128997,1,mapped
BTG_Pactual,2026Q1,efficiency,42.448218,percent,quarter,managerial_adjusted,consolidated,BTG consolidated; Banco Pan fully consolidated from 1Q26 and comparative business-line results adjusted for Consumer Finance & Banking; 4Q24 balance pro forma CMN 4966. Capital ratio applies to Banco BTG Pactual,Índice de eficiência,https://d169uzu5o4xu1k.cloudfront.net/78a5a309-f13a-41ed-a7d1-814e37b63259/2026/7b97fa2e-8f44-42b4-9b21-61417b2d746e.xlsx,documents/BTG_Pactual/2026/2T26/Planilhas_Series_Historicas_2T26__fcd319bf1765.xlsx,InputSite_Highlights!BZ35,2026Q2,fcd319bf1765b93a11d47577b8d8b4847d0f4820cf9a943b136dc78659b02d77,0.4244821803084088,100,mapped
BTG_Pactual,2026Q1,equity,74510.367,BRL_million,end_of_period,accounting_consolidated,consolidated,BTG consolidated; Banco Pan fully consolidated from 1Q26 and comparative business-line results adjusted for Consumer Finance & Banking; 4Q24 balance pro forma CMN 4966. Capital ratio applies to Banco BTG Pactual,Patrimônio Liquido,https://d169uzu5o4xu1k.cloudfront.net/78a5a309-f13a-41ed-a7d1-814e37b63259/2026/7b97fa2e-8f44-42b4-9b21-61417b2d746e.xlsx,documents/BTG_Pactual/2026/2T26/Planilhas_Series_Historicas_2T26__fcd319bf1765.xlsx,InputSite_Highlights!BZ23,2026Q2,fcd319bf1765b93a11d47577b8d8b4847d0f4820cf9a943b136dc78659b02d77,74510.367,1,mapped
BTG_Pactual,2026Q1,funding_broad,372132.743264,BRL_million,end_of_period,managerial_adjusted,consolidated,BTG consolidated; Banco Pan fully consolidated from 1Q26 and comparative business-line results adjusted for Consumer Finance & Banking; 4Q24 balance pro forma CMN 4966. Capital ratio applies to Banco BTG Pactual,"Financiamento por depósitos, títulos emitidos e empréstimos e repasses",https://d169uzu5o4xu1k.cloudfront.net/78a5a309-f13a-41ed-a7d1-814e37b63259/2026/7b97fa2e-8f44-42b4-9b21-61417b2d746e.xlsx,documents/BTG_Pactual/2026/2T26/Planilhas_Series_Historicas_2T26__fcd319bf1765.xlsx,InputSite_Highlights!BZ63,2026Q2,fcd319bf1765b93a11d47577b8d8b4847d0f4820cf9a943b136dc78659b02d77,372132.74326435005,1,mapped
BTG_Pactual,2026Q1,loans,274229.216437,BRL_million,end_of_period,managerial_adjusted,consolidated,BTG consolidated; Banco Pan fully consolidated from 1Q26 and comparative business-line results adjusted for Consumer Finance & Banking; 4Q24 balance pro forma CMN 4966. Capital ratio applies to Banco BTG Pactual,Carteira de crédito,https://d169uzu5o4xu1k.cloudfront.net/78a5a309-f13a-41ed-a7d1-814e37b63259/2026/7b97fa2e-8f44-42b4-9b21-61417b2d746e.xlsx,documents/BTG_Pactual/2026/2T26/Planilhas_Series_Historicas_2T26__fcd319bf1765.xlsx,InputSite_Highlights!BZ51,2026Q2,fcd319bf1765b93a11d47577b8d8b4847d0f4820cf9a943b136dc78659b02d77,274229.21643686877,1,mapped
BTG_Pactual,2026Q1,net_income_accounting,4570.395723,BRL_million,quarter,accounting_consolidated,consolidated,BTG consolidated; Banco Pan fully consolidated from 1Q26 and comparative business-line results adjusted for Consumer Finance & Banking; 4Q24 balance pro forma CMN 4966. Capital ratio applies to Banco BTG Pactual,Lucro Liquido,https://d169uzu5o4xu1k.cloudfront.net/78a5a309-f13a-41ed-a7d1-814e37b63259/2026/7b97fa2e-8f44-42b4-9b21-61417b2d746e.xlsx,documents/BTG_Pactual/2026/2T26/Planilhas_Series_Historicas_2T26__fcd319bf1765.xlsx,InputSite_Highlights!BZ16,2026Q2,fcd319bf1765b93a11d47577b8d8b4847d0f4820cf9a943b136dc78659b02d77,4570.395722502263,1,mapped
BTG_Pactual,2026Q1,net_income_adjusted,4808.053138,BRL_million,quarter,managerial_adjusted,consolidated,BTG consolidated; Banco Pan fully consolidated from 1Q26 and comparative business-line results adjusted for Consumer Finance & Banking; 4Q24 balance pro forma CMN 4966. Capital ratio applies to Banco BTG Pactual,Lucro Liquido Ajustado,https://d169uzu5o4xu1k.cloudfront.net/78a5a309-f13a-41ed-a7d1-814e37b63259/2026/7b97fa2e-8f44-42b4-9b21-61417b2d746e.xlsx,documents/BTG_Pactual/2026/2T26/Planilhas_Series_Historicas_2T26__fcd319bf1765.xlsx,InputSite_Highlights!BZ17,2026Q2,fcd319bf1765b93a11d47577b8d8b4847d0f4820cf9a943b136dc78659b02d77,4808.053138124264,1,mapped
BTG_Pactual,2026Q1,operating_expenses,4231.109845,BRL_million,quarter,accounting_consolidated,consolidated,BTG consolidated; Banco Pan fully consolidated from 1Q26 and comparative business-line results adjusted for Consumer Finance & Banking; 4Q24 balance pro forma CMN 4966. Capital ratio applies to Banco BTG Pactual,Despesas Operacionais,https://d169uzu5o4xu1k.cloudfront.net/78a5a309-f13a-41ed-a7d1-814e37b63259/2026/7b97fa2e-8f44-42b4-9b21-61417b2d746e.xlsx,documents/BTG_Pactual/2026/2T26/Planilhas_Series_Historicas_2T26__fcd319bf1765.xlsx,InputSite_Highlights!BZ9,2026Q2,fcd319bf1765b93a11d47577b8d8b4847d0f4820cf9a943b136dc78659b02d77,-4231.10984481,-1,mapped
BTG_Pactual,2026Q1,revenue,9967.697211,BRL_million,quarter,managerial_adjusted,consolidated,BTG consolidated; Banco Pan fully consolidated from 1Q26 and comparative business-line results adjusted for Consumer Finance & Banking; 4Q24 balance pro forma CMN 4966. Capital ratio applies to Banco BTG Pactual,Receita Total,https://d169uzu5o4xu1k.cloudfront.net/78a5a309-f13a-41ed-a7d1-814e37b63259/2026/7b97fa2e-8f44-42b4-9b21-61417b2d746e.xlsx,documents/BTG_Pactual/2026/2T26/Planilhas_Series_Historicas_2T26__fcd319bf1765.xlsx,InputSite_Highlights!BZ7,2026Q2,fcd319bf1765b93a11d47577b8d8b4847d0f4820cf9a943b136dc78659b02d77,9967.697211072264,1,mapped
BTG_Pactual,2026Q1,roe_accounting,25.306733,percent,quarter_annualized,accounting_consolidated,consolidated,BTG consolidated; Banco Pan fully consolidated from 1Q26 and comparative business-line results adjusted for Consumer Finance & Banking; 4Q24 balance pro forma CMN 4966. Capital ratio applies to Banco BTG Pactual,ROAE Anualizado,https://d169uzu5o4xu1k.cloudfront.net/78a5a309-f13a-41ed-a7d1-814e37b63259/2026/7b97fa2e-8f44-42b4-9b21-61417b2d746e.xlsx,documents/BTG_Pactual/2026/2T26/Planilhas_Series_Historicas_2T26__fcd319bf1765.xlsx,InputSite_Highlights!BZ31,2026Q2,fcd319bf1765b93a11d47577b8d8b4847d0f4820cf9a943b136dc78659b02d77,0.25306732820398997,100,mapped
BTG_Pactual,2026Q1,roe_adjusted,26.622665,percent,quarter_annualized,managerial_adjusted,consolidated,BTG consolidated; Banco Pan fully consolidated from 1Q26 and comparative business-line results adjusted for Consumer Finance & Banking; 4Q24 balance pro forma CMN 4966. Capital ratio applies to Banco BTG Pactual,ROAE Anualizado Ajustado,https://d169uzu5o4xu1k.cloudfront.net/78a5a309-f13a-41ed-a7d1-814e37b63259/2026/7b97fa2e-8f44-42b4-9b21-61417b2d746e.xlsx,documents/BTG_Pactual/2026/2T26/Planilhas_Series_Historicas_2T26__fcd319bf1765.xlsx,InputSite_Highlights!BZ32,2026Q2,fcd319bf1765b93a11d47577b8d8b4847d0f4820cf9a943b136dc78659b02d77,0.26622665419040514,100,mapped
BTG_Pactual,2026Q1,rwa,607983.586053,BRL_million,end_of_period,prudential,prudential,,RWA,https://d169uzu5o4xu1k.cloudfront.net/78a5a309-f13a-41ed-a7d1-814e37b63259/2026/7b97fa2e-8f44-42b4-9b21-61417b2d746e.xlsx,documents/BTG_Pactual/2026/2T26/Planilhas_Series_Historicas_2T26__fcd319bf1765.xlsx,InputSite_RegulatoryCapital!BZ24,2026Q2,fcd319bf1765b93a11d47577b8d8b4847d0f4820cf9a943b136dc78659b02d77,607983.5860525001,1,mapped
BTG_Pactual,2026Q1,wum,1279498.830203,BRL_million,end_of_period,managerial_adjusted,consolidated,BTG consolidated; Banco Pan fully consolidated from 1Q26 and comparative business-line results adjusted for Consumer Finance & Banking; 4Q24 balance pro forma CMN 4966. Capital ratio applies to Banco BTG Pactual,WuM (em R$ bilhões),https://d169uzu5o4xu1k.cloudfront.net/78a5a309-f13a-41ed-a7d1-814e37b63259/2026/7b97fa2e-8f44-42b4-9b21-61417b2d746e.xlsx,documents/BTG_Pactual/2026/2T26/Planilhas_Series_Historicas_2T26__fcd319bf1765.xlsx,InputSite_Highlights!BZ40,2026Q2,fcd319bf1765b93a11d47577b8d8b4847d0f4820cf9a943b136dc78659b02d77,1279.4988302031993,1000,mapped
BTG_Pactual,2026Q2,assets,925218.566,BRL_million,end_of_period,accounting_consolidated,consolidated,BTG consolidated; Banco Pan fully consolidated from 1Q26 and comparative business-line results adjusted for Consumer Finance & Banking; 4Q24 balance pro forma CMN 4966. Capital ratio applies to Banco BTG Pactual,Total Ativos,https://d169uzu5o4xu1k.cloudfront.net/78a5a309-f13a-41ed-a7d1-814e37b63259/2026/7b97fa2e-8f44-42b4-9b21-61417b2d746e.xlsx,documents/BTG_Pactual/2026/2T26/Planilhas_Series_Historicas_2T26__fcd319bf1765.xlsx,InputSite_Highlights!CA25,2026Q2,fcd319bf1765b93a11d47577b8d8b4847d0f4820cf9a943b136dc78659b02d77,925218.566,1,mapped
BTG_Pactual,2026Q2,aum,1361247.407153,BRL_million,end_of_period,managerial_adjusted,consolidated,BTG consolidated; Banco Pan fully consolidated from 1Q26 and comparative business-line results adjusted for Consumer Finance & Banking; 4Q24 balance pro forma CMN 4966. Capital ratio applies to Banco BTG Pactual,AuM e AuA (em R$ bilhões),https://d169uzu5o4xu1k.cloudfront.net/78a5a309-f13a-41ed-a7d1-814e37b63259/2026/7b97fa2e-8f44-42b4-9b21-61417b2d746e.xlsx,documents/BTG_Pactual/2026/2T26/Planilhas_Series_Historicas_2T26__fcd319bf1765.xlsx,InputSite_Highlights!CA39,2026Q2,fcd319bf1765b93a11d47577b8d8b4847d0f4820cf9a943b136dc78659b02d77,1361.2474071531772,1000,mapped
BTG_Pactual,2026Q2,capital_total,16.042155,percent,end_of_period,managerial_adjusted,prudential,BTG consolidated; Banco Pan fully consolidated from 1Q26 and comparative business-line results adjusted for Consumer Finance & Banking; 4Q24 balance pro forma CMN 4966. Capital ratio applies to Banco BTG Pactual,Índice de Basiléia (aplicável apenas ao Banco BTG Pactual),https://d169uzu5o4xu1k.cloudfront.net/78a5a309-f13a-41ed-a7d1-814e37b63259/2026/7b97fa2e-8f44-42b4-9b21-61417b2d746e.xlsx,documents/BTG_Pactual/2026/2T26/Planilhas_Series_Historicas_2T26__fcd319bf1765.xlsx,InputSite_Highlights!CA44,2026Q2,fcd319bf1765b93a11d47577b8d8b4847d0f4820cf9a943b136dc78659b02d77,0.16042155083296095,100,mapped
BTG_Pactual,2026Q2,cet1,11.586877,percent,end_of_period,prudential,prudential,Derived from prudential capital principal and RWA in the same source workbook,Derived CET1 = Capital Principal / RWA,https://d169uzu5o4xu1k.cloudfront.net/78a5a309-f13a-41ed-a7d1-814e37b63259/2026/7b97fa2e-8f44-42b4-9b21-61417b2d746e.xlsx,documents/BTG_Pactual/2026/2T26/Planilhas_Series_Historicas_2T26__fcd319bf1765.xlsx,InputSite_RegulatoryCapital!CA29 / InputSite_RegulatoryCapital!CA24 × 100,2026Q2,fcd319bf1765b93a11d47577b8d8b4847d0f4820cf9a943b136dc78659b02d77,74275.831341,0.00015599793898112585,derived
BTG_Pactual,2026Q2,cet1_amount,74275.831341,BRL_million,end_of_period,prudential,prudential,,Capital Principal,https://d169uzu5o4xu1k.cloudfront.net/78a5a309-f13a-41ed-a7d1-814e37b63259/2026/7b97fa2e-8f44-42b4-9b21-61417b2d746e.xlsx,documents/BTG_Pactual/2026/2T26/Planilhas_Series_Historicas_2T26__fcd319bf1765.xlsx,InputSite_RegulatoryCapital!CA29,2026Q2,fcd319bf1765b93a11d47577b8d8b4847d0f4820cf9a943b136dc78659b02d77,74275.83134063,1,mapped
BTG_Pactual,2026Q2,efficiency,41.282405,percent,quarter,managerial_adjusted,consolidated,BTG consolidated; Banco Pan fully consolidated from 1Q26 and comparative business-line results adjusted for Consumer Finance & Banking; 4Q24 balance pro forma CMN 4966. Capital ratio applies to Banco BTG Pactual,Índice de eficiência,https://d169uzu5o4xu1k.cloudfront.net/78a5a309-f13a-41ed-a7d1-814e37b63259/2026/7b97fa2e-8f44-42b4-9b21-61417b2d746e.xlsx,documents/BTG_Pactual/2026/2T26/Planilhas_Series_Historicas_2T26__fcd319bf1765.xlsx,InputSite_Highlights!CA35,2026Q2,fcd319bf1765b93a11d47577b8d8b4847d0f4820cf9a943b136dc78659b02d77,0.4128240483082698,100,mapped
BTG_Pactual,2026Q2,equity,79553.489,BRL_million,end_of_period,accounting_consolidated,consolidated,BTG consolidated; Banco Pan fully consolidated from 1Q26 and comparative business-line results adjusted for Consumer Finance & Banking; 4Q24 balance pro forma CMN 4966. Capital ratio applies to Banco BTG Pactual,Patrimônio Liquido,https://d169uzu5o4xu1k.cloudfront.net/78a5a309-f13a-41ed-a7d1-814e37b63259/2026/7b97fa2e-8f44-42b4-9b21-61417b2d746e.xlsx,documents/BTG_Pactual/2026/2T26/Planilhas_Series_Historicas_2T26__fcd319bf1765.xlsx,InputSite_Highlights!CA23,2026Q2,fcd319bf1765b93a11d47577b8d8b4847d0f4820cf9a943b136dc78659b02d77,79553.489,1,mapped
BTG_Pactual,2026Q2,funding_broad,398801.707638,BRL_million,end_of_period,managerial_adjusted,consolidated,BTG consolidated; Banco Pan fully consolidated from 1Q26 and comparative business-line results adjusted for Consumer Finance & Banking; 4Q24 balance pro forma CMN 4966. Capital ratio applies to Banco BTG Pactual,"Financiamento por depósitos, títulos emitidos e empréstimos e repasses",https://d169uzu5o4xu1k.cloudfront.net/78a5a309-f13a-41ed-a7d1-814e37b63259/2026/7b97fa2e-8f44-42b4-9b21-61417b2d746e.xlsx,documents/BTG_Pactual/2026/2T26/Planilhas_Series_Historicas_2T26__fcd319bf1765.xlsx,InputSite_Highlights!CA63,2026Q2,fcd319bf1765b93a11d47577b8d8b4847d0f4820cf9a943b136dc78659b02d77,398801.70763798204,1,mapped
BTG_Pactual,2026Q2,loans,281478.216207,BRL_million,end_of_period,managerial_adjusted,consolidated,BTG consolidated; Banco Pan fully consolidated from 1Q26 and comparative business-line results adjusted for Consumer Finance & Banking; 4Q24 balance pro forma CMN 4966. Capital ratio applies to Banco BTG Pactual,Carteira de crédito,https://d169uzu5o4xu1k.cloudfront.net/78a5a309-f13a-41ed-a7d1-814e37b63259/2026/7b97fa2e-8f44-42b4-9b21-61417b2d746e.xlsx,documents/BTG_Pactual/2026/2T26/Planilhas_Series_Historicas_2T26__fcd319bf1765.xlsx,InputSite_Highlights!CA51,2026Q2,fcd319bf1765b93a11d47577b8d8b4847d0f4820cf9a943b136dc78659b02d77,281478.216207358,1,mapped
BTG_Pactual,2026Q2,net_income_accounting,4901.144628,BRL_million,quarter,accounting_consolidated,consolidated,BTG consolidated; Banco Pan fully consolidated from 1Q26 and comparative business-line results adjusted for Consumer Finance & Banking; 4Q24 balance pro forma CMN 4966. Capital ratio applies to Banco BTG Pactual,Lucro Liquido,https://d169uzu5o4xu1k.cloudfront.net/78a5a309-f13a-41ed-a7d1-814e37b63259/2026/7b97fa2e-8f44-42b4-9b21-61417b2d746e.xlsx,documents/BTG_Pactual/2026/2T26/Planilhas_Series_Historicas_2T26__fcd319bf1765.xlsx,InputSite_Highlights!CA16,2026Q2,fcd319bf1765b93a11d47577b8d8b4847d0f4820cf9a943b136dc78659b02d77,4901.144627980002,1,mapped
BTG_Pactual,2026Q2,net_income_adjusted,5142.440932,BRL_million,quarter,managerial_adjusted,consolidated,BTG consolidated; Banco Pan fully consolidated from 1Q26 and comparative business-line results adjusted for Consumer Finance & Banking; 4Q24 balance pro forma CMN 4966. Capital ratio applies to Banco BTG Pactual,Lucro Liquido Ajustado,https://d169uzu5o4xu1k.cloudfront.net/78a5a309-f13a-41ed-a7d1-814e37b63259/2026/7b97fa2e-8f44-42b4-9b21-61417b2d746e.xlsx,documents/BTG_Pactual/2026/2T26/Planilhas_Series_Historicas_2T26__fcd319bf1765.xlsx,InputSite_Highlights!CA17,2026Q2,fcd319bf1765b93a11d47577b8d8b4847d0f4820cf9a943b136dc78659b02d77,5142.440932260794,1,mapped
BTG_Pactual,2026Q2,operating_expenses,4281.474238,BRL_million,quarter,accounting_consolidated,consolidated,BTG consolidated; Banco Pan fully consolidated from 1Q26 and comparative business-line results adjusted for Consumer Finance & Banking; 4Q24 balance pro forma CMN 4966. Capital ratio applies to Banco BTG Pactual,Despesas Operacionais,https://d169uzu5o4xu1k.cloudfront.net/78a5a309-f13a-41ed-a7d1-814e37b63259/2026/7b97fa2e-8f44-42b4-9b21-61417b2d746e.xlsx,documents/BTG_Pactual/2026/2T26/Planilhas_Series_Historicas_2T26__fcd319bf1765.xlsx,InputSite_Highlights!CA9,2026Q2,fcd319bf1765b93a11d47577b8d8b4847d0f4820cf9a943b136dc78659b02d77,-4281.474238217591,-1,mapped
BTG_Pactual,2026Q2,revenue,10371.184178,BRL_million,quarter,managerial_adjusted,consolidated,BTG consolidated; Banco Pan fully consolidated from 1Q26 and comparative business-line results adjusted for Consumer Finance & Banking; 4Q24 balance pro forma CMN 4966. Capital ratio applies to Banco BTG Pactual,Receita Total,https://d169uzu5o4xu1k.cloudfront.net/78a5a309-f13a-41ed-a7d1-814e37b63259/2026/7b97fa2e-8f44-42b4-9b21-61417b2d746e.xlsx,documents/BTG_Pactual/2026/2T26/Planilhas_Series_Historicas_2T26__fcd319bf1765.xlsx,InputSite_Highlights!CA7,2026Q2,fcd319bf1765b93a11d47577b8d8b4847d0f4820cf9a943b136dc78659b02d77,10371.184178254238,1,mapped
BTG_Pactual,2026Q2,roe_accounting,25.449939,percent,quarter_annualized,accounting_consolidated,consolidated,BTG consolidated; Banco Pan fully consolidated from 1Q26 and comparative business-line results adjusted for Consumer Finance & Banking; 4Q24 balance pro forma CMN 4966. Capital ratio applies to Banco BTG Pactual,ROAE Anualizado,https://d169uzu5o4xu1k.cloudfront.net/78a5a309-f13a-41ed-a7d1-814e37b63259/2026/7b97fa2e-8f44-42b4-9b21-61417b2d746e.xlsx,documents/BTG_Pactual/2026/2T26/Planilhas_Series_Historicas_2T26__fcd319bf1765.xlsx,InputSite_Highlights!CA31,2026Q2,fcd319bf1765b93a11d47577b8d8b4847d0f4820cf9a943b136dc78659b02d77,0.25449939244419517,100,mapped
BTG_Pactual,2026Q2,roe_adjusted,26.702907,percent,quarter_annualized,managerial_adjusted,consolidated,BTG consolidated; Banco Pan fully consolidated from 1Q26 and comparative business-line results adjusted for Consumer Finance & Banking; 4Q24 balance pro forma CMN 4966. Capital ratio applies to Banco BTG Pactual,ROAE Anualizado Ajustado,https://d169uzu5o4xu1k.cloudfront.net/78a5a309-f13a-41ed-a7d1-814e37b63259/2026/7b97fa2e-8f44-42b4-9b21-61417b2d746e.xlsx,documents/BTG_Pactual/2026/2T26/Planilhas_Series_Historicas_2T26__fcd319bf1765.xlsx,InputSite_Highlights!CA32,2026Q2,fcd319bf1765b93a11d47577b8d8b4847d0f4820cf9a943b136dc78659b02d77,0.267029066955918,100,mapped
BTG_Pactual,2026Q2,rwa,641034.11015,BRL_million,end_of_period,prudential,prudential,,RWA,https://d169uzu5o4xu1k.cloudfront.net/78a5a309-f13a-41ed-a7d1-814e37b63259/2026/7b97fa2e-8f44-42b4-9b21-61417b2d746e.xlsx,documents/BTG_Pactual/2026/2T26/Planilhas_Series_Historicas_2T26__fcd319bf1765.xlsx,InputSite_RegulatoryCapital!CA24,2026Q2,fcd319bf1765b93a11d47577b8d8b4847d0f4820cf9a943b136dc78659b02d77,641034.11014975,1,mapped
BTG_Pactual,2026Q2,wum,1314073.58212,BRL_million,end_of_period,managerial_adjusted,consolidated,BTG consolidated; Banco Pan fully consolidated from 1Q26 and comparative business-line results adjusted for Consumer Finance & Banking; 4Q24 balance pro forma CMN 4966. Capital ratio applies to Banco BTG Pactual,WuM (em R$ bilhões),https://d169uzu5o4xu1k.cloudfront.net/78a5a309-f13a-41ed-a7d1-814e37b63259/2026/7b97fa2e-8f44-42b4-9b21-61417b2d746e.xlsx,documents/BTG_Pactual/2026/2T26/Planilhas_Series_Historicas_2T26__fcd319bf1765.xlsx,InputSite_Highlights!CA40,2026Q2,fcd319bf1765b93a11d47577b8d8b4847d0f4820cf9a943b136dc78659b02d77,1314.0735821201863,1000,mapped
Banco_do_Brasil,2024Q1,assets,2305031.35327,BRL_million,end_of_period,accounting_consolidated,consolidated,Legacy 4720 balance presentation,ATIVO,https://api.mziq.com/mzfilemanager/v2/d/5760dff3-15e1-4962-9e81-322a0b3d0bbd/57f31488-1d17-f384-a832-c381f00e6a1f?origin=2,documents/Banco_do_Brasil/2026/2T26/Series_Historicas_2T26__5137c248b8ef.xlsx,BP - Ativo (Res. 4720)!AP6,2026Q2,5137c248b8ef08c957644c4a9b9ffe2c87d52b7105c66b821f7e33644ac857f0,2305031353270.4697,1e-06,mapped
Banco_do_Brasil,2024Q1,capital_total,15.132316,percent,end_of_period,prudential,prudential,,Índice de Basileia (PR / RWA)(%),https://api.mziq.com/mzfilemanager/v2/d/5760dff3-15e1-4962-9e81-322a0b3d0bbd/57f31488-1d17-f384-a832-c381f00e6a1f?origin=2,documents/Banco_do_Brasil/2026/2T26/Series_Historicas_2T26__5137c248b8ef.xlsx,Índice de Basileia!AU56,2026Q2,5137c248b8ef08c957644c4a9b9ffe2c87d52b7105c66b821f7e33644ac857f0,0.15132316379082944,100,mapped
Banco_do_Brasil,2024Q1,cet1,11.901133,percent,end_of_period,prudential,prudential,,Índice de Capital Principal (CP/RWA)(%),https://api.mziq.com/mzfilemanager/v2/d/5760dff3-15e1-4962-9e81-322a0b3d0bbd/57f31488-1d17-f384-a832-c381f00e6a1f?origin=2,documents/Banco_do_Brasil/2026/2T26/Series_Historicas_2T26__5137c248b8ef.xlsx,Índice de Basileia!AU55,2026Q2,5137c248b8ef08c957644c4a9b9ffe2c87d52b7105c66b821f7e33644ac857f0,0.11901132659696959,100,mapped
Banco_do_Brasil,2024Q1,coverage_npl90,196.019045,percent,end_of_period,managerial_credit,consolidated,CMN 4966 affects write-off and expected-loss accounting from 2025,Perda Esperada/Op. Vencidas +90 dias - (%),https://api.mziq.com/mzfilemanager/v2/d/5760dff3-15e1-4962-9e81-322a0b3d0bbd/57f31488-1d17-f384-a832-c381f00e6a1f?origin=2,documents/Banco_do_Brasil/2026/2T26/Series_Historicas_2T26__5137c248b8ef.xlsx,Índices de Atraso!AP24,2026Q2,5137c248b8ef08c957644c4a9b9ffe2c87d52b7105c66b821f7e33644ac857f0,196.01904452020932,1,mapped
Banco_do_Brasil,2024Q1,credit_allowance,57050.362737,BRL_million,end_of_period,managerial_credit,consolidated,CMN 4966 affects write-off and expected-loss accounting from 2025,Perda Esperada,https://api.mziq.com/mzfilemanager/v2/d/5760dff3-15e1-4962-9e81-322a0b3d0bbd/57f31488-1d17-f384-a832-c381f00e6a1f?origin=2,documents/Banco_do_Brasil/2026/2T26/Series_Historicas_2T26__5137c248b8ef.xlsx,Índices de Atraso!AP22,2026Q2,5137c248b8ef08c957644c4a9b9ffe2c87d52b7105c66b821f7e33644ac857f0,57050.36273729915,1,mapped
Banco_do_Brasil,2024Q1,credit_cost,8541.110342,BRL_million,quarter,managerial_adjusted,consolidated,"Legacy 4720 presentation, discontinued after 2024; credit cost definition differs",PCLD Ampliada,https://api.mziq.com/mzfilemanager/v2/d/5760dff3-15e1-4962-9e81-322a0b3d0bbd/57f31488-1d17-f384-a832-c381f00e6a1f?origin=2,documents/Banco_do_Brasil/2026/2T26/Series_Historicas_2T26__5137c248b8ef.xlsx,DRE com Realocações (Res. 4720)!AP21,2026Q2,5137c248b8ef08c957644c4a9b9ffe2c87d52b7105c66b821f7e33644ac857f0,-8541110342.330001,-1e-06,mapped
Banco_do_Brasil,2024Q1,customer_funding,999877.633729,BRL_million,end_of_period,managerial_balance,consolidated,Commercial funding: deposits and selected securities; excludes institutional funding,Captações Comerciais,https://api.mziq.com/mzfilemanager/v2/d/5760dff3-15e1-4962-9e81-322a0b3d0bbd/57f31488-1d17-f384-a832-c381f00e6a1f?origin=2,documents/Banco_do_Brasil/2026/2T26/Series_Historicas_2T26__5137c248b8ef.xlsx,Fontes e Usos!F7,2026Q2,5137c248b8ef08c957644c4a9b9ffe2c87d52b7105c66b821f7e33644ac857f0,999877633728.7501,1e-06,mapped
Banco_do_Brasil,2024Q1,efficiency,25.847984,percent,trailing_12m,managerial_adjusted,consolidated,,Índice de Eficiência - 12 meses %,https://api.mziq.com/mzfilemanager/v2/d/5760dff3-15e1-4962-9e81-322a0b3d0bbd/57f31488-1d17-f384-a832-c381f00e6a1f?origin=2,documents/Banco_do_Brasil/2026/2T26/Series_Historicas_2T26__5137c248b8ef.xlsx,Desempenho e Eficiência!V11,2026Q2,5137c248b8ef08c957644c4a9b9ffe2c87d52b7105c66b821f7e33644ac857f0,25.847983886071102,1,mapped
Banco_do_Brasil,2024Q1,fees,8344.382161,BRL_million,quarter,managerial_adjusted,consolidated,"Legacy 4720 presentation, discontinued after 2024; credit cost definition differs",Rendas de Tarifas Bancárias,https://api.mziq.com/mzfilemanager/v2/d/5760dff3-15e1-4962-9e81-322a0b3d0bbd/57f31488-1d17-f384-a832-c381f00e6a1f?origin=2,documents/Banco_do_Brasil/2026/2T26/Series_Historicas_2T26__5137c248b8ef.xlsx,DRE com Realocações (Res. 4720)!AP27,2026Q2,5137c248b8ef08c957644c4a9b9ffe2c87d52b7105c66b821f7e33644ac857f0,8344382161.04,1e-06,mapped
Banco_do_Brasil,2024Q1,loans,1002375.065874,BRL_million,end_of_period,managerial_balance,consolidated,PF and PJ exclude separately classified agribusiness,Carteira de Crédito,https://api.mziq.com/mzfilemanager/v2/d/5760dff3-15e1-4962-9e81-322a0b3d0bbd/57f31488-1d17-f384-a832-c381f00e6a1f?origin=2,documents/Banco_do_Brasil/2026/2T26/Series_Historicas_2T26__5137c248b8ef.xlsx,Carteira de Crédito!AD6,2026Q2,5137c248b8ef08c957644c4a9b9ffe2c87d52b7105c66b821f7e33644ac857f0,1002375.06587408,1,mapped
Banco_do_Brasil,2024Q1,loans_agriculture,334880.740756,BRL_million,end_of_period,managerial_balance,consolidated,PF and PJ exclude separately classified agribusiness,Agronegócios,https://api.mziq.com/mzfilemanager/v2/d/5760dff3-15e1-4962-9e81-322a0b3d0bbd/57f31488-1d17-f384-a832-c381f00e6a1f?origin=2,documents/Banco_do_Brasil/2026/2T26/Series_Historicas_2T26__5137c248b8ef.xlsx,Carteira de Crédito!AD13,2026Q2,5137c248b8ef08c957644c4a9b9ffe2c87d52b7105c66b821f7e33644ac857f0,334880.7407562898,1,mapped
Banco_do_Brasil,2024Q1,loans_corporate,312692.368278,BRL_million,end_of_period,managerial_balance,consolidated,PF and PJ exclude separately classified agribusiness,Pessoa Jurídica,https://api.mziq.com/mzfilemanager/v2/d/5760dff3-15e1-4962-9e81-322a0b3d0bbd/57f31488-1d17-f384-a832-c381f00e6a1f?origin=2,documents/Banco_do_Brasil/2026/2T26/Series_Historicas_2T26__5137c248b8ef.xlsx,Carteira de Crédito!AD9,2026Q2,5137c248b8ef08c957644c4a9b9ffe2c87d52b7105c66b821f7e33644ac857f0,312692.36827764707,1,mapped
Banco_do_Brasil,2024Q1,loans_expanded,1117028.547364,BRL_million,end_of_period,managerial_balance,consolidated,PF and PJ exclude separately classified agribusiness,Carteira de Crédito Expandida,https://api.mziq.com/mzfilemanager/v2/d/5760dff3-15e1-4962-9e81-322a0b3d0bbd/57f31488-1d17-f384-a832-c381f00e6a1f?origin=2,documents/Banco_do_Brasil/2026/2T26/Series_Historicas_2T26__5137c248b8ef.xlsx,Carteira de Crédito!AD18,2026Q2,5137c248b8ef08c957644c4a9b9ffe2c87d52b7105c66b821f7e33644ac857f0,1117028.54736359,1,mapped
Banco_do_Brasil,2024Q1,loans_individuals,314881.910004,BRL_million,end_of_period,managerial_balance,consolidated,PF and PJ exclude separately classified agribusiness,Pessoa Física,https://api.mziq.com/mzfilemanager/v2/d/5760dff3-15e1-4962-9e81-322a0b3d0bbd/57f31488-1d17-f384-a832-c381f00e6a1f?origin=2,documents/Banco_do_Brasil/2026/2T26/Series_Historicas_2T26__5137c248b8ef.xlsx,Carteira de Crédito!AD8,2026Q2,5137c248b8ef08c957644c4a9b9ffe2c87d52b7105c66b821f7e33644ac857f0,314881.9100039631,1,mapped
Banco_do_Brasil,2024Q1,net_income_accounting,8782.201029,BRL_million,quarter,accounting_consolidated,consolidated,Legacy accounting profit shown in managerial reconciliation,Lucro Líquido,https://api.mziq.com/mzfilemanager/v2/d/5760dff3-15e1-4962-9e81-322a0b3d0bbd/57f31488-1d17-f384-a832-c381f00e6a1f?origin=2,documents/Banco_do_Brasil/2026/2T26/Series_Historicas_2T26__5137c248b8ef.xlsx,DRE com Realocações (Res. 4720)!AP56,2026Q2,5137c248b8ef08c957644c4a9b9ffe2c87d52b7105c66b821f7e33644ac857f0,8782201029.450005,1e-06,mapped
Banco_do_Brasil,2024Q1,net_income_adjusted,9300.259686,BRL_million,quarter,managerial_adjusted,consolidated,"Legacy 4720 presentation, discontinued after 2024; credit cost definition differs",Lucro Líquido Ajustado,https://api.mziq.com/mzfilemanager/v2/d/5760dff3-15e1-4962-9e81-322a0b3d0bbd/57f31488-1d17-f384-a832-c381f00e6a1f?origin=2,documents/Banco_do_Brasil/2026/2T26/Series_Historicas_2T26__5137c248b8ef.xlsx,DRE com Realocações (Res. 4720)!AP54,2026Q2,5137c248b8ef08c957644c4a9b9ffe2c87d52b7105c66b821f7e33644ac857f0,9300259685.760004,1e-06,mapped
Banco_do_Brasil,2024Q1,net_interest_income,25733.694344,BRL_million,quarter,managerial_adjusted,consolidated,"Legacy 4720 presentation, discontinued after 2024; credit cost definition differs",Margem Financeira Bruta,https://api.mziq.com/mzfilemanager/v2/d/5760dff3-15e1-4962-9e81-322a0b3d0bbd/57f31488-1d17-f384-a832-c381f00e6a1f?origin=2,documents/Banco_do_Brasil/2026/2T26/Series_Historicas_2T26__5137c248b8ef.xlsx,DRE com Realocações (Res. 4720)!AP20,2026Q2,5137c248b8ef08c957644c4a9b9ffe2c87d52b7105c66b821f7e33644ac857f0,25733694343.990005,1e-06,mapped
Banco_do_Brasil,2024Q1,new_npl,9532.954197,BRL_million,quarter,managerial_credit,consolidated,CMN 4966 affects write-off and expected-loss accounting from 2025,Formação da Inadimplência (New NPL),https://api.mziq.com/mzfilemanager/v2/d/5760dff3-15e1-4962-9e81-322a0b3d0bbd/57f31488-1d17-f384-a832-c381f00e6a1f?origin=2,documents/Banco_do_Brasil/2026/2T26/Series_Historicas_2T26__5137c248b8ef.xlsx,Índices de Atraso!AP27,2026Q2,5137c248b8ef08c957644c4a9b9ffe2c87d52b7105c66b821f7e33644ac857f0,9532.95419717022,1,mapped
Banco_do_Brasil,2024Q1,npl90,2.903554,percent,end_of_period,managerial_credit,consolidated,CMN 4966 affects write-off and expected-loss accounting from 2025,Op. Vencidas +90 dias / Carteira de Crédito - (%),https://api.mziq.com/mzfilemanager/v2/d/5760dff3-15e1-4962-9e81-322a0b3d0bbd/57f31488-1d17-f384-a832-c381f00e6a1f?origin=2,documents/Banco_do_Brasil/2026/2T26/Series_Historicas_2T26__5137c248b8ef.xlsx,Índices de Atraso!AP9,2026Q2,5137c248b8ef08c957644c4a9b9ffe2c87d52b7105c66b821f7e33644ac857f0,2.903553864472434,1,mapped
Banco_do_Brasil,2024Q1,operating_expenses,8878.24038,BRL_million,quarter,managerial_adjusted,consolidated,Expenses include personnel and other administrative costs,Despesas Administrativas,https://api.mziq.com/mzfilemanager/v2/d/5760dff3-15e1-4962-9e81-322a0b3d0bbd/57f31488-1d17-f384-a832-c381f00e6a1f?origin=2,documents/Banco_do_Brasil/2026/2T26/Series_Historicas_2T26__5137c248b8ef.xlsx,Despesas Administrativas!V6,2026Q2,5137c248b8ef08c957644c4a9b9ffe2c87d52b7105c66b821f7e33644ac857f0,-8878240379.619999,-1e-06,mapped
Banco_do_Brasil,2024Q1,roe_accounting,19.954062,percent,quarter_annualized,managerial_adjusted,consolidated,,Rentabilidade s/ PL Médio (Contábil) – Anualizado (%),https://api.mziq.com/mzfilemanager/v2/d/5760dff3-15e1-4962-9e81-322a0b3d0bbd/57f31488-1d17-f384-a832-c381f00e6a1f?origin=2,documents/Banco_do_Brasil/2026/2T26/Series_Historicas_2T26__5137c248b8ef.xlsx,Desempenho e Eficiência!V7,2026Q2,5137c248b8ef08c957644c4a9b9ffe2c87d52b7105c66b821f7e33644ac857f0,19.954061617723525,1,mapped
Banco_do_Brasil,2024Q1,roe_adjusted,21.655214,percent,quarter_annualized,managerial_adjusted,consolidated,,Rentabilidade s/ PL Médio – Anualizado (%),https://api.mziq.com/mzfilemanager/v2/d/5760dff3-15e1-4962-9e81-322a0b3d0bbd/57f31488-1d17-f384-a832-c381f00e6a1f?origin=2,documents/Banco_do_Brasil/2026/2T26/Series_Historicas_2T26__5137c248b8ef.xlsx,Desempenho e Eficiência!V9,2026Q2,5137c248b8ef08c957644c4a9b9ffe2c87d52b7105c66b821f7e33644ac857f0,21.6552138532102,1,mapped
Banco_do_Brasil,2024Q2,assets,2362966.325626,BRL_million,end_of_period,accounting_consolidated,consolidated,Legacy 4720 balance presentation,ATIVO,https://api.mziq.com/mzfilemanager/v2/d/5760dff3-15e1-4962-9e81-322a0b3d0bbd/57f31488-1d17-f384-a832-c381f00e6a1f?origin=2,documents/Banco_do_Brasil/2026/2T26/Series_Historicas_2T26__5137c248b8ef.xlsx,BP - Ativo (Res. 4720)!AQ6,2026Q2,5137c248b8ef08c957644c4a9b9ffe2c87d52b7105c66b821f7e33644ac857f0,2362966325625.78,1e-06,mapped
Banco_do_Brasil,2024Q2,capital_total,14.194642,percent,end_of_period,prudential,prudential,,Índice de Basileia (PR / RWA)(%),https://api.mziq.com/mzfilemanager/v2/d/5760dff3-15e1-4962-9e81-322a0b3d0bbd/57f31488-1d17-f384-a832-c381f00e6a1f?origin=2,documents/Banco_do_Brasil/2026/2T26/Series_Historicas_2T26__5137c248b8ef.xlsx,Índice de Basileia!AV56,2026Q2,5137c248b8ef08c957644c4a9b9ffe2c87d52b7105c66b821f7e33644ac857f0,0.14194641820704637,100,mapped
Banco_do_Brasil,2024Q2,cet1,11.597949,percent,end_of_period,prudential,prudential,,Índice de Capital Principal (CP/RWA)(%),https://api.mziq.com/mzfilemanager/v2/d/5760dff3-15e1-4962-9e81-322a0b3d0bbd/57f31488-1d17-f384-a832-c381f00e6a1f?origin=2,documents/Banco_do_Brasil/2026/2T26/Series_Historicas_2T26__5137c248b8ef.xlsx,Índice de Basileia!AV55,2026Q2,5137c248b8ef08c957644c4a9b9ffe2c87d52b7105c66b821f7e33644ac857f0,0.11597949116163969,100,mapped
Banco_do_Brasil,2024Q2,coverage_npl90,191.273407,percent,end_of_period,managerial_credit,consolidated,CMN 4966 affects write-off and expected-loss accounting from 2025,Perda Esperada/Op. Vencidas +90 dias - (%),https://api.mziq.com/mzfilemanager/v2/d/5760dff3-15e1-4962-9e81-322a0b3d0bbd/57f31488-1d17-f384-a832-c381f00e6a1f?origin=2,documents/Banco_do_Brasil/2026/2T26/Series_Historicas_2T26__5137c248b8ef.xlsx,Índices de Atraso!AQ24,2026Q2,5137c248b8ef08c957644c4a9b9ffe2c87d52b7105c66b821f7e33644ac857f0,191.2734068939832,1,mapped
Banco_do_Brasil,2024Q2,credit_allowance,58786.40389,BRL_million,end_of_period,managerial_credit,consolidated,CMN 4966 affects write-off and expected-loss accounting from 2025,Perda Esperada,https://api.mziq.com/mzfilemanager/v2/d/5760dff3-15e1-4962-9e81-322a0b3d0bbd/57f31488-1d17-f384-a832-c381f00e6a1f?origin=2,documents/Banco_do_Brasil/2026/2T26/Series_Historicas_2T26__5137c248b8ef.xlsx,Índices de Atraso!AQ22,2026Q2,5137c248b8ef08c957644c4a9b9ffe2c87d52b7105c66b821f7e33644ac857f0,58786.40389001361,1,mapped
Banco_do_Brasil,2024Q2,credit_cost,7807.056495,BRL_million,quarter,managerial_adjusted,consolidated,"Legacy 4720 presentation, discontinued after 2024; credit cost definition differs",PCLD Ampliada,https://api.mziq.com/mzfilemanager/v2/d/5760dff3-15e1-4962-9e81-322a0b3d0bbd/57f31488-1d17-f384-a832-c381f00e6a1f?origin=2,documents/Banco_do_Brasil/2026/2T26/Series_Historicas_2T26__5137c248b8ef.xlsx,DRE com Realocações (Res. 4720)!AQ21,2026Q2,5137c248b8ef08c957644c4a9b9ffe2c87d52b7105c66b821f7e33644ac857f0,-7807056495.200001,-1e-06,mapped
Banco_do_Brasil,2024Q2,customer_funding,1025325.597683,BRL_million,end_of_period,managerial_balance,consolidated,Commercial funding: deposits and selected securities; excludes institutional funding,Captações Comerciais,https://api.mziq.com/mzfilemanager/v2/d/5760dff3-15e1-4962-9e81-322a0b3d0bbd/57f31488-1d17-f384-a832-c381f00e6a1f?origin=2,documents/Banco_do_Brasil/2026/2T26/Series_Historicas_2T26__5137c248b8ef.xlsx,Fontes e Usos!G7,2026Q2,5137c248b8ef08c957644c4a9b9ffe2c87d52b7105c66b821f7e33644ac857f0,1025325597682.81,1e-06,mapped
Banco_do_Brasil,2024Q2,efficiency,25.476257,percent,trailing_12m,managerial_adjusted,consolidated,,Índice de Eficiência - 12 meses %,https://api.mziq.com/mzfilemanager/v2/d/5760dff3-15e1-4962-9e81-322a0b3d0bbd/57f31488-1d17-f384-a832-c381f00e6a1f?origin=2,documents/Banco_do_Brasil/2026/2T26/Series_Historicas_2T26__5137c248b8ef.xlsx,Desempenho e Eficiência!W11,2026Q2,5137c248b8ef08c957644c4a9b9ffe2c87d52b7105c66b821f7e33644ac857f0,25.476257414076137,1,mapped
Banco_do_Brasil,2024Q2,fees,8844.652887,BRL_million,quarter,managerial_adjusted,consolidated,"Legacy 4720 presentation, discontinued after 2024; credit cost definition differs",Rendas de Tarifas Bancárias,https://api.mziq.com/mzfilemanager/v2/d/5760dff3-15e1-4962-9e81-322a0b3d0bbd/57f31488-1d17-f384-a832-c381f00e6a1f?origin=2,documents/Banco_do_Brasil/2026/2T26/Series_Historicas_2T26__5137c248b8ef.xlsx,DRE com Realocações (Res. 4720)!AQ27,2026Q2,5137c248b8ef08c957644c4a9b9ffe2c87d52b7105c66b821f7e33644ac857f0,8844652887.41001,1e-06,mapped
Banco_do_Brasil,2024Q2,loans,1024415.978042,BRL_million,end_of_period,managerial_balance,consolidated,PF and PJ exclude separately classified agribusiness,Carteira de Crédito,https://api.mziq.com/mzfilemanager/v2/d/5760dff3-15e1-4962-9e81-322a0b3d0bbd/57f31488-1d17-f384-a832-c381f00e6a1f?origin=2,documents/Banco_do_Brasil/2026/2T26/Series_Historicas_2T26__5137c248b8ef.xlsx,Carteira de Crédito!AE6,2026Q2,5137c248b8ef08c957644c4a9b9ffe2c87d52b7105c66b821f7e33644ac857f0,1024415.9780424201,1,mapped
Banco_do_Brasil,2024Q2,loans_agriculture,335448.482199,BRL_million,end_of_period,managerial_balance,consolidated,PF and PJ exclude separately classified agribusiness,Agronegócios,https://api.mziq.com/mzfilemanager/v2/d/5760dff3-15e1-4962-9e81-322a0b3d0bbd/57f31488-1d17-f384-a832-c381f00e6a1f?origin=2,documents/Banco_do_Brasil/2026/2T26/Series_Historicas_2T26__5137c248b8ef.xlsx,Carteira de Crédito!AE13,2026Q2,5137c248b8ef08c957644c4a9b9ffe2c87d52b7105c66b821f7e33644ac857f0,335448.4821988088,1,mapped
Banco_do_Brasil,2024Q2,loans_corporate,323811.95534,BRL_million,end_of_period,managerial_balance,consolidated,PF and PJ exclude separately classified agribusiness,Pessoa Jurídica,https://api.mziq.com/mzfilemanager/v2/d/5760dff3-15e1-4962-9e81-322a0b3d0bbd/57f31488-1d17-f384-a832-c381f00e6a1f?origin=2,documents/Banco_do_Brasil/2026/2T26/Series_Historicas_2T26__5137c248b8ef.xlsx,Carteira de Crédito!AE9,2026Q2,5137c248b8ef08c957644c4a9b9ffe2c87d52b7105c66b821f7e33644ac857f0,323811.9553404886,1,mapped
Banco_do_Brasil,2024Q2,loans_expanded,1164429.646315,BRL_million,end_of_period,managerial_balance,consolidated,PF and PJ exclude separately classified agribusiness,Carteira de Crédito Expandida,https://api.mziq.com/mzfilemanager/v2/d/5760dff3-15e1-4962-9e81-322a0b3d0bbd/57f31488-1d17-f384-a832-c381f00e6a1f?origin=2,documents/Banco_do_Brasil/2026/2T26/Series_Historicas_2T26__5137c248b8ef.xlsx,Carteira de Crédito!AE18,2026Q2,5137c248b8ef08c957644c4a9b9ffe2c87d52b7105c66b821f7e33644ac857f0,1164429.6463153001,1,mapped
Banco_do_Brasil,2024Q2,loans_individuals,317235.46049,BRL_million,end_of_period,managerial_balance,consolidated,PF and PJ exclude separately classified agribusiness,Pessoa Física,https://api.mziq.com/mzfilemanager/v2/d/5760dff3-15e1-4962-9e81-322a0b3d0bbd/57f31488-1d17-f384-a832-c381f00e6a1f?origin=2,documents/Banco_do_Brasil/2026/2T26/Series_Historicas_2T26__5137c248b8ef.xlsx,Carteira de Crédito!AE8,2026Q2,5137c248b8ef08c957644c4a9b9ffe2c87d52b7105c66b821f7e33644ac857f0,317235.4604901128,1,mapped
Banco_do_Brasil,2024Q2,net_income_accounting,8965.10235,BRL_million,quarter,accounting_consolidated,consolidated,Legacy accounting profit shown in managerial reconciliation,Lucro Líquido,https://api.mziq.com/mzfilemanager/v2/d/5760dff3-15e1-4962-9e81-322a0b3d0bbd/57f31488-1d17-f384-a832-c381f00e6a1f?origin=2,documents/Banco_do_Brasil/2026/2T26/Series_Historicas_2T26__5137c248b8ef.xlsx,DRE com Realocações (Res. 4720)!AQ56,2026Q2,5137c248b8ef08c957644c4a9b9ffe2c87d52b7105c66b821f7e33644ac857f0,8965102350.039999,1e-06,mapped
Banco_do_Brasil,2024Q2,net_income_adjusted,9501.715146,BRL_million,quarter,managerial_adjusted,consolidated,"Legacy 4720 presentation, discontinued after 2024; credit cost definition differs",Lucro Líquido Ajustado,https://api.mziq.com/mzfilemanager/v2/d/5760dff3-15e1-4962-9e81-322a0b3d0bbd/57f31488-1d17-f384-a832-c381f00e6a1f?origin=2,documents/Banco_do_Brasil/2026/2T26/Series_Historicas_2T26__5137c248b8ef.xlsx,DRE com Realocações (Res. 4720)!AQ54,2026Q2,5137c248b8ef08c957644c4a9b9ffe2c87d52b7105c66b821f7e33644ac857f0,9501715146.279999,1e-06,mapped
Banco_do_Brasil,2024Q2,net_interest_income,25548.935271,BRL_million,quarter,managerial_adjusted,consolidated,"Legacy 4720 presentation, discontinued after 2024; credit cost definition differs",Margem Financeira Bruta,https://api.mziq.com/mzfilemanager/v2/d/5760dff3-15e1-4962-9e81-322a0b3d0bbd/57f31488-1d17-f384-a832-c381f00e6a1f?origin=2,documents/Banco_do_Brasil/2026/2T26/Series_Historicas_2T26__5137c248b8ef.xlsx,DRE com Realocações (Res. 4720)!AQ20,2026Q2,5137c248b8ef08c957644c4a9b9ffe2c87d52b7105c66b821f7e33644ac857f0,25548935271.359993,1e-06,mapped
Banco_do_Brasil,2024Q2,new_npl,9611.197469,BRL_million,quarter,managerial_credit,consolidated,CMN 4966 affects write-off and expected-loss accounting from 2025,Formação da Inadimplência (New NPL),https://api.mziq.com/mzfilemanager/v2/d/5760dff3-15e1-4962-9e81-322a0b3d0bbd/57f31488-1d17-f384-a832-c381f00e6a1f?origin=2,documents/Banco_do_Brasil/2026/2T26/Series_Historicas_2T26__5137c248b8ef.xlsx,Índices de Atraso!AQ27,2026Q2,5137c248b8ef08c957644c4a9b9ffe2c87d52b7105c66b821f7e33644ac857f0,9611.197469406878,1,mapped
Banco_do_Brasil,2024Q2,npl90,3.000171,percent,end_of_period,managerial_credit,consolidated,CMN 4966 affects write-off and expected-loss accounting from 2025,Op. Vencidas +90 dias / Carteira de Crédito - (%),https://api.mziq.com/mzfilemanager/v2/d/5760dff3-15e1-4962-9e81-322a0b3d0bbd/57f31488-1d17-f384-a832-c381f00e6a1f?origin=2,documents/Banco_do_Brasil/2026/2T26/Series_Historicas_2T26__5137c248b8ef.xlsx,Índices de Atraso!AQ9,2026Q2,5137c248b8ef08c957644c4a9b9ffe2c87d52b7105c66b821f7e33644ac857f0,3.0001706425774977,1,mapped
Banco_do_Brasil,2024Q2,operating_expenses,9245.139582,BRL_million,quarter,managerial_adjusted,consolidated,Expenses include personnel and other administrative costs,Despesas Administrativas,https://api.mziq.com/mzfilemanager/v2/d/5760dff3-15e1-4962-9e81-322a0b3d0bbd/57f31488-1d17-f384-a832-c381f00e6a1f?origin=2,documents/Banco_do_Brasil/2026/2T26/Series_Historicas_2T26__5137c248b8ef.xlsx,Despesas Administrativas!W6,2026Q2,5137c248b8ef08c957644c4a9b9ffe2c87d52b7105c66b821f7e33644ac857f0,-9245139581.77,-1e-06,mapped
Banco_do_Brasil,2024Q2,roe_accounting,19.875445,percent,quarter_annualized,managerial_adjusted,consolidated,,Rentabilidade s/ PL Médio (Contábil) – Anualizado (%),https://api.mziq.com/mzfilemanager/v2/d/5760dff3-15e1-4962-9e81-322a0b3d0bbd/57f31488-1d17-f384-a832-c381f00e6a1f?origin=2,documents/Banco_do_Brasil/2026/2T26/Series_Historicas_2T26__5137c248b8ef.xlsx,Desempenho e Eficiência!W7,2026Q2,5137c248b8ef08c957644c4a9b9ffe2c87d52b7105c66b821f7e33644ac857f0,19.87544451654375,1,mapped
Banco_do_Brasil,2024Q2,roe_adjusted,21.608857,percent,quarter_annualized,managerial_adjusted,consolidated,,Rentabilidade s/ PL Médio – Anualizado (%),https://api.mziq.com/mzfilemanager/v2/d/5760dff3-15e1-4962-9e81-322a0b3d0bbd/57f31488-1d17-f384-a832-c381f00e6a1f?origin=2,documents/Banco_do_Brasil/2026/2T26/Series_Historicas_2T26__5137c248b8ef.xlsx,Desempenho e Eficiência!W9,2026Q2,5137c248b8ef08c957644c4a9b9ffe2c87d52b7105c66b821f7e33644ac857f0,21.608856897914354,1,mapped
Banco_do_Brasil,2024Q3,assets,2469585.908758,BRL_million,end_of_period,accounting_consolidated,consolidated,Legacy 4720 balance presentation,ATIVO,https://api.mziq.com/mzfilemanager/v2/d/5760dff3-15e1-4962-9e81-322a0b3d0bbd/57f31488-1d17-f384-a832-c381f00e6a1f?origin=2,documents/Banco_do_Brasil/2026/2T26/Series_Historicas_2T26__5137c248b8ef.xlsx,BP - Ativo (Res. 4720)!AR6,2026Q2,5137c248b8ef08c957644c4a9b9ffe2c87d52b7105c66b821f7e33644ac857f0,2469585908758.36,1e-06,mapped
Banco_do_Brasil,2024Q3,capital_total,14.662749,percent,end_of_period,prudential,prudential,,Índice de Basileia (PR / RWA)(%),https://api.mziq.com/mzfilemanager/v2/d/5760dff3-15e1-4962-9e81-322a0b3d0bbd/57f31488-1d17-f384-a832-c381f00e6a1f?origin=2,documents/Banco_do_Brasil/2026/2T26/Series_Historicas_2T26__5137c248b8ef.xlsx,Índice de Basileia!AW56,2026Q2,5137c248b8ef08c957644c4a9b9ffe2c87d52b7105c66b821f7e33644ac857f0,0.14662748735013953,100,mapped
Banco_do_Brasil,2024Q3,cet1,11.770012,percent,end_of_period,prudential,prudential,,Índice de Capital Principal (CP/RWA)(%),https://api.mziq.com/mzfilemanager/v2/d/5760dff3-15e1-4962-9e81-322a0b3d0bbd/57f31488-1d17-f384-a832-c381f00e6a1f?origin=2,documents/Banco_do_Brasil/2026/2T26/Series_Historicas_2T26__5137c248b8ef.xlsx,Índice de Basileia!AW55,2026Q2,5137c248b8ef08c957644c4a9b9ffe2c87d52b7105c66b821f7e33644ac857f0,0.11770012352367469,100,mapped
Banco_do_Brasil,2024Q3,coverage_npl90,177.643577,percent,end_of_period,managerial_credit,consolidated,CMN 4966 affects write-off and expected-loss accounting from 2025,Perda Esperada/Op. Vencidas +90 dias - (%),https://api.mziq.com/mzfilemanager/v2/d/5760dff3-15e1-4962-9e81-322a0b3d0bbd/57f31488-1d17-f384-a832-c381f00e6a1f?origin=2,documents/Banco_do_Brasil/2026/2T26/Series_Historicas_2T26__5137c248b8ef.xlsx,Índices de Atraso!AR24,2026Q2,5137c248b8ef08c957644c4a9b9ffe2c87d52b7105c66b821f7e33644ac857f0,177.6435769649261,1,mapped
Banco_do_Brasil,2024Q3,credit_allowance,62191.800969,BRL_million,end_of_period,managerial_credit,consolidated,CMN 4966 affects write-off and expected-loss accounting from 2025,Perda Esperada,https://api.mziq.com/mzfilemanager/v2/d/5760dff3-15e1-4962-9e81-322a0b3d0bbd/57f31488-1d17-f384-a832-c381f00e6a1f?origin=2,documents/Banco_do_Brasil/2026/2T26/Series_Historicas_2T26__5137c248b8ef.xlsx,Índices de Atraso!AR22,2026Q2,5137c248b8ef08c957644c4a9b9ffe2c87d52b7105c66b821f7e33644ac857f0,62191.80096854819,1,mapped
Banco_do_Brasil,2024Q3,credit_cost,10086.340454,BRL_million,quarter,managerial_adjusted,consolidated,"Legacy 4720 presentation, discontinued after 2024; credit cost definition differs",PCLD Ampliada,https://api.mziq.com/mzfilemanager/v2/d/5760dff3-15e1-4962-9e81-322a0b3d0bbd/57f31488-1d17-f384-a832-c381f00e6a1f?origin=2,documents/Banco_do_Brasil/2026/2T26/Series_Historicas_2T26__5137c248b8ef.xlsx,DRE com Realocações (Res. 4720)!AR21,2026Q2,5137c248b8ef08c957644c4a9b9ffe2c87d52b7105c66b821f7e33644ac857f0,-10086340453.77,-1e-06,mapped
Banco_do_Brasil,2024Q3,customer_funding,1059934.721515,BRL_million,end_of_period,managerial_balance,consolidated,Commercial funding: deposits and selected securities; excludes institutional funding,Captações Comerciais,https://api.mziq.com/mzfilemanager/v2/d/5760dff3-15e1-4962-9e81-322a0b3d0bbd/57f31488-1d17-f384-a832-c381f00e6a1f?origin=2,documents/Banco_do_Brasil/2026/2T26/Series_Historicas_2T26__5137c248b8ef.xlsx,Fontes e Usos!H7,2026Q2,5137c248b8ef08c957644c4a9b9ffe2c87d52b7105c66b821f7e33644ac857f0,1059934721515,1e-06,mapped
Banco_do_Brasil,2024Q3,efficiency,25.394085,percent,trailing_12m,managerial_adjusted,consolidated,,Índice de Eficiência - 12 meses %,https://api.mziq.com/mzfilemanager/v2/d/5760dff3-15e1-4962-9e81-322a0b3d0bbd/57f31488-1d17-f384-a832-c381f00e6a1f?origin=2,documents/Banco_do_Brasil/2026/2T26/Series_Historicas_2T26__5137c248b8ef.xlsx,Desempenho e Eficiência!X11,2026Q2,5137c248b8ef08c957644c4a9b9ffe2c87d52b7105c66b821f7e33644ac857f0,25.394084608267402,1,mapped
Banco_do_Brasil,2024Q3,fees,9096.155136,BRL_million,quarter,managerial_adjusted,consolidated,"Legacy 4720 presentation, discontinued after 2024; credit cost definition differs",Rendas de Tarifas Bancárias,https://api.mziq.com/mzfilemanager/v2/d/5760dff3-15e1-4962-9e81-322a0b3d0bbd/57f31488-1d17-f384-a832-c381f00e6a1f?origin=2,documents/Banco_do_Brasil/2026/2T26/Series_Historicas_2T26__5137c248b8ef.xlsx,DRE com Realocações (Res. 4720)!AR27,2026Q2,5137c248b8ef08c957644c4a9b9ffe2c87d52b7105c66b821f7e33644ac857f0,9096155136.02,1e-06,mapped
Banco_do_Brasil,2024Q3,loans,1050005.746436,BRL_million,end_of_period,managerial_balance,consolidated,PF and PJ exclude separately classified agribusiness,Carteira de Crédito,https://api.mziq.com/mzfilemanager/v2/d/5760dff3-15e1-4962-9e81-322a0b3d0bbd/57f31488-1d17-f384-a832-c381f00e6a1f?origin=2,documents/Banco_do_Brasil/2026/2T26/Series_Historicas_2T26__5137c248b8ef.xlsx,Carteira de Crédito!AF6,2026Q2,5137c248b8ef08c957644c4a9b9ffe2c87d52b7105c66b821f7e33644ac857f0,1050005.7464363002,1,mapped
Banco_do_Brasil,2024Q3,loans_agriculture,347109.268877,BRL_million,end_of_period,managerial_balance,consolidated,PF and PJ exclude separately classified agribusiness,Agronegócios,https://api.mziq.com/mzfilemanager/v2/d/5760dff3-15e1-4962-9e81-322a0b3d0bbd/57f31488-1d17-f384-a832-c381f00e6a1f?origin=2,documents/Banco_do_Brasil/2026/2T26/Series_Historicas_2T26__5137c248b8ef.xlsx,Carteira de Crédito!AF13,2026Q2,5137c248b8ef08c957644c4a9b9ffe2c87d52b7105c66b821f7e33644ac857f0,347109.2688768099,1,mapped
Banco_do_Brasil,2024Q3,loans_corporate,327363.233922,BRL_million,end_of_period,managerial_balance,consolidated,PF and PJ exclude separately classified agribusiness,Pessoa Jurídica,https://api.mziq.com/mzfilemanager/v2/d/5760dff3-15e1-4962-9e81-322a0b3d0bbd/57f31488-1d17-f384-a832-c381f00e6a1f?origin=2,documents/Banco_do_Brasil/2026/2T26/Series_Historicas_2T26__5137c248b8ef.xlsx,Carteira de Crédito!AF9,2026Q2,5137c248b8ef08c957644c4a9b9ffe2c87d52b7105c66b821f7e33644ac857f0,327363.23392156686,1,mapped
Banco_do_Brasil,2024Q3,loans_expanded,1189037.454883,BRL_million,end_of_period,managerial_balance,consolidated,PF and PJ exclude separately classified agribusiness,Carteira de Crédito Expandida,https://api.mziq.com/mzfilemanager/v2/d/5760dff3-15e1-4962-9e81-322a0b3d0bbd/57f31488-1d17-f384-a832-c381f00e6a1f?origin=2,documents/Banco_do_Brasil/2026/2T26/Series_Historicas_2T26__5137c248b8ef.xlsx,Carteira de Crédito!AF18,2026Q2,5137c248b8ef08c957644c4a9b9ffe2c87d52b7105c66b821f7e33644ac857f0,1189037.45488334,1,mapped
Banco_do_Brasil,2024Q3,loans_individuals,324824.064334,BRL_million,end_of_period,managerial_balance,consolidated,PF and PJ exclude separately classified agribusiness,Pessoa Física,https://api.mziq.com/mzfilemanager/v2/d/5760dff3-15e1-4962-9e81-322a0b3d0bbd/57f31488-1d17-f384-a832-c381f00e6a1f?origin=2,documents/Banco_do_Brasil/2026/2T26/Series_Historicas_2T26__5137c248b8ef.xlsx,Carteira de Crédito!AF8,2026Q2,5137c248b8ef08c957644c4a9b9ffe2c87d52b7105c66b821f7e33644ac857f0,324824.0643341234,1,mapped
Banco_do_Brasil,2024Q3,net_income_accounting,8919.570037,BRL_million,quarter,accounting_consolidated,consolidated,Legacy accounting profit shown in managerial reconciliation,Lucro Líquido,https://api.mziq.com/mzfilemanager/v2/d/5760dff3-15e1-4962-9e81-322a0b3d0bbd/57f31488-1d17-f384-a832-c381f00e6a1f?origin=2,documents/Banco_do_Brasil/2026/2T26/Series_Historicas_2T26__5137c248b8ef.xlsx,DRE com Realocações (Res. 4720)!AR56,2026Q2,5137c248b8ef08c957644c4a9b9ffe2c87d52b7105c66b821f7e33644ac857f0,8919570037.299988,1e-06,mapped
Banco_do_Brasil,2024Q3,net_income_adjusted,9514.622307,BRL_million,quarter,managerial_adjusted,consolidated,"Legacy 4720 presentation, discontinued after 2024; credit cost definition differs",Lucro Líquido Ajustado,https://api.mziq.com/mzfilemanager/v2/d/5760dff3-15e1-4962-9e81-322a0b3d0bbd/57f31488-1d17-f384-a832-c381f00e6a1f?origin=2,documents/Banco_do_Brasil/2026/2T26/Series_Historicas_2T26__5137c248b8ef.xlsx,DRE com Realocações (Res. 4720)!AR54,2026Q2,5137c248b8ef08c957644c4a9b9ffe2c87d52b7105c66b821f7e33644ac857f0,9514622307.349987,1e-06,mapped
Banco_do_Brasil,2024Q3,net_interest_income,25870.190444,BRL_million,quarter,managerial_adjusted,consolidated,"Legacy 4720 presentation, discontinued after 2024; credit cost definition differs",Margem Financeira Bruta,https://api.mziq.com/mzfilemanager/v2/d/5760dff3-15e1-4962-9e81-322a0b3d0bbd/57f31488-1d17-f384-a832-c381f00e6a1f?origin=2,documents/Banco_do_Brasil/2026/2T26/Series_Historicas_2T26__5137c248b8ef.xlsx,DRE com Realocações (Res. 4720)!AR20,2026Q2,5137c248b8ef08c957644c4a9b9ffe2c87d52b7105c66b821f7e33644ac857f0,25870190444.30999,1e-06,mapped
Banco_do_Brasil,2024Q3,new_npl,12477.229629,BRL_million,quarter,managerial_credit,consolidated,CMN 4966 affects write-off and expected-loss accounting from 2025,Formação da Inadimplência (New NPL),https://api.mziq.com/mzfilemanager/v2/d/5760dff3-15e1-4962-9e81-322a0b3d0bbd/57f31488-1d17-f384-a832-c381f00e6a1f?origin=2,documents/Banco_do_Brasil/2026/2T26/Series_Historicas_2T26__5137c248b8ef.xlsx,Índices de Atraso!AR27,2026Q2,5137c248b8ef08c957644c4a9b9ffe2c87d52b7105c66b821f7e33644ac857f0,12477.22962869075,1,mapped
Banco_do_Brasil,2024Q3,npl90,3.334202,percent,end_of_period,managerial_credit,consolidated,CMN 4966 affects write-off and expected-loss accounting from 2025,Op. Vencidas +90 dias / Carteira de Crédito - (%),https://api.mziq.com/mzfilemanager/v2/d/5760dff3-15e1-4962-9e81-322a0b3d0bbd/57f31488-1d17-f384-a832-c381f00e6a1f?origin=2,documents/Banco_do_Brasil/2026/2T26/Series_Historicas_2T26__5137c248b8ef.xlsx,Índices de Atraso!AR9,2026Q2,5137c248b8ef08c957644c4a9b9ffe2c87d52b7105c66b821f7e33644ac857f0,3.3342023108933985,1,mapped
Banco_do_Brasil,2024Q3,operating_expenses,9372.695831,BRL_million,quarter,managerial_adjusted,consolidated,Expenses include personnel and other administrative costs,Despesas Administrativas,https://api.mziq.com/mzfilemanager/v2/d/5760dff3-15e1-4962-9e81-322a0b3d0bbd/57f31488-1d17-f384-a832-c381f00e6a1f?origin=2,documents/Banco_do_Brasil/2026/2T26/Series_Historicas_2T26__5137c248b8ef.xlsx,Despesas Administrativas!X6,2026Q2,5137c248b8ef08c957644c4a9b9ffe2c87d52b7105c66b821f7e33644ac857f0,-9372695830.91,-1e-06,mapped
Banco_do_Brasil,2024Q3,roe_accounting,19.324742,percent,quarter_annualized,managerial_adjusted,consolidated,,Rentabilidade s/ PL Médio (Contábil) – Anualizado (%),https://api.mziq.com/mzfilemanager/v2/d/5760dff3-15e1-4962-9e81-322a0b3d0bbd/57f31488-1d17-f384-a832-c381f00e6a1f?origin=2,documents/Banco_do_Brasil/2026/2T26/Series_Historicas_2T26__5137c248b8ef.xlsx,Desempenho e Eficiência!X7,2026Q2,5137c248b8ef08c957644c4a9b9ffe2c87d52b7105c66b821f7e33644ac857f0,19.32474245336411,1,mapped
Banco_do_Brasil,2024Q3,roe_adjusted,21.149315,percent,quarter_annualized,managerial_adjusted,consolidated,,Rentabilidade s/ PL Médio – Anualizado (%),https://api.mziq.com/mzfilemanager/v2/d/5760dff3-15e1-4962-9e81-322a0b3d0bbd/57f31488-1d17-f384-a832-c381f00e6a1f?origin=2,documents/Banco_do_Brasil/2026/2T26/Series_Historicas_2T26__5137c248b8ef.xlsx,Desempenho e Eficiência!X9,2026Q2,5137c248b8ef08c957644c4a9b9ffe2c87d52b7105c66b821f7e33644ac857f0,21.14931503128829,1,mapped
Banco_do_Brasil,2024Q4,assets,2433868.148833,BRL_million,end_of_period,accounting_consolidated,consolidated,Legacy 4720 balance presentation,ATIVO,https://api.mziq.com/mzfilemanager/v2/d/5760dff3-15e1-4962-9e81-322a0b3d0bbd/57f31488-1d17-f384-a832-c381f00e6a1f?origin=2,documents/Banco_do_Brasil/2026/2T26/Series_Historicas_2T26__5137c248b8ef.xlsx,BP - Ativo (Res. 4720)!AS6,2026Q2,5137c248b8ef08c957644c4a9b9ffe2c87d52b7105c66b821f7e33644ac857f0,2433868148833.08,1e-06,mapped
Banco_do_Brasil,2024Q4,capital_total,13.754911,percent,end_of_period,prudential,prudential,,Índice de Basileia (PR / RWA)(%),https://api.mziq.com/mzfilemanager/v2/d/5760dff3-15e1-4962-9e81-322a0b3d0bbd/57f31488-1d17-f384-a832-c381f00e6a1f?origin=2,documents/Banco_do_Brasil/2026/2T26/Series_Historicas_2T26__5137c248b8ef.xlsx,Índice de Basileia!AX56,2026Q2,5137c248b8ef08c957644c4a9b9ffe2c87d52b7105c66b821f7e33644ac857f0,0.1375491109157855,100,mapped
Banco_do_Brasil,2024Q4,cet1,10.891532,percent,end_of_period,prudential,prudential,,Índice de Capital Principal (CP/RWA)(%),https://api.mziq.com/mzfilemanager/v2/d/5760dff3-15e1-4962-9e81-322a0b3d0bbd/57f31488-1d17-f384-a832-c381f00e6a1f?origin=2,documents/Banco_do_Brasil/2026/2T26/Series_Historicas_2T26__5137c248b8ef.xlsx,Índice de Basileia!AX55,2026Q2,5137c248b8ef08c957644c4a9b9ffe2c87d52b7105c66b821f7e33644ac857f0,0.10891532317764784,100,mapped
Banco_do_Brasil,2024Q4,coverage_npl90,209.469106,percent,end_of_period,managerial_credit,consolidated,CMN 4966 affects write-off and expected-loss accounting from 2025,Perda Esperada/Op. Vencidas +90 dias - (%),https://api.mziq.com/mzfilemanager/v2/d/5760dff3-15e1-4962-9e81-322a0b3d0bbd/57f31488-1d17-f384-a832-c381f00e6a1f?origin=2,documents/Banco_do_Brasil/2026/2T26/Series_Historicas_2T26__5137c248b8ef.xlsx,Índices de Atraso!AS24,2026Q2,5137c248b8ef08c957644c4a9b9ffe2c87d52b7105c66b821f7e33644ac857f0,209.4691057689488,1,mapped
Banco_do_Brasil,2024Q4,credit_allowance,80330.194874,BRL_million,end_of_period,managerial_credit,consolidated,CMN 4966 affects write-off and expected-loss accounting from 2025,Perda Esperada,https://api.mziq.com/mzfilemanager/v2/d/5760dff3-15e1-4962-9e81-322a0b3d0bbd/57f31488-1d17-f384-a832-c381f00e6a1f?origin=2,documents/Banco_do_Brasil/2026/2T26/Series_Historicas_2T26__5137c248b8ef.xlsx,Índices de Atraso!AS22,2026Q2,5137c248b8ef08c957644c4a9b9ffe2c87d52b7105c66b821f7e33644ac857f0,80330.19487418816,1,mapped
Banco_do_Brasil,2024Q4,credit_cost,9263.001346,BRL_million,quarter,managerial_adjusted,consolidated,"Legacy 4720 presentation, discontinued after 2024; credit cost definition differs",PCLD Ampliada,https://api.mziq.com/mzfilemanager/v2/d/5760dff3-15e1-4962-9e81-322a0b3d0bbd/57f31488-1d17-f384-a832-c381f00e6a1f?origin=2,documents/Banco_do_Brasil/2026/2T26/Series_Historicas_2T26__5137c248b8ef.xlsx,DRE com Realocações (Res. 4720)!AS21,2026Q2,5137c248b8ef08c957644c4a9b9ffe2c87d52b7105c66b821f7e33644ac857f0,-9263001345.86,-1e-06,mapped
Banco_do_Brasil,2024Q4,customer_funding,1094592.158183,BRL_million,end_of_period,managerial_balance,consolidated,Commercial funding: deposits and selected securities; excludes institutional funding,Captações Comerciais,https://api.mziq.com/mzfilemanager/v2/d/5760dff3-15e1-4962-9e81-322a0b3d0bbd/57f31488-1d17-f384-a832-c381f00e6a1f?origin=2,documents/Banco_do_Brasil/2026/2T26/Series_Historicas_2T26__5137c248b8ef.xlsx,Fontes e Usos!I7,2026Q2,5137c248b8ef08c957644c4a9b9ffe2c87d52b7105c66b821f7e33644ac857f0,1094592158182.7599,1e-06,mapped
Banco_do_Brasil,2024Q4,efficiency,25.570797,percent,trailing_12m,managerial_adjusted,consolidated,,Índice de Eficiência - 12 meses %,https://api.mziq.com/mzfilemanager/v2/d/5760dff3-15e1-4962-9e81-322a0b3d0bbd/57f31488-1d17-f384-a832-c381f00e6a1f?origin=2,documents/Banco_do_Brasil/2026/2T26/Series_Historicas_2T26__5137c248b8ef.xlsx,Desempenho e Eficiência!Y11,2026Q2,5137c248b8ef08c957644c4a9b9ffe2c87d52b7105c66b821f7e33644ac857f0,25.570796590987488,1,mapped
Banco_do_Brasil,2024Q4,fees,9192.001688,BRL_million,quarter,managerial_adjusted,consolidated,"Legacy 4720 presentation, discontinued after 2024; credit cost definition differs",Rendas de Tarifas Bancárias,https://api.mziq.com/mzfilemanager/v2/d/5760dff3-15e1-4962-9e81-322a0b3d0bbd/57f31488-1d17-f384-a832-c381f00e6a1f?origin=2,documents/Banco_do_Brasil/2026/2T26/Series_Historicas_2T26__5137c248b8ef.xlsx,DRE com Realocações (Res. 4720)!AS27,2026Q2,5137c248b8ef08c957644c4a9b9ffe2c87d52b7105c66b821f7e33644ac857f0,9192001687.60001,1e-06,mapped
Banco_do_Brasil,2024Q4,loans,1215485.188366,BRL_million,end_of_period,managerial_balance,consolidated,PF and PJ exclude separately classified agribusiness,Carteira de Crédito,https://api.mziq.com/mzfilemanager/v2/d/5760dff3-15e1-4962-9e81-322a0b3d0bbd/57f31488-1d17-f384-a832-c381f00e6a1f?origin=2,documents/Banco_do_Brasil/2026/2T26/Series_Historicas_2T26__5137c248b8ef.xlsx,Carteira de Crédito!AG6,2026Q2,5137c248b8ef08c957644c4a9b9ffe2c87d52b7105c66b821f7e33644ac857f0,1215485.1883662273,1,mapped
Banco_do_Brasil,2024Q4,loans_agriculture,397709.508258,BRL_million,end_of_period,managerial_balance,consolidated,PF and PJ exclude separately classified agribusiness,Agronegócios,https://api.mziq.com/mzfilemanager/v2/d/5760dff3-15e1-4962-9e81-322a0b3d0bbd/57f31488-1d17-f384-a832-c381f00e6a1f?origin=2,documents/Banco_do_Brasil/2026/2T26/Series_Historicas_2T26__5137c248b8ef.xlsx,Carteira de Crédito!AG13,2026Q2,5137c248b8ef08c957644c4a9b9ffe2c87d52b7105c66b821f7e33644ac857f0,397709.5082576729,1,mapped
Banco_do_Brasil,2024Q4,loans_corporate,421259.328727,BRL_million,end_of_period,managerial_balance,consolidated,PF and PJ exclude separately classified agribusiness,Pessoa Jurídica,https://api.mziq.com/mzfilemanager/v2/d/5760dff3-15e1-4962-9e81-322a0b3d0bbd/57f31488-1d17-f384-a832-c381f00e6a1f?origin=2,documents/Banco_do_Brasil/2026/2T26/Series_Historicas_2T26__5137c248b8ef.xlsx,Carteira de Crédito!AG9,2026Q2,5137c248b8ef08c957644c4a9b9ffe2c87d52b7105c66b821f7e33644ac857f0,421259.32872682076,1,mapped
Banco_do_Brasil,2024Q4,loans_expanded,1264506.367238,BRL_million,end_of_period,managerial_balance,consolidated,PF and PJ exclude separately classified agribusiness,Carteira de Crédito Expandida,https://api.mziq.com/mzfilemanager/v2/d/5760dff3-15e1-4962-9e81-322a0b3d0bbd/57f31488-1d17-f384-a832-c381f00e6a1f?origin=2,documents/Banco_do_Brasil/2026/2T26/Series_Historicas_2T26__5137c248b8ef.xlsx,Carteira de Crédito!AG18,2026Q2,5137c248b8ef08c957644c4a9b9ffe2c87d52b7105c66b821f7e33644ac857f0,1264506.3672381772,1,mapped
Banco_do_Brasil,2024Q4,loans_individuals,331764.646905,BRL_million,end_of_period,managerial_balance,consolidated,PF and PJ exclude separately classified agribusiness,Pessoa Física,https://api.mziq.com/mzfilemanager/v2/d/5760dff3-15e1-4962-9e81-322a0b3d0bbd/57f31488-1d17-f384-a832-c381f00e6a1f?origin=2,documents/Banco_do_Brasil/2026/2T26/Series_Historicas_2T26__5137c248b8ef.xlsx,Carteira de Crédito!AG8,2026Q2,5137c248b8ef08c957644c4a9b9ffe2c87d52b7105c66b821f7e33644ac857f0,331764.6469050137,1,mapped
Banco_do_Brasil,2024Q4,net_income_accounting,8773.016974,BRL_million,quarter,accounting_consolidated,consolidated,Legacy accounting profit shown in managerial reconciliation,Lucro Líquido,https://api.mziq.com/mzfilemanager/v2/d/5760dff3-15e1-4962-9e81-322a0b3d0bbd/57f31488-1d17-f384-a832-c381f00e6a1f?origin=2,documents/Banco_do_Brasil/2026/2T26/Series_Historicas_2T26__5137c248b8ef.xlsx,DRE com Realocações (Res. 4720)!AS56,2026Q2,5137c248b8ef08c957644c4a9b9ffe2c87d52b7105c66b821f7e33644ac857f0,8773016973.549921,1e-06,mapped
Banco_do_Brasil,2024Q4,net_income_adjusted,9579.716065,BRL_million,quarter,managerial_adjusted,consolidated,"Legacy 4720 presentation, discontinued after 2024; credit cost definition differs",Lucro Líquido Ajustado,https://api.mziq.com/mzfilemanager/v2/d/5760dff3-15e1-4962-9e81-322a0b3d0bbd/57f31488-1d17-f384-a832-c381f00e6a1f?origin=2,documents/Banco_do_Brasil/2026/2T26/Series_Historicas_2T26__5137c248b8ef.xlsx,DRE com Realocações (Res. 4720)!AS54,2026Q2,5137c248b8ef08c957644c4a9b9ffe2c87d52b7105c66b821f7e33644ac857f0,9579716064.53992,1e-06,mapped
Banco_do_Brasil,2024Q4,net_interest_income,26790.702891,BRL_million,quarter,managerial_adjusted,consolidated,"Legacy 4720 presentation, discontinued after 2024; credit cost definition differs",Margem Financeira Bruta,https://api.mziq.com/mzfilemanager/v2/d/5760dff3-15e1-4962-9e81-322a0b3d0bbd/57f31488-1d17-f384-a832-c381f00e6a1f?origin=2,documents/Banco_do_Brasil/2026/2T26/Series_Historicas_2T26__5137c248b8ef.xlsx,DRE com Realocações (Res. 4720)!AS20,2026Q2,5137c248b8ef08c957644c4a9b9ffe2c87d52b7105c66b821f7e33644ac857f0,26790702890.759903,1e-06,mapped
Banco_do_Brasil,2024Q4,new_npl,13328.246071,BRL_million,quarter,managerial_credit,consolidated,CMN 4966 affects write-off and expected-loss accounting from 2025,Formação da Inadimplência (New NPL),https://api.mziq.com/mzfilemanager/v2/d/5760dff3-15e1-4962-9e81-322a0b3d0bbd/57f31488-1d17-f384-a832-c381f00e6a1f?origin=2,documents/Banco_do_Brasil/2026/2T26/Series_Historicas_2T26__5137c248b8ef.xlsx,Índices de Atraso!AS27,2026Q2,5137c248b8ef08c957644c4a9b9ffe2c87d52b7105c66b821f7e33644ac857f0,13328.246071235053,1,mapped
Banco_do_Brasil,2024Q4,npl90,3.155071,percent,end_of_period,managerial_credit,consolidated,CMN 4966 affects write-off and expected-loss accounting from 2025,Op. Vencidas +90 dias / Carteira de Crédito - (%),https://api.mziq.com/mzfilemanager/v2/d/5760dff3-15e1-4962-9e81-322a0b3d0bbd/57f31488-1d17-f384-a832-c381f00e6a1f?origin=2,documents/Banco_do_Brasil/2026/2T26/Series_Historicas_2T26__5137c248b8ef.xlsx,Índices de Atraso!AS9,2026Q2,5137c248b8ef08c957644c4a9b9ffe2c87d52b7105c66b821f7e33644ac857f0,3.1550712471514557,1,mapped
Banco_do_Brasil,2024Q4,operating_expenses,9501.96829,BRL_million,quarter,managerial_adjusted,consolidated,Expenses include personnel and other administrative costs,Despesas Administrativas,https://api.mziq.com/mzfilemanager/v2/d/5760dff3-15e1-4962-9e81-322a0b3d0bbd/57f31488-1d17-f384-a832-c381f00e6a1f?origin=2,documents/Banco_do_Brasil/2026/2T26/Series_Historicas_2T26__5137c248b8ef.xlsx,Despesas Administrativas!Y6,2026Q2,5137c248b8ef08c957644c4a9b9ffe2c87d52b7105c66b821f7e33644ac857f0,-9501968290.119999,-1e-06,mapped
Banco_do_Brasil,2024Q4,roe_accounting,18.592229,percent,quarter_annualized,managerial_adjusted,consolidated,,Rentabilidade s/ PL Médio (Contábil) – Anualizado (%),https://api.mziq.com/mzfilemanager/v2/d/5760dff3-15e1-4962-9e81-322a0b3d0bbd/57f31488-1d17-f384-a832-c381f00e6a1f?origin=2,documents/Banco_do_Brasil/2026/2T26/Series_Historicas_2T26__5137c248b8ef.xlsx,Desempenho e Eficiência!Y7,2026Q2,5137c248b8ef08c957644c4a9b9ffe2c87d52b7105c66b821f7e33644ac857f0,18.59222884336115,1,mapped
Banco_do_Brasil,2024Q4,roe_adjusted,20.830378,percent,quarter_annualized,managerial_adjusted,consolidated,,Rentabilidade s/ PL Médio – Anualizado (%),https://api.mziq.com/mzfilemanager/v2/d/5760dff3-15e1-4962-9e81-322a0b3d0bbd/57f31488-1d17-f384-a832-c381f00e6a1f?origin=2,documents/Banco_do_Brasil/2026/2T26/Series_Historicas_2T26__5137c248b8ef.xlsx,Desempenho e Eficiência!Y9,2026Q2,5137c248b8ef08c957644c4a9b9ffe2c87d52b7105c66b821f7e33644ac857f0,20.83037758021165,1,mapped
Banco_do_Brasil,2025Q1,assets,2420991.98,BRL_million,end_of_period,accounting_consolidated,consolidated,,Total do Ativo,https://api.mziq.com/mzfilemanager/v2/d/5760dff3-15e1-4962-9e81-322a0b3d0bbd/57f31488-1d17-f384-a832-c381f00e6a1f?origin=2,documents/Banco_do_Brasil/2026/2T26/Series_Historicas_2T26__5137c248b8ef.xlsx,BP - Ativo!B6,2026Q2,5137c248b8ef08c957644c4a9b9ffe2c87d52b7105c66b821f7e33644ac857f0,2420991980000,1e-06,mapped
Banco_do_Brasil,2025Q1,capital_total,14.138716,percent,end_of_period,prudential,prudential,,Índice de Basileia (PR / RWA)(%),https://api.mziq.com/mzfilemanager/v2/d/5760dff3-15e1-4962-9e81-322a0b3d0bbd/57f31488-1d17-f384-a832-c381f00e6a1f?origin=2,documents/Banco_do_Brasil/2026/2T26/Series_Historicas_2T26__5137c248b8ef.xlsx,Índice de Basileia!AY56,2026Q2,5137c248b8ef08c957644c4a9b9ffe2c87d52b7105c66b821f7e33644ac857f0,0.14138716346205607,100,mapped
Banco_do_Brasil,2025Q1,cet1,10.967984,percent,end_of_period,prudential,prudential,,Índice de Capital Principal (CP/RWA)(%),https://api.mziq.com/mzfilemanager/v2/d/5760dff3-15e1-4962-9e81-322a0b3d0bbd/57f31488-1d17-f384-a832-c381f00e6a1f?origin=2,documents/Banco_do_Brasil/2026/2T26/Series_Historicas_2T26__5137c248b8ef.xlsx,Índice de Basileia!AY55,2026Q2,5137c248b8ef08c957644c4a9b9ffe2c87d52b7105c66b821f7e33644ac857f0,0.10967984489058262,100,mapped
Banco_do_Brasil,2025Q1,coverage_npl90,187.51365,percent,end_of_period,managerial_credit,consolidated,CMN 4966 affects write-off and expected-loss accounting from 2025,Perda Esperada/Op. Vencidas +90 dias - (%),https://api.mziq.com/mzfilemanager/v2/d/5760dff3-15e1-4962-9e81-322a0b3d0bbd/57f31488-1d17-f384-a832-c381f00e6a1f?origin=2,documents/Banco_do_Brasil/2026/2T26/Series_Historicas_2T26__5137c248b8ef.xlsx,Índices de Atraso!AT24,2026Q2,5137c248b8ef08c957644c4a9b9ffe2c87d52b7105c66b821f7e33644ac857f0,187.51364983979644,1,mapped
Banco_do_Brasil,2025Q1,credit_allowance,83392.909865,BRL_million,end_of_period,managerial_credit,consolidated,CMN 4966 affects write-off and expected-loss accounting from 2025,Perda Esperada,https://api.mziq.com/mzfilemanager/v2/d/5760dff3-15e1-4962-9e81-322a0b3d0bbd/57f31488-1d17-f384-a832-c381f00e6a1f?origin=2,documents/Banco_do_Brasil/2026/2T26/Series_Historicas_2T26__5137c248b8ef.xlsx,Índices de Atraso!AT22,2026Q2,5137c248b8ef08c957644c4a9b9ffe2c87d52b7105c66b821f7e33644ac857f0,83392.90986521097,1,mapped
Banco_do_Brasil,2025Q1,credit_cost,10151.538159,BRL_million,quarter,managerial_adjusted,consolidated,CMN 4966 from 2025; BRL cells displayed in millions,Custo do Crédito,https://api.mziq.com/mzfilemanager/v2/d/5760dff3-15e1-4962-9e81-322a0b3d0bbd/57f31488-1d17-f384-a832-c381f00e6a1f?origin=2,documents/Banco_do_Brasil/2026/2T26/Series_Historicas_2T26__5137c248b8ef.xlsx,DRE com Realocações!B7,2026Q2,5137c248b8ef08c957644c4a9b9ffe2c87d52b7105c66b821f7e33644ac857f0,-10151538159.47,-1e-06,mapped
Banco_do_Brasil,2025Q1,customer_funding,1105710.078752,BRL_million,end_of_period,managerial_balance,consolidated,Commercial funding: deposits and selected securities; excludes institutional funding,Captações Comerciais,https://api.mziq.com/mzfilemanager/v2/d/5760dff3-15e1-4962-9e81-322a0b3d0bbd/57f31488-1d17-f384-a832-c381f00e6a1f?origin=2,documents/Banco_do_Brasil/2026/2T26/Series_Historicas_2T26__5137c248b8ef.xlsx,Fontes e Usos!J7,2026Q2,5137c248b8ef08c957644c4a9b9ffe2c87d52b7105c66b821f7e33644ac857f0,1105710078751.51,1e-06,mapped
Banco_do_Brasil,2025Q1,efficiency,26.512735,percent,trailing_12m,managerial_adjusted,consolidated,,Índice de Eficiência - 12 meses %,https://api.mziq.com/mzfilemanager/v2/d/5760dff3-15e1-4962-9e81-322a0b3d0bbd/57f31488-1d17-f384-a832-c381f00e6a1f?origin=2,documents/Banco_do_Brasil/2026/2T26/Series_Historicas_2T26__5137c248b8ef.xlsx,Desempenho e Eficiência!Z11,2026Q2,5137c248b8ef08c957644c4a9b9ffe2c87d52b7105c66b821f7e33644ac857f0,26.51273461430173,1,mapped
Banco_do_Brasil,2025Q1,equity,184189.405,BRL_million,end_of_period,accounting_consolidated,consolidated,,Patrimônio Líquido,https://api.mziq.com/mzfilemanager/v2/d/5760dff3-15e1-4962-9e81-322a0b3d0bbd/57f31488-1d17-f384-a832-c381f00e6a1f?origin=2,documents/Banco_do_Brasil/2026/2T26/Series_Historicas_2T26__5137c248b8ef.xlsx,BP - Passivo!B21,2026Q2,5137c248b8ef08c957644c4a9b9ffe2c87d52b7105c66b821f7e33644ac857f0,184189405000,1e-06,mapped
Banco_do_Brasil,2025Q1,fees,8361.470104,BRL_million,quarter,managerial_adjusted,consolidated,CMN 4966 from 2025; BRL cells displayed in millions,Receitas de Prestação de Serviços ,https://api.mziq.com/mzfilemanager/v2/d/5760dff3-15e1-4962-9e81-322a0b3d0bbd/57f31488-1d17-f384-a832-c381f00e6a1f?origin=2,documents/Banco_do_Brasil/2026/2T26/Series_Historicas_2T26__5137c248b8ef.xlsx,DRE com Realocações!B13,2026Q2,5137c248b8ef08c957644c4a9b9ffe2c87d52b7105c66b821f7e33644ac857f0,8361470103.839998,1e-06,mapped
Banco_do_Brasil,2025Q1,loans,1223818.275711,BRL_million,end_of_period,managerial_balance,consolidated,PF and PJ exclude separately classified agribusiness,Carteira de Crédito,https://api.mziq.com/mzfilemanager/v2/d/5760dff3-15e1-4962-9e81-322a0b3d0bbd/57f31488-1d17-f384-a832-c381f00e6a1f?origin=2,documents/Banco_do_Brasil/2026/2T26/Series_Historicas_2T26__5137c248b8ef.xlsx,Carteira de Crédito!AH6,2026Q2,5137c248b8ef08c957644c4a9b9ffe2c87d52b7105c66b821f7e33644ac857f0,1223818.2757110305,1,mapped
Banco_do_Brasil,2025Q1,loans_agriculture,406197.595375,BRL_million,end_of_period,managerial_balance,consolidated,PF and PJ exclude separately classified agribusiness,Agronegócios,https://api.mziq.com/mzfilemanager/v2/d/5760dff3-15e1-4962-9e81-322a0b3d0bbd/57f31488-1d17-f384-a832-c381f00e6a1f?origin=2,documents/Banco_do_Brasil/2026/2T26/Series_Historicas_2T26__5137c248b8ef.xlsx,Carteira de Crédito!AH13,2026Q2,5137c248b8ef08c957644c4a9b9ffe2c87d52b7105c66b821f7e33644ac857f0,406197.5953747704,1,mapped
Banco_do_Brasil,2025Q1,loans_corporate,419307.484604,BRL_million,end_of_period,managerial_balance,consolidated,PF and PJ exclude separately classified agribusiness,Pessoa Jurídica,https://api.mziq.com/mzfilemanager/v2/d/5760dff3-15e1-4962-9e81-322a0b3d0bbd/57f31488-1d17-f384-a832-c381f00e6a1f?origin=2,documents/Banco_do_Brasil/2026/2T26/Series_Historicas_2T26__5137c248b8ef.xlsx,Carteira de Crédito!AH9,2026Q2,5137c248b8ef08c957644c4a9b9ffe2c87d52b7105c66b821f7e33644ac857f0,419307.48460440064,1,mapped
Banco_do_Brasil,2025Q1,loans_expanded,1277799.477534,BRL_million,end_of_period,managerial_balance,consolidated,PF and PJ exclude separately classified agribusiness,Carteira de Crédito Expandida,https://api.mziq.com/mzfilemanager/v2/d/5760dff3-15e1-4962-9e81-322a0b3d0bbd/57f31488-1d17-f384-a832-c381f00e6a1f?origin=2,documents/Banco_do_Brasil/2026/2T26/Series_Historicas_2T26__5137c248b8ef.xlsx,Carteira de Crédito!AH18,2026Q2,5137c248b8ef08c957644c4a9b9ffe2c87d52b7105c66b821f7e33644ac857f0,1277799.4775335721,1,mapped
Banco_do_Brasil,2025Q1,loans_individuals,335733.700052,BRL_million,end_of_period,managerial_balance,consolidated,PF and PJ exclude separately classified agribusiness,Pessoa Física,https://api.mziq.com/mzfilemanager/v2/d/5760dff3-15e1-4962-9e81-322a0b3d0bbd/57f31488-1d17-f384-a832-c381f00e6a1f?origin=2,documents/Banco_do_Brasil/2026/2T26/Series_Historicas_2T26__5137c248b8ef.xlsx,Carteira de Crédito!AH8,2026Q2,5137c248b8ef08c957644c4a9b9ffe2c87d52b7105c66b821f7e33644ac857f0,335733.7000521194,1,mapped
Banco_do_Brasil,2025Q1,net_income_accounting,6772.065,BRL_million,quarter,accounting_consolidated,consolidated,,Lucro Líquido,https://api.mziq.com/mzfilemanager/v2/d/5760dff3-15e1-4962-9e81-322a0b3d0bbd/57f31488-1d17-f384-a832-c381f00e6a1f?origin=2,documents/Banco_do_Brasil/2026/2T26/Series_Historicas_2T26__5137c248b8ef.xlsx,DRE Societária!B40,2026Q2,5137c248b8ef08c957644c4a9b9ffe2c87d52b7105c66b821f7e33644ac857f0,6772065,0.001,mapped
Banco_do_Brasil,2025Q1,net_income_adjusted,7374.036821,BRL_million,quarter,managerial_adjusted,consolidated,CMN 4966 from 2025; BRL cells displayed in millions,Lucro Líquido Ajustado,https://api.mziq.com/mzfilemanager/v2/d/5760dff3-15e1-4962-9e81-322a0b3d0bbd/57f31488-1d17-f384-a832-c381f00e6a1f?origin=2,documents/Banco_do_Brasil/2026/2T26/Series_Historicas_2T26__5137c248b8ef.xlsx,DRE com Realocações!B33,2026Q2,5137c248b8ef08c957644c4a9b9ffe2c87d52b7105c66b821f7e33644ac857f0,7374036821.169521,1e-06,mapped
Banco_do_Brasil,2025Q1,net_interest_income,23881.380718,BRL_million,quarter,managerial_adjusted,consolidated,CMN 4966 from 2025; BRL cells displayed in millions,Margem Financeira Bruta,https://api.mziq.com/mzfilemanager/v2/d/5760dff3-15e1-4962-9e81-322a0b3d0bbd/57f31488-1d17-f384-a832-c381f00e6a1f?origin=2,documents/Banco_do_Brasil/2026/2T26/Series_Historicas_2T26__5137c248b8ef.xlsx,DRE com Realocações!B6,2026Q2,5137c248b8ef08c957644c4a9b9ffe2c87d52b7105c66b821f7e33644ac857f0,23881380717.8294,1e-06,mapped
Banco_do_Brasil,2025Q1,new_npl,14285.102274,BRL_million,quarter,managerial_credit,consolidated,CMN 4966 affects write-off and expected-loss accounting from 2025,Formação da Inadimplência (New NPL),https://api.mziq.com/mzfilemanager/v2/d/5760dff3-15e1-4962-9e81-322a0b3d0bbd/57f31488-1d17-f384-a832-c381f00e6a1f?origin=2,documents/Banco_do_Brasil/2026/2T26/Series_Historicas_2T26__5137c248b8ef.xlsx,Índices de Atraso!AT27,2026Q2,5137c248b8ef08c957644c4a9b9ffe2c87d52b7105c66b821f7e33644ac857f0,14285.102273703407,1,mapped
Banco_do_Brasil,2025Q1,npl90,3.633953,percent,end_of_period,managerial_credit,consolidated,CMN 4966 affects write-off and expected-loss accounting from 2025,Op. Vencidas +90 dias / Carteira de Crédito - (%),https://api.mziq.com/mzfilemanager/v2/d/5760dff3-15e1-4962-9e81-322a0b3d0bbd/57f31488-1d17-f384-a832-c381f00e6a1f?origin=2,documents/Banco_do_Brasil/2026/2T26/Series_Historicas_2T26__5137c248b8ef.xlsx,Índices de Atraso!AT9,2026Q2,5137c248b8ef08c957644c4a9b9ffe2c87d52b7105c66b821f7e33644ac857f0,3.633953004495087,1,mapped
Banco_do_Brasil,2025Q1,operating_expenses,9496.366803,BRL_million,quarter,managerial_adjusted,consolidated,CMN 4966 from 2025; BRL cells displayed in millions,Despesas Administrativas,https://api.mziq.com/mzfilemanager/v2/d/5760dff3-15e1-4962-9e81-322a0b3d0bbd/57f31488-1d17-f384-a832-c381f00e6a1f?origin=2,documents/Banco_do_Brasil/2026/2T26/Series_Historicas_2T26__5137c248b8ef.xlsx,DRE com Realocações!B14,2026Q2,5137c248b8ef08c957644c4a9b9ffe2c87d52b7105c66b821f7e33644ac857f0,-9496366802.689993,-1e-06,mapped
Banco_do_Brasil,2025Q1,other_operating_result,-4263.589923,BRL_million,quarter,managerial_adjusted,consolidated,CMN 4966 from 2025; BRL cells displayed in millions,Outras Receitas/Despesas Operacionais,https://api.mziq.com/mzfilemanager/v2/d/5760dff3-15e1-4962-9e81-322a0b3d0bbd/57f31488-1d17-f384-a832-c381f00e6a1f?origin=2,documents/Banco_do_Brasil/2026/2T26/Series_Historicas_2T26__5137c248b8ef.xlsx,DRE com Realocações!B12,2026Q2,5137c248b8ef08c957644c4a9b9ffe2c87d52b7105c66b821f7e33644ac857f0,-4263589922.5203447,1e-06,mapped
Banco_do_Brasil,2025Q1,personnel_expenses,6322.174645,BRL_million,quarter,managerial_adjusted,consolidated,CMN 4966 from 2025; BRL cells displayed in millions,Despesas de Pessoal,https://api.mziq.com/mzfilemanager/v2/d/5760dff3-15e1-4962-9e81-322a0b3d0bbd/57f31488-1d17-f384-a832-c381f00e6a1f?origin=2,documents/Banco_do_Brasil/2026/2T26/Series_Historicas_2T26__5137c248b8ef.xlsx,DRE com Realocações!B15,2026Q2,5137c248b8ef08c957644c4a9b9ffe2c87d52b7105c66b821f7e33644ac857f0,-6322174645.059997,-1e-06,mapped
Banco_do_Brasil,2025Q1,pretax_income,9505.341138,BRL_million,quarter,managerial_adjusted,consolidated,CMN 4966 from 2025; BRL cells displayed in millions,Resultado Antes da Trib. s/ o Lucro,https://api.mziq.com/mzfilemanager/v2/d/5760dff3-15e1-4962-9e81-322a0b3d0bbd/57f31488-1d17-f384-a832-c381f00e6a1f?origin=2,documents/Banco_do_Brasil/2026/2T26/Series_Historicas_2T26__5137c248b8ef.xlsx,DRE com Realocações!B29,2026Q2,5137c248b8ef08c957644c4a9b9ffe2c87d52b7105c66b821f7e33644ac857f0,9505341138.119112,1e-06,mapped
Banco_do_Brasil,2025Q1,roe_accounting,14.915571,percent,quarter_annualized,managerial_adjusted,consolidated,,Rentabilidade s/ PL Médio (Contábil) – Anualizado (%),https://api.mziq.com/mzfilemanager/v2/d/5760dff3-15e1-4962-9e81-322a0b3d0bbd/57f31488-1d17-f384-a832-c381f00e6a1f?origin=2,documents/Banco_do_Brasil/2026/2T26/Series_Historicas_2T26__5137c248b8ef.xlsx,Desempenho e Eficiência!Z7,2026Q2,5137c248b8ef08c957644c4a9b9ffe2c87d52b7105c66b821f7e33644ac857f0,14.91557148895876,1,mapped
Banco_do_Brasil,2025Q1,roe_adjusted,16.672734,percent,quarter_annualized,managerial_adjusted,consolidated,,Rentabilidade s/ PL Médio – Anualizado (%),https://api.mziq.com/mzfilemanager/v2/d/5760dff3-15e1-4962-9e81-322a0b3d0bbd/57f31488-1d17-f384-a832-c381f00e6a1f?origin=2,documents/Banco_do_Brasil/2026/2T26/Series_Historicas_2T26__5137c248b8ef.xlsx,Desempenho e Eficiência!Z9,2026Q2,5137c248b8ef08c957644c4a9b9ffe2c87d52b7105c66b821f7e33644ac857f0,16.67273423453946,1,mapped
Banco_do_Brasil,2025Q2,assets,2437483.347,BRL_million,end_of_period,accounting_consolidated,consolidated,,Total do Ativo,https://api.mziq.com/mzfilemanager/v2/d/5760dff3-15e1-4962-9e81-322a0b3d0bbd/57f31488-1d17-f384-a832-c381f00e6a1f?origin=2,documents/Banco_do_Brasil/2026/2T26/Series_Historicas_2T26__5137c248b8ef.xlsx,BP - Ativo!C6,2026Q2,5137c248b8ef08c957644c4a9b9ffe2c87d52b7105c66b821f7e33644ac857f0,2437483347000,1e-06,mapped
Banco_do_Brasil,2025Q2,capital_total,14.1438,percent,end_of_period,prudential,prudential,,Índice de Basileia (PR / RWA)(%),https://api.mziq.com/mzfilemanager/v2/d/5760dff3-15e1-4962-9e81-322a0b3d0bbd/57f31488-1d17-f384-a832-c381f00e6a1f?origin=2,documents/Banco_do_Brasil/2026/2T26/Series_Historicas_2T26__5137c248b8ef.xlsx,Índice de Basileia!AZ56,2026Q2,5137c248b8ef08c957644c4a9b9ffe2c87d52b7105c66b821f7e33644ac857f0,0.14143799801542312,100,mapped
Banco_do_Brasil,2025Q2,cet1,10.969845,percent,end_of_period,prudential,prudential,,Índice de Capital Principal (CP/RWA)(%),https://api.mziq.com/mzfilemanager/v2/d/5760dff3-15e1-4962-9e81-322a0b3d0bbd/57f31488-1d17-f384-a832-c381f00e6a1f?origin=2,documents/Banco_do_Brasil/2026/2T26/Series_Historicas_2T26__5137c248b8ef.xlsx,Índice de Basileia!AZ55,2026Q2,5137c248b8ef08c957644c4a9b9ffe2c87d52b7105c66b821f7e33644ac857f0,0.109698448669398,100,mapped
Banco_do_Brasil,2025Q2,coverage_npl90,183.164364,percent,end_of_period,managerial_credit,consolidated,CMN 4966 affects write-off and expected-loss accounting from 2025,Perda Esperada/Op. Vencidas +90 dias - (%),https://api.mziq.com/mzfilemanager/v2/d/5760dff3-15e1-4962-9e81-322a0b3d0bbd/57f31488-1d17-f384-a832-c381f00e6a1f?origin=2,documents/Banco_do_Brasil/2026/2T26/Series_Historicas_2T26__5137c248b8ef.xlsx,Índices de Atraso!AU24,2026Q2,5137c248b8ef08c957644c4a9b9ffe2c87d52b7105c66b821f7e33644ac857f0,183.1643636654081,1,mapped
Banco_do_Brasil,2025Q2,credit_allowance,89248.015833,BRL_million,end_of_period,managerial_credit,consolidated,CMN 4966 affects write-off and expected-loss accounting from 2025,Perda Esperada,https://api.mziq.com/mzfilemanager/v2/d/5760dff3-15e1-4962-9e81-322a0b3d0bbd/57f31488-1d17-f384-a832-c381f00e6a1f?origin=2,documents/Banco_do_Brasil/2026/2T26/Series_Historicas_2T26__5137c248b8ef.xlsx,Índices de Atraso!AU22,2026Q2,5137c248b8ef08c957644c4a9b9ffe2c87d52b7105c66b821f7e33644ac857f0,89248.01583281,1,mapped
Banco_do_Brasil,2025Q2,credit_cost,15907.804078,BRL_million,quarter,managerial_adjusted,consolidated,CMN 4966 from 2025; BRL cells displayed in millions,Custo do Crédito,https://api.mziq.com/mzfilemanager/v2/d/5760dff3-15e1-4962-9e81-322a0b3d0bbd/57f31488-1d17-f384-a832-c381f00e6a1f?origin=2,documents/Banco_do_Brasil/2026/2T26/Series_Historicas_2T26__5137c248b8ef.xlsx,DRE com Realocações!C7,2026Q2,5137c248b8ef08c957644c4a9b9ffe2c87d52b7105c66b821f7e33644ac857f0,-15907804078.26,-1e-06,mapped
Banco_do_Brasil,2025Q2,customer_funding,1138672.771459,BRL_million,end_of_period,managerial_balance,consolidated,Commercial funding: deposits and selected securities; excludes institutional funding,Captações Comerciais,https://api.mziq.com/mzfilemanager/v2/d/5760dff3-15e1-4962-9e81-322a0b3d0bbd/57f31488-1d17-f384-a832-c381f00e6a1f?origin=2,documents/Banco_do_Brasil/2026/2T26/Series_Historicas_2T26__5137c248b8ef.xlsx,Fontes e Usos!K7,2026Q2,5137c248b8ef08c957644c4a9b9ffe2c87d52b7105c66b821f7e33644ac857f0,1138672771458.84,1e-06,mapped
Banco_do_Brasil,2025Q2,efficiency,27.023243,percent,trailing_12m,managerial_adjusted,consolidated,,Índice de Eficiência - 12 meses %,https://api.mziq.com/mzfilemanager/v2/d/5760dff3-15e1-4962-9e81-322a0b3d0bbd/57f31488-1d17-f384-a832-c381f00e6a1f?origin=2,documents/Banco_do_Brasil/2026/2T26/Series_Historicas_2T26__5137c248b8ef.xlsx,Desempenho e Eficiência!AA11,2026Q2,5137c248b8ef08c957644c4a9b9ffe2c87d52b7105c66b821f7e33644ac857f0,27.023242812375642,1,mapped
Banco_do_Brasil,2025Q2,equity,183548.999,BRL_million,end_of_period,accounting_consolidated,consolidated,,Patrimônio Líquido,https://api.mziq.com/mzfilemanager/v2/d/5760dff3-15e1-4962-9e81-322a0b3d0bbd/57f31488-1d17-f384-a832-c381f00e6a1f?origin=2,documents/Banco_do_Brasil/2026/2T26/Series_Historicas_2T26__5137c248b8ef.xlsx,BP - Passivo!C21,2026Q2,5137c248b8ef08c957644c4a9b9ffe2c87d52b7105c66b821f7e33644ac857f0,183548999000,1e-06,mapped
Banco_do_Brasil,2025Q2,fees,8753.750615,BRL_million,quarter,managerial_adjusted,consolidated,CMN 4966 from 2025; BRL cells displayed in millions,Receitas de Prestação de Serviços ,https://api.mziq.com/mzfilemanager/v2/d/5760dff3-15e1-4962-9e81-322a0b3d0bbd/57f31488-1d17-f384-a832-c381f00e6a1f?origin=2,documents/Banco_do_Brasil/2026/2T26/Series_Historicas_2T26__5137c248b8ef.xlsx,DRE com Realocações!C13,2026Q2,5137c248b8ef08c957644c4a9b9ffe2c87d52b7105c66b821f7e33644ac857f0,8753750614.759998,1e-06,mapped
Banco_do_Brasil,2025Q2,loans,1231084.493519,BRL_million,end_of_period,managerial_balance,consolidated,PF and PJ exclude separately classified agribusiness,Carteira de Crédito,https://api.mziq.com/mzfilemanager/v2/d/5760dff3-15e1-4962-9e81-322a0b3d0bbd/57f31488-1d17-f384-a832-c381f00e6a1f?origin=2,documents/Banco_do_Brasil/2026/2T26/Series_Historicas_2T26__5137c248b8ef.xlsx,Carteira de Crédito!AI6,2026Q2,5137c248b8ef08c957644c4a9b9ffe2c87d52b7105c66b821f7e33644ac857f0,1231084.4935192293,1,mapped
Banco_do_Brasil,2025Q2,loans_agriculture,404893.497035,BRL_million,end_of_period,managerial_balance,consolidated,PF and PJ exclude separately classified agribusiness,Agronegócios,https://api.mziq.com/mzfilemanager/v2/d/5760dff3-15e1-4962-9e81-322a0b3d0bbd/57f31488-1d17-f384-a832-c381f00e6a1f?origin=2,documents/Banco_do_Brasil/2026/2T26/Series_Historicas_2T26__5137c248b8ef.xlsx,Carteira de Crédito!AI13,2026Q2,5137c248b8ef08c957644c4a9b9ffe2c87d52b7105c66b821f7e33644ac857f0,404893.49703537975,1,mapped
Banco_do_Brasil,2025Q2,loans_corporate,421084.839374,BRL_million,end_of_period,managerial_balance,consolidated,PF and PJ exclude separately classified agribusiness,Pessoa Jurídica,https://api.mziq.com/mzfilemanager/v2/d/5760dff3-15e1-4962-9e81-322a0b3d0bbd/57f31488-1d17-f384-a832-c381f00e6a1f?origin=2,documents/Banco_do_Brasil/2026/2T26/Series_Historicas_2T26__5137c248b8ef.xlsx,Carteira de Crédito!AI9,2026Q2,5137c248b8ef08c957644c4a9b9ffe2c87d52b7105c66b821f7e33644ac857f0,421084.8393742497,1,mapped
Banco_do_Brasil,2025Q2,loans_expanded,1294296.330819,BRL_million,end_of_period,managerial_balance,consolidated,PF and PJ exclude separately classified agribusiness,Carteira de Crédito Expandida,https://api.mziq.com/mzfilemanager/v2/d/5760dff3-15e1-4962-9e81-322a0b3d0bbd/57f31488-1d17-f384-a832-c381f00e6a1f?origin=2,documents/Banco_do_Brasil/2026/2T26/Series_Historicas_2T26__5137c248b8ef.xlsx,Carteira de Crédito!AI18,2026Q2,5137c248b8ef08c957644c4a9b9ffe2c87d52b7105c66b821f7e33644ac857f0,1294296.3308193793,1,mapped
Banco_do_Brasil,2025Q2,loans_individuals,342512.251123,BRL_million,end_of_period,managerial_balance,consolidated,PF and PJ exclude separately classified agribusiness,Pessoa Física,https://api.mziq.com/mzfilemanager/v2/d/5760dff3-15e1-4962-9e81-322a0b3d0bbd/57f31488-1d17-f384-a832-c381f00e6a1f?origin=2,documents/Banco_do_Brasil/2026/2T26/Series_Historicas_2T26__5137c248b8ef.xlsx,Carteira de Crédito!AI8,2026Q2,5137c248b8ef08c957644c4a9b9ffe2c87d52b7105c66b821f7e33644ac857f0,342512.25112341996,1,mapped
Banco_do_Brasil,2025Q2,net_income_accounting,3035.284,BRL_million,quarter,accounting_consolidated,consolidated,,Lucro Líquido,https://api.mziq.com/mzfilemanager/v2/d/5760dff3-15e1-4962-9e81-322a0b3d0bbd/57f31488-1d17-f384-a832-c381f00e6a1f?origin=2,documents/Banco_do_Brasil/2026/2T26/Series_Historicas_2T26__5137c248b8ef.xlsx,DRE Societária!C40,2026Q2,5137c248b8ef08c957644c4a9b9ffe2c87d52b7105c66b821f7e33644ac857f0,3035284,0.001,mapped
Banco_do_Brasil,2025Q2,net_income_adjusted,3784.23083,BRL_million,quarter,managerial_adjusted,consolidated,CMN 4966 from 2025; BRL cells displayed in millions,Lucro Líquido Ajustado,https://api.mziq.com/mzfilemanager/v2/d/5760dff3-15e1-4962-9e81-322a0b3d0bbd/57f31488-1d17-f384-a832-c381f00e6a1f?origin=2,documents/Banco_do_Brasil/2026/2T26/Series_Historicas_2T26__5137c248b8ef.xlsx,DRE com Realocações!C33,2026Q2,5137c248b8ef08c957644c4a9b9ffe2c87d52b7105c66b821f7e33644ac857f0,3784230830.400802,1e-06,mapped
Banco_do_Brasil,2025Q2,net_interest_income,25079.932053,BRL_million,quarter,managerial_adjusted,consolidated,CMN 4966 from 2025; BRL cells displayed in millions,Margem Financeira Bruta,https://api.mziq.com/mzfilemanager/v2/d/5760dff3-15e1-4962-9e81-322a0b3d0bbd/57f31488-1d17-f384-a832-c381f00e6a1f?origin=2,documents/Banco_do_Brasil/2026/2T26/Series_Historicas_2T26__5137c248b8ef.xlsx,DRE com Realocações!C6,2026Q2,5137c248b8ef08c957644c4a9b9ffe2c87d52b7105c66b821f7e33644ac857f0,25079932053.06484,1e-06,mapped
Banco_do_Brasil,2025Q2,new_npl,15775.313278,BRL_million,quarter,managerial_credit,consolidated,CMN 4966 affects write-off and expected-loss accounting from 2025,Formação da Inadimplência (New NPL),https://api.mziq.com/mzfilemanager/v2/d/5760dff3-15e1-4962-9e81-322a0b3d0bbd/57f31488-1d17-f384-a832-c381f00e6a1f?origin=2,documents/Banco_do_Brasil/2026/2T26/Series_Historicas_2T26__5137c248b8ef.xlsx,Índices de Atraso!AU27,2026Q2,5137c248b8ef08c957644c4a9b9ffe2c87d52b7105c66b821f7e33644ac857f0,15775.313278359052,1,mapped
Banco_do_Brasil,2025Q2,npl90,3.957945,percent,end_of_period,managerial_credit,consolidated,CMN 4966 affects write-off and expected-loss accounting from 2025,Op. Vencidas +90 dias / Carteira de Crédito - (%),https://api.mziq.com/mzfilemanager/v2/d/5760dff3-15e1-4962-9e81-322a0b3d0bbd/57f31488-1d17-f384-a832-c381f00e6a1f?origin=2,documents/Banco_do_Brasil/2026/2T26/Series_Historicas_2T26__5137c248b8ef.xlsx,Índices de Atraso!AU9,2026Q2,5137c248b8ef08c957644c4a9b9ffe2c87d52b7105c66b821f7e33644ac857f0,3.9579447461449924,1,mapped
Banco_do_Brasil,2025Q2,operating_expenses,9676.084234,BRL_million,quarter,managerial_adjusted,consolidated,CMN 4966 from 2025; BRL cells displayed in millions,Despesas Administrativas,https://api.mziq.com/mzfilemanager/v2/d/5760dff3-15e1-4962-9e81-322a0b3d0bbd/57f31488-1d17-f384-a832-c381f00e6a1f?origin=2,documents/Banco_do_Brasil/2026/2T26/Series_Historicas_2T26__5137c248b8ef.xlsx,DRE com Realocações!C14,2026Q2,5137c248b8ef08c957644c4a9b9ffe2c87d52b7105c66b821f7e33644ac857f0,-9676084233.620995,-1e-06,mapped
Banco_do_Brasil,2025Q2,other_operating_result,-3994.491054,BRL_million,quarter,managerial_adjusted,consolidated,CMN 4966 from 2025; BRL cells displayed in millions,Outras Receitas/Despesas Operacionais,https://api.mziq.com/mzfilemanager/v2/d/5760dff3-15e1-4962-9e81-322a0b3d0bbd/57f31488-1d17-f384-a832-c381f00e6a1f?origin=2,documents/Banco_do_Brasil/2026/2T26/Series_Historicas_2T26__5137c248b8ef.xlsx,DRE com Realocações!C12,2026Q2,5137c248b8ef08c957644c4a9b9ffe2c87d52b7105c66b821f7e33644ac857f0,-3994491054.0892706,1e-06,mapped
Banco_do_Brasil,2025Q2,personnel_expenses,6444.329934,BRL_million,quarter,managerial_adjusted,consolidated,CMN 4966 from 2025; BRL cells displayed in millions,Despesas de Pessoal,https://api.mziq.com/mzfilemanager/v2/d/5760dff3-15e1-4962-9e81-322a0b3d0bbd/57f31488-1d17-f384-a832-c381f00e6a1f?origin=2,documents/Banco_do_Brasil/2026/2T26/Series_Historicas_2T26__5137c248b8ef.xlsx,DRE com Realocações!C15,2026Q2,5137c248b8ef08c957644c4a9b9ffe2c87d52b7105c66b821f7e33644ac857f0,-6444329934.380995,-1e-06,mapped
Banco_do_Brasil,2025Q2,pretax_income,5275.882164,BRL_million,quarter,managerial_adjusted,consolidated,CMN 4966 from 2025; BRL cells displayed in millions,Resultado Antes da Trib. s/ o Lucro,https://api.mziq.com/mzfilemanager/v2/d/5760dff3-15e1-4962-9e81-322a0b3d0bbd/57f31488-1d17-f384-a832-c381f00e6a1f?origin=2,documents/Banco_do_Brasil/2026/2T26/Series_Historicas_2T26__5137c248b8ef.xlsx,DRE com Realocações!C29,2026Q2,5137c248b8ef08c957644c4a9b9ffe2c87d52b7105c66b821f7e33644ac857f0,5275882163.77558,1e-06,mapped
Banco_do_Brasil,2025Q2,roe_accounting,6.603137,percent,quarter_annualized,managerial_adjusted,consolidated,,Rentabilidade s/ PL Médio (Contábil) – Anualizado (%),https://api.mziq.com/mzfilemanager/v2/d/5760dff3-15e1-4962-9e81-322a0b3d0bbd/57f31488-1d17-f384-a832-c381f00e6a1f?origin=2,documents/Banco_do_Brasil/2026/2T26/Series_Historicas_2T26__5137c248b8ef.xlsx,Desempenho e Eficiência!AA7,2026Q2,5137c248b8ef08c957644c4a9b9ffe2c87d52b7105c66b821f7e33644ac857f0,6.603136978274445,1,mapped
Banco_do_Brasil,2025Q2,roe_adjusted,8.444002,percent,quarter_annualized,managerial_adjusted,consolidated,,Rentabilidade s/ PL Médio – Anualizado (%),https://api.mziq.com/mzfilemanager/v2/d/5760dff3-15e1-4962-9e81-322a0b3d0bbd/57f31488-1d17-f384-a832-c381f00e6a1f?origin=2,documents/Banco_do_Brasil/2026/2T26/Series_Historicas_2T26__5137c248b8ef.xlsx,Desempenho e Eficiência!AA9,2026Q2,5137c248b8ef08c957644c4a9b9ffe2c87d52b7105c66b821f7e33644ac857f0,8.444002388265831,1,mapped
Banco_do_Brasil,2025Q3,assets,2538718.038,BRL_million,end_of_period,accounting_consolidated,consolidated,,Total do Ativo,https://api.mziq.com/mzfilemanager/v2/d/5760dff3-15e1-4962-9e81-322a0b3d0bbd/57f31488-1d17-f384-a832-c381f00e6a1f?origin=2,documents/Banco_do_Brasil/2026/2T26/Series_Historicas_2T26__5137c248b8ef.xlsx,BP - Ativo!D6,2026Q2,5137c248b8ef08c957644c4a9b9ffe2c87d52b7105c66b821f7e33644ac857f0,2538718038000,1e-06,mapped
Banco_do_Brasil,2025Q3,capital_total,14.806389,percent,end_of_period,prudential,prudential,,Índice de Basileia (PR / RWA)(%),https://api.mziq.com/mzfilemanager/v2/d/5760dff3-15e1-4962-9e81-322a0b3d0bbd/57f31488-1d17-f384-a832-c381f00e6a1f?origin=2,documents/Banco_do_Brasil/2026/2T26/Series_Historicas_2T26__5137c248b8ef.xlsx,Índice de Basileia!BA56,2026Q2,5137c248b8ef08c957644c4a9b9ffe2c87d52b7105c66b821f7e33644ac857f0,0.14806388814616514,100,mapped
Banco_do_Brasil,2025Q3,cet1,11.157599,percent,end_of_period,prudential,prudential,,Índice de Capital Principal (CP/RWA)(%),https://api.mziq.com/mzfilemanager/v2/d/5760dff3-15e1-4962-9e81-322a0b3d0bbd/57f31488-1d17-f384-a832-c381f00e6a1f?origin=2,documents/Banco_do_Brasil/2026/2T26/Series_Historicas_2T26__5137c248b8ef.xlsx,Índice de Basileia!BA55,2026Q2,5137c248b8ef08c957644c4a9b9ffe2c87d52b7105c66b821f7e33644ac857f0,0.11157599158319759,100,mapped
Banco_do_Brasil,2025Q3,coverage_npl90,174.268949,percent,end_of_period,managerial_credit,consolidated,CMN 4966 affects write-off and expected-loss accounting from 2025,Perda Esperada/Op. Vencidas +90 dias - (%),https://api.mziq.com/mzfilemanager/v2/d/5760dff3-15e1-4962-9e81-322a0b3d0bbd/57f31488-1d17-f384-a832-c381f00e6a1f?origin=2,documents/Banco_do_Brasil/2026/2T26/Series_Historicas_2T26__5137c248b8ef.xlsx,Índices de Atraso!AV24,2026Q2,5137c248b8ef08c957644c4a9b9ffe2c87d52b7105c66b821f7e33644ac857f0,174.26894892776625,1,mapped
Banco_do_Brasil,2025Q3,credit_allowance,95446.711084,BRL_million,end_of_period,managerial_credit,consolidated,CMN 4966 affects write-off and expected-loss accounting from 2025,Perda Esperada,https://api.mziq.com/mzfilemanager/v2/d/5760dff3-15e1-4962-9e81-322a0b3d0bbd/57f31488-1d17-f384-a832-c381f00e6a1f?origin=2,documents/Banco_do_Brasil/2026/2T26/Series_Historicas_2T26__5137c248b8ef.xlsx,Índices de Atraso!AV22,2026Q2,5137c248b8ef08c957644c4a9b9ffe2c87d52b7105c66b821f7e33644ac857f0,95446.71108378,1,mapped
Banco_do_Brasil,2025Q3,credit_cost,17928.021435,BRL_million,quarter,managerial_adjusted,consolidated,CMN 4966 from 2025; BRL cells displayed in millions,Custo do Crédito,https://api.mziq.com/mzfilemanager/v2/d/5760dff3-15e1-4962-9e81-322a0b3d0bbd/57f31488-1d17-f384-a832-c381f00e6a1f?origin=2,documents/Banco_do_Brasil/2026/2T26/Series_Historicas_2T26__5137c248b8ef.xlsx,DRE com Realocações!D7,2026Q2,5137c248b8ef08c957644c4a9b9ffe2c87d52b7105c66b821f7e33644ac857f0,-17928021434.760036,-1e-06,mapped
Banco_do_Brasil,2025Q3,customer_funding,1149651.319347,BRL_million,end_of_period,managerial_balance,consolidated,Commercial funding: deposits and selected securities; excludes institutional funding,Captações Comerciais,https://api.mziq.com/mzfilemanager/v2/d/5760dff3-15e1-4962-9e81-322a0b3d0bbd/57f31488-1d17-f384-a832-c381f00e6a1f?origin=2,documents/Banco_do_Brasil/2026/2T26/Series_Historicas_2T26__5137c248b8ef.xlsx,Fontes e Usos!L7,2026Q2,5137c248b8ef08c957644c4a9b9ffe2c87d52b7105c66b821f7e33644ac857f0,1149651319347.14,1e-06,mapped
Banco_do_Brasil,2025Q3,efficiency,27.608594,percent,trailing_12m,managerial_adjusted,consolidated,,Índice de Eficiência - 12 meses %,https://api.mziq.com/mzfilemanager/v2/d/5760dff3-15e1-4962-9e81-322a0b3d0bbd/57f31488-1d17-f384-a832-c381f00e6a1f?origin=2,documents/Banco_do_Brasil/2026/2T26/Series_Historicas_2T26__5137c248b8ef.xlsx,Desempenho e Eficiência!AB11,2026Q2,5137c248b8ef08c957644c4a9b9ffe2c87d52b7105c66b821f7e33644ac857f0,27.608594499653467,1,mapped
Banco_do_Brasil,2025Q3,equity,186586.822,BRL_million,end_of_period,accounting_consolidated,consolidated,,Patrimônio Líquido,https://api.mziq.com/mzfilemanager/v2/d/5760dff3-15e1-4962-9e81-322a0b3d0bbd/57f31488-1d17-f384-a832-c381f00e6a1f?origin=2,documents/Banco_do_Brasil/2026/2T26/Series_Historicas_2T26__5137c248b8ef.xlsx,BP - Passivo!D21,2026Q2,5137c248b8ef08c957644c4a9b9ffe2c87d52b7105c66b821f7e33644ac857f0,186586822000,1e-06,mapped
Banco_do_Brasil,2025Q3,fees,8863.246173,BRL_million,quarter,managerial_adjusted,consolidated,CMN 4966 from 2025; BRL cells displayed in millions,Receitas de Prestação de Serviços ,https://api.mziq.com/mzfilemanager/v2/d/5760dff3-15e1-4962-9e81-322a0b3d0bbd/57f31488-1d17-f384-a832-c381f00e6a1f?origin=2,documents/Banco_do_Brasil/2026/2T26/Series_Historicas_2T26__5137c248b8ef.xlsx,DRE com Realocações!D13,2026Q2,5137c248b8ef08c957644c4a9b9ffe2c87d52b7105c66b821f7e33644ac857f0,8863246173.16,1e-06,mapped
Banco_do_Brasil,2025Q3,loans,1214344.880286,BRL_million,end_of_period,managerial_balance,consolidated,PF and PJ exclude separately classified agribusiness,Carteira de Crédito,https://api.mziq.com/mzfilemanager/v2/d/5760dff3-15e1-4962-9e81-322a0b3d0bbd/57f31488-1d17-f384-a832-c381f00e6a1f?origin=2,documents/Banco_do_Brasil/2026/2T26/Series_Historicas_2T26__5137c248b8ef.xlsx,Carteira de Crédito!AJ6,2026Q2,5137c248b8ef08c957644c4a9b9ffe2c87d52b7105c66b821f7e33644ac857f0,1214344.8802856596,1,mapped
Banco_do_Brasil,2025Q3,loans_agriculture,398789.964621,BRL_million,end_of_period,managerial_balance,consolidated,PF and PJ exclude separately classified agribusiness,Agronegócios,https://api.mziq.com/mzfilemanager/v2/d/5760dff3-15e1-4962-9e81-322a0b3d0bbd/57f31488-1d17-f384-a832-c381f00e6a1f?origin=2,documents/Banco_do_Brasil/2026/2T26/Series_Historicas_2T26__5137c248b8ef.xlsx,Carteira de Crédito!AJ13,2026Q2,5137c248b8ef08c957644c4a9b9ffe2c87d52b7105c66b821f7e33644ac857f0,398789.9646211315,1,mapped
Banco_do_Brasil,2025Q3,loans_corporate,403312.08789,BRL_million,end_of_period,managerial_balance,consolidated,PF and PJ exclude separately classified agribusiness,Pessoa Jurídica,https://api.mziq.com/mzfilemanager/v2/d/5760dff3-15e1-4962-9e81-322a0b3d0bbd/57f31488-1d17-f384-a832-c381f00e6a1f?origin=2,documents/Banco_do_Brasil/2026/2T26/Series_Historicas_2T26__5137c248b8ef.xlsx,Carteira de Crédito!AJ9,2026Q2,5137c248b8ef08c957644c4a9b9ffe2c87d52b7105c66b821f7e33644ac857f0,403312.0878896656,1,mapped
Banco_do_Brasil,2025Q3,loans_expanded,1278644.011602,BRL_million,end_of_period,managerial_balance,consolidated,PF and PJ exclude separately classified agribusiness,Carteira de Crédito Expandida,https://api.mziq.com/mzfilemanager/v2/d/5760dff3-15e1-4962-9e81-322a0b3d0bbd/57f31488-1d17-f384-a832-c381f00e6a1f?origin=2,documents/Banco_do_Brasil/2026/2T26/Series_Historicas_2T26__5137c248b8ef.xlsx,Carteira de Crédito!AJ18,2026Q2,5137c248b8ef08c957644c4a9b9ffe2c87d52b7105c66b821f7e33644ac857f0,1278644.0116016595,1,mapped
Banco_do_Brasil,2025Q3,loans_individuals,350416.138349,BRL_million,end_of_period,managerial_balance,consolidated,PF and PJ exclude separately classified agribusiness,Pessoa Física,https://api.mziq.com/mzfilemanager/v2/d/5760dff3-15e1-4962-9e81-322a0b3d0bbd/57f31488-1d17-f384-a832-c381f00e6a1f?origin=2,documents/Banco_do_Brasil/2026/2T26/Series_Historicas_2T26__5137c248b8ef.xlsx,Carteira de Crédito!AJ8,2026Q2,5137c248b8ef08c957644c4a9b9ffe2c87d52b7105c66b821f7e33644ac857f0,350416.1383494331,1,mapped
Banco_do_Brasil,2025Q3,net_income_accounting,3028.306,BRL_million,quarter,accounting_consolidated,consolidated,,Lucro Líquido,https://api.mziq.com/mzfilemanager/v2/d/5760dff3-15e1-4962-9e81-322a0b3d0bbd/57f31488-1d17-f384-a832-c381f00e6a1f?origin=2,documents/Banco_do_Brasil/2026/2T26/Series_Historicas_2T26__5137c248b8ef.xlsx,DRE Societária!D40,2026Q2,5137c248b8ef08c957644c4a9b9ffe2c87d52b7105c66b821f7e33644ac857f0,3028306,0.001,mapped
Banco_do_Brasil,2025Q3,net_income_adjusted,3784.858706,BRL_million,quarter,managerial_adjusted,consolidated,CMN 4966 from 2025; BRL cells displayed in millions,Lucro Líquido Ajustado,https://api.mziq.com/mzfilemanager/v2/d/5760dff3-15e1-4962-9e81-322a0b3d0bbd/57f31488-1d17-f384-a832-c381f00e6a1f?origin=2,documents/Banco_do_Brasil/2026/2T26/Series_Historicas_2T26__5137c248b8ef.xlsx,DRE com Realocações!D33,2026Q2,5137c248b8ef08c957644c4a9b9ffe2c87d52b7105c66b821f7e33644ac857f0,3784858706.44026,1e-06,mapped
Banco_do_Brasil,2025Q3,net_interest_income,26365.378596,BRL_million,quarter,managerial_adjusted,consolidated,CMN 4966 from 2025; BRL cells displayed in millions,Margem Financeira Bruta,https://api.mziq.com/mzfilemanager/v2/d/5760dff3-15e1-4962-9e81-322a0b3d0bbd/57f31488-1d17-f384-a832-c381f00e6a1f?origin=2,documents/Banco_do_Brasil/2026/2T26/Series_Historicas_2T26__5137c248b8ef.xlsx,DRE com Realocações!D6,2026Q2,5137c248b8ef08c957644c4a9b9ffe2c87d52b7105c66b821f7e33644ac857f0,26365378596.318024,1e-06,mapped
Banco_do_Brasil,2025Q3,new_npl,17991.080135,BRL_million,quarter,managerial_credit,consolidated,CMN 4966 affects write-off and expected-loss accounting from 2025,Formação da Inadimplência (New NPL),https://api.mziq.com/mzfilemanager/v2/d/5760dff3-15e1-4962-9e81-322a0b3d0bbd/57f31488-1d17-f384-a832-c381f00e6a1f?origin=2,documents/Banco_do_Brasil/2026/2T26/Series_Historicas_2T26__5137c248b8ef.xlsx,Índices de Atraso!AV27,2026Q2,5137c248b8ef08c957644c4a9b9ffe2c87d52b7105c66b821f7e33644ac857f0,17991.080134940057,1,mapped
Banco_do_Brasil,2025Q3,npl90,4.510232,percent,end_of_period,managerial_credit,consolidated,CMN 4966 affects write-off and expected-loss accounting from 2025,Op. Vencidas +90 dias / Carteira de Crédito - (%),https://api.mziq.com/mzfilemanager/v2/d/5760dff3-15e1-4962-9e81-322a0b3d0bbd/57f31488-1d17-f384-a832-c381f00e6a1f?origin=2,documents/Banco_do_Brasil/2026/2T26/Series_Historicas_2T26__5137c248b8ef.xlsx,Índices de Atraso!AV9,2026Q2,5137c248b8ef08c957644c4a9b9ffe2c87d52b7105c66b821f7e33644ac857f0,4.510232291460412,1,mapped
Banco_do_Brasil,2025Q3,operating_expenses,9811.59944,BRL_million,quarter,managerial_adjusted,consolidated,CMN 4966 from 2025; BRL cells displayed in millions,Despesas Administrativas,https://api.mziq.com/mzfilemanager/v2/d/5760dff3-15e1-4962-9e81-322a0b3d0bbd/57f31488-1d17-f384-a832-c381f00e6a1f?origin=2,documents/Banco_do_Brasil/2026/2T26/Series_Historicas_2T26__5137c248b8ef.xlsx,DRE com Realocações!D14,2026Q2,5137c248b8ef08c957644c4a9b9ffe2c87d52b7105c66b821f7e33644ac857f0,-9811599439.859999,-1e-06,mapped
Banco_do_Brasil,2025Q3,other_operating_result,-4195.901664,BRL_million,quarter,managerial_adjusted,consolidated,CMN 4966 from 2025; BRL cells displayed in millions,Outras Receitas/Despesas Operacionais,https://api.mziq.com/mzfilemanager/v2/d/5760dff3-15e1-4962-9e81-322a0b3d0bbd/57f31488-1d17-f384-a832-c381f00e6a1f?origin=2,documents/Banco_do_Brasil/2026/2T26/Series_Historicas_2T26__5137c248b8ef.xlsx,DRE com Realocações!D12,2026Q2,5137c248b8ef08c957644c4a9b9ffe2c87d52b7105c66b821f7e33644ac857f0,-4195901664.085141,1e-06,mapped
Banco_do_Brasil,2025Q3,personnel_expenses,6567.441015,BRL_million,quarter,managerial_adjusted,consolidated,CMN 4966 from 2025; BRL cells displayed in millions,Despesas de Pessoal,https://api.mziq.com/mzfilemanager/v2/d/5760dff3-15e1-4962-9e81-322a0b3d0bbd/57f31488-1d17-f384-a832-c381f00e6a1f?origin=2,documents/Banco_do_Brasil/2026/2T26/Series_Historicas_2T26__5137c248b8ef.xlsx,DRE com Realocações!D15,2026Q2,5137c248b8ef08c957644c4a9b9ffe2c87d52b7105c66b821f7e33644ac857f0,-6567441015.149998,-1e-06,mapped
Banco_do_Brasil,2025Q3,pretax_income,4321.853987,BRL_million,quarter,managerial_adjusted,consolidated,CMN 4966 from 2025; BRL cells displayed in millions,Resultado Antes da Trib. s/ o Lucro,https://api.mziq.com/mzfilemanager/v2/d/5760dff3-15e1-4962-9e81-322a0b3d0bbd/57f31488-1d17-f384-a832-c381f00e6a1f?origin=2,documents/Banco_do_Brasil/2026/2T26/Series_Historicas_2T26__5137c248b8ef.xlsx,DRE com Realocações!D29,2026Q2,5137c248b8ef08c957644c4a9b9ffe2c87d52b7105c66b821f7e33644ac857f0,4321853986.752659,1e-06,mapped
Banco_do_Brasil,2025Q3,roe_accounting,6.545286,percent,quarter_annualized,managerial_adjusted,consolidated,,Rentabilidade s/ PL Médio (Contábil) – Anualizado (%),https://api.mziq.com/mzfilemanager/v2/d/5760dff3-15e1-4962-9e81-322a0b3d0bbd/57f31488-1d17-f384-a832-c381f00e6a1f?origin=2,documents/Banco_do_Brasil/2026/2T26/Series_Historicas_2T26__5137c248b8ef.xlsx,Desempenho e Eficiência!AB7,2026Q2,5137c248b8ef08c957644c4a9b9ffe2c87d52b7105c66b821f7e33644ac857f0,6.545286270576771,1,mapped
Banco_do_Brasil,2025Q3,roe_adjusted,8.386286,percent,quarter_annualized,managerial_adjusted,consolidated,,Rentabilidade s/ PL Médio – Anualizado (%),https://api.mziq.com/mzfilemanager/v2/d/5760dff3-15e1-4962-9e81-322a0b3d0bbd/57f31488-1d17-f384-a832-c381f00e6a1f?origin=2,documents/Banco_do_Brasil/2026/2T26/Series_Historicas_2T26__5137c248b8ef.xlsx,Desempenho e Eficiência!AB9,2026Q2,5137c248b8ef08c957644c4a9b9ffe2c87d52b7105c66b821f7e33644ac857f0,8.38628552701777,1,mapped
Banco_do_Brasil,2025Q4,assets,2451620.707698,BRL_million,end_of_period,accounting_consolidated,consolidated,,Total do Ativo,https://api.mziq.com/mzfilemanager/v2/d/5760dff3-15e1-4962-9e81-322a0b3d0bbd/57f31488-1d17-f384-a832-c381f00e6a1f?origin=2,documents/Banco_do_Brasil/2026/2T26/Series_Historicas_2T26__5137c248b8ef.xlsx,BP - Ativo!E6,2026Q2,5137c248b8ef08c957644c4a9b9ffe2c87d52b7105c66b821f7e33644ac857f0,2451620707697.6084,1e-06,mapped
Banco_do_Brasil,2025Q4,capital_total,15.129784,percent,end_of_period,prudential,prudential,,Índice de Basileia (PR / RWA)(%),https://api.mziq.com/mzfilemanager/v2/d/5760dff3-15e1-4962-9e81-322a0b3d0bbd/57f31488-1d17-f384-a832-c381f00e6a1f?origin=2,documents/Banco_do_Brasil/2026/2T26/Series_Historicas_2T26__5137c248b8ef.xlsx,Índice de Basileia!BB56,2026Q2,5137c248b8ef08c957644c4a9b9ffe2c87d52b7105c66b821f7e33644ac857f0,0.15129783551365328,100,mapped
Banco_do_Brasil,2025Q4,cet1,12.226542,percent,end_of_period,prudential,prudential,,Índice de Capital Principal (CP/RWA)(%),https://api.mziq.com/mzfilemanager/v2/d/5760dff3-15e1-4962-9e81-322a0b3d0bbd/57f31488-1d17-f384-a832-c381f00e6a1f?origin=2,documents/Banco_do_Brasil/2026/2T26/Series_Historicas_2T26__5137c248b8ef.xlsx,Índice de Basileia!BB55,2026Q2,5137c248b8ef08c957644c4a9b9ffe2c87d52b7105c66b821f7e33644ac857f0,0.12226542208353235,100,mapped
Banco_do_Brasil,2025Q4,coverage_npl90,155.390512,percent,end_of_period,managerial_credit,consolidated,CMN 4966 affects write-off and expected-loss accounting from 2025,Perda Esperada/Op. Vencidas +90 dias - (%),https://api.mziq.com/mzfilemanager/v2/d/5760dff3-15e1-4962-9e81-322a0b3d0bbd/57f31488-1d17-f384-a832-c381f00e6a1f?origin=2,documents/Banco_do_Brasil/2026/2T26/Series_Historicas_2T26__5137c248b8ef.xlsx,Índices de Atraso!AW24,2026Q2,5137c248b8ef08c957644c4a9b9ffe2c87d52b7105c66b821f7e33644ac857f0,155.39051220974554,1,mapped
Banco_do_Brasil,2025Q4,credit_allowance,98738.685215,BRL_million,end_of_period,managerial_credit,consolidated,CMN 4966 affects write-off and expected-loss accounting from 2025,Perda Esperada,https://api.mziq.com/mzfilemanager/v2/d/5760dff3-15e1-4962-9e81-322a0b3d0bbd/57f31488-1d17-f384-a832-c381f00e6a1f?origin=2,documents/Banco_do_Brasil/2026/2T26/Series_Historicas_2T26__5137c248b8ef.xlsx,Índices de Atraso!AW22,2026Q2,5137c248b8ef08c957644c4a9b9ffe2c87d52b7105c66b821f7e33644ac857f0,98738.68521481,1,mapped
Banco_do_Brasil,2025Q4,credit_cost,17959.400716,BRL_million,quarter,managerial_adjusted,consolidated,CMN 4966 from 2025; BRL cells displayed in millions,Custo do Crédito,https://api.mziq.com/mzfilemanager/v2/d/5760dff3-15e1-4962-9e81-322a0b3d0bbd/57f31488-1d17-f384-a832-c381f00e6a1f?origin=2,documents/Banco_do_Brasil/2026/2T26/Series_Historicas_2T26__5137c248b8ef.xlsx,DRE com Realocações!E7,2026Q2,5137c248b8ef08c957644c4a9b9ffe2c87d52b7105c66b821f7e33644ac857f0,-17959400715.920002,-1e-06,mapped
Banco_do_Brasil,2025Q4,customer_funding,1127460.597826,BRL_million,end_of_period,managerial_balance,consolidated,Commercial funding: deposits and selected securities; excludes institutional funding,Captações Comerciais,https://api.mziq.com/mzfilemanager/v2/d/5760dff3-15e1-4962-9e81-322a0b3d0bbd/57f31488-1d17-f384-a832-c381f00e6a1f?origin=2,documents/Banco_do_Brasil/2026/2T26/Series_Historicas_2T26__5137c248b8ef.xlsx,Fontes e Usos!M7,2026Q2,5137c248b8ef08c957644c4a9b9ffe2c87d52b7105c66b821f7e33644ac857f0,1127460597825.7402,1e-06,mapped
Banco_do_Brasil,2025Q4,efficiency,27.711847,percent,trailing_12m,managerial_adjusted,consolidated,,Índice de Eficiência - 12 meses %,https://api.mziq.com/mzfilemanager/v2/d/5760dff3-15e1-4962-9e81-322a0b3d0bbd/57f31488-1d17-f384-a832-c381f00e6a1f?origin=2,documents/Banco_do_Brasil/2026/2T26/Series_Historicas_2T26__5137c248b8ef.xlsx,Desempenho e Eficiência!AC11,2026Q2,5137c248b8ef08c957644c4a9b9ffe2c87d52b7105c66b821f7e33644ac857f0,27.711847104364374,1,mapped
Banco_do_Brasil,2025Q4,equity,192105.295452,BRL_million,end_of_period,accounting_consolidated,consolidated,,Patrimônio Líquido,https://api.mziq.com/mzfilemanager/v2/d/5760dff3-15e1-4962-9e81-322a0b3d0bbd/57f31488-1d17-f384-a832-c381f00e6a1f?origin=2,documents/Banco_do_Brasil/2026/2T26/Series_Historicas_2T26__5137c248b8ef.xlsx,BP - Passivo!E21,2026Q2,5137c248b8ef08c957644c4a9b9ffe2c87d52b7105c66b821f7e33644ac857f0,192105295452.44,1e-06,mapped
Banco_do_Brasil,2025Q4,fees,8834.595376,BRL_million,quarter,managerial_adjusted,consolidated,CMN 4966 from 2025; BRL cells displayed in millions,Receitas de Prestação de Serviços ,https://api.mziq.com/mzfilemanager/v2/d/5760dff3-15e1-4962-9e81-322a0b3d0bbd/57f31488-1d17-f384-a832-c381f00e6a1f?origin=2,documents/Banco_do_Brasil/2026/2T26/Series_Historicas_2T26__5137c248b8ef.xlsx,DRE com Realocações!E13,2026Q2,5137c248b8ef08c957644c4a9b9ffe2c87d52b7105c66b821f7e33644ac857f0,8834595375.669998,1e-06,mapped
Banco_do_Brasil,2025Q4,loans,1229907.027218,BRL_million,end_of_period,managerial_balance,consolidated,PF and PJ exclude separately classified agribusiness,Carteira de Crédito,https://api.mziq.com/mzfilemanager/v2/d/5760dff3-15e1-4962-9e81-322a0b3d0bbd/57f31488-1d17-f384-a832-c381f00e6a1f?origin=2,documents/Banco_do_Brasil/2026/2T26/Series_Historicas_2T26__5137c248b8ef.xlsx,Carteira de Crédito!AK6,2026Q2,5137c248b8ef08c957644c4a9b9ffe2c87d52b7105c66b821f7e33644ac857f0,1229907.02721768,1,mapped
Banco_do_Brasil,2025Q4,loans_agriculture,406133.004435,BRL_million,end_of_period,managerial_balance,consolidated,PF and PJ exclude separately classified agribusiness,Agronegócios,https://api.mziq.com/mzfilemanager/v2/d/5760dff3-15e1-4962-9e81-322a0b3d0bbd/57f31488-1d17-f384-a832-c381f00e6a1f?origin=2,documents/Banco_do_Brasil/2026/2T26/Series_Historicas_2T26__5137c248b8ef.xlsx,Carteira de Crédito!AK13,2026Q2,5137c248b8ef08c957644c4a9b9ffe2c87d52b7105c66b821f7e33644ac857f0,406133.0044346802,1,mapped
Banco_do_Brasil,2025Q4,loans_corporate,402207.465256,BRL_million,end_of_period,managerial_balance,consolidated,PF and PJ exclude separately classified agribusiness,Pessoa Jurídica,https://api.mziq.com/mzfilemanager/v2/d/5760dff3-15e1-4962-9e81-322a0b3d0bbd/57f31488-1d17-f384-a832-c381f00e6a1f?origin=2,documents/Banco_do_Brasil/2026/2T26/Series_Historicas_2T26__5137c248b8ef.xlsx,Carteira de Crédito!AK9,2026Q2,5137c248b8ef08c957644c4a9b9ffe2c87d52b7105c66b821f7e33644ac857f0,402207.4652561018,1,mapped
Banco_do_Brasil,2025Q4,loans_expanded,1296510.807743,BRL_million,end_of_period,managerial_balance,consolidated,PF and PJ exclude separately classified agribusiness,Carteira de Crédito Expandida,https://api.mziq.com/mzfilemanager/v2/d/5760dff3-15e1-4962-9e81-322a0b3d0bbd/57f31488-1d17-f384-a832-c381f00e6a1f?origin=2,documents/Banco_do_Brasil/2026/2T26/Series_Historicas_2T26__5137c248b8ef.xlsx,Carteira de Crédito!AK18,2026Q2,5137c248b8ef08c957644c4a9b9ffe2c87d52b7105c66b821f7e33644ac857f0,1296510.8077431798,1,mapped
Banco_do_Brasil,2025Q4,loans_individuals,356878.023717,BRL_million,end_of_period,managerial_balance,consolidated,PF and PJ exclude separately classified agribusiness,Pessoa Física,https://api.mziq.com/mzfilemanager/v2/d/5760dff3-15e1-4962-9e81-322a0b3d0bbd/57f31488-1d17-f384-a832-c381f00e6a1f?origin=2,documents/Banco_do_Brasil/2026/2T26/Series_Historicas_2T26__5137c248b8ef.xlsx,Carteira de Crédito!AK8,2026Q2,5137c248b8ef08c957644c4a9b9ffe2c87d52b7105c66b821f7e33644ac857f0,356878.0237166177,1,mapped
Banco_do_Brasil,2025Q4,net_income_accounting,4972.358,BRL_million,quarter,accounting_consolidated,consolidated,,Lucro Líquido,https://api.mziq.com/mzfilemanager/v2/d/5760dff3-15e1-4962-9e81-322a0b3d0bbd/57f31488-1d17-f384-a832-c381f00e6a1f?origin=2,documents/Banco_do_Brasil/2026/2T26/Series_Historicas_2T26__5137c248b8ef.xlsx,DRE Societária!E40,2026Q2,5137c248b8ef08c957644c4a9b9ffe2c87d52b7105c66b821f7e33644ac857f0,4972358,0.001,mapped
Banco_do_Brasil,2025Q4,net_income_adjusted,5741.653139,BRL_million,quarter,managerial_adjusted,consolidated,CMN 4966 from 2025; BRL cells displayed in millions,Lucro Líquido Ajustado,https://api.mziq.com/mzfilemanager/v2/d/5760dff3-15e1-4962-9e81-322a0b3d0bbd/57f31488-1d17-f384-a832-c381f00e6a1f?origin=2,documents/Banco_do_Brasil/2026/2T26/Series_Historicas_2T26__5137c248b8ef.xlsx,DRE com Realocações!E33,2026Q2,5137c248b8ef08c957644c4a9b9ffe2c87d52b7105c66b821f7e33644ac857f0,5741653139.41235,1e-06,mapped
Banco_do_Brasil,2025Q4,net_interest_income,27801.429963,BRL_million,quarter,managerial_adjusted,consolidated,CMN 4966 from 2025; BRL cells displayed in millions,Margem Financeira Bruta,https://api.mziq.com/mzfilemanager/v2/d/5760dff3-15e1-4962-9e81-322a0b3d0bbd/57f31488-1d17-f384-a832-c381f00e6a1f?origin=2,documents/Banco_do_Brasil/2026/2T26/Series_Historicas_2T26__5137c248b8ef.xlsx,DRE com Realocações!E6,2026Q2,5137c248b8ef08c957644c4a9b9ffe2c87d52b7105c66b821f7e33644ac857f0,27801429962.94776,1e-06,mapped
Banco_do_Brasil,2025Q4,new_npl,24457.116156,BRL_million,quarter,managerial_credit,consolidated,CMN 4966 affects write-off and expected-loss accounting from 2025,Formação da Inadimplência (New NPL),https://api.mziq.com/mzfilemanager/v2/d/5760dff3-15e1-4962-9e81-322a0b3d0bbd/57f31488-1d17-f384-a832-c381f00e6a1f?origin=2,documents/Banco_do_Brasil/2026/2T26/Series_Historicas_2T26__5137c248b8ef.xlsx,Índices de Atraso!AW27,2026Q2,5137c248b8ef08c957644c4a9b9ffe2c87d52b7105c66b821f7e33644ac857f0,24457.11615604126,1,mapped
Banco_do_Brasil,2025Q4,npl90,5.16643,percent,end_of_period,managerial_credit,consolidated,CMN 4966 affects write-off and expected-loss accounting from 2025,Op. Vencidas +90 dias / Carteira de Crédito - (%),https://api.mziq.com/mzfilemanager/v2/d/5760dff3-15e1-4962-9e81-322a0b3d0bbd/57f31488-1d17-f384-a832-c381f00e6a1f?origin=2,documents/Banco_do_Brasil/2026/2T26/Series_Historicas_2T26__5137c248b8ef.xlsx,Índices de Atraso!AW9,2026Q2,5137c248b8ef08c957644c4a9b9ffe2c87d52b7105c66b821f7e33644ac857f0,5.16643011042255,1,mapped
Banco_do_Brasil,2025Q4,operating_expenses,9887.59892,BRL_million,quarter,managerial_adjusted,consolidated,CMN 4966 from 2025; BRL cells displayed in millions,Despesas Administrativas,https://api.mziq.com/mzfilemanager/v2/d/5760dff3-15e1-4962-9e81-322a0b3d0bbd/57f31488-1d17-f384-a832-c381f00e6a1f?origin=2,documents/Banco_do_Brasil/2026/2T26/Series_Historicas_2T26__5137c248b8ef.xlsx,DRE com Realocações!E14,2026Q2,5137c248b8ef08c957644c4a9b9ffe2c87d52b7105c66b821f7e33644ac857f0,-9887598919.670015,-1e-06,mapped
Banco_do_Brasil,2025Q4,other_operating_result,-4551.367593,BRL_million,quarter,managerial_adjusted,consolidated,CMN 4966 from 2025; BRL cells displayed in millions,Outras Receitas/Despesas Operacionais,https://api.mziq.com/mzfilemanager/v2/d/5760dff3-15e1-4962-9e81-322a0b3d0bbd/57f31488-1d17-f384-a832-c381f00e6a1f?origin=2,documents/Banco_do_Brasil/2026/2T26/Series_Historicas_2T26__5137c248b8ef.xlsx,DRE com Realocações!E12,2026Q2,5137c248b8ef08c957644c4a9b9ffe2c87d52b7105c66b821f7e33644ac857f0,-4551367592.990497,1e-06,mapped
Banco_do_Brasil,2025Q4,personnel_expenses,6469.585785,BRL_million,quarter,managerial_adjusted,consolidated,CMN 4966 from 2025; BRL cells displayed in millions,Despesas de Pessoal,https://api.mziq.com/mzfilemanager/v2/d/5760dff3-15e1-4962-9e81-322a0b3d0bbd/57f31488-1d17-f384-a832-c381f00e6a1f?origin=2,documents/Banco_do_Brasil/2026/2T26/Series_Historicas_2T26__5137c248b8ef.xlsx,DRE com Realocações!E15,2026Q2,5137c248b8ef08c957644c4a9b9ffe2c87d52b7105c66b821f7e33644ac857f0,-6469585785.150005,-1e-06,mapped
Banco_do_Brasil,2025Q4,pretax_income,5496.76833,BRL_million,quarter,managerial_adjusted,consolidated,CMN 4966 from 2025; BRL cells displayed in millions,Resultado Antes da Trib. s/ o Lucro,https://api.mziq.com/mzfilemanager/v2/d/5760dff3-15e1-4962-9e81-322a0b3d0bbd/57f31488-1d17-f384-a832-c381f00e6a1f?origin=2,documents/Banco_do_Brasil/2026/2T26/Series_Historicas_2T26__5137c248b8ef.xlsx,DRE com Realocações!E29,2026Q2,5137c248b8ef08c957644c4a9b9ffe2c87d52b7105c66b821f7e33644ac857f0,5496768330.317037,1e-06,mapped
Banco_do_Brasil,2025Q4,roe_accounting,10.504275,percent,quarter_annualized,managerial_adjusted,consolidated,,Rentabilidade s/ PL Médio (Contábil) – Anualizado (%),https://api.mziq.com/mzfilemanager/v2/d/5760dff3-15e1-4962-9e81-322a0b3d0bbd/57f31488-1d17-f384-a832-c381f00e6a1f?origin=2,documents/Banco_do_Brasil/2026/2T26/Series_Historicas_2T26__5137c248b8ef.xlsx,Desempenho e Eficiência!AC7,2026Q2,5137c248b8ef08c957644c4a9b9ffe2c87d52b7105c66b821f7e33644ac857f0,10.504274796148726,1,mapped
Banco_do_Brasil,2025Q4,roe_adjusted,12.426624,percent,quarter_annualized,managerial_adjusted,consolidated,,Rentabilidade s/ PL Médio – Anualizado (%),https://api.mziq.com/mzfilemanager/v2/d/5760dff3-15e1-4962-9e81-322a0b3d0bbd/57f31488-1d17-f384-a832-c381f00e6a1f?origin=2,documents/Banco_do_Brasil/2026/2T26/Series_Historicas_2T26__5137c248b8ef.xlsx,Desempenho e Eficiência!AC9,2026Q2,5137c248b8ef08c957644c4a9b9ffe2c87d52b7105c66b821f7e33644ac857f0,12.42662385301462,1,mapped
Banco_do_Brasil,2026Q1,assets,2606193.754046,BRL_million,end_of_period,accounting_consolidated,consolidated,,Total do Ativo,https://api.mziq.com/mzfilemanager/v2/d/5760dff3-15e1-4962-9e81-322a0b3d0bbd/57f31488-1d17-f384-a832-c381f00e6a1f?origin=2,documents/Banco_do_Brasil/2026/2T26/Series_Historicas_2T26__5137c248b8ef.xlsx,BP - Ativo!F6,2026Q2,5137c248b8ef08c957644c4a9b9ffe2c87d52b7105c66b821f7e33644ac857f0,2606193754046.049,1e-06,mapped
Banco_do_Brasil,2026Q1,capital_total,14.228669,percent,end_of_period,prudential,prudential,,Índice de Basileia (PR / RWA)(%),https://api.mziq.com/mzfilemanager/v2/d/5760dff3-15e1-4962-9e81-322a0b3d0bbd/57f31488-1d17-f384-a832-c381f00e6a1f?origin=2,documents/Banco_do_Brasil/2026/2T26/Series_Historicas_2T26__5137c248b8ef.xlsx,Índice de Basileia!BC56,2026Q2,5137c248b8ef08c957644c4a9b9ffe2c87d52b7105c66b821f7e33644ac857f0,0.14228668737519728,100,mapped
Banco_do_Brasil,2026Q1,cet1,11.588031,percent,end_of_period,prudential,prudential,,Índice de Capital Principal (CP/RWA)(%),https://api.mziq.com/mzfilemanager/v2/d/5760dff3-15e1-4962-9e81-322a0b3d0bbd/57f31488-1d17-f384-a832-c381f00e6a1f?origin=2,documents/Banco_do_Brasil/2026/2T26/Series_Historicas_2T26__5137c248b8ef.xlsx,Índice de Basileia!BC55,2026Q2,5137c248b8ef08c957644c4a9b9ffe2c87d52b7105c66b821f7e33644ac857f0,0.1158803084270892,100,mapped
Banco_do_Brasil,2026Q1,coverage_npl90,158.393803,percent,end_of_period,managerial_credit,consolidated,CMN 4966 affects write-off and expected-loss accounting from 2025,Perda Esperada/Op. Vencidas +90 dias - (%),https://api.mziq.com/mzfilemanager/v2/d/5760dff3-15e1-4962-9e81-322a0b3d0bbd/57f31488-1d17-f384-a832-c381f00e6a1f?origin=2,documents/Banco_do_Brasil/2026/2T26/Series_Historicas_2T26__5137c248b8ef.xlsx,Índices de Atraso!AX24,2026Q2,5137c248b8ef08c957644c4a9b9ffe2c87d52b7105c66b821f7e33644ac857f0,158.39380292614825,1,mapped
Banco_do_Brasil,2026Q1,credit_allowance,98752.442991,BRL_million,end_of_period,managerial_credit,consolidated,CMN 4966 affects write-off and expected-loss accounting from 2025,Perda Esperada,https://api.mziq.com/mzfilemanager/v2/d/5760dff3-15e1-4962-9e81-322a0b3d0bbd/57f31488-1d17-f384-a832-c381f00e6a1f?origin=2,documents/Banco_do_Brasil/2026/2T26/Series_Historicas_2T26__5137c248b8ef.xlsx,Índices de Atraso!AX22,2026Q2,5137c248b8ef08c957644c4a9b9ffe2c87d52b7105c66b821f7e33644ac857f0,98752.44299083,1,mapped
Banco_do_Brasil,2026Q1,credit_cost,18864.755093,BRL_million,quarter,managerial_adjusted,consolidated,CMN 4966 from 2025; BRL cells displayed in millions,Custo do Crédito,https://api.mziq.com/mzfilemanager/v2/d/5760dff3-15e1-4962-9e81-322a0b3d0bbd/57f31488-1d17-f384-a832-c381f00e6a1f?origin=2,documents/Banco_do_Brasil/2026/2T26/Series_Historicas_2T26__5137c248b8ef.xlsx,DRE com Realocações!F7,2026Q2,5137c248b8ef08c957644c4a9b9ffe2c87d52b7105c66b821f7e33644ac857f0,-18864755092.959934,-1e-06,mapped
Banco_do_Brasil,2026Q1,customer_funding,1145420.558654,BRL_million,end_of_period,managerial_balance,consolidated,Commercial funding: deposits and selected securities; excludes institutional funding,Captações Comerciais,https://api.mziq.com/mzfilemanager/v2/d/5760dff3-15e1-4962-9e81-322a0b3d0bbd/57f31488-1d17-f384-a832-c381f00e6a1f?origin=2,documents/Banco_do_Brasil/2026/2T26/Series_Historicas_2T26__5137c248b8ef.xlsx,Fontes e Usos!N7,2026Q2,5137c248b8ef08c957644c4a9b9ffe2c87d52b7105c66b821f7e33644ac857f0,1145420558653.7698,1e-06,mapped
Banco_do_Brasil,2026Q1,efficiency,27.996844,percent,trailing_12m,managerial_adjusted,consolidated,,Índice de Eficiência - 12 meses %,https://api.mziq.com/mzfilemanager/v2/d/5760dff3-15e1-4962-9e81-322a0b3d0bbd/57f31488-1d17-f384-a832-c381f00e6a1f?origin=2,documents/Banco_do_Brasil/2026/2T26/Series_Historicas_2T26__5137c248b8ef.xlsx,Desempenho e Eficiência!AD11,2026Q2,5137c248b8ef08c957644c4a9b9ffe2c87d52b7105c66b821f7e33644ac857f0,27.99684407034405,1,mapped
Banco_do_Brasil,2026Q1,equity,194939.923894,BRL_million,end_of_period,accounting_consolidated,consolidated,,Patrimônio Líquido,https://api.mziq.com/mzfilemanager/v2/d/5760dff3-15e1-4962-9e81-322a0b3d0bbd/57f31488-1d17-f384-a832-c381f00e6a1f?origin=2,documents/Banco_do_Brasil/2026/2T26/Series_Historicas_2T26__5137c248b8ef.xlsx,BP - Passivo!F21,2026Q2,5137c248b8ef08c957644c4a9b9ffe2c87d52b7105c66b821f7e33644ac857f0,194939923893.9401,1e-06,mapped
Banco_do_Brasil,2026Q1,fees,8821.278678,BRL_million,quarter,managerial_adjusted,consolidated,CMN 4966 from 2025; BRL cells displayed in millions,Receitas de Prestação de Serviços ,https://api.mziq.com/mzfilemanager/v2/d/5760dff3-15e1-4962-9e81-322a0b3d0bbd/57f31488-1d17-f384-a832-c381f00e6a1f?origin=2,documents/Banco_do_Brasil/2026/2T26/Series_Historicas_2T26__5137c248b8ef.xlsx,DRE com Realocações!F13,2026Q2,5137c248b8ef08c957644c4a9b9ffe2c87d52b7105c66b821f7e33644ac857f0,8821278678.130005,1e-06,mapped
Banco_do_Brasil,2026Q1,loans,1235304.142898,BRL_million,end_of_period,managerial_balance,consolidated,PF and PJ exclude separately classified agribusiness,Carteira de Crédito,https://api.mziq.com/mzfilemanager/v2/d/5760dff3-15e1-4962-9e81-322a0b3d0bbd/57f31488-1d17-f384-a832-c381f00e6a1f?origin=2,documents/Banco_do_Brasil/2026/2T26/Series_Historicas_2T26__5137c248b8ef.xlsx,Carteira de Crédito!AL6,2026Q2,5137c248b8ef08c957644c4a9b9ffe2c87d52b7105c66b821f7e33644ac857f0,1235304.1428977004,1,mapped
Banco_do_Brasil,2026Q1,loans_agriculture,418387.621735,BRL_million,end_of_period,managerial_balance,consolidated,PF and PJ exclude separately classified agribusiness,Agronegócios,https://api.mziq.com/mzfilemanager/v2/d/5760dff3-15e1-4962-9e81-322a0b3d0bbd/57f31488-1d17-f384-a832-c381f00e6a1f?origin=2,documents/Banco_do_Brasil/2026/2T26/Series_Historicas_2T26__5137c248b8ef.xlsx,Carteira de Crédito!AL13,2026Q2,5137c248b8ef08c957644c4a9b9ffe2c87d52b7105c66b821f7e33644ac857f0,418387.6217353111,1,mapped
Banco_do_Brasil,2026Q1,loans_corporate,393405.363401,BRL_million,end_of_period,managerial_balance,consolidated,PF and PJ exclude separately classified agribusiness,Pessoa Jurídica,https://api.mziq.com/mzfilemanager/v2/d/5760dff3-15e1-4962-9e81-322a0b3d0bbd/57f31488-1d17-f384-a832-c381f00e6a1f?origin=2,documents/Banco_do_Brasil/2026/2T26/Series_Historicas_2T26__5137c248b8ef.xlsx,Carteira de Crédito!AL9,2026Q2,5137c248b8ef08c957644c4a9b9ffe2c87d52b7105c66b821f7e33644ac857f0,393405.3634006187,1,mapped
Banco_do_Brasil,2026Q1,loans_expanded,1305528.114309,BRL_million,end_of_period,managerial_balance,consolidated,PF and PJ exclude separately classified agribusiness,Carteira de Crédito Expandida,https://api.mziq.com/mzfilemanager/v2/d/5760dff3-15e1-4962-9e81-322a0b3d0bbd/57f31488-1d17-f384-a832-c381f00e6a1f?origin=2,documents/Banco_do_Brasil/2026/2T26/Series_Historicas_2T26__5137c248b8ef.xlsx,Carteira de Crédito!AL18,2026Q2,5137c248b8ef08c957644c4a9b9ffe2c87d52b7105c66b821f7e33644ac857f0,1305528.1143092103,1,mapped
Banco_do_Brasil,2026Q1,loans_individuals,361743.546686,BRL_million,end_of_period,managerial_balance,consolidated,PF and PJ exclude separately classified agribusiness,Pessoa Física,https://api.mziq.com/mzfilemanager/v2/d/5760dff3-15e1-4962-9e81-322a0b3d0bbd/57f31488-1d17-f384-a832-c381f00e6a1f?origin=2,documents/Banco_do_Brasil/2026/2T26/Series_Historicas_2T26__5137c248b8ef.xlsx,Carteira de Crédito!AL8,2026Q2,5137c248b8ef08c957644c4a9b9ffe2c87d52b7105c66b821f7e33644ac857f0,361743.5466855706,1,mapped
Banco_do_Brasil,2026Q1,net_income_accounting,3090.004,BRL_million,quarter,accounting_consolidated,consolidated,,Lucro Líquido,https://api.mziq.com/mzfilemanager/v2/d/5760dff3-15e1-4962-9e81-322a0b3d0bbd/57f31488-1d17-f384-a832-c381f00e6a1f?origin=2,documents/Banco_do_Brasil/2026/2T26/Series_Historicas_2T26__5137c248b8ef.xlsx,DRE Societária!F40,2026Q2,5137c248b8ef08c957644c4a9b9ffe2c87d52b7105c66b821f7e33644ac857f0,3090004,0.001,mapped
Banco_do_Brasil,2026Q1,net_income_adjusted,3430.748735,BRL_million,quarter,managerial_adjusted,consolidated,CMN 4966 from 2025; BRL cells displayed in millions,Lucro Líquido Ajustado,https://api.mziq.com/mzfilemanager/v2/d/5760dff3-15e1-4962-9e81-322a0b3d0bbd/57f31488-1d17-f384-a832-c381f00e6a1f?origin=2,documents/Banco_do_Brasil/2026/2T26/Series_Historicas_2T26__5137c248b8ef.xlsx,DRE com Realocações!F33,2026Q2,5137c248b8ef08c957644c4a9b9ffe2c87d52b7105c66b821f7e33644ac857f0,3430748735.1406903,1e-06,mapped
Banco_do_Brasil,2026Q1,net_interest_income,27426.371598,BRL_million,quarter,managerial_adjusted,consolidated,CMN 4966 from 2025; BRL cells displayed in millions,Margem Financeira Bruta,https://api.mziq.com/mzfilemanager/v2/d/5760dff3-15e1-4962-9e81-322a0b3d0bbd/57f31488-1d17-f384-a832-c381f00e6a1f?origin=2,documents/Banco_do_Brasil/2026/2T26/Series_Historicas_2T26__5137c248b8ef.xlsx,DRE com Realocações!F6,2026Q2,5137c248b8ef08c957644c4a9b9ffe2c87d52b7105c66b821f7e33644ac857f0,27426371598.145134,1e-06,mapped
Banco_do_Brasil,2026Q1,new_npl,15392.08941,BRL_million,quarter,managerial_credit,consolidated,CMN 4966 affects write-off and expected-loss accounting from 2025,Formação da Inadimplência (New NPL),https://api.mziq.com/mzfilemanager/v2/d/5760dff3-15e1-4962-9e81-322a0b3d0bbd/57f31488-1d17-f384-a832-c381f00e6a1f?origin=2,documents/Banco_do_Brasil/2026/2T26/Series_Historicas_2T26__5137c248b8ef.xlsx,Índices de Atraso!AX27,2026Q2,5137c248b8ef08c957644c4a9b9ffe2c87d52b7105c66b821f7e33644ac857f0,15392.089409796485,1,mapped
Banco_do_Brasil,2026Q1,npl90,5.047029,percent,end_of_period,managerial_credit,consolidated,CMN 4966 affects write-off and expected-loss accounting from 2025,Op. Vencidas +90 dias / Carteira de Crédito - (%),https://api.mziq.com/mzfilemanager/v2/d/5760dff3-15e1-4962-9e81-322a0b3d0bbd/57f31488-1d17-f384-a832-c381f00e6a1f?origin=2,documents/Banco_do_Brasil/2026/2T26/Series_Historicas_2T26__5137c248b8ef.xlsx,Índices de Atraso!AX9,2026Q2,5137c248b8ef08c957644c4a9b9ffe2c87d52b7105c66b821f7e33644ac857f0,5.047028582611709,1,mapped
Banco_do_Brasil,2026Q1,operating_expenses,10017.415523,BRL_million,quarter,managerial_adjusted,consolidated,CMN 4966 from 2025; BRL cells displayed in millions,Despesas Administrativas,https://api.mziq.com/mzfilemanager/v2/d/5760dff3-15e1-4962-9e81-322a0b3d0bbd/57f31488-1d17-f384-a832-c381f00e6a1f?origin=2,documents/Banco_do_Brasil/2026/2T26/Series_Historicas_2T26__5137c248b8ef.xlsx,DRE com Realocações!F14,2026Q2,5137c248b8ef08c957644c4a9b9ffe2c87d52b7105c66b821f7e33644ac857f0,-10017415523.250008,-1e-06,mapped
Banco_do_Brasil,2026Q1,other_operating_result,-5192.071407,BRL_million,quarter,managerial_adjusted,consolidated,CMN 4966 from 2025; BRL cells displayed in millions,Outras Receitas/Despesas Operacionais,https://api.mziq.com/mzfilemanager/v2/d/5760dff3-15e1-4962-9e81-322a0b3d0bbd/57f31488-1d17-f384-a832-c381f00e6a1f?origin=2,documents/Banco_do_Brasil/2026/2T26/Series_Historicas_2T26__5137c248b8ef.xlsx,DRE com Realocações!F12,2026Q2,5137c248b8ef08c957644c4a9b9ffe2c87d52b7105c66b821f7e33644ac857f0,-5192071407.156876,1e-06,mapped
Banco_do_Brasil,2026Q1,personnel_expenses,6781.842794,BRL_million,quarter,managerial_adjusted,consolidated,CMN 4966 from 2025; BRL cells displayed in millions,Despesas de Pessoal,https://api.mziq.com/mzfilemanager/v2/d/5760dff3-15e1-4962-9e81-322a0b3d0bbd/57f31488-1d17-f384-a832-c381f00e6a1f?origin=2,documents/Banco_do_Brasil/2026/2T26/Series_Historicas_2T26__5137c248b8ef.xlsx,DRE com Realocações!F15,2026Q2,5137c248b8ef08c957644c4a9b9ffe2c87d52b7105c66b821f7e33644ac857f0,-6781842794.409998,-1e-06,mapped
Banco_do_Brasil,2026Q1,pretax_income,3575.342919,BRL_million,quarter,managerial_adjusted,consolidated,CMN 4966 from 2025; BRL cells displayed in millions,Resultado Antes da Trib. s/ o Lucro,https://api.mziq.com/mzfilemanager/v2/d/5760dff3-15e1-4962-9e81-322a0b3d0bbd/57f31488-1d17-f384-a832-c381f00e6a1f?origin=2,documents/Banco_do_Brasil/2026/2T26/Series_Historicas_2T26__5137c248b8ef.xlsx,DRE com Realocações!F29,2026Q2,5137c248b8ef08c957644c4a9b9ffe2c87d52b7105c66b821f7e33644ac857f0,3575342918.888156,1e-06,mapped
Banco_do_Brasil,2026Q1,roe_accounting,6.386858,percent,quarter_annualized,managerial_adjusted,consolidated,,Rentabilidade s/ PL Médio (Contábil) – Anualizado (%),https://api.mziq.com/mzfilemanager/v2/d/5760dff3-15e1-4962-9e81-322a0b3d0bbd/57f31488-1d17-f384-a832-c381f00e6a1f?origin=2,documents/Banco_do_Brasil/2026/2T26/Series_Historicas_2T26__5137c248b8ef.xlsx,Desempenho e Eficiência!AD7,2026Q2,5137c248b8ef08c957644c4a9b9ffe2c87d52b7105c66b821f7e33644ac857f0,6.386857994976538,1,mapped
Banco_do_Brasil,2026Q1,roe_adjusted,7.264932,percent,quarter_annualized,managerial_adjusted,consolidated,,Rentabilidade s/ PL Médio – Anualizado (%),https://api.mziq.com/mzfilemanager/v2/d/5760dff3-15e1-4962-9e81-322a0b3d0bbd/57f31488-1d17-f384-a832-c381f00e6a1f?origin=2,documents/Banco_do_Brasil/2026/2T26/Series_Historicas_2T26__5137c248b8ef.xlsx,Desempenho e Eficiência!AD9,2026Q2,5137c248b8ef08c957644c4a9b9ffe2c87d52b7105c66b821f7e33644ac857f0,7.264931853188887,1,mapped
Banco_do_Brasil,2026Q2,assets,2584770.011008,BRL_million,end_of_period,accounting_consolidated,consolidated,,Total do Ativo,https://api.mziq.com/mzfilemanager/v2/d/5760dff3-15e1-4962-9e81-322a0b3d0bbd/57f31488-1d17-f384-a832-c381f00e6a1f?origin=2,documents/Banco_do_Brasil/2026/2T26/Series_Historicas_2T26__5137c248b8ef.xlsx,BP - Ativo!G6,2026Q2,5137c248b8ef08c957644c4a9b9ffe2c87d52b7105c66b821f7e33644ac857f0,2584770011007.8154,1e-06,mapped
Banco_do_Brasil,2026Q2,capital_total,13.914608,percent,end_of_period,prudential,prudential,,Índice de Basileia (PR / RWA)(%),https://api.mziq.com/mzfilemanager/v2/d/5760dff3-15e1-4962-9e81-322a0b3d0bbd/57f31488-1d17-f384-a832-c381f00e6a1f?origin=2,documents/Banco_do_Brasil/2026/2T26/Series_Historicas_2T26__5137c248b8ef.xlsx,Índice de Basileia!BD56,2026Q2,5137c248b8ef08c957644c4a9b9ffe2c87d52b7105c66b821f7e33644ac857f0,0.13914607596347373,100,mapped
Banco_do_Brasil,2026Q2,cet1,11.270713,percent,end_of_period,prudential,prudential,,Índice de Capital Principal (CP/RWA)(%),https://api.mziq.com/mzfilemanager/v2/d/5760dff3-15e1-4962-9e81-322a0b3d0bbd/57f31488-1d17-f384-a832-c381f00e6a1f?origin=2,documents/Banco_do_Brasil/2026/2T26/Series_Historicas_2T26__5137c248b8ef.xlsx,Índice de Basileia!BD55,2026Q2,5137c248b8ef08c957644c4a9b9ffe2c87d52b7105c66b821f7e33644ac857f0,0.11270713251623023,100,mapped
Banco_do_Brasil,2026Q2,coverage_npl90,148.45404,percent,end_of_period,managerial_credit,consolidated,CMN 4966 affects write-off and expected-loss accounting from 2025,Perda Esperada/Op. Vencidas +90 dias - (%),https://api.mziq.com/mzfilemanager/v2/d/5760dff3-15e1-4962-9e81-322a0b3d0bbd/57f31488-1d17-f384-a832-c381f00e6a1f?origin=2,documents/Banco_do_Brasil/2026/2T26/Series_Historicas_2T26__5137c248b8ef.xlsx,Índices de Atraso!AY24,2026Q2,5137c248b8ef08c957644c4a9b9ffe2c87d52b7105c66b821f7e33644ac857f0,148.45403975769432,1,mapped
Banco_do_Brasil,2026Q2,credit_allowance,103686.599778,BRL_million,end_of_period,managerial_credit,consolidated,CMN 4966 affects write-off and expected-loss accounting from 2025,Perda Esperada,https://api.mziq.com/mzfilemanager/v2/d/5760dff3-15e1-4962-9e81-322a0b3d0bbd/57f31488-1d17-f384-a832-c381f00e6a1f?origin=2,documents/Banco_do_Brasil/2026/2T26/Series_Historicas_2T26__5137c248b8ef.xlsx,Índices de Atraso!AY22,2026Q2,5137c248b8ef08c957644c4a9b9ffe2c87d52b7105c66b821f7e33644ac857f0,103686.59977767,1,mapped
Banco_do_Brasil,2026Q2,credit_cost,18476.512151,BRL_million,quarter,managerial_adjusted,consolidated,CMN 4966 from 2025; BRL cells displayed in millions,Custo do Crédito,https://api.mziq.com/mzfilemanager/v2/d/5760dff3-15e1-4962-9e81-322a0b3d0bbd/57f31488-1d17-f384-a832-c381f00e6a1f?origin=2,documents/Banco_do_Brasil/2026/2T26/Series_Historicas_2T26__5137c248b8ef.xlsx,DRE com Realocações!G7,2026Q2,5137c248b8ef08c957644c4a9b9ffe2c87d52b7105c66b821f7e33644ac857f0,-18476512150.909996,-1e-06,mapped
Banco_do_Brasil,2026Q2,customer_funding,1153550.684999,BRL_million,end_of_period,managerial_balance,consolidated,Commercial funding: deposits and selected securities; excludes institutional funding,Captações Comerciais,https://api.mziq.com/mzfilemanager/v2/d/5760dff3-15e1-4962-9e81-322a0b3d0bbd/57f31488-1d17-f384-a832-c381f00e6a1f?origin=2,documents/Banco_do_Brasil/2026/2T26/Series_Historicas_2T26__5137c248b8ef.xlsx,Fontes e Usos!O7,2026Q2,5137c248b8ef08c957644c4a9b9ffe2c87d52b7105c66b821f7e33644ac857f0,1153550684998.5803,1e-06,mapped
Banco_do_Brasil,2026Q2,efficiency,27.994358,percent,trailing_12m,managerial_adjusted,consolidated,,Índice de Eficiência - 12 meses %,https://api.mziq.com/mzfilemanager/v2/d/5760dff3-15e1-4962-9e81-322a0b3d0bbd/57f31488-1d17-f384-a832-c381f00e6a1f?origin=2,documents/Banco_do_Brasil/2026/2T26/Series_Historicas_2T26__5137c248b8ef.xlsx,Desempenho e Eficiência!AE11,2026Q2,5137c248b8ef08c957644c4a9b9ffe2c87d52b7105c66b821f7e33644ac857f0,27.994357949100046,1,mapped
Banco_do_Brasil,2026Q2,equity,189211.353911,BRL_million,end_of_period,accounting_consolidated,consolidated,,Patrimônio Líquido,https://api.mziq.com/mzfilemanager/v2/d/5760dff3-15e1-4962-9e81-322a0b3d0bbd/57f31488-1d17-f384-a832-c381f00e6a1f?origin=2,documents/Banco_do_Brasil/2026/2T26/Series_Historicas_2T26__5137c248b8ef.xlsx,BP - Passivo!G21,2026Q2,5137c248b8ef08c957644c4a9b9ffe2c87d52b7105c66b821f7e33644ac857f0,189211353911.14996,1e-06,mapped
Banco_do_Brasil,2026Q2,fees,9125.218132,BRL_million,quarter,managerial_adjusted,consolidated,CMN 4966 from 2025; BRL cells displayed in millions,Receitas de Prestação de Serviços ,https://api.mziq.com/mzfilemanager/v2/d/5760dff3-15e1-4962-9e81-322a0b3d0bbd/57f31488-1d17-f384-a832-c381f00e6a1f?origin=2,documents/Banco_do_Brasil/2026/2T26/Series_Historicas_2T26__5137c248b8ef.xlsx,DRE com Realocações!G13,2026Q2,5137c248b8ef08c957644c4a9b9ffe2c87d52b7105c66b821f7e33644ac857f0,9125218132.279999,1e-06,mapped
Banco_do_Brasil,2026Q2,loans,1245871.724483,BRL_million,end_of_period,managerial_balance,consolidated,PF and PJ exclude separately classified agribusiness,Carteira de Crédito,https://api.mziq.com/mzfilemanager/v2/d/5760dff3-15e1-4962-9e81-322a0b3d0bbd/57f31488-1d17-f384-a832-c381f00e6a1f?origin=2,documents/Banco_do_Brasil/2026/2T26/Series_Historicas_2T26__5137c248b8ef.xlsx,Carteira de Crédito!AM6,2026Q2,5137c248b8ef08c957644c4a9b9ffe2c87d52b7105c66b821f7e33644ac857f0,1245871.7244825405,1,mapped
Banco_do_Brasil,2026Q2,loans_agriculture,421550.257007,BRL_million,end_of_period,managerial_balance,consolidated,PF and PJ exclude separately classified agribusiness,Agronegócios,https://api.mziq.com/mzfilemanager/v2/d/5760dff3-15e1-4962-9e81-322a0b3d0bbd/57f31488-1d17-f384-a832-c381f00e6a1f?origin=2,documents/Banco_do_Brasil/2026/2T26/Series_Historicas_2T26__5137c248b8ef.xlsx,Carteira de Crédito!AM13,2026Q2,5137c248b8ef08c957644c4a9b9ffe2c87d52b7105c66b821f7e33644ac857f0,421550.25700716866,1,mapped
Banco_do_Brasil,2026Q2,loans_corporate,404096.500622,BRL_million,end_of_period,managerial_balance,consolidated,PF and PJ exclude separately classified agribusiness,Pessoa Jurídica,https://api.mziq.com/mzfilemanager/v2/d/5760dff3-15e1-4962-9e81-322a0b3d0bbd/57f31488-1d17-f384-a832-c381f00e6a1f?origin=2,documents/Banco_do_Brasil/2026/2T26/Series_Historicas_2T26__5137c248b8ef.xlsx,Carteira de Crédito!AM9,2026Q2,5137c248b8ef08c957644c4a9b9ffe2c87d52b7105c66b821f7e33644ac857f0,404096.50062185404,1,mapped
Banco_do_Brasil,2026Q2,loans_expanded,1313157.429026,BRL_million,end_of_period,managerial_balance,consolidated,PF and PJ exclude separately classified agribusiness,Carteira de Crédito Expandida,https://api.mziq.com/mzfilemanager/v2/d/5760dff3-15e1-4962-9e81-322a0b3d0bbd/57f31488-1d17-f384-a832-c381f00e6a1f?origin=2,documents/Banco_do_Brasil/2026/2T26/Series_Historicas_2T26__5137c248b8ef.xlsx,Carteira de Crédito!AM18,2026Q2,5137c248b8ef08c957644c4a9b9ffe2c87d52b7105c66b821f7e33644ac857f0,1313157.4290264905,1,mapped
Banco_do_Brasil,2026Q2,loans_individuals,357560.298685,BRL_million,end_of_period,managerial_balance,consolidated,PF and PJ exclude separately classified agribusiness,Pessoa Física,https://api.mziq.com/mzfilemanager/v2/d/5760dff3-15e1-4962-9e81-322a0b3d0bbd/57f31488-1d17-f384-a832-c381f00e6a1f?origin=2,documents/Banco_do_Brasil/2026/2T26/Series_Historicas_2T26__5137c248b8ef.xlsx,Carteira de Crédito!AM8,2026Q2,5137c248b8ef08c957644c4a9b9ffe2c87d52b7105c66b821f7e33644ac857f0,357560.2986854378,1,mapped
Banco_do_Brasil,2026Q2,net_income_accounting,3174.659,BRL_million,quarter,accounting_consolidated,consolidated,,Lucro Líquido,https://api.mziq.com/mzfilemanager/v2/d/5760dff3-15e1-4962-9e81-322a0b3d0bbd/57f31488-1d17-f384-a832-c381f00e6a1f?origin=2,documents/Banco_do_Brasil/2026/2T26/Series_Historicas_2T26__5137c248b8ef.xlsx,DRE Societária!G40,2026Q2,5137c248b8ef08c957644c4a9b9ffe2c87d52b7105c66b821f7e33644ac857f0,3174659,0.001,mapped
Banco_do_Brasil,2026Q2,net_income_adjusted,3907.75452,BRL_million,quarter,managerial_adjusted,consolidated,CMN 4966 from 2025; BRL cells displayed in millions,Lucro Líquido Ajustado,https://api.mziq.com/mzfilemanager/v2/d/5760dff3-15e1-4962-9e81-322a0b3d0bbd/57f31488-1d17-f384-a832-c381f00e6a1f?origin=2,documents/Banco_do_Brasil/2026/2T26/Series_Historicas_2T26__5137c248b8ef.xlsx,DRE com Realocações!G33,2026Q2,5137c248b8ef08c957644c4a9b9ffe2c87d52b7105c66b821f7e33644ac857f0,3907754520.4714146,1e-06,mapped
Banco_do_Brasil,2026Q2,net_interest_income,27482.959983,BRL_million,quarter,managerial_adjusted,consolidated,CMN 4966 from 2025; BRL cells displayed in millions,Margem Financeira Bruta,https://api.mziq.com/mzfilemanager/v2/d/5760dff3-15e1-4962-9e81-322a0b3d0bbd/57f31488-1d17-f384-a832-c381f00e6a1f?origin=2,documents/Banco_do_Brasil/2026/2T26/Series_Historicas_2T26__5137c248b8ef.xlsx,DRE com Realocações!G6,2026Q2,5137c248b8ef08c957644c4a9b9ffe2c87d52b7105c66b821f7e33644ac857f0,27482959982.89298,1e-06,mapped
Banco_do_Brasil,2026Q2,new_npl,21657.138739,BRL_million,quarter,managerial_credit,consolidated,CMN 4966 affects write-off and expected-loss accounting from 2025,Formação da Inadimplência (New NPL),https://api.mziq.com/mzfilemanager/v2/d/5760dff3-15e1-4962-9e81-322a0b3d0bbd/57f31488-1d17-f384-a832-c381f00e6a1f?origin=2,documents/Banco_do_Brasil/2026/2T26/Series_Historicas_2T26__5137c248b8ef.xlsx,Índices de Atraso!AY27,2026Q2,5137c248b8ef08c957644c4a9b9ffe2c87d52b7105c66b821f7e33644ac857f0,21657.138738647758,1,mapped
Banco_do_Brasil,2026Q2,npl90,5.606054,percent,end_of_period,managerial_credit,consolidated,CMN 4966 affects write-off and expected-loss accounting from 2025,Op. Vencidas +90 dias / Carteira de Crédito - (%),https://api.mziq.com/mzfilemanager/v2/d/5760dff3-15e1-4962-9e81-322a0b3d0bbd/57f31488-1d17-f384-a832-c381f00e6a1f?origin=2,documents/Banco_do_Brasil/2026/2T26/Series_Historicas_2T26__5137c248b8ef.xlsx,Índices de Atraso!AY9,2026Q2,5137c248b8ef08c957644c4a9b9ffe2c87d52b7105c66b821f7e33644ac857f0,5.606054082031517,1,mapped
Banco_do_Brasil,2026Q2,operating_expenses,10075.89752,BRL_million,quarter,managerial_adjusted,consolidated,CMN 4966 from 2025; BRL cells displayed in millions,Despesas Administrativas,https://api.mziq.com/mzfilemanager/v2/d/5760dff3-15e1-4962-9e81-322a0b3d0bbd/57f31488-1d17-f384-a832-c381f00e6a1f?origin=2,documents/Banco_do_Brasil/2026/2T26/Series_Historicas_2T26__5137c248b8ef.xlsx,DRE com Realocações!G14,2026Q2,5137c248b8ef08c957644c4a9b9ffe2c87d52b7105c66b821f7e33644ac857f0,-10075897520.440006,-1e-06,mapped
Banco_do_Brasil,2026Q2,other_operating_result,-4103.568813,BRL_million,quarter,managerial_adjusted,consolidated,CMN 4966 from 2025; BRL cells displayed in millions,Outras Receitas/Despesas Operacionais,https://api.mziq.com/mzfilemanager/v2/d/5760dff3-15e1-4962-9e81-322a0b3d0bbd/57f31488-1d17-f384-a832-c381f00e6a1f?origin=2,documents/Banco_do_Brasil/2026/2T26/Series_Historicas_2T26__5137c248b8ef.xlsx,DRE com Realocações!G12,2026Q2,5137c248b8ef08c957644c4a9b9ffe2c87d52b7105c66b821f7e33644ac857f0,-4103568812.6601896,1e-06,mapped
Banco_do_Brasil,2026Q2,personnel_expenses,6780.881793,BRL_million,quarter,managerial_adjusted,consolidated,CMN 4966 from 2025; BRL cells displayed in millions,Despesas de Pessoal,https://api.mziq.com/mzfilemanager/v2/d/5760dff3-15e1-4962-9e81-322a0b3d0bbd/57f31488-1d17-f384-a832-c381f00e6a1f?origin=2,documents/Banco_do_Brasil/2026/2T26/Series_Historicas_2T26__5137c248b8ef.xlsx,DRE com Realocações!G15,2026Q2,5137c248b8ef08c957644c4a9b9ffe2c87d52b7105c66b821f7e33644ac857f0,-6780881792.69,-1e-06,mapped
Banco_do_Brasil,2026Q2,pretax_income,5002.003065,BRL_million,quarter,managerial_adjusted,consolidated,CMN 4966 from 2025; BRL cells displayed in millions,Resultado Antes da Trib. s/ o Lucro,https://api.mziq.com/mzfilemanager/v2/d/5760dff3-15e1-4962-9e81-322a0b3d0bbd/57f31488-1d17-f384-a832-c381f00e6a1f?origin=2,documents/Banco_do_Brasil/2026/2T26/Series_Historicas_2T26__5137c248b8ef.xlsx,DRE com Realocações!G29,2026Q2,5137c248b8ef08c957644c4a9b9ffe2c87d52b7105c66b821f7e33644ac857f0,5002003064.7228155,1e-06,mapped
Banco_do_Brasil,2026Q2,roe_accounting,6.611269,percent,quarter_annualized,managerial_adjusted,consolidated,,Rentabilidade s/ PL Médio (Contábil) – Anualizado (%),https://api.mziq.com/mzfilemanager/v2/d/5760dff3-15e1-4962-9e81-322a0b3d0bbd/57f31488-1d17-f384-a832-c381f00e6a1f?origin=2,documents/Banco_do_Brasil/2026/2T26/Series_Historicas_2T26__5137c248b8ef.xlsx,Desempenho e Eficiência!AE7,2026Q2,5137c248b8ef08c957644c4a9b9ffe2c87d52b7105c66b821f7e33644ac857f0,6.6112688478955715,1,mapped
Banco_do_Brasil,2026Q2,roe_adjusted,8.346131,percent,quarter_annualized,managerial_adjusted,consolidated,,Rentabilidade s/ PL Médio – Anualizado (%),https://api.mziq.com/mzfilemanager/v2/d/5760dff3-15e1-4962-9e81-322a0b3d0bbd/57f31488-1d17-f384-a832-c381f00e6a1f?origin=2,documents/Banco_do_Brasil/2026/2T26/Series_Historicas_2T26__5137c248b8ef.xlsx,Desempenho e Eficiência!AE9,2026Q2,5137c248b8ef08c957644c4a9b9ffe2c87d52b7105c66b821f7e33644ac857f0,8.346131149507926,1,mapped
Bradesco,2024Q1,capital_total,15.4,percent,end_of_period,managerial_adjusted,prudential,"ROE footnote specifies accumulated net income in year, annualized; efficiency rolling 12 months",Índice de Basileia III - Conglomerado Prudencial (1),https://api.mziq.com/mzfilemanager/v2/d/80f2e993-0a30-421a-9470-a4d5c8ad5e9f/b88dfb3a-44ac-75fa-8ded-55cb087dafef?origin=2,documents/Bradesco/2026/2T26/Bradesco_2T26_-_Series_Historicas__0e6d77287103.xlsx,27- Índice de Desempenho!BR17,2026Q2,0e6d77287103e4b7a7a7c9ac0c987de910637b4f7c5ff73a5bd69551ea8bcbb3,15.4,1,mapped
Bradesco,2024Q1,coverage_npl90,163.7,percent,end_of_period,managerial_adjusted,consolidated,Legacy through 2024,Índice de Cobertura - Provisão Total (2) / Operações vencidas acima de 90 dias (%),https://api.mziq.com/mzfilemanager/v2/d/80f2e993-0a30-421a-9470-a4d5c8ad5e9f/b88dfb3a-44ac-75fa-8ded-55cb087dafef?origin=2,documents/Bradesco/2026/2T26/Bradesco_2T26_-_Series_Historicas__0e6d77287103.xlsx,Carteira Crédito - Indicadores!BR37,2026Q2,0e6d77287103e4b7a7a7c9ac0c987de910637b4f7c5ff73a5bd69551ea8bcbb3,163.7,1,mapped
Bradesco,2024Q1,credit_cost,7811,BRL_million,quarter,managerial_adjusted,consolidated,Legacy through 2024; labor litigation reclassified into other operating expenses for all historical periods,PDD Expandida,https://api.mziq.com/mzfilemanager/v2/d/80f2e993-0a30-421a-9470-a4d5c8ad5e9f/b88dfb3a-44ac-75fa-8ded-55cb087dafef?origin=2,documents/Bradesco/2026/2T26/Bradesco_2T26_-_Series_Historicas__0e6d77287103.xlsx,DRE Recorrente!AK14,2026Q2,0e6d77287103e4b7a7a7c9ac0c987de910637b4f7c5ff73a5bd69551ea8bcbb3,-7811,-1,mapped
Bradesco,2024Q1,deposits,611627,BRL_million,end_of_period,managerial_balance,consolidated,Legacy through 2024,Depósitos Totais,https://api.mziq.com/mzfilemanager/v2/d/80f2e993-0a30-421a-9470-a4d5c8ad5e9f/b88dfb3a-44ac-75fa-8ded-55cb087dafef?origin=2,documents/Bradesco/2026/2T26/Bradesco_2T26_-_Series_Historicas__0e6d77287103.xlsx,BP - Dados Selecionados!V18,2026Q2,0e6d77287103e4b7a7a7c9ac0c987de910637b4f7c5ff73a5bd69551ea8bcbb3,611627,1,mapped
Bradesco,2024Q1,efficiency,49.7,percent,trailing_12m,managerial_adjusted,consolidated,"ROE footnote specifies accumulated net income in year, annualized; efficiency rolling 12 months",Índice de Eficiência (acumulado dos últimos 12 meses) - Novo Cálculo (5),https://api.mziq.com/mzfilemanager/v2/d/80f2e993-0a30-421a-9470-a4d5c8ad5e9f/b88dfb3a-44ac-75fa-8ded-55cb087dafef?origin=2,documents/Bradesco/2026/2T26/Bradesco_2T26_-_Series_Historicas__0e6d77287103.xlsx,27- Índice de Desempenho!BR20,2026Q2,0e6d77287103e4b7a7a7c9ac0c987de910637b4f7c5ff73a5bd69551ea8bcbb3,49.7,1,mapped
Bradesco,2024Q1,fees,8861,BRL_million,quarter,managerial_adjusted,consolidated,Legacy through 2024; labor litigation reclassified into other operating expenses for all historical periods,Receitas de Prestação de Serviços,https://api.mziq.com/mzfilemanager/v2/d/80f2e993-0a30-421a-9470-a4d5c8ad5e9f/b88dfb3a-44ac-75fa-8ded-55cb087dafef?origin=2,documents/Bradesco/2026/2T26/Bradesco_2T26_-_Series_Historicas__0e6d77287103.xlsx,DRE Recorrente!AK23,2026Q2,0e6d77287103e4b7a7a7c9ac0c987de910637b4f7c5ff73a5bd69551ea8bcbb3,8861,1,mapped
Bradesco,2024Q1,insurance_result,3997,BRL_million,quarter,managerial_adjusted,consolidated,Legacy through 2024; labor litigation reclassified into other operating expenses for all historical periods,"Resultado das Operações de Seguros, Previdência e Capitalização (4)",https://api.mziq.com/mzfilemanager/v2/d/80f2e993-0a30-421a-9470-a4d5c8ad5e9f/b88dfb3a-44ac-75fa-8ded-55cb087dafef?origin=2,documents/Bradesco/2026/2T26/Bradesco_2T26_-_Series_Historicas__0e6d77287103.xlsx,DRE Recorrente!AK22,2026Q2,0e6d77287103e4b7a7a7c9ac0c987de910637b4f7c5ff73a5bd69551ea8bcbb3,3997,1,mapped
Bradesco,2024Q1,loans_expanded,889918,BRL_million,end_of_period,managerial_balance,consolidated,Legacy through 2024,Operações de Crédito - Carteira Expandida,https://api.mziq.com/mzfilemanager/v2/d/80f2e993-0a30-421a-9470-a4d5c8ad5e9f/b88dfb3a-44ac-75fa-8ded-55cb087dafef?origin=2,documents/Bradesco/2026/2T26/Bradesco_2T26_-_Series_Historicas__0e6d77287103.xlsx,BP - Dados Selecionados!V16,2026Q2,0e6d77287103e4b7a7a7c9ac0c987de910637b4f7c5ff73a5bd69551ea8bcbb3,889918,1,mapped
Bradesco,2024Q1,net_income_adjusted,4211,BRL_million,quarter,managerial_adjusted,consolidated,Legacy through 2024; labor litigation reclassified into other operating expenses for all historical periods,LUCRO LÍQUIDO RECORRENTE,https://api.mziq.com/mzfilemanager/v2/d/80f2e993-0a30-421a-9470-a4d5c8ad5e9f/b88dfb3a-44ac-75fa-8ded-55cb087dafef?origin=2,documents/Bradesco/2026/2T26/Bradesco_2T26_-_Series_Historicas__0e6d77287103.xlsx,DRE Recorrente!AK39,2026Q2,0e6d77287103e4b7a7a7c9ac0c987de910637b4f7c5ff73a5bd69551ea8bcbb3,4211,1,mapped
Bradesco,2024Q1,net_interest_income,15152,BRL_million,quarter,managerial_adjusted,consolidated,Legacy through 2024; labor litigation reclassified into other operating expenses for all historical periods,Margem  Financeira,https://api.mziq.com/mzfilemanager/v2/d/80f2e993-0a30-421a-9470-a4d5c8ad5e9f/b88dfb3a-44ac-75fa-8ded-55cb087dafef?origin=2,documents/Bradesco/2026/2T26/Bradesco_2T26_-_Series_Historicas__0e6d77287103.xlsx,DRE Recorrente!AK10,2026Q2,0e6d77287103e4b7a7a7c9ac0c987de910637b4f7c5ff73a5bd69551ea8bcbb3,15152,1,mapped
Bradesco,2024Q1,nii_clients,14522,BRL_million,quarter,managerial_adjusted,consolidated,Legacy through 2024; labor litigation reclassified into other operating expenses for all historical periods,Margem com Clientes (1),https://api.mziq.com/mzfilemanager/v2/d/80f2e993-0a30-421a-9470-a4d5c8ad5e9f/b88dfb3a-44ac-75fa-8ded-55cb087dafef?origin=2,documents/Bradesco/2026/2T26/Bradesco_2T26_-_Series_Historicas__0e6d77287103.xlsx,DRE Recorrente!AK11,2026Q2,0e6d77287103e4b7a7a7c9ac0c987de910637b4f7c5ff73a5bd69551ea8bcbb3,14522,1,mapped
Bradesco,2024Q1,nii_market,630,BRL_million,quarter,managerial_adjusted,consolidated,Legacy through 2024; labor litigation reclassified into other operating expenses for all historical periods,Margem com o Mercado (2),https://api.mziq.com/mzfilemanager/v2/d/80f2e993-0a30-421a-9470-a4d5c8ad5e9f/b88dfb3a-44ac-75fa-8ded-55cb087dafef?origin=2,documents/Bradesco/2026/2T26/Bradesco_2T26_-_Series_Historicas__0e6d77287103.xlsx,DRE Recorrente!AK12,2026Q2,0e6d77287103e4b7a7a7c9ac0c987de910637b4f7c5ff73a5bd69551ea8bcbb3,630,1,mapped
Bradesco,2024Q1,npl90,5,percent,end_of_period,managerial_adjusted,consolidated,Legacy through 2024,Operações de Crédito Vencidas acima de 90 dias / Operações de Crédito (%),https://api.mziq.com/mzfilemanager/v2/d/80f2e993-0a30-421a-9470-a4d5c8ad5e9f/b88dfb3a-44ac-75fa-8ded-55cb087dafef?origin=2,documents/Bradesco/2026/2T26/Bradesco_2T26_-_Series_Historicas__0e6d77287103.xlsx,Carteira Crédito - Indicadores!BR36,2026Q2,0e6d77287103e4b7a7a7c9ac0c987de910637b4f7c5ff73a5bd69551ea8bcbb3,5,1,mapped
Bradesco,2024Q1,operating_expenses,13360,BRL_million,quarter,managerial_adjusted,consolidated,Legacy through 2024; labor litigation reclassified into other operating expenses for all historical periods,Despesas Operacionais,https://api.mziq.com/mzfilemanager/v2/d/80f2e993-0a30-421a-9470-a4d5c8ad5e9f/b88dfb3a-44ac-75fa-8ded-55cb087dafef?origin=2,documents/Bradesco/2026/2T26/Bradesco_2T26_-_Series_Historicas__0e6d77287103.xlsx,DRE Recorrente!AK25,2026Q2,0e6d77287103e4b7a7a7c9ac0c987de910637b4f7c5ff73a5bd69551ea8bcbb3,-13360,-1,mapped
Bradesco,2024Q1,personnel_expenses,6059,BRL_million,quarter,managerial_adjusted,consolidated,Legacy through 2024; labor litigation reclassified into other operating expenses for all historical periods,Despesas de Pessoal (5),https://api.mziq.com/mzfilemanager/v2/d/80f2e993-0a30-421a-9470-a4d5c8ad5e9f/b88dfb3a-44ac-75fa-8ded-55cb087dafef?origin=2,documents/Bradesco/2026/2T26/Bradesco_2T26_-_Series_Historicas__0e6d77287103.xlsx,DRE Recorrente!AK26,2026Q2,0e6d77287103e4b7a7a7c9ac0c987de910637b4f7c5ff73a5bd69551ea8bcbb3,-6059,-1,mapped
Bradesco,2024Q1,roe_adjusted,10.2,percent,ytd_annualized,managerial_adjusted,consolidated,"ROE footnote specifies accumulated net income in year, annualized; efficiency rolling 12 months",Retorno Anualizado s/ P. L. (médio) (3),https://api.mziq.com/mzfilemanager/v2/d/80f2e993-0a30-421a-9470-a4d5c8ad5e9f/b88dfb3a-44ac-75fa-8ded-55cb087dafef?origin=2,documents/Bradesco/2026/2T26/Bradesco_2T26_-_Series_Historicas__0e6d77287103.xlsx,27- Índice de Desempenho!BR15,2026Q2,0e6d77287103e4b7a7a7c9ac0c987de910637b4f7c5ff73a5bd69551ea8bcbb3,10.2,1,mapped
Bradesco,2024Q2,capital_total,15.2,percent,end_of_period,managerial_adjusted,prudential,"ROE footnote specifies accumulated net income in year, annualized; efficiency rolling 12 months",Índice de Basileia III - Conglomerado Prudencial (1),https://api.mziq.com/mzfilemanager/v2/d/80f2e993-0a30-421a-9470-a4d5c8ad5e9f/b88dfb3a-44ac-75fa-8ded-55cb087dafef?origin=2,documents/Bradesco/2026/2T26/Bradesco_2T26_-_Series_Historicas__0e6d77287103.xlsx,27- Índice de Desempenho!BS17,2026Q2,0e6d77287103e4b7a7a7c9ac0c987de910637b4f7c5ff73a5bd69551ea8bcbb3,15.2,1,mapped
Bradesco,2024Q2,coverage_npl90,170.2,percent,end_of_period,managerial_adjusted,consolidated,Legacy through 2024,Índice de Cobertura - Provisão Total (2) / Operações vencidas acima de 90 dias (%),https://api.mziq.com/mzfilemanager/v2/d/80f2e993-0a30-421a-9470-a4d5c8ad5e9f/b88dfb3a-44ac-75fa-8ded-55cb087dafef?origin=2,documents/Bradesco/2026/2T26/Bradesco_2T26_-_Series_Historicas__0e6d77287103.xlsx,Carteira Crédito - Indicadores!BS37,2026Q2,0e6d77287103e4b7a7a7c9ac0c987de910637b4f7c5ff73a5bd69551ea8bcbb3,170.2,1,mapped
Bradesco,2024Q2,credit_cost,7290,BRL_million,quarter,managerial_adjusted,consolidated,Legacy through 2024; labor litigation reclassified into other operating expenses for all historical periods,PDD Expandida,https://api.mziq.com/mzfilemanager/v2/d/80f2e993-0a30-421a-9470-a4d5c8ad5e9f/b88dfb3a-44ac-75fa-8ded-55cb087dafef?origin=2,documents/Bradesco/2026/2T26/Bradesco_2T26_-_Series_Historicas__0e6d77287103.xlsx,DRE Recorrente!AL14,2026Q2,0e6d77287103e4b7a7a7c9ac0c987de910637b4f7c5ff73a5bd69551ea8bcbb3,-7290,-1,mapped
Bradesco,2024Q2,deposits,621404,BRL_million,end_of_period,managerial_balance,consolidated,Legacy through 2024,Depósitos Totais,https://api.mziq.com/mzfilemanager/v2/d/80f2e993-0a30-421a-9470-a4d5c8ad5e9f/b88dfb3a-44ac-75fa-8ded-55cb087dafef?origin=2,documents/Bradesco/2026/2T26/Bradesco_2T26_-_Series_Historicas__0e6d77287103.xlsx,BP - Dados Selecionados!W18,2026Q2,0e6d77287103e4b7a7a7c9ac0c987de910637b4f7c5ff73a5bd69551ea8bcbb3,621404,1,mapped
Bradesco,2024Q2,efficiency,51.3,percent,trailing_12m,managerial_adjusted,consolidated,"ROE footnote specifies accumulated net income in year, annualized; efficiency rolling 12 months",Índice de Eficiência (acumulado dos últimos 12 meses) - Novo Cálculo (5),https://api.mziq.com/mzfilemanager/v2/d/80f2e993-0a30-421a-9470-a4d5c8ad5e9f/b88dfb3a-44ac-75fa-8ded-55cb087dafef?origin=2,documents/Bradesco/2026/2T26/Bradesco_2T26_-_Series_Historicas__0e6d77287103.xlsx,27- Índice de Desempenho!BS20,2026Q2,0e6d77287103e4b7a7a7c9ac0c987de910637b4f7c5ff73a5bd69551ea8bcbb3,51.3,1,mapped
Bradesco,2024Q2,fees,9317,BRL_million,quarter,managerial_adjusted,consolidated,Legacy through 2024; labor litigation reclassified into other operating expenses for all historical periods,Receitas de Prestação de Serviços,https://api.mziq.com/mzfilemanager/v2/d/80f2e993-0a30-421a-9470-a4d5c8ad5e9f/b88dfb3a-44ac-75fa-8ded-55cb087dafef?origin=2,documents/Bradesco/2026/2T26/Bradesco_2T26_-_Series_Historicas__0e6d77287103.xlsx,DRE Recorrente!AL23,2026Q2,0e6d77287103e4b7a7a7c9ac0c987de910637b4f7c5ff73a5bd69551ea8bcbb3,9317,1,mapped
Bradesco,2024Q2,insurance_result,4644,BRL_million,quarter,managerial_adjusted,consolidated,Legacy through 2024; labor litigation reclassified into other operating expenses for all historical periods,"Resultado das Operações de Seguros, Previdência e Capitalização (4)",https://api.mziq.com/mzfilemanager/v2/d/80f2e993-0a30-421a-9470-a4d5c8ad5e9f/b88dfb3a-44ac-75fa-8ded-55cb087dafef?origin=2,documents/Bradesco/2026/2T26/Bradesco_2T26_-_Series_Historicas__0e6d77287103.xlsx,DRE Recorrente!AL22,2026Q2,0e6d77287103e4b7a7a7c9ac0c987de910637b4f7c5ff73a5bd69551ea8bcbb3,4644,1,mapped
Bradesco,2024Q2,loans_expanded,912092,BRL_million,end_of_period,managerial_balance,consolidated,Legacy through 2024,Operações de Crédito - Carteira Expandida,https://api.mziq.com/mzfilemanager/v2/d/80f2e993-0a30-421a-9470-a4d5c8ad5e9f/b88dfb3a-44ac-75fa-8ded-55cb087dafef?origin=2,documents/Bradesco/2026/2T26/Bradesco_2T26_-_Series_Historicas__0e6d77287103.xlsx,BP - Dados Selecionados!W16,2026Q2,0e6d77287103e4b7a7a7c9ac0c987de910637b4f7c5ff73a5bd69551ea8bcbb3,912092,1,mapped
Bradesco,2024Q2,net_income_adjusted,4716,BRL_million,quarter,managerial_adjusted,consolidated,Legacy through 2024; labor litigation reclassified into other operating expenses for all historical periods,LUCRO LÍQUIDO RECORRENTE,https://api.mziq.com/mzfilemanager/v2/d/80f2e993-0a30-421a-9470-a4d5c8ad5e9f/b88dfb3a-44ac-75fa-8ded-55cb087dafef?origin=2,documents/Bradesco/2026/2T26/Bradesco_2T26_-_Series_Historicas__0e6d77287103.xlsx,DRE Recorrente!AL39,2026Q2,0e6d77287103e4b7a7a7c9ac0c987de910637b4f7c5ff73a5bd69551ea8bcbb3,4716,1,mapped
Bradesco,2024Q2,net_interest_income,15580,BRL_million,quarter,managerial_adjusted,consolidated,Legacy through 2024; labor litigation reclassified into other operating expenses for all historical periods,Margem  Financeira,https://api.mziq.com/mzfilemanager/v2/d/80f2e993-0a30-421a-9470-a4d5c8ad5e9f/b88dfb3a-44ac-75fa-8ded-55cb087dafef?origin=2,documents/Bradesco/2026/2T26/Bradesco_2T26_-_Series_Historicas__0e6d77287103.xlsx,DRE Recorrente!AL10,2026Q2,0e6d77287103e4b7a7a7c9ac0c987de910637b4f7c5ff73a5bd69551ea8bcbb3,15580,1,mapped
Bradesco,2024Q2,nii_clients,15255,BRL_million,quarter,managerial_adjusted,consolidated,Legacy through 2024; labor litigation reclassified into other operating expenses for all historical periods,Margem com Clientes (1),https://api.mziq.com/mzfilemanager/v2/d/80f2e993-0a30-421a-9470-a4d5c8ad5e9f/b88dfb3a-44ac-75fa-8ded-55cb087dafef?origin=2,documents/Bradesco/2026/2T26/Bradesco_2T26_-_Series_Historicas__0e6d77287103.xlsx,DRE Recorrente!AL11,2026Q2,0e6d77287103e4b7a7a7c9ac0c987de910637b4f7c5ff73a5bd69551ea8bcbb3,15255,1,mapped
Bradesco,2024Q2,nii_market,325,BRL_million,quarter,managerial_adjusted,consolidated,Legacy through 2024; labor litigation reclassified into other operating expenses for all historical periods,Margem com o Mercado (2),https://api.mziq.com/mzfilemanager/v2/d/80f2e993-0a30-421a-9470-a4d5c8ad5e9f/b88dfb3a-44ac-75fa-8ded-55cb087dafef?origin=2,documents/Bradesco/2026/2T26/Bradesco_2T26_-_Series_Historicas__0e6d77287103.xlsx,DRE Recorrente!AL12,2026Q2,0e6d77287103e4b7a7a7c9ac0c987de910637b4f7c5ff73a5bd69551ea8bcbb3,325,1,mapped
Bradesco,2024Q2,npl90,4.3,percent,end_of_period,managerial_adjusted,consolidated,Legacy through 2024,Operações de Crédito Vencidas acima de 90 dias / Operações de Crédito (%),https://api.mziq.com/mzfilemanager/v2/d/80f2e993-0a30-421a-9470-a4d5c8ad5e9f/b88dfb3a-44ac-75fa-8ded-55cb087dafef?origin=2,documents/Bradesco/2026/2T26/Bradesco_2T26_-_Series_Historicas__0e6d77287103.xlsx,Carteira Crédito - Indicadores!BS36,2026Q2,0e6d77287103e4b7a7a7c9ac0c987de910637b4f7c5ff73a5bd69551ea8bcbb3,4.3,1,mapped
Bradesco,2024Q2,operating_expenses,14466,BRL_million,quarter,managerial_adjusted,consolidated,Legacy through 2024; labor litigation reclassified into other operating expenses for all historical periods,Despesas Operacionais,https://api.mziq.com/mzfilemanager/v2/d/80f2e993-0a30-421a-9470-a4d5c8ad5e9f/b88dfb3a-44ac-75fa-8ded-55cb087dafef?origin=2,documents/Bradesco/2026/2T26/Bradesco_2T26_-_Series_Historicas__0e6d77287103.xlsx,DRE Recorrente!AL25,2026Q2,0e6d77287103e4b7a7a7c9ac0c987de910637b4f7c5ff73a5bd69551ea8bcbb3,-14466,-1,mapped
Bradesco,2024Q2,personnel_expenses,6178,BRL_million,quarter,managerial_adjusted,consolidated,Legacy through 2024; labor litigation reclassified into other operating expenses for all historical periods,Despesas de Pessoal (5),https://api.mziq.com/mzfilemanager/v2/d/80f2e993-0a30-421a-9470-a4d5c8ad5e9f/b88dfb3a-44ac-75fa-8ded-55cb087dafef?origin=2,documents/Bradesco/2026/2T26/Bradesco_2T26_-_Series_Historicas__0e6d77287103.xlsx,DRE Recorrente!AL26,2026Q2,0e6d77287103e4b7a7a7c9ac0c987de910637b4f7c5ff73a5bd69551ea8bcbb3,-6178,-1,mapped
Bradesco,2024Q2,roe_adjusted,10.8,percent,ytd_annualized,managerial_adjusted,consolidated,"ROE footnote specifies accumulated net income in year, annualized; efficiency rolling 12 months",Retorno Anualizado s/ P. L. (médio) (3),https://api.mziq.com/mzfilemanager/v2/d/80f2e993-0a30-421a-9470-a4d5c8ad5e9f/b88dfb3a-44ac-75fa-8ded-55cb087dafef?origin=2,documents/Bradesco/2026/2T26/Bradesco_2T26_-_Series_Historicas__0e6d77287103.xlsx,27- Índice de Desempenho!BS15,2026Q2,0e6d77287103e4b7a7a7c9ac0c987de910637b4f7c5ff73a5bd69551ea8bcbb3,10.8,1,mapped
Bradesco,2024Q3,capital_total,15.1,percent,end_of_period,managerial_adjusted,prudential,"ROE footnote specifies accumulated net income in year, annualized; efficiency rolling 12 months",Índice de Basileia III - Conglomerado Prudencial (1),https://api.mziq.com/mzfilemanager/v2/d/80f2e993-0a30-421a-9470-a4d5c8ad5e9f/b88dfb3a-44ac-75fa-8ded-55cb087dafef?origin=2,documents/Bradesco/2026/2T26/Bradesco_2T26_-_Series_Historicas__0e6d77287103.xlsx,27- Índice de Desempenho!BT17,2026Q2,0e6d77287103e4b7a7a7c9ac0c987de910637b4f7c5ff73a5bd69551ea8bcbb3,15.1,1,mapped
Bradesco,2024Q3,coverage_npl90,169.299906,percent,end_of_period,managerial_adjusted,consolidated,Legacy through 2024,Índice de Cobertura - Provisão Total (2) / Operações vencidas acima de 90 dias (%),https://api.mziq.com/mzfilemanager/v2/d/80f2e993-0a30-421a-9470-a4d5c8ad5e9f/b88dfb3a-44ac-75fa-8ded-55cb087dafef?origin=2,documents/Bradesco/2026/2T26/Bradesco_2T26_-_Series_Historicas__0e6d77287103.xlsx,Carteira Crédito - Indicadores!BT37,2026Q2,0e6d77287103e4b7a7a7c9ac0c987de910637b4f7c5ff73a5bd69551ea8bcbb3,169.2999057229652,1,mapped
Bradesco,2024Q3,credit_cost,7127,BRL_million,quarter,managerial_adjusted,consolidated,Legacy through 2024; labor litigation reclassified into other operating expenses for all historical periods,PDD Expandida,https://api.mziq.com/mzfilemanager/v2/d/80f2e993-0a30-421a-9470-a4d5c8ad5e9f/b88dfb3a-44ac-75fa-8ded-55cb087dafef?origin=2,documents/Bradesco/2026/2T26/Bradesco_2T26_-_Series_Historicas__0e6d77287103.xlsx,DRE Recorrente!AM14,2026Q2,0e6d77287103e4b7a7a7c9ac0c987de910637b4f7c5ff73a5bd69551ea8bcbb3,-7127,-1,mapped
Bradesco,2024Q3,deposits,619408,BRL_million,end_of_period,managerial_balance,consolidated,Legacy through 2024,Depósitos Totais,https://api.mziq.com/mzfilemanager/v2/d/80f2e993-0a30-421a-9470-a4d5c8ad5e9f/b88dfb3a-44ac-75fa-8ded-55cb087dafef?origin=2,documents/Bradesco/2026/2T26/Bradesco_2T26_-_Series_Historicas__0e6d77287103.xlsx,BP - Dados Selecionados!X18,2026Q2,0e6d77287103e4b7a7a7c9ac0c987de910637b4f7c5ff73a5bd69551ea8bcbb3,619408,1,mapped
Bradesco,2024Q3,efficiency,52.2,percent,trailing_12m,managerial_adjusted,consolidated,"ROE footnote specifies accumulated net income in year, annualized; efficiency rolling 12 months",Índice de Eficiência (acumulado dos últimos 12 meses) - Novo Cálculo (5),https://api.mziq.com/mzfilemanager/v2/d/80f2e993-0a30-421a-9470-a4d5c8ad5e9f/b88dfb3a-44ac-75fa-8ded-55cb087dafef?origin=2,documents/Bradesco/2026/2T26/Bradesco_2T26_-_Series_Historicas__0e6d77287103.xlsx,27- Índice de Desempenho!BT20,2026Q2,0e6d77287103e4b7a7a7c9ac0c987de910637b4f7c5ff73a5bd69551ea8bcbb3,52.2,1,mapped
Bradesco,2024Q3,fees,9904,BRL_million,quarter,managerial_adjusted,consolidated,Legacy through 2024; labor litigation reclassified into other operating expenses for all historical periods,Receitas de Prestação de Serviços,https://api.mziq.com/mzfilemanager/v2/d/80f2e993-0a30-421a-9470-a4d5c8ad5e9f/b88dfb3a-44ac-75fa-8ded-55cb087dafef?origin=2,documents/Bradesco/2026/2T26/Bradesco_2T26_-_Series_Historicas__0e6d77287103.xlsx,DRE Recorrente!AM23,2026Q2,0e6d77287103e4b7a7a7c9ac0c987de910637b4f7c5ff73a5bd69551ea8bcbb3,9904,1,mapped
Bradesco,2024Q3,insurance_result,5048,BRL_million,quarter,managerial_adjusted,consolidated,Legacy through 2024; labor litigation reclassified into other operating expenses for all historical periods,"Resultado das Operações de Seguros, Previdência e Capitalização (4)",https://api.mziq.com/mzfilemanager/v2/d/80f2e993-0a30-421a-9470-a4d5c8ad5e9f/b88dfb3a-44ac-75fa-8ded-55cb087dafef?origin=2,documents/Bradesco/2026/2T26/Bradesco_2T26_-_Series_Historicas__0e6d77287103.xlsx,DRE Recorrente!AM22,2026Q2,0e6d77287103e4b7a7a7c9ac0c987de910637b4f7c5ff73a5bd69551ea8bcbb3,5048,1,mapped
Bradesco,2024Q3,loans_expanded,943891,BRL_million,end_of_period,managerial_balance,consolidated,Legacy through 2024,Operações de Crédito - Carteira Expandida,https://api.mziq.com/mzfilemanager/v2/d/80f2e993-0a30-421a-9470-a4d5c8ad5e9f/b88dfb3a-44ac-75fa-8ded-55cb087dafef?origin=2,documents/Bradesco/2026/2T26/Bradesco_2T26_-_Series_Historicas__0e6d77287103.xlsx,BP - Dados Selecionados!X16,2026Q2,0e6d77287103e4b7a7a7c9ac0c987de910637b4f7c5ff73a5bd69551ea8bcbb3,943891,1,mapped
Bradesco,2024Q3,net_income_adjusted,5225,BRL_million,quarter,managerial_adjusted,consolidated,Legacy through 2024; labor litigation reclassified into other operating expenses for all historical periods,LUCRO LÍQUIDO RECORRENTE,https://api.mziq.com/mzfilemanager/v2/d/80f2e993-0a30-421a-9470-a4d5c8ad5e9f/b88dfb3a-44ac-75fa-8ded-55cb087dafef?origin=2,documents/Bradesco/2026/2T26/Bradesco_2T26_-_Series_Historicas__0e6d77287103.xlsx,DRE Recorrente!AM39,2026Q2,0e6d77287103e4b7a7a7c9ac0c987de910637b4f7c5ff73a5bd69551ea8bcbb3,5225,1,mapped
Bradesco,2024Q3,net_interest_income,15999,BRL_million,quarter,managerial_adjusted,consolidated,Legacy through 2024; labor litigation reclassified into other operating expenses for all historical periods,Margem  Financeira,https://api.mziq.com/mzfilemanager/v2/d/80f2e993-0a30-421a-9470-a4d5c8ad5e9f/b88dfb3a-44ac-75fa-8ded-55cb087dafef?origin=2,documents/Bradesco/2026/2T26/Bradesco_2T26_-_Series_Historicas__0e6d77287103.xlsx,DRE Recorrente!AM10,2026Q2,0e6d77287103e4b7a7a7c9ac0c987de910637b4f7c5ff73a5bd69551ea8bcbb3,15999,1,mapped
Bradesco,2024Q3,nii_clients,15635,BRL_million,quarter,managerial_adjusted,consolidated,Legacy through 2024; labor litigation reclassified into other operating expenses for all historical periods,Margem com Clientes (1),https://api.mziq.com/mzfilemanager/v2/d/80f2e993-0a30-421a-9470-a4d5c8ad5e9f/b88dfb3a-44ac-75fa-8ded-55cb087dafef?origin=2,documents/Bradesco/2026/2T26/Bradesco_2T26_-_Series_Historicas__0e6d77287103.xlsx,DRE Recorrente!AM11,2026Q2,0e6d77287103e4b7a7a7c9ac0c987de910637b4f7c5ff73a5bd69551ea8bcbb3,15635,1,mapped
Bradesco,2024Q3,nii_market,364,BRL_million,quarter,managerial_adjusted,consolidated,Legacy through 2024; labor litigation reclassified into other operating expenses for all historical periods,Margem com o Mercado (2),https://api.mziq.com/mzfilemanager/v2/d/80f2e993-0a30-421a-9470-a4d5c8ad5e9f/b88dfb3a-44ac-75fa-8ded-55cb087dafef?origin=2,documents/Bradesco/2026/2T26/Bradesco_2T26_-_Series_Historicas__0e6d77287103.xlsx,DRE Recorrente!AM12,2026Q2,0e6d77287103e4b7a7a7c9ac0c987de910637b4f7c5ff73a5bd69551ea8bcbb3,364,1,mapped
Bradesco,2024Q3,npl90,4.160009,percent,end_of_period,managerial_adjusted,consolidated,Legacy through 2024,Operações de Crédito Vencidas acima de 90 dias / Operações de Crédito (%),https://api.mziq.com/mzfilemanager/v2/d/80f2e993-0a30-421a-9470-a4d5c8ad5e9f/b88dfb3a-44ac-75fa-8ded-55cb087dafef?origin=2,documents/Bradesco/2026/2T26/Bradesco_2T26_-_Series_Historicas__0e6d77287103.xlsx,Carteira Crédito - Indicadores!BT36,2026Q2,0e6d77287103e4b7a7a7c9ac0c987de910637b4f7c5ff73a5bd69551ea8bcbb3,4.16000906402338,1,mapped
Bradesco,2024Q3,operating_expenses,15050,BRL_million,quarter,managerial_adjusted,consolidated,Legacy through 2024; labor litigation reclassified into other operating expenses for all historical periods,Despesas Operacionais,https://api.mziq.com/mzfilemanager/v2/d/80f2e993-0a30-421a-9470-a4d5c8ad5e9f/b88dfb3a-44ac-75fa-8ded-55cb087dafef?origin=2,documents/Bradesco/2026/2T26/Bradesco_2T26_-_Series_Historicas__0e6d77287103.xlsx,DRE Recorrente!AM25,2026Q2,0e6d77287103e4b7a7a7c9ac0c987de910637b4f7c5ff73a5bd69551ea8bcbb3,-15050,-1,mapped
Bradesco,2024Q3,personnel_expenses,6504,BRL_million,quarter,managerial_adjusted,consolidated,Legacy through 2024; labor litigation reclassified into other operating expenses for all historical periods,Despesas de Pessoal (5),https://api.mziq.com/mzfilemanager/v2/d/80f2e993-0a30-421a-9470-a4d5c8ad5e9f/b88dfb3a-44ac-75fa-8ded-55cb087dafef?origin=2,documents/Bradesco/2026/2T26/Bradesco_2T26_-_Series_Historicas__0e6d77287103.xlsx,DRE Recorrente!AM26,2026Q2,0e6d77287103e4b7a7a7c9ac0c987de910637b4f7c5ff73a5bd69551ea8bcbb3,-6504,-1,mapped
Bradesco,2024Q3,roe_adjusted,11.3,percent,ytd_annualized,managerial_adjusted,consolidated,"ROE footnote specifies accumulated net income in year, annualized; efficiency rolling 12 months",Retorno Anualizado s/ P. L. (médio) (3),https://api.mziq.com/mzfilemanager/v2/d/80f2e993-0a30-421a-9470-a4d5c8ad5e9f/b88dfb3a-44ac-75fa-8ded-55cb087dafef?origin=2,documents/Bradesco/2026/2T26/Bradesco_2T26_-_Series_Historicas__0e6d77287103.xlsx,27- Índice de Desempenho!BT15,2026Q2,0e6d77287103e4b7a7a7c9ac0c987de910637b4f7c5ff73a5bd69551ea8bcbb3,11.3,1,mapped
Bradesco,2024Q4,capital_total,14.8,percent,end_of_period,managerial_adjusted,prudential,"ROE footnote specifies accumulated net income in year, annualized; efficiency rolling 12 months",Índice de Basileia III - Conglomerado Prudencial (1),https://api.mziq.com/mzfilemanager/v2/d/80f2e993-0a30-421a-9470-a4d5c8ad5e9f/b88dfb3a-44ac-75fa-8ded-55cb087dafef?origin=2,documents/Bradesco/2026/2T26/Bradesco_2T26_-_Series_Historicas__0e6d77287103.xlsx,27- Índice de Desempenho!BU17,2026Q2,0e6d77287103e4b7a7a7c9ac0c987de910637b4f7c5ff73a5bd69551ea8bcbb3,14.8,1,mapped
Bradesco,2024Q4,coverage_npl90,168.569733,percent,end_of_period,managerial_adjusted,consolidated,Legacy through 2024,Índice de Cobertura - Provisão Total (2) / Operações vencidas acima de 90 dias (%),https://api.mziq.com/mzfilemanager/v2/d/80f2e993-0a30-421a-9470-a4d5c8ad5e9f/b88dfb3a-44ac-75fa-8ded-55cb087dafef?origin=2,documents/Bradesco/2026/2T26/Bradesco_2T26_-_Series_Historicas__0e6d77287103.xlsx,Carteira Crédito - Indicadores!BU37,2026Q2,0e6d77287103e4b7a7a7c9ac0c987de910637b4f7c5ff73a5bd69551ea8bcbb3,168.5697325232209,1,mapped
Bradesco,2024Q4,credit_cost,7460,BRL_million,quarter,managerial_adjusted,consolidated,Legacy through 2024; labor litigation reclassified into other operating expenses for all historical periods,PDD Expandida,https://api.mziq.com/mzfilemanager/v2/d/80f2e993-0a30-421a-9470-a4d5c8ad5e9f/b88dfb3a-44ac-75fa-8ded-55cb087dafef?origin=2,documents/Bradesco/2026/2T26/Bradesco_2T26_-_Series_Historicas__0e6d77287103.xlsx,DRE Recorrente!AN14,2026Q2,0e6d77287103e4b7a7a7c9ac0c987de910637b4f7c5ff73a5bd69551ea8bcbb3,-7460,-1,mapped
Bradesco,2024Q4,deposits,651736,BRL_million,end_of_period,managerial_balance,consolidated,Legacy through 2024,Depósitos Totais,https://api.mziq.com/mzfilemanager/v2/d/80f2e993-0a30-421a-9470-a4d5c8ad5e9f/b88dfb3a-44ac-75fa-8ded-55cb087dafef?origin=2,documents/Bradesco/2026/2T26/Bradesco_2T26_-_Series_Historicas__0e6d77287103.xlsx,BP - Dados Selecionados!Y18,2026Q2,0e6d77287103e4b7a7a7c9ac0c987de910637b4f7c5ff73a5bd69551ea8bcbb3,651736,1,mapped
Bradesco,2024Q4,efficiency,52.2,percent,trailing_12m,managerial_adjusted,consolidated,"ROE footnote specifies accumulated net income in year, annualized; efficiency rolling 12 months",Índice de Eficiência (acumulado dos últimos 12 meses) - Novo Cálculo (5),https://api.mziq.com/mzfilemanager/v2/d/80f2e993-0a30-421a-9470-a4d5c8ad5e9f/b88dfb3a-44ac-75fa-8ded-55cb087dafef?origin=2,documents/Bradesco/2026/2T26/Bradesco_2T26_-_Series_Historicas__0e6d77287103.xlsx,27- Índice de Desempenho!BU20,2026Q2,0e6d77287103e4b7a7a7c9ac0c987de910637b4f7c5ff73a5bd69551ea8bcbb3,52.2,1,mapped
Bradesco,2024Q4,fees,10262,BRL_million,quarter,managerial_adjusted,consolidated,Legacy through 2024; labor litigation reclassified into other operating expenses for all historical periods,Receitas de Prestação de Serviços,https://api.mziq.com/mzfilemanager/v2/d/80f2e993-0a30-421a-9470-a4d5c8ad5e9f/b88dfb3a-44ac-75fa-8ded-55cb087dafef?origin=2,documents/Bradesco/2026/2T26/Bradesco_2T26_-_Series_Historicas__0e6d77287103.xlsx,DRE Recorrente!AN23,2026Q2,0e6d77287103e4b7a7a7c9ac0c987de910637b4f7c5ff73a5bd69551ea8bcbb3,10262,1,mapped
Bradesco,2024Q4,insurance_result,5531,BRL_million,quarter,managerial_adjusted,consolidated,Legacy through 2024; labor litigation reclassified into other operating expenses for all historical periods,"Resultado das Operações de Seguros, Previdência e Capitalização (4)",https://api.mziq.com/mzfilemanager/v2/d/80f2e993-0a30-421a-9470-a4d5c8ad5e9f/b88dfb3a-44ac-75fa-8ded-55cb087dafef?origin=2,documents/Bradesco/2026/2T26/Bradesco_2T26_-_Series_Historicas__0e6d77287103.xlsx,DRE Recorrente!AN22,2026Q2,0e6d77287103e4b7a7a7c9ac0c987de910637b4f7c5ff73a5bd69551ea8bcbb3,5531,1,mapped
Bradesco,2024Q4,loans_expanded,981692,BRL_million,end_of_period,managerial_balance,consolidated,Legacy through 2024,Operações de Crédito - Carteira Expandida,https://api.mziq.com/mzfilemanager/v2/d/80f2e993-0a30-421a-9470-a4d5c8ad5e9f/b88dfb3a-44ac-75fa-8ded-55cb087dafef?origin=2,documents/Bradesco/2026/2T26/Bradesco_2T26_-_Series_Historicas__0e6d77287103.xlsx,BP - Dados Selecionados!Y16,2026Q2,0e6d77287103e4b7a7a7c9ac0c987de910637b4f7c5ff73a5bd69551ea8bcbb3,981692,1,mapped
Bradesco,2024Q4,net_income_adjusted,5402,BRL_million,quarter,managerial_adjusted,consolidated,Legacy through 2024; labor litigation reclassified into other operating expenses for all historical periods,LUCRO LÍQUIDO RECORRENTE,https://api.mziq.com/mzfilemanager/v2/d/80f2e993-0a30-421a-9470-a4d5c8ad5e9f/b88dfb3a-44ac-75fa-8ded-55cb087dafef?origin=2,documents/Bradesco/2026/2T26/Bradesco_2T26_-_Series_Historicas__0e6d77287103.xlsx,DRE Recorrente!AN39,2026Q2,0e6d77287103e4b7a7a7c9ac0c987de910637b4f7c5ff73a5bd69551ea8bcbb3,5402,1,mapped
Bradesco,2024Q4,net_interest_income,16995,BRL_million,quarter,managerial_adjusted,consolidated,Legacy through 2024; labor litigation reclassified into other operating expenses for all historical periods,Margem  Financeira,https://api.mziq.com/mzfilemanager/v2/d/80f2e993-0a30-421a-9470-a4d5c8ad5e9f/b88dfb3a-44ac-75fa-8ded-55cb087dafef?origin=2,documents/Bradesco/2026/2T26/Bradesco_2T26_-_Series_Historicas__0e6d77287103.xlsx,DRE Recorrente!AN10,2026Q2,0e6d77287103e4b7a7a7c9ac0c987de910637b4f7c5ff73a5bd69551ea8bcbb3,16995,1,mapped
Bradesco,2024Q4,nii_clients,16153,BRL_million,quarter,managerial_adjusted,consolidated,Legacy through 2024; labor litigation reclassified into other operating expenses for all historical periods,Margem com Clientes (1),https://api.mziq.com/mzfilemanager/v2/d/80f2e993-0a30-421a-9470-a4d5c8ad5e9f/b88dfb3a-44ac-75fa-8ded-55cb087dafef?origin=2,documents/Bradesco/2026/2T26/Bradesco_2T26_-_Series_Historicas__0e6d77287103.xlsx,DRE Recorrente!AN11,2026Q2,0e6d77287103e4b7a7a7c9ac0c987de910637b4f7c5ff73a5bd69551ea8bcbb3,16153,1,mapped
Bradesco,2024Q4,nii_market,842,BRL_million,quarter,managerial_adjusted,consolidated,Legacy through 2024; labor litigation reclassified into other operating expenses for all historical periods,Margem com o Mercado (2),https://api.mziq.com/mzfilemanager/v2/d/80f2e993-0a30-421a-9470-a4d5c8ad5e9f/b88dfb3a-44ac-75fa-8ded-55cb087dafef?origin=2,documents/Bradesco/2026/2T26/Bradesco_2T26_-_Series_Historicas__0e6d77287103.xlsx,DRE Recorrente!AN12,2026Q2,0e6d77287103e4b7a7a7c9ac0c987de910637b4f7c5ff73a5bd69551ea8bcbb3,842,1,mapped
Bradesco,2024Q4,npl90,3.988135,percent,end_of_period,managerial_adjusted,consolidated,Legacy through 2024,Operações de Crédito Vencidas acima de 90 dias / Operações de Crédito (%),https://api.mziq.com/mzfilemanager/v2/d/80f2e993-0a30-421a-9470-a4d5c8ad5e9f/b88dfb3a-44ac-75fa-8ded-55cb087dafef?origin=2,documents/Bradesco/2026/2T26/Bradesco_2T26_-_Series_Historicas__0e6d77287103.xlsx,Carteira Crédito - Indicadores!BU36,2026Q2,0e6d77287103e4b7a7a7c9ac0c987de910637b4f7c5ff73a5bd69551ea8bcbb3,3.9881350267379676,1,mapped
Bradesco,2024Q4,operating_expenses,16418,BRL_million,quarter,managerial_adjusted,consolidated,Legacy through 2024; labor litigation reclassified into other operating expenses for all historical periods,Despesas Operacionais,https://api.mziq.com/mzfilemanager/v2/d/80f2e993-0a30-421a-9470-a4d5c8ad5e9f/b88dfb3a-44ac-75fa-8ded-55cb087dafef?origin=2,documents/Bradesco/2026/2T26/Bradesco_2T26_-_Series_Historicas__0e6d77287103.xlsx,DRE Recorrente!AN25,2026Q2,0e6d77287103e4b7a7a7c9ac0c987de910637b4f7c5ff73a5bd69551ea8bcbb3,-16418,-1,mapped
Bradesco,2024Q4,personnel_expenses,6773,BRL_million,quarter,managerial_adjusted,consolidated,Legacy through 2024; labor litigation reclassified into other operating expenses for all historical periods,Despesas de Pessoal (5),https://api.mziq.com/mzfilemanager/v2/d/80f2e993-0a30-421a-9470-a4d5c8ad5e9f/b88dfb3a-44ac-75fa-8ded-55cb087dafef?origin=2,documents/Bradesco/2026/2T26/Bradesco_2T26_-_Series_Historicas__0e6d77287103.xlsx,DRE Recorrente!AN26,2026Q2,0e6d77287103e4b7a7a7c9ac0c987de910637b4f7c5ff73a5bd69551ea8bcbb3,-6773,-1,mapped
Bradesco,2024Q4,roe_adjusted,11.7,percent,ytd_annualized,managerial_adjusted,consolidated,"ROE footnote specifies accumulated net income in year, annualized; efficiency rolling 12 months",Retorno Anualizado s/ P. L. (médio) (3),https://api.mziq.com/mzfilemanager/v2/d/80f2e993-0a30-421a-9470-a4d5c8ad5e9f/b88dfb3a-44ac-75fa-8ded-55cb087dafef?origin=2,documents/Bradesco/2026/2T26/Bradesco_2T26_-_Series_Historicas__0e6d77287103.xlsx,27- Índice de Desempenho!BU15,2026Q2,0e6d77287103e4b7a7a7c9ac0c987de910637b4f7c5ff73a5bd69551ea8bcbb3,11.7,1,mapped
Bradesco,2025Q1,assets,2114665,BRL_million,end_of_period,managerial_consolidated,consolidated,Managerial consolidated asset total differs from accounting consolidated total,Total de ativos,https://api.mziq.com/mzfilemanager/v2/d/80f2e993-0a30-421a-9470-a4d5c8ad5e9f/b88dfb3a-44ac-75fa-8ded-55cb087dafef?origin=2,documents/Bradesco/2026/2T26/Bradesco_2T26_-_Series_Historicas__0e6d77287103.xlsx,1- BP - Dados Selecionados !B10,2026Q2,0e6d77287103e4b7a7a7c9ac0c987de910637b4f7c5ff73a5bd69551ea8bcbb3,2114665,1,mapped
Bradesco,2025Q1,capital_total,15.4,percent,end_of_period,managerial_adjusted,prudential,"ROE footnote specifies accumulated net income in year, annualized; efficiency rolling 12 months",Índice de Basileia III - Conglomerado Prudencial (1),https://api.mziq.com/mzfilemanager/v2/d/80f2e993-0a30-421a-9470-a4d5c8ad5e9f/b88dfb3a-44ac-75fa-8ded-55cb087dafef?origin=2,documents/Bradesco/2026/2T26/Bradesco_2T26_-_Series_Historicas__0e6d77287103.xlsx,27- Índice de Desempenho!BV17,2026Q2,0e6d77287103e4b7a7a7c9ac0c987de910637b4f7c5ff73a5bd69551ea8bcbb3,15.4,1,mapped
Bradesco,2025Q1,coverage_npl90,183.1,percent,end_of_period,managerial_adjusted,consolidated,NPL loan denominator; coverage uses expanded overdue exposure,Cobertura (Provisão para Carteira Expandida / Exposição Vencida Acima de 90 dias Expandida),https://api.mziq.com/mzfilemanager/v2/d/80f2e993-0a30-421a-9470-a4d5c8ad5e9f/b88dfb3a-44ac-75fa-8ded-55cb087dafef?origin=2,documents/Bradesco/2026/2T26/Bradesco_2T26_-_Series_Historicas__0e6d77287103.xlsx,31- Carteira Crédito Indicador !B11,2026Q2,0e6d77287103e4b7a7a7c9ac0c987de910637b4f7c5ff73a5bd69551ea8bcbb3,183.1,1,mapped
Bradesco,2025Q1,credit_cost,7642,BRL_million,quarter,managerial_adjusted,consolidated,CMN 4966 from 2025; operating expenses include other net operating income/expenses,Despesa de PDD Expandida,https://api.mziq.com/mzfilemanager/v2/d/80f2e993-0a30-421a-9470-a4d5c8ad5e9f/b88dfb3a-44ac-75fa-8ded-55cb087dafef?origin=2,documents/Bradesco/2026/2T26/Bradesco_2T26_-_Series_Historicas__0e6d77287103.xlsx,4- DRE Recorrente!B14,2026Q2,0e6d77287103e4b7a7a7c9ac0c987de910637b4f7c5ff73a5bd69551ea8bcbb3,-7642,-1,mapped
Bradesco,2025Q1,efficiency,51.8,percent,trailing_12m,managerial_adjusted,consolidated,"ROE footnote specifies accumulated net income in year, annualized; efficiency rolling 12 months",Índice de Eficiência (acumulado dos últimos 12 meses) - Novo Cálculo (5),https://api.mziq.com/mzfilemanager/v2/d/80f2e993-0a30-421a-9470-a4d5c8ad5e9f/b88dfb3a-44ac-75fa-8ded-55cb087dafef?origin=2,documents/Bradesco/2026/2T26/Bradesco_2T26_-_Series_Historicas__0e6d77287103.xlsx,27- Índice de Desempenho!BV20,2026Q2,0e6d77287103e4b7a7a7c9ac0c987de910637b4f7c5ff73a5bd69551ea8bcbb3,51.8,1,mapped
Bradesco,2025Q1,equity,164193,BRL_million,end_of_period,managerial_consolidated,consolidated,Managerial consolidated asset total differs from accounting consolidated total,Patrimônio líquido atribuído aos acionistas controladores,https://api.mziq.com/mzfilemanager/v2/d/80f2e993-0a30-421a-9470-a4d5c8ad5e9f/b88dfb3a-44ac-75fa-8ded-55cb087dafef?origin=2,documents/Bradesco/2026/2T26/Bradesco_2T26_-_Series_Historicas__0e6d77287103.xlsx,1- BP - Dados Selecionados !B28,2026Q2,0e6d77287103e4b7a7a7c9ac0c987de910637b4f7c5ff73a5bd69551ea8bcbb3,164193,1,mapped
Bradesco,2025Q1,fees,9769,BRL_million,quarter,managerial_adjusted,consolidated,CMN 4966 from 2025; operating expenses include other net operating income/expenses,Receitas de Prestação de Serviços,https://api.mziq.com/mzfilemanager/v2/d/80f2e993-0a30-421a-9470-a4d5c8ad5e9f/b88dfb3a-44ac-75fa-8ded-55cb087dafef?origin=2,documents/Bradesco/2026/2T26/Bradesco_2T26_-_Series_Historicas__0e6d77287103.xlsx,4- DRE Recorrente!B19,2026Q2,0e6d77287103e4b7a7a7c9ac0c987de910637b4f7c5ff73a5bd69551ea8bcbb3,9769,1,mapped
Bradesco,2025Q1,funding_broad,1910769,BRL_million,end_of_period,managerial_balance,consolidated,"Broad raised funds includes insurance technical provisions, repos and own capital; not customer deposits",Recursos Captados,https://api.mziq.com/mzfilemanager/v2/d/80f2e993-0a30-421a-9470-a4d5c8ad5e9f/b88dfb3a-44ac-75fa-8ded-55cb087dafef?origin=2,documents/Bradesco/2026/2T26/Bradesco_2T26_-_Series_Historicas__0e6d77287103.xlsx,17- Rec. Captados e Administ.!B10,2026Q2,0e6d77287103e4b7a7a7c9ac0c987de910637b4f7c5ff73a5bd69551ea8bcbb3,1910769,1,mapped
Bradesco,2025Q1,insurance_result,5303,BRL_million,quarter,managerial_adjusted,consolidated,CMN 4966 from 2025; operating expenses include other net operating income/expenses,"Resultado das Operações de Seguros, Previdência e Capitalização (3)",https://api.mziq.com/mzfilemanager/v2/d/80f2e993-0a30-421a-9470-a4d5c8ad5e9f/b88dfb3a-44ac-75fa-8ded-55cb087dafef?origin=2,documents/Bradesco/2026/2T26/Bradesco_2T26_-_Series_Historicas__0e6d77287103.xlsx,4- DRE Recorrente!B18,2026Q2,0e6d77287103e4b7a7a7c9ac0c987de910637b4f7c5ff73a5bd69551ea8bcbb3,5303,1,mapped
Bradesco,2025Q1,loans_corporate,572272,BRL_million,end_of_period,managerial_balance,consolidated,,Pessoas jurídicas,https://api.mziq.com/mzfilemanager/v2/d/80f2e993-0a30-421a-9470-a4d5c8ad5e9f/b88dfb3a-44ac-75fa-8ded-55cb087dafef?origin=2,documents/Bradesco/2026/2T26/Bradesco_2T26_-_Series_Historicas__0e6d77287103.xlsx,13- Carteira Expandida !B20,2026Q2,0e6d77287103e4b7a7a7c9ac0c987de910637b4f7c5ff73a5bd69551ea8bcbb3,572272,1,mapped
Bradesco,2025Q1,loans_expanded,1005122,BRL_million,end_of_period,managerial_balance,consolidated,,Total da carteira de crédito expandida,https://api.mziq.com/mzfilemanager/v2/d/80f2e993-0a30-421a-9470-a4d5c8ad5e9f/b88dfb3a-44ac-75fa-8ded-55cb087dafef?origin=2,documents/Bradesco/2026/2T26/Bradesco_2T26_-_Series_Historicas__0e6d77287103.xlsx,13- Carteira Expandida !B32,2026Q2,0e6d77287103e4b7a7a7c9ac0c987de910637b4f7c5ff73a5bd69551ea8bcbb3,1005122,1,mapped
Bradesco,2025Q1,loans_individuals,432851,BRL_million,end_of_period,managerial_balance,consolidated,,Pessoas físicas,https://api.mziq.com/mzfilemanager/v2/d/80f2e993-0a30-421a-9470-a4d5c8ad5e9f/b88dfb3a-44ac-75fa-8ded-55cb087dafef?origin=2,documents/Bradesco/2026/2T26/Bradesco_2T26_-_Series_Historicas__0e6d77287103.xlsx,13- Carteira Expandida !B10,2026Q2,0e6d77287103e4b7a7a7c9ac0c987de910637b4f7c5ff73a5bd69551ea8bcbb3,432851,1,mapped
Bradesco,2025Q1,net_income_accounting,5802,BRL_million,quarter,accounting_consolidated,consolidated,,Lucro Líquido,https://api.mziq.com/mzfilemanager/v2/d/80f2e993-0a30-421a-9470-a4d5c8ad5e9f/b88dfb3a-44ac-75fa-8ded-55cb087dafef?origin=2,documents/Bradesco/2026/2T26/Bradesco_2T26_-_Series_Historicas__0e6d77287103.xlsx,7- DRE Contábil!B40,2026Q2,0e6d77287103e4b7a7a7c9ac0c987de910637b4f7c5ff73a5bd69551ea8bcbb3,5802,1,mapped
Bradesco,2025Q1,net_income_adjusted,5864,BRL_million,quarter,managerial_adjusted,consolidated,CMN 4966 from 2025; operating expenses include other net operating income/expenses,Lucro Líquido Recorrente,https://api.mziq.com/mzfilemanager/v2/d/80f2e993-0a30-421a-9470-a4d5c8ad5e9f/b88dfb3a-44ac-75fa-8ded-55cb087dafef?origin=2,documents/Bradesco/2026/2T26/Bradesco_2T26_-_Series_Historicas__0e6d77287103.xlsx,4- DRE Recorrente!B33,2026Q2,0e6d77287103e4b7a7a7c9ac0c987de910637b4f7c5ff73a5bd69551ea8bcbb3,5864,1,mapped
Bradesco,2025Q1,net_interest_income,17233,BRL_million,quarter,managerial_adjusted,consolidated,CMN 4966 from 2025; operating expenses include other net operating income/expenses,Margem  Financeira,https://api.mziq.com/mzfilemanager/v2/d/80f2e993-0a30-421a-9470-a4d5c8ad5e9f/b88dfb3a-44ac-75fa-8ded-55cb087dafef?origin=2,documents/Bradesco/2026/2T26/Bradesco_2T26_-_Series_Historicas__0e6d77287103.xlsx,4- DRE Recorrente!B10,2026Q2,0e6d77287103e4b7a7a7c9ac0c987de910637b4f7c5ff73a5bd69551ea8bcbb3,17233,1,mapped
Bradesco,2025Q1,nii_clients,16771,BRL_million,quarter,managerial_adjusted,consolidated,CMN 4966 from 2025; operating expenses include other net operating income/expenses,  Margem com Clientes (1),https://api.mziq.com/mzfilemanager/v2/d/80f2e993-0a30-421a-9470-a4d5c8ad5e9f/b88dfb3a-44ac-75fa-8ded-55cb087dafef?origin=2,documents/Bradesco/2026/2T26/Bradesco_2T26_-_Series_Historicas__0e6d77287103.xlsx,4- DRE Recorrente!B11,2026Q2,0e6d77287103e4b7a7a7c9ac0c987de910637b4f7c5ff73a5bd69551ea8bcbb3,16771,1,mapped
Bradesco,2025Q1,nii_market,462,BRL_million,quarter,managerial_adjusted,consolidated,CMN 4966 from 2025; operating expenses include other net operating income/expenses,  Margem com o Mercado (2),https://api.mziq.com/mzfilemanager/v2/d/80f2e993-0a30-421a-9470-a4d5c8ad5e9f/b88dfb3a-44ac-75fa-8ded-55cb087dafef?origin=2,documents/Bradesco/2026/2T26/Bradesco_2T26_-_Series_Historicas__0e6d77287103.xlsx,4- DRE Recorrente!B12,2026Q2,0e6d77287103e4b7a7a7c9ac0c987de910637b4f7c5ff73a5bd69551ea8bcbb3,462,1,mapped
Bradesco,2025Q1,npl90,4.1,percent,end_of_period,managerial_adjusted,consolidated,NPL loan denominator; coverage uses expanded overdue exposure,Inadimplência (Em atraso acima de 90 dias / Carteira de Crédito),https://api.mziq.com/mzfilemanager/v2/d/80f2e993-0a30-421a-9470-a4d5c8ad5e9f/b88dfb3a-44ac-75fa-8ded-55cb087dafef?origin=2,documents/Bradesco/2026/2T26/Bradesco_2T26_-_Series_Historicas__0e6d77287103.xlsx,31- Carteira Crédito Indicador !B10,2026Q2,0e6d77287103e4b7a7a7c9ac0c987de910637b4f7c5ff73a5bd69551ea8bcbb3,4.1,1,mapped
Bradesco,2025Q1,operating_expenses,15006,BRL_million,quarter,managerial_adjusted,consolidated,CMN 4966 from 2025; operating expenses include other net operating income/expenses,Despesas Operacionais,https://api.mziq.com/mzfilemanager/v2/d/80f2e993-0a30-421a-9470-a4d5c8ad5e9f/b88dfb3a-44ac-75fa-8ded-55cb087dafef?origin=2,documents/Bradesco/2026/2T26/Bradesco_2T26_-_Series_Historicas__0e6d77287103.xlsx,4- DRE Recorrente!B20,2026Q2,0e6d77287103e4b7a7a7c9ac0c987de910637b4f7c5ff73a5bd69551ea8bcbb3,-15006,-1,mapped
Bradesco,2025Q1,personnel_expenses,6705,BRL_million,quarter,managerial_adjusted,consolidated,CMN 4966 from 2025; operating expenses include other net operating income/expenses,  Despesas de Pessoal,https://api.mziq.com/mzfilemanager/v2/d/80f2e993-0a30-421a-9470-a4d5c8ad5e9f/b88dfb3a-44ac-75fa-8ded-55cb087dafef?origin=2,documents/Bradesco/2026/2T26/Bradesco_2T26_-_Series_Historicas__0e6d77287103.xlsx,4- DRE Recorrente!B21,2026Q2,0e6d77287103e4b7a7a7c9ac0c987de910637b4f7c5ff73a5bd69551ea8bcbb3,-6705,-1,mapped
Bradesco,2025Q1,roe_adjusted,14.4,percent,ytd_annualized,managerial_adjusted,consolidated,"ROE footnote specifies accumulated net income in year, annualized; efficiency rolling 12 months",Retorno Anualizado s/ P. L. (médio) (3),https://api.mziq.com/mzfilemanager/v2/d/80f2e993-0a30-421a-9470-a4d5c8ad5e9f/b88dfb3a-44ac-75fa-8ded-55cb087dafef?origin=2,documents/Bradesco/2026/2T26/Bradesco_2T26_-_Series_Historicas__0e6d77287103.xlsx,27- Índice de Desempenho!BV15,2026Q2,0e6d77287103e4b7a7a7c9ac0c987de910637b4f7c5ff73a5bd69551ea8bcbb3,14.4,1,mapped
Bradesco,2025Q2,assets,2196957,BRL_million,end_of_period,managerial_consolidated,consolidated,Managerial consolidated asset total differs from accounting consolidated total,Total de ativos,https://api.mziq.com/mzfilemanager/v2/d/80f2e993-0a30-421a-9470-a4d5c8ad5e9f/b88dfb3a-44ac-75fa-8ded-55cb087dafef?origin=2,documents/Bradesco/2026/2T26/Bradesco_2T26_-_Series_Historicas__0e6d77287103.xlsx,1- BP - Dados Selecionados !C10,2026Q2,0e6d77287103e4b7a7a7c9ac0c987de910637b4f7c5ff73a5bd69551ea8bcbb3,2196957,1,mapped
Bradesco,2025Q2,capital_total,15.5,percent,end_of_period,managerial_adjusted,prudential,"ROE footnote specifies accumulated net income in year, annualized; efficiency rolling 12 months",Índice de Basileia III - Conglomerado Prudencial (1),https://api.mziq.com/mzfilemanager/v2/d/80f2e993-0a30-421a-9470-a4d5c8ad5e9f/b88dfb3a-44ac-75fa-8ded-55cb087dafef?origin=2,documents/Bradesco/2026/2T26/Bradesco_2T26_-_Series_Historicas__0e6d77287103.xlsx,27- Índice de Desempenho!BW17,2026Q2,0e6d77287103e4b7a7a7c9ac0c987de910637b4f7c5ff73a5bd69551ea8bcbb3,15.5,1,mapped
Bradesco,2025Q2,coverage_npl90,177.8,percent,end_of_period,managerial_adjusted,consolidated,NPL loan denominator; coverage uses expanded overdue exposure,Cobertura (Provisão para Carteira Expandida / Exposição Vencida Acima de 90 dias Expandida),https://api.mziq.com/mzfilemanager/v2/d/80f2e993-0a30-421a-9470-a4d5c8ad5e9f/b88dfb3a-44ac-75fa-8ded-55cb087dafef?origin=2,documents/Bradesco/2026/2T26/Bradesco_2T26_-_Series_Historicas__0e6d77287103.xlsx,31- Carteira Crédito Indicador !C11,2026Q2,0e6d77287103e4b7a7a7c9ac0c987de910637b4f7c5ff73a5bd69551ea8bcbb3,177.8,1,mapped
Bradesco,2025Q2,credit_cost,8142,BRL_million,quarter,managerial_adjusted,consolidated,CMN 4966 from 2025; operating expenses include other net operating income/expenses,Despesa de PDD Expandida,https://api.mziq.com/mzfilemanager/v2/d/80f2e993-0a30-421a-9470-a4d5c8ad5e9f/b88dfb3a-44ac-75fa-8ded-55cb087dafef?origin=2,documents/Bradesco/2026/2T26/Bradesco_2T26_-_Series_Historicas__0e6d77287103.xlsx,4- DRE Recorrente!C14,2026Q2,0e6d77287103e4b7a7a7c9ac0c987de910637b4f7c5ff73a5bd69551ea8bcbb3,-8142,-1,mapped
Bradesco,2025Q2,efficiency,51.2,percent,trailing_12m,managerial_adjusted,consolidated,"ROE footnote specifies accumulated net income in year, annualized; efficiency rolling 12 months",Índice de Eficiência (acumulado dos últimos 12 meses) - Novo Cálculo (5),https://api.mziq.com/mzfilemanager/v2/d/80f2e993-0a30-421a-9470-a4d5c8ad5e9f/b88dfb3a-44ac-75fa-8ded-55cb087dafef?origin=2,documents/Bradesco/2026/2T26/Bradesco_2T26_-_Series_Historicas__0e6d77287103.xlsx,27- Índice de Desempenho!BW20,2026Q2,0e6d77287103e4b7a7a7c9ac0c987de910637b4f7c5ff73a5bd69551ea8bcbb3,51.2,1,mapped
Bradesco,2025Q2,equity,167312,BRL_million,end_of_period,managerial_consolidated,consolidated,Managerial consolidated asset total differs from accounting consolidated total,Patrimônio líquido atribuído aos acionistas controladores,https://api.mziq.com/mzfilemanager/v2/d/80f2e993-0a30-421a-9470-a4d5c8ad5e9f/b88dfb3a-44ac-75fa-8ded-55cb087dafef?origin=2,documents/Bradesco/2026/2T26/Bradesco_2T26_-_Series_Historicas__0e6d77287103.xlsx,1- BP - Dados Selecionados !C28,2026Q2,0e6d77287103e4b7a7a7c9ac0c987de910637b4f7c5ff73a5bd69551ea8bcbb3,167312,1,mapped
Bradesco,2025Q2,fees,10307,BRL_million,quarter,managerial_adjusted,consolidated,CMN 4966 from 2025; operating expenses include other net operating income/expenses,Receitas de Prestação de Serviços,https://api.mziq.com/mzfilemanager/v2/d/80f2e993-0a30-421a-9470-a4d5c8ad5e9f/b88dfb3a-44ac-75fa-8ded-55cb087dafef?origin=2,documents/Bradesco/2026/2T26/Bradesco_2T26_-_Series_Historicas__0e6d77287103.xlsx,4- DRE Recorrente!C19,2026Q2,0e6d77287103e4b7a7a7c9ac0c987de910637b4f7c5ff73a5bd69551ea8bcbb3,10307,1,mapped
Bradesco,2025Q2,funding_broad,1981438,BRL_million,end_of_period,managerial_balance,consolidated,"Broad raised funds includes insurance technical provisions, repos and own capital; not customer deposits",Recursos Captados,https://api.mziq.com/mzfilemanager/v2/d/80f2e993-0a30-421a-9470-a4d5c8ad5e9f/b88dfb3a-44ac-75fa-8ded-55cb087dafef?origin=2,documents/Bradesco/2026/2T26/Bradesco_2T26_-_Series_Historicas__0e6d77287103.xlsx,17- Rec. Captados e Administ.!C10,2026Q2,0e6d77287103e4b7a7a7c9ac0c987de910637b4f7c5ff73a5bd69551ea8bcbb3,1981438,1,mapped
Bradesco,2025Q2,insurance_result,5650,BRL_million,quarter,managerial_adjusted,consolidated,CMN 4966 from 2025; operating expenses include other net operating income/expenses,"Resultado das Operações de Seguros, Previdência e Capitalização (3)",https://api.mziq.com/mzfilemanager/v2/d/80f2e993-0a30-421a-9470-a4d5c8ad5e9f/b88dfb3a-44ac-75fa-8ded-55cb087dafef?origin=2,documents/Bradesco/2026/2T26/Bradesco_2T26_-_Series_Historicas__0e6d77287103.xlsx,4- DRE Recorrente!C18,2026Q2,0e6d77287103e4b7a7a7c9ac0c987de910637b4f7c5ff73a5bd69551ea8bcbb3,5650,1,mapped
Bradesco,2025Q2,loans_corporate,575981,BRL_million,end_of_period,managerial_balance,consolidated,,Pessoas jurídicas,https://api.mziq.com/mzfilemanager/v2/d/80f2e993-0a30-421a-9470-a4d5c8ad5e9f/b88dfb3a-44ac-75fa-8ded-55cb087dafef?origin=2,documents/Bradesco/2026/2T26/Bradesco_2T26_-_Series_Historicas__0e6d77287103.xlsx,13- Carteira Expandida !C20,2026Q2,0e6d77287103e4b7a7a7c9ac0c987de910637b4f7c5ff73a5bd69551ea8bcbb3,575981,1,mapped
Bradesco,2025Q2,loans_expanded,1018426,BRL_million,end_of_period,managerial_balance,consolidated,,Total da carteira de crédito expandida,https://api.mziq.com/mzfilemanager/v2/d/80f2e993-0a30-421a-9470-a4d5c8ad5e9f/b88dfb3a-44ac-75fa-8ded-55cb087dafef?origin=2,documents/Bradesco/2026/2T26/Bradesco_2T26_-_Series_Historicas__0e6d77287103.xlsx,13- Carteira Expandida !C32,2026Q2,0e6d77287103e4b7a7a7c9ac0c987de910637b4f7c5ff73a5bd69551ea8bcbb3,1018426,1,mapped
Bradesco,2025Q2,loans_individuals,442446,BRL_million,end_of_period,managerial_balance,consolidated,,Pessoas físicas,https://api.mziq.com/mzfilemanager/v2/d/80f2e993-0a30-421a-9470-a4d5c8ad5e9f/b88dfb3a-44ac-75fa-8ded-55cb087dafef?origin=2,documents/Bradesco/2026/2T26/Bradesco_2T26_-_Series_Historicas__0e6d77287103.xlsx,13- Carteira Expandida !C10,2026Q2,0e6d77287103e4b7a7a7c9ac0c987de910637b4f7c5ff73a5bd69551ea8bcbb3,442446,1,mapped
Bradesco,2025Q2,net_income_accounting,6067,BRL_million,quarter,accounting_consolidated,consolidated,,Lucro Líquido,https://api.mziq.com/mzfilemanager/v2/d/80f2e993-0a30-421a-9470-a4d5c8ad5e9f/b88dfb3a-44ac-75fa-8ded-55cb087dafef?origin=2,documents/Bradesco/2026/2T26/Bradesco_2T26_-_Series_Historicas__0e6d77287103.xlsx,7- DRE Contábil!C40,2026Q2,0e6d77287103e4b7a7a7c9ac0c987de910637b4f7c5ff73a5bd69551ea8bcbb3,6067,1,mapped
Bradesco,2025Q2,net_income_adjusted,6067,BRL_million,quarter,managerial_adjusted,consolidated,CMN 4966 from 2025; operating expenses include other net operating income/expenses,Lucro Líquido Recorrente,https://api.mziq.com/mzfilemanager/v2/d/80f2e993-0a30-421a-9470-a4d5c8ad5e9f/b88dfb3a-44ac-75fa-8ded-55cb087dafef?origin=2,documents/Bradesco/2026/2T26/Bradesco_2T26_-_Series_Historicas__0e6d77287103.xlsx,4- DRE Recorrente!C33,2026Q2,0e6d77287103e4b7a7a7c9ac0c987de910637b4f7c5ff73a5bd69551ea8bcbb3,6067,1,mapped
Bradesco,2025Q2,net_interest_income,18044,BRL_million,quarter,managerial_adjusted,consolidated,CMN 4966 from 2025; operating expenses include other net operating income/expenses,Margem  Financeira,https://api.mziq.com/mzfilemanager/v2/d/80f2e993-0a30-421a-9470-a4d5c8ad5e9f/b88dfb3a-44ac-75fa-8ded-55cb087dafef?origin=2,documents/Bradesco/2026/2T26/Bradesco_2T26_-_Series_Historicas__0e6d77287103.xlsx,4- DRE Recorrente!C10,2026Q2,0e6d77287103e4b7a7a7c9ac0c987de910637b4f7c5ff73a5bd69551ea8bcbb3,18044,1,mapped
Bradesco,2025Q2,nii_clients,17756,BRL_million,quarter,managerial_adjusted,consolidated,CMN 4966 from 2025; operating expenses include other net operating income/expenses,  Margem com Clientes (1),https://api.mziq.com/mzfilemanager/v2/d/80f2e993-0a30-421a-9470-a4d5c8ad5e9f/b88dfb3a-44ac-75fa-8ded-55cb087dafef?origin=2,documents/Bradesco/2026/2T26/Bradesco_2T26_-_Series_Historicas__0e6d77287103.xlsx,4- DRE Recorrente!C11,2026Q2,0e6d77287103e4b7a7a7c9ac0c987de910637b4f7c5ff73a5bd69551ea8bcbb3,17756,1,mapped
Bradesco,2025Q2,nii_market,288,BRL_million,quarter,managerial_adjusted,consolidated,CMN 4966 from 2025; operating expenses include other net operating income/expenses,  Margem com o Mercado (2),https://api.mziq.com/mzfilemanager/v2/d/80f2e993-0a30-421a-9470-a4d5c8ad5e9f/b88dfb3a-44ac-75fa-8ded-55cb087dafef?origin=2,documents/Bradesco/2026/2T26/Bradesco_2T26_-_Series_Historicas__0e6d77287103.xlsx,4- DRE Recorrente!C12,2026Q2,0e6d77287103e4b7a7a7c9ac0c987de910637b4f7c5ff73a5bd69551ea8bcbb3,288,1,mapped
Bradesco,2025Q2,npl90,4.1,percent,end_of_period,managerial_adjusted,consolidated,NPL loan denominator; coverage uses expanded overdue exposure,Inadimplência (Em atraso acima de 90 dias / Carteira de Crédito),https://api.mziq.com/mzfilemanager/v2/d/80f2e993-0a30-421a-9470-a4d5c8ad5e9f/b88dfb3a-44ac-75fa-8ded-55cb087dafef?origin=2,documents/Bradesco/2026/2T26/Bradesco_2T26_-_Series_Historicas__0e6d77287103.xlsx,31- Carteira Crédito Indicador !C10,2026Q2,0e6d77287103e4b7a7a7c9ac0c987de910637b4f7c5ff73a5bd69551ea8bcbb3,4.1,1,mapped
Bradesco,2025Q2,operating_expenses,15898,BRL_million,quarter,managerial_adjusted,consolidated,CMN 4966 from 2025; operating expenses include other net operating income/expenses,Despesas Operacionais,https://api.mziq.com/mzfilemanager/v2/d/80f2e993-0a30-421a-9470-a4d5c8ad5e9f/b88dfb3a-44ac-75fa-8ded-55cb087dafef?origin=2,documents/Bradesco/2026/2T26/Bradesco_2T26_-_Series_Historicas__0e6d77287103.xlsx,4- DRE Recorrente!C20,2026Q2,0e6d77287103e4b7a7a7c9ac0c987de910637b4f7c5ff73a5bd69551ea8bcbb3,-15898,-1,mapped
Bradesco,2025Q2,personnel_expenses,6852,BRL_million,quarter,managerial_adjusted,consolidated,CMN 4966 from 2025; operating expenses include other net operating income/expenses,  Despesas de Pessoal,https://api.mziq.com/mzfilemanager/v2/d/80f2e993-0a30-421a-9470-a4d5c8ad5e9f/b88dfb3a-44ac-75fa-8ded-55cb087dafef?origin=2,documents/Bradesco/2026/2T26/Bradesco_2T26_-_Series_Historicas__0e6d77287103.xlsx,4- DRE Recorrente!C21,2026Q2,0e6d77287103e4b7a7a7c9ac0c987de910637b4f7c5ff73a5bd69551ea8bcbb3,-6852,-1,mapped
Bradesco,2025Q2,roe_adjusted,14.6,percent,ytd_annualized,managerial_adjusted,consolidated,"ROE footnote specifies accumulated net income in year, annualized; efficiency rolling 12 months",Retorno Anualizado s/ P. L. (médio) (3),https://api.mziq.com/mzfilemanager/v2/d/80f2e993-0a30-421a-9470-a4d5c8ad5e9f/b88dfb3a-44ac-75fa-8ded-55cb087dafef?origin=2,documents/Bradesco/2026/2T26/Bradesco_2T26_-_Series_Historicas__0e6d77287103.xlsx,27- Índice de Desempenho!BW15,2026Q2,0e6d77287103e4b7a7a7c9ac0c987de910637b4f7c5ff73a5bd69551ea8bcbb3,14.6,1,mapped
Bradesco,2025Q3,assets,2256529,BRL_million,end_of_period,managerial_consolidated,consolidated,Managerial consolidated asset total differs from accounting consolidated total,Total de ativos,https://api.mziq.com/mzfilemanager/v2/d/80f2e993-0a30-421a-9470-a4d5c8ad5e9f/b88dfb3a-44ac-75fa-8ded-55cb087dafef?origin=2,documents/Bradesco/2026/2T26/Bradesco_2T26_-_Series_Historicas__0e6d77287103.xlsx,1- BP - Dados Selecionados !D10,2026Q2,0e6d77287103e4b7a7a7c9ac0c987de910637b4f7c5ff73a5bd69551ea8bcbb3,2256529,1,mapped
Bradesco,2025Q3,capital_total,15.9,percent,end_of_period,managerial_adjusted,prudential,"ROE footnote specifies accumulated net income in year, annualized; efficiency rolling 12 months",Índice de Basileia III - Conglomerado Prudencial (1),https://api.mziq.com/mzfilemanager/v2/d/80f2e993-0a30-421a-9470-a4d5c8ad5e9f/b88dfb3a-44ac-75fa-8ded-55cb087dafef?origin=2,documents/Bradesco/2026/2T26/Bradesco_2T26_-_Series_Historicas__0e6d77287103.xlsx,27- Índice de Desempenho!BX17,2026Q2,0e6d77287103e4b7a7a7c9ac0c987de910637b4f7c5ff73a5bd69551ea8bcbb3,15.9,1,mapped
Bradesco,2025Q3,coverage_npl90,168.9,percent,end_of_period,managerial_adjusted,consolidated,NPL loan denominator; coverage uses expanded overdue exposure,Cobertura (Provisão para Carteira Expandida / Exposição Vencida Acima de 90 dias Expandida),https://api.mziq.com/mzfilemanager/v2/d/80f2e993-0a30-421a-9470-a4d5c8ad5e9f/b88dfb3a-44ac-75fa-8ded-55cb087dafef?origin=2,documents/Bradesco/2026/2T26/Bradesco_2T26_-_Series_Historicas__0e6d77287103.xlsx,31- Carteira Crédito Indicador !D11,2026Q2,0e6d77287103e4b7a7a7c9ac0c987de910637b4f7c5ff73a5bd69551ea8bcbb3,168.9,1,mapped
Bradesco,2025Q3,credit_cost,8560,BRL_million,quarter,managerial_adjusted,consolidated,CMN 4966 from 2025; operating expenses include other net operating income/expenses,Despesa de PDD Expandida,https://api.mziq.com/mzfilemanager/v2/d/80f2e993-0a30-421a-9470-a4d5c8ad5e9f/b88dfb3a-44ac-75fa-8ded-55cb087dafef?origin=2,documents/Bradesco/2026/2T26/Bradesco_2T26_-_Series_Historicas__0e6d77287103.xlsx,4- DRE Recorrente!D14,2026Q2,0e6d77287103e4b7a7a7c9ac0c987de910637b4f7c5ff73a5bd69551ea8bcbb3,-8560,-1,mapped
Bradesco,2025Q3,efficiency,50.7,percent,trailing_12m,managerial_adjusted,consolidated,"ROE footnote specifies accumulated net income in year, annualized; efficiency rolling 12 months",Índice de Eficiência (acumulado dos últimos 12 meses) - Novo Cálculo (5),https://api.mziq.com/mzfilemanager/v2/d/80f2e993-0a30-421a-9470-a4d5c8ad5e9f/b88dfb3a-44ac-75fa-8ded-55cb087dafef?origin=2,documents/Bradesco/2026/2T26/Bradesco_2T26_-_Series_Historicas__0e6d77287103.xlsx,27- Índice de Desempenho!BX20,2026Q2,0e6d77287103e4b7a7a7c9ac0c987de910637b4f7c5ff73a5bd69551ea8bcbb3,50.7,1,mapped
Bradesco,2025Q3,equity,169590,BRL_million,end_of_period,managerial_consolidated,consolidated,Managerial consolidated asset total differs from accounting consolidated total,Patrimônio líquido atribuído aos acionistas controladores,https://api.mziq.com/mzfilemanager/v2/d/80f2e993-0a30-421a-9470-a4d5c8ad5e9f/b88dfb3a-44ac-75fa-8ded-55cb087dafef?origin=2,documents/Bradesco/2026/2T26/Bradesco_2T26_-_Series_Historicas__0e6d77287103.xlsx,1- BP - Dados Selecionados !D28,2026Q2,0e6d77287103e4b7a7a7c9ac0c987de910637b4f7c5ff73a5bd69551ea8bcbb3,169590,1,mapped
Bradesco,2025Q3,fees,10592,BRL_million,quarter,managerial_adjusted,consolidated,CMN 4966 from 2025; operating expenses include other net operating income/expenses,Receitas de Prestação de Serviços,https://api.mziq.com/mzfilemanager/v2/d/80f2e993-0a30-421a-9470-a4d5c8ad5e9f/b88dfb3a-44ac-75fa-8ded-55cb087dafef?origin=2,documents/Bradesco/2026/2T26/Bradesco_2T26_-_Series_Historicas__0e6d77287103.xlsx,4- DRE Recorrente!D19,2026Q2,0e6d77287103e4b7a7a7c9ac0c987de910637b4f7c5ff73a5bd69551ea8bcbb3,10592,1,mapped
Bradesco,2025Q3,funding_broad,2041184,BRL_million,end_of_period,managerial_balance,consolidated,"Broad raised funds includes insurance technical provisions, repos and own capital; not customer deposits",Recursos Captados,https://api.mziq.com/mzfilemanager/v2/d/80f2e993-0a30-421a-9470-a4d5c8ad5e9f/b88dfb3a-44ac-75fa-8ded-55cb087dafef?origin=2,documents/Bradesco/2026/2T26/Bradesco_2T26_-_Series_Historicas__0e6d77287103.xlsx,17- Rec. Captados e Administ.!D10,2026Q2,0e6d77287103e4b7a7a7c9ac0c987de910637b4f7c5ff73a5bd69551ea8bcbb3,2041184,1,mapped
Bradesco,2025Q3,insurance_result,5706,BRL_million,quarter,managerial_adjusted,consolidated,CMN 4966 from 2025; operating expenses include other net operating income/expenses,"Resultado das Operações de Seguros, Previdência e Capitalização (3)",https://api.mziq.com/mzfilemanager/v2/d/80f2e993-0a30-421a-9470-a4d5c8ad5e9f/b88dfb3a-44ac-75fa-8ded-55cb087dafef?origin=2,documents/Bradesco/2026/2T26/Bradesco_2T26_-_Series_Historicas__0e6d77287103.xlsx,4- DRE Recorrente!D18,2026Q2,0e6d77287103e4b7a7a7c9ac0c987de910637b4f7c5ff73a5bd69551ea8bcbb3,5706,1,mapped
Bradesco,2025Q3,loans_corporate,582670,BRL_million,end_of_period,managerial_balance,consolidated,,Pessoas jurídicas,https://api.mziq.com/mzfilemanager/v2/d/80f2e993-0a30-421a-9470-a4d5c8ad5e9f/b88dfb3a-44ac-75fa-8ded-55cb087dafef?origin=2,documents/Bradesco/2026/2T26/Bradesco_2T26_-_Series_Historicas__0e6d77287103.xlsx,13- Carteira Expandida !D20,2026Q2,0e6d77287103e4b7a7a7c9ac0c987de910637b4f7c5ff73a5bd69551ea8bcbb3,582670,1,mapped
Bradesco,2025Q3,loans_expanded,1034238,BRL_million,end_of_period,managerial_balance,consolidated,,Total da carteira de crédito expandida,https://api.mziq.com/mzfilemanager/v2/d/80f2e993-0a30-421a-9470-a4d5c8ad5e9f/b88dfb3a-44ac-75fa-8ded-55cb087dafef?origin=2,documents/Bradesco/2026/2T26/Bradesco_2T26_-_Series_Historicas__0e6d77287103.xlsx,13- Carteira Expandida !D32,2026Q2,0e6d77287103e4b7a7a7c9ac0c987de910637b4f7c5ff73a5bd69551ea8bcbb3,1034238,1,mapped
Bradesco,2025Q3,loans_individuals,451568,BRL_million,end_of_period,managerial_balance,consolidated,,Pessoas físicas,https://api.mziq.com/mzfilemanager/v2/d/80f2e993-0a30-421a-9470-a4d5c8ad5e9f/b88dfb3a-44ac-75fa-8ded-55cb087dafef?origin=2,documents/Bradesco/2026/2T26/Bradesco_2T26_-_Series_Historicas__0e6d77287103.xlsx,13- Carteira Expandida !D10,2026Q2,0e6d77287103e4b7a7a7c9ac0c987de910637b4f7c5ff73a5bd69551ea8bcbb3,451568,1,mapped
Bradesco,2025Q3,net_income_accounting,6205,BRL_million,quarter,accounting_consolidated,consolidated,,Lucro Líquido,https://api.mziq.com/mzfilemanager/v2/d/80f2e993-0a30-421a-9470-a4d5c8ad5e9f/b88dfb3a-44ac-75fa-8ded-55cb087dafef?origin=2,documents/Bradesco/2026/2T26/Bradesco_2T26_-_Series_Historicas__0e6d77287103.xlsx,7- DRE Contábil!D40,2026Q2,0e6d77287103e4b7a7a7c9ac0c987de910637b4f7c5ff73a5bd69551ea8bcbb3,6205,1,mapped
Bradesco,2025Q3,net_income_adjusted,6205,BRL_million,quarter,managerial_adjusted,consolidated,CMN 4966 from 2025; operating expenses include other net operating income/expenses,Lucro Líquido Recorrente,https://api.mziq.com/mzfilemanager/v2/d/80f2e993-0a30-421a-9470-a4d5c8ad5e9f/b88dfb3a-44ac-75fa-8ded-55cb087dafef?origin=2,documents/Bradesco/2026/2T26/Bradesco_2T26_-_Series_Historicas__0e6d77287103.xlsx,4- DRE Recorrente!D33,2026Q2,0e6d77287103e4b7a7a7c9ac0c987de910637b4f7c5ff73a5bd69551ea8bcbb3,6205,1,mapped
Bradesco,2025Q3,net_interest_income,18710,BRL_million,quarter,managerial_adjusted,consolidated,CMN 4966 from 2025; operating expenses include other net operating income/expenses,Margem  Financeira,https://api.mziq.com/mzfilemanager/v2/d/80f2e993-0a30-421a-9470-a4d5c8ad5e9f/b88dfb3a-44ac-75fa-8ded-55cb087dafef?origin=2,documents/Bradesco/2026/2T26/Bradesco_2T26_-_Series_Historicas__0e6d77287103.xlsx,4- DRE Recorrente!D10,2026Q2,0e6d77287103e4b7a7a7c9ac0c987de910637b4f7c5ff73a5bd69551ea8bcbb3,18710,1,mapped
Bradesco,2025Q3,nii_clients,18611,BRL_million,quarter,managerial_adjusted,consolidated,CMN 4966 from 2025; operating expenses include other net operating income/expenses,  Margem com Clientes (1),https://api.mziq.com/mzfilemanager/v2/d/80f2e993-0a30-421a-9470-a4d5c8ad5e9f/b88dfb3a-44ac-75fa-8ded-55cb087dafef?origin=2,documents/Bradesco/2026/2T26/Bradesco_2T26_-_Series_Historicas__0e6d77287103.xlsx,4- DRE Recorrente!D11,2026Q2,0e6d77287103e4b7a7a7c9ac0c987de910637b4f7c5ff73a5bd69551ea8bcbb3,18611,1,mapped
Bradesco,2025Q3,nii_market,99,BRL_million,quarter,managerial_adjusted,consolidated,CMN 4966 from 2025; operating expenses include other net operating income/expenses,  Margem com o Mercado (2),https://api.mziq.com/mzfilemanager/v2/d/80f2e993-0a30-421a-9470-a4d5c8ad5e9f/b88dfb3a-44ac-75fa-8ded-55cb087dafef?origin=2,documents/Bradesco/2026/2T26/Bradesco_2T26_-_Series_Historicas__0e6d77287103.xlsx,4- DRE Recorrente!D12,2026Q2,0e6d77287103e4b7a7a7c9ac0c987de910637b4f7c5ff73a5bd69551ea8bcbb3,99,1,mapped
Bradesco,2025Q3,npl90,4.1,percent,end_of_period,managerial_adjusted,consolidated,NPL loan denominator; coverage uses expanded overdue exposure,Inadimplência (Em atraso acima de 90 dias / Carteira de Crédito),https://api.mziq.com/mzfilemanager/v2/d/80f2e993-0a30-421a-9470-a4d5c8ad5e9f/b88dfb3a-44ac-75fa-8ded-55cb087dafef?origin=2,documents/Bradesco/2026/2T26/Bradesco_2T26_-_Series_Historicas__0e6d77287103.xlsx,31- Carteira Crédito Indicador !D10,2026Q2,0e6d77287103e4b7a7a7c9ac0c987de910637b4f7c5ff73a5bd69551ea8bcbb3,4.1,1,mapped
Bradesco,2025Q3,operating_expenses,16488,BRL_million,quarter,managerial_adjusted,consolidated,CMN 4966 from 2025; operating expenses include other net operating income/expenses,Despesas Operacionais,https://api.mziq.com/mzfilemanager/v2/d/80f2e993-0a30-421a-9470-a4d5c8ad5e9f/b88dfb3a-44ac-75fa-8ded-55cb087dafef?origin=2,documents/Bradesco/2026/2T26/Bradesco_2T26_-_Series_Historicas__0e6d77287103.xlsx,4- DRE Recorrente!D20,2026Q2,0e6d77287103e4b7a7a7c9ac0c987de910637b4f7c5ff73a5bd69551ea8bcbb3,-16488,-1,mapped
Bradesco,2025Q3,personnel_expenses,7126,BRL_million,quarter,managerial_adjusted,consolidated,CMN 4966 from 2025; operating expenses include other net operating income/expenses,  Despesas de Pessoal,https://api.mziq.com/mzfilemanager/v2/d/80f2e993-0a30-421a-9470-a4d5c8ad5e9f/b88dfb3a-44ac-75fa-8ded-55cb087dafef?origin=2,documents/Bradesco/2026/2T26/Bradesco_2T26_-_Series_Historicas__0e6d77287103.xlsx,4- DRE Recorrente!D21,2026Q2,0e6d77287103e4b7a7a7c9ac0c987de910637b4f7c5ff73a5bd69551ea8bcbb3,-7126,-1,mapped
Bradesco,2025Q3,roe_adjusted,14.6,percent,ytd_annualized,managerial_adjusted,consolidated,"ROE footnote specifies accumulated net income in year, annualized; efficiency rolling 12 months",Retorno Anualizado s/ P. L. (médio) (3),https://api.mziq.com/mzfilemanager/v2/d/80f2e993-0a30-421a-9470-a4d5c8ad5e9f/b88dfb3a-44ac-75fa-8ded-55cb087dafef?origin=2,documents/Bradesco/2026/2T26/Bradesco_2T26_-_Series_Historicas__0e6d77287103.xlsx,27- Índice de Desempenho!BX15,2026Q2,0e6d77287103e4b7a7a7c9ac0c987de910637b4f7c5ff73a5bd69551ea8bcbb3,14.6,1,mapped
Bradesco,2025Q4,assets,2382602,BRL_million,end_of_period,managerial_consolidated,consolidated,Managerial consolidated asset total differs from accounting consolidated total,Total de ativos,https://api.mziq.com/mzfilemanager/v2/d/80f2e993-0a30-421a-9470-a4d5c8ad5e9f/b88dfb3a-44ac-75fa-8ded-55cb087dafef?origin=2,documents/Bradesco/2026/2T26/Bradesco_2T26_-_Series_Historicas__0e6d77287103.xlsx,1- BP - Dados Selecionados !E10,2026Q2,0e6d77287103e4b7a7a7c9ac0c987de910637b4f7c5ff73a5bd69551ea8bcbb3,2382602,1,mapped
Bradesco,2025Q4,capital_total,15.8,percent,end_of_period,managerial_adjusted,prudential,"ROE footnote specifies accumulated net income in year, annualized; efficiency rolling 12 months",Índice de Basileia III - Conglomerado Prudencial (1),https://api.mziq.com/mzfilemanager/v2/d/80f2e993-0a30-421a-9470-a4d5c8ad5e9f/b88dfb3a-44ac-75fa-8ded-55cb087dafef?origin=2,documents/Bradesco/2026/2T26/Bradesco_2T26_-_Series_Historicas__0e6d77287103.xlsx,27- Índice de Desempenho!BY17,2026Q2,0e6d77287103e4b7a7a7c9ac0c987de910637b4f7c5ff73a5bd69551ea8bcbb3,15.8,1,mapped
Bradesco,2025Q4,coverage_npl90,166,percent,end_of_period,managerial_adjusted,consolidated,NPL loan denominator; coverage uses expanded overdue exposure,Cobertura (Provisão para Carteira Expandida / Exposição Vencida Acima de 90 dias Expandida),https://api.mziq.com/mzfilemanager/v2/d/80f2e993-0a30-421a-9470-a4d5c8ad5e9f/b88dfb3a-44ac-75fa-8ded-55cb087dafef?origin=2,documents/Bradesco/2026/2T26/Bradesco_2T26_-_Series_Historicas__0e6d77287103.xlsx,31- Carteira Crédito Indicador !E11,2026Q2,0e6d77287103e4b7a7a7c9ac0c987de910637b4f7c5ff73a5bd69551ea8bcbb3,166,1,mapped
Bradesco,2025Q4,credit_cost,8828,BRL_million,quarter,managerial_adjusted,consolidated,CMN 4966 from 2025; operating expenses include other net operating income/expenses,Despesa de PDD Expandida,https://api.mziq.com/mzfilemanager/v2/d/80f2e993-0a30-421a-9470-a4d5c8ad5e9f/b88dfb3a-44ac-75fa-8ded-55cb087dafef?origin=2,documents/Bradesco/2026/2T26/Bradesco_2T26_-_Series_Historicas__0e6d77287103.xlsx,4- DRE Recorrente!E14,2026Q2,0e6d77287103e4b7a7a7c9ac0c987de910637b4f7c5ff73a5bd69551ea8bcbb3,-8828,-1,mapped
Bradesco,2025Q4,efficiency,50,percent,trailing_12m,managerial_adjusted,consolidated,"ROE footnote specifies accumulated net income in year, annualized; efficiency rolling 12 months",Índice de Eficiência (acumulado dos últimos 12 meses) - Novo Cálculo (5),https://api.mziq.com/mzfilemanager/v2/d/80f2e993-0a30-421a-9470-a4d5c8ad5e9f/b88dfb3a-44ac-75fa-8ded-55cb087dafef?origin=2,documents/Bradesco/2026/2T26/Bradesco_2T26_-_Series_Historicas__0e6d77287103.xlsx,27- Índice de Desempenho!BY20,2026Q2,0e6d77287103e4b7a7a7c9ac0c987de910637b4f7c5ff73a5bd69551ea8bcbb3,50,1,mapped
Bradesco,2025Q4,equity,172239,BRL_million,end_of_period,managerial_consolidated,consolidated,Managerial consolidated asset total differs from accounting consolidated total,Patrimônio líquido atribuído aos acionistas controladores,https://api.mziq.com/mzfilemanager/v2/d/80f2e993-0a30-421a-9470-a4d5c8ad5e9f/b88dfb3a-44ac-75fa-8ded-55cb087dafef?origin=2,documents/Bradesco/2026/2T26/Bradesco_2T26_-_Series_Historicas__0e6d77287103.xlsx,1- BP - Dados Selecionados !E28,2026Q2,0e6d77287103e4b7a7a7c9ac0c987de910637b4f7c5ff73a5bd69551ea8bcbb3,172239,1,mapped
Bradesco,2025Q4,fees,11084,BRL_million,quarter,managerial_adjusted,consolidated,CMN 4966 from 2025; operating expenses include other net operating income/expenses,Receitas de Prestação de Serviços,https://api.mziq.com/mzfilemanager/v2/d/80f2e993-0a30-421a-9470-a4d5c8ad5e9f/b88dfb3a-44ac-75fa-8ded-55cb087dafef?origin=2,documents/Bradesco/2026/2T26/Bradesco_2T26_-_Series_Historicas__0e6d77287103.xlsx,4- DRE Recorrente!E19,2026Q2,0e6d77287103e4b7a7a7c9ac0c987de910637b4f7c5ff73a5bd69551ea8bcbb3,11084,1,mapped
Bradesco,2025Q4,funding_broad,2152182,BRL_million,end_of_period,managerial_balance,consolidated,"Broad raised funds includes insurance technical provisions, repos and own capital; not customer deposits",Recursos Captados,https://api.mziq.com/mzfilemanager/v2/d/80f2e993-0a30-421a-9470-a4d5c8ad5e9f/b88dfb3a-44ac-75fa-8ded-55cb087dafef?origin=2,documents/Bradesco/2026/2T26/Bradesco_2T26_-_Series_Historicas__0e6d77287103.xlsx,17- Rec. Captados e Administ.!E10,2026Q2,0e6d77287103e4b7a7a7c9ac0c987de910637b4f7c5ff73a5bd69551ea8bcbb3,2152182,1,mapped
Bradesco,2025Q4,insurance_result,5649,BRL_million,quarter,managerial_adjusted,consolidated,CMN 4966 from 2025; operating expenses include other net operating income/expenses,"Resultado das Operações de Seguros, Previdência e Capitalização (3)",https://api.mziq.com/mzfilemanager/v2/d/80f2e993-0a30-421a-9470-a4d5c8ad5e9f/b88dfb3a-44ac-75fa-8ded-55cb087dafef?origin=2,documents/Bradesco/2026/2T26/Bradesco_2T26_-_Series_Historicas__0e6d77287103.xlsx,4- DRE Recorrente!E18,2026Q2,0e6d77287103e4b7a7a7c9ac0c987de910637b4f7c5ff73a5bd69551ea8bcbb3,5649,1,mapped
Bradesco,2025Q4,loans_corporate,622727,BRL_million,end_of_period,managerial_balance,consolidated,,Pessoas jurídicas,https://api.mziq.com/mzfilemanager/v2/d/80f2e993-0a30-421a-9470-a4d5c8ad5e9f/b88dfb3a-44ac-75fa-8ded-55cb087dafef?origin=2,documents/Bradesco/2026/2T26/Bradesco_2T26_-_Series_Historicas__0e6d77287103.xlsx,13- Carteira Expandida !E20,2026Q2,0e6d77287103e4b7a7a7c9ac0c987de910637b4f7c5ff73a5bd69551ea8bcbb3,622727,1,mapped
Bradesco,2025Q4,loans_expanded,1089230,BRL_million,end_of_period,managerial_balance,consolidated,,Total da carteira de crédito expandida,https://api.mziq.com/mzfilemanager/v2/d/80f2e993-0a30-421a-9470-a4d5c8ad5e9f/b88dfb3a-44ac-75fa-8ded-55cb087dafef?origin=2,documents/Bradesco/2026/2T26/Bradesco_2T26_-_Series_Historicas__0e6d77287103.xlsx,13- Carteira Expandida !E32,2026Q2,0e6d77287103e4b7a7a7c9ac0c987de910637b4f7c5ff73a5bd69551ea8bcbb3,1089230,1,mapped
Bradesco,2025Q4,loans_individuals,466503,BRL_million,end_of_period,managerial_balance,consolidated,,Pessoas físicas,https://api.mziq.com/mzfilemanager/v2/d/80f2e993-0a30-421a-9470-a4d5c8ad5e9f/b88dfb3a-44ac-75fa-8ded-55cb087dafef?origin=2,documents/Bradesco/2026/2T26/Bradesco_2T26_-_Series_Historicas__0e6d77287103.xlsx,13- Carteira Expandida !E10,2026Q2,0e6d77287103e4b7a7a7c9ac0c987de910637b4f7c5ff73a5bd69551ea8bcbb3,466503,1,mapped
Bradesco,2025Q4,net_income_accounting,6476,BRL_million,quarter,accounting_consolidated,consolidated,,Lucro Líquido,https://api.mziq.com/mzfilemanager/v2/d/80f2e993-0a30-421a-9470-a4d5c8ad5e9f/b88dfb3a-44ac-75fa-8ded-55cb087dafef?origin=2,documents/Bradesco/2026/2T26/Bradesco_2T26_-_Series_Historicas__0e6d77287103.xlsx,7- DRE Contábil!E40,2026Q2,0e6d77287103e4b7a7a7c9ac0c987de910637b4f7c5ff73a5bd69551ea8bcbb3,6476,1,mapped
Bradesco,2025Q4,net_income_adjusted,6516,BRL_million,quarter,managerial_adjusted,consolidated,CMN 4966 from 2025; operating expenses include other net operating income/expenses,Lucro Líquido Recorrente,https://api.mziq.com/mzfilemanager/v2/d/80f2e993-0a30-421a-9470-a4d5c8ad5e9f/b88dfb3a-44ac-75fa-8ded-55cb087dafef?origin=2,documents/Bradesco/2026/2T26/Bradesco_2T26_-_Series_Historicas__0e6d77287103.xlsx,4- DRE Recorrente!E33,2026Q2,0e6d77287103e4b7a7a7c9ac0c987de910637b4f7c5ff73a5bd69551ea8bcbb3,6516,1,mapped
Bradesco,2025Q4,net_interest_income,19245,BRL_million,quarter,managerial_adjusted,consolidated,CMN 4966 from 2025; operating expenses include other net operating income/expenses,Margem  Financeira,https://api.mziq.com/mzfilemanager/v2/d/80f2e993-0a30-421a-9470-a4d5c8ad5e9f/b88dfb3a-44ac-75fa-8ded-55cb087dafef?origin=2,documents/Bradesco/2026/2T26/Bradesco_2T26_-_Series_Historicas__0e6d77287103.xlsx,4- DRE Recorrente!E10,2026Q2,0e6d77287103e4b7a7a7c9ac0c987de910637b4f7c5ff73a5bd69551ea8bcbb3,19245,1,mapped
Bradesco,2025Q4,nii_clients,19119,BRL_million,quarter,managerial_adjusted,consolidated,CMN 4966 from 2025; operating expenses include other net operating income/expenses,  Margem com Clientes (1),https://api.mziq.com/mzfilemanager/v2/d/80f2e993-0a30-421a-9470-a4d5c8ad5e9f/b88dfb3a-44ac-75fa-8ded-55cb087dafef?origin=2,documents/Bradesco/2026/2T26/Bradesco_2T26_-_Series_Historicas__0e6d77287103.xlsx,4- DRE Recorrente!E11,2026Q2,0e6d77287103e4b7a7a7c9ac0c987de910637b4f7c5ff73a5bd69551ea8bcbb3,19119,1,mapped
Bradesco,2025Q4,nii_market,126,BRL_million,quarter,managerial_adjusted,consolidated,CMN 4966 from 2025; operating expenses include other net operating income/expenses,  Margem com o Mercado (2),https://api.mziq.com/mzfilemanager/v2/d/80f2e993-0a30-421a-9470-a4d5c8ad5e9f/b88dfb3a-44ac-75fa-8ded-55cb087dafef?origin=2,documents/Bradesco/2026/2T26/Bradesco_2T26_-_Series_Historicas__0e6d77287103.xlsx,4- DRE Recorrente!E12,2026Q2,0e6d77287103e4b7a7a7c9ac0c987de910637b4f7c5ff73a5bd69551ea8bcbb3,126,1,mapped
Bradesco,2025Q4,npl90,4.1,percent,end_of_period,managerial_adjusted,consolidated,NPL loan denominator; coverage uses expanded overdue exposure,Inadimplência (Em atraso acima de 90 dias / Carteira de Crédito),https://api.mziq.com/mzfilemanager/v2/d/80f2e993-0a30-421a-9470-a4d5c8ad5e9f/b88dfb3a-44ac-75fa-8ded-55cb087dafef?origin=2,documents/Bradesco/2026/2T26/Bradesco_2T26_-_Series_Historicas__0e6d77287103.xlsx,31- Carteira Crédito Indicador !E10,2026Q2,0e6d77287103e4b7a7a7c9ac0c987de910637b4f7c5ff73a5bd69551ea8bcbb3,4.1,1,mapped
Bradesco,2025Q4,operating_expenses,16958,BRL_million,quarter,managerial_adjusted,consolidated,CMN 4966 from 2025; operating expenses include other net operating income/expenses,Despesas Operacionais,https://api.mziq.com/mzfilemanager/v2/d/80f2e993-0a30-421a-9470-a4d5c8ad5e9f/b88dfb3a-44ac-75fa-8ded-55cb087dafef?origin=2,documents/Bradesco/2026/2T26/Bradesco_2T26_-_Series_Historicas__0e6d77287103.xlsx,4- DRE Recorrente!E20,2026Q2,0e6d77287103e4b7a7a7c9ac0c987de910637b4f7c5ff73a5bd69551ea8bcbb3,-16958,-1,mapped
Bradesco,2025Q4,personnel_expenses,7308,BRL_million,quarter,managerial_adjusted,consolidated,CMN 4966 from 2025; operating expenses include other net operating income/expenses,  Despesas de Pessoal,https://api.mziq.com/mzfilemanager/v2/d/80f2e993-0a30-421a-9470-a4d5c8ad5e9f/b88dfb3a-44ac-75fa-8ded-55cb087dafef?origin=2,documents/Bradesco/2026/2T26/Bradesco_2T26_-_Series_Historicas__0e6d77287103.xlsx,4- DRE Recorrente!E21,2026Q2,0e6d77287103e4b7a7a7c9ac0c987de910637b4f7c5ff73a5bd69551ea8bcbb3,-7308,-1,mapped
Bradesco,2025Q4,roe_adjusted,14.8,percent,ytd_annualized,managerial_adjusted,consolidated,"ROE footnote specifies accumulated net income in year, annualized; efficiency rolling 12 months",Retorno Anualizado s/ P. L. (médio) (3),https://api.mziq.com/mzfilemanager/v2/d/80f2e993-0a30-421a-9470-a4d5c8ad5e9f/b88dfb3a-44ac-75fa-8ded-55cb087dafef?origin=2,documents/Bradesco/2026/2T26/Bradesco_2T26_-_Series_Historicas__0e6d77287103.xlsx,27- Índice de Desempenho!BY15,2026Q2,0e6d77287103e4b7a7a7c9ac0c987de910637b4f7c5ff73a5bd69551ea8bcbb3,14.8,1,mapped
Bradesco,2026Q1,assets,2476352,BRL_million,end_of_period,managerial_consolidated,consolidated,Managerial consolidated asset total differs from accounting consolidated total,Total de ativos,https://api.mziq.com/mzfilemanager/v2/d/80f2e993-0a30-421a-9470-a4d5c8ad5e9f/b88dfb3a-44ac-75fa-8ded-55cb087dafef?origin=2,documents/Bradesco/2026/2T26/Bradesco_2T26_-_Series_Historicas__0e6d77287103.xlsx,1- BP - Dados Selecionados !F10,2026Q2,0e6d77287103e4b7a7a7c9ac0c987de910637b4f7c5ff73a5bd69551ea8bcbb3,2476352,1,mapped
Bradesco,2026Q1,capital_total,14.9,percent,end_of_period,managerial_adjusted,prudential,"ROE footnote specifies accumulated net income in year, annualized; efficiency rolling 12 months",Índice de Basileia III - Conglomerado Prudencial (1),https://api.mziq.com/mzfilemanager/v2/d/80f2e993-0a30-421a-9470-a4d5c8ad5e9f/b88dfb3a-44ac-75fa-8ded-55cb087dafef?origin=2,documents/Bradesco/2026/2T26/Bradesco_2T26_-_Series_Historicas__0e6d77287103.xlsx,27- Índice de Desempenho!BZ17,2026Q2,0e6d77287103e4b7a7a7c9ac0c987de910637b4f7c5ff73a5bd69551ea8bcbb3,14.9,1,mapped
Bradesco,2026Q1,coverage_npl90,161,percent,end_of_period,managerial_adjusted,consolidated,NPL loan denominator; coverage uses expanded overdue exposure,Cobertura (Provisão para Carteira Expandida / Exposição Vencida Acima de 90 dias Expandida),https://api.mziq.com/mzfilemanager/v2/d/80f2e993-0a30-421a-9470-a4d5c8ad5e9f/b88dfb3a-44ac-75fa-8ded-55cb087dafef?origin=2,documents/Bradesco/2026/2T26/Bradesco_2T26_-_Series_Historicas__0e6d77287103.xlsx,31- Carteira Crédito Indicador !F11,2026Q2,0e6d77287103e4b7a7a7c9ac0c987de910637b4f7c5ff73a5bd69551ea8bcbb3,161,1,mapped
Bradesco,2026Q1,credit_cost,9667,BRL_million,quarter,managerial_adjusted,consolidated,CMN 4966 from 2025; operating expenses include other net operating income/expenses,Despesa de PDD Expandida,https://api.mziq.com/mzfilemanager/v2/d/80f2e993-0a30-421a-9470-a4d5c8ad5e9f/b88dfb3a-44ac-75fa-8ded-55cb087dafef?origin=2,documents/Bradesco/2026/2T26/Bradesco_2T26_-_Series_Historicas__0e6d77287103.xlsx,4- DRE Recorrente!F14,2026Q2,0e6d77287103e4b7a7a7c9ac0c987de910637b4f7c5ff73a5bd69551ea8bcbb3,-9667,-1,mapped
Bradesco,2026Q1,efficiency,49.2,percent,trailing_12m,managerial_adjusted,consolidated,"ROE footnote specifies accumulated net income in year, annualized; efficiency rolling 12 months",Índice de Eficiência (acumulado dos últimos 12 meses) - Novo Cálculo (5),https://api.mziq.com/mzfilemanager/v2/d/80f2e993-0a30-421a-9470-a4d5c8ad5e9f/b88dfb3a-44ac-75fa-8ded-55cb087dafef?origin=2,documents/Bradesco/2026/2T26/Bradesco_2T26_-_Series_Historicas__0e6d77287103.xlsx,27- Índice de Desempenho!BZ20,2026Q2,0e6d77287103e4b7a7a7c9ac0c987de910637b4f7c5ff73a5bd69551ea8bcbb3,49.2,1,mapped
Bradesco,2026Q1,equity,173549,BRL_million,end_of_period,managerial_consolidated,consolidated,Managerial consolidated asset total differs from accounting consolidated total,Patrimônio líquido atribuído aos acionistas controladores,https://api.mziq.com/mzfilemanager/v2/d/80f2e993-0a30-421a-9470-a4d5c8ad5e9f/b88dfb3a-44ac-75fa-8ded-55cb087dafef?origin=2,documents/Bradesco/2026/2T26/Bradesco_2T26_-_Series_Historicas__0e6d77287103.xlsx,1- BP - Dados Selecionados !F28,2026Q2,0e6d77287103e4b7a7a7c9ac0c987de910637b4f7c5ff73a5bd69551ea8bcbb3,173549,1,mapped
Bradesco,2026Q1,fees,10373,BRL_million,quarter,managerial_adjusted,consolidated,CMN 4966 from 2025; operating expenses include other net operating income/expenses,Receitas de Prestação de Serviços,https://api.mziq.com/mzfilemanager/v2/d/80f2e993-0a30-421a-9470-a4d5c8ad5e9f/b88dfb3a-44ac-75fa-8ded-55cb087dafef?origin=2,documents/Bradesco/2026/2T26/Bradesco_2T26_-_Series_Historicas__0e6d77287103.xlsx,4- DRE Recorrente!F19,2026Q2,0e6d77287103e4b7a7a7c9ac0c987de910637b4f7c5ff73a5bd69551ea8bcbb3,10373,1,mapped
Bradesco,2026Q1,funding_broad,2190498,BRL_million,end_of_period,managerial_balance,consolidated,"Broad raised funds includes insurance technical provisions, repos and own capital; not customer deposits",Recursos Captados,https://api.mziq.com/mzfilemanager/v2/d/80f2e993-0a30-421a-9470-a4d5c8ad5e9f/b88dfb3a-44ac-75fa-8ded-55cb087dafef?origin=2,documents/Bradesco/2026/2T26/Bradesco_2T26_-_Series_Historicas__0e6d77287103.xlsx,17- Rec. Captados e Administ.!F10,2026Q2,0e6d77287103e4b7a7a7c9ac0c987de910637b4f7c5ff73a5bd69551ea8bcbb3,2190498,1,mapped
Bradesco,2026Q1,insurance_result,6384,BRL_million,quarter,managerial_adjusted,consolidated,CMN 4966 from 2025; operating expenses include other net operating income/expenses,"Resultado das Operações de Seguros, Previdência e Capitalização (3)",https://api.mziq.com/mzfilemanager/v2/d/80f2e993-0a30-421a-9470-a4d5c8ad5e9f/b88dfb3a-44ac-75fa-8ded-55cb087dafef?origin=2,documents/Bradesco/2026/2T26/Bradesco_2T26_-_Series_Historicas__0e6d77287103.xlsx,4- DRE Recorrente!F18,2026Q2,0e6d77287103e4b7a7a7c9ac0c987de910637b4f7c5ff73a5bd69551ea8bcbb3,6384,1,mapped
Bradesco,2026Q1,loans_corporate,615907,BRL_million,end_of_period,managerial_balance,consolidated,,Pessoas jurídicas,https://api.mziq.com/mzfilemanager/v2/d/80f2e993-0a30-421a-9470-a4d5c8ad5e9f/b88dfb3a-44ac-75fa-8ded-55cb087dafef?origin=2,documents/Bradesco/2026/2T26/Bradesco_2T26_-_Series_Historicas__0e6d77287103.xlsx,13- Carteira Expandida !F20,2026Q2,0e6d77287103e4b7a7a7c9ac0c987de910637b4f7c5ff73a5bd69551ea8bcbb3,615907,1,mapped
Bradesco,2026Q1,loans_expanded,1089896,BRL_million,end_of_period,managerial_balance,consolidated,,Total da carteira de crédito expandida,https://api.mziq.com/mzfilemanager/v2/d/80f2e993-0a30-421a-9470-a4d5c8ad5e9f/b88dfb3a-44ac-75fa-8ded-55cb087dafef?origin=2,documents/Bradesco/2026/2T26/Bradesco_2T26_-_Series_Historicas__0e6d77287103.xlsx,13- Carteira Expandida !F32,2026Q2,0e6d77287103e4b7a7a7c9ac0c987de910637b4f7c5ff73a5bd69551ea8bcbb3,1089896,1,mapped
Bradesco,2026Q1,loans_individuals,473989,BRL_million,end_of_period,managerial_balance,consolidated,,Pessoas físicas,https://api.mziq.com/mzfilemanager/v2/d/80f2e993-0a30-421a-9470-a4d5c8ad5e9f/b88dfb3a-44ac-75fa-8ded-55cb087dafef?origin=2,documents/Bradesco/2026/2T26/Bradesco_2T26_-_Series_Historicas__0e6d77287103.xlsx,13- Carteira Expandida !F10,2026Q2,0e6d77287103e4b7a7a7c9ac0c987de910637b4f7c5ff73a5bd69551ea8bcbb3,473989,1,mapped
Bradesco,2026Q1,net_income_accounting,5030,BRL_million,quarter,accounting_consolidated,consolidated,,Lucro Líquido,https://api.mziq.com/mzfilemanager/v2/d/80f2e993-0a30-421a-9470-a4d5c8ad5e9f/b88dfb3a-44ac-75fa-8ded-55cb087dafef?origin=2,documents/Bradesco/2026/2T26/Bradesco_2T26_-_Series_Historicas__0e6d77287103.xlsx,7- DRE Contábil!G40,2026Q2,0e6d77287103e4b7a7a7c9ac0c987de910637b4f7c5ff73a5bd69551ea8bcbb3,5030,1,mapped
Bradesco,2026Q1,net_income_adjusted,6811,BRL_million,quarter,managerial_adjusted,consolidated,CMN 4966 from 2025; operating expenses include other net operating income/expenses,Lucro Líquido Recorrente,https://api.mziq.com/mzfilemanager/v2/d/80f2e993-0a30-421a-9470-a4d5c8ad5e9f/b88dfb3a-44ac-75fa-8ded-55cb087dafef?origin=2,documents/Bradesco/2026/2T26/Bradesco_2T26_-_Series_Historicas__0e6d77287103.xlsx,4- DRE Recorrente!F33,2026Q2,0e6d77287103e4b7a7a7c9ac0c987de910637b4f7c5ff73a5bd69551ea8bcbb3,6811,1,mapped
Bradesco,2026Q1,net_interest_income,20051,BRL_million,quarter,managerial_adjusted,consolidated,CMN 4966 from 2025; operating expenses include other net operating income/expenses,Margem  Financeira,https://api.mziq.com/mzfilemanager/v2/d/80f2e993-0a30-421a-9470-a4d5c8ad5e9f/b88dfb3a-44ac-75fa-8ded-55cb087dafef?origin=2,documents/Bradesco/2026/2T26/Bradesco_2T26_-_Series_Historicas__0e6d77287103.xlsx,4- DRE Recorrente!F10,2026Q2,0e6d77287103e4b7a7a7c9ac0c987de910637b4f7c5ff73a5bd69551ea8bcbb3,20051,1,mapped
Bradesco,2026Q1,nii_clients,19498,BRL_million,quarter,managerial_adjusted,consolidated,CMN 4966 from 2025; operating expenses include other net operating income/expenses,  Margem com Clientes (1),https://api.mziq.com/mzfilemanager/v2/d/80f2e993-0a30-421a-9470-a4d5c8ad5e9f/b88dfb3a-44ac-75fa-8ded-55cb087dafef?origin=2,documents/Bradesco/2026/2T26/Bradesco_2T26_-_Series_Historicas__0e6d77287103.xlsx,4- DRE Recorrente!F11,2026Q2,0e6d77287103e4b7a7a7c9ac0c987de910637b4f7c5ff73a5bd69551ea8bcbb3,19498,1,mapped
Bradesco,2026Q1,nii_market,553,BRL_million,quarter,managerial_adjusted,consolidated,CMN 4966 from 2025; operating expenses include other net operating income/expenses,  Margem com o Mercado (2),https://api.mziq.com/mzfilemanager/v2/d/80f2e993-0a30-421a-9470-a4d5c8ad5e9f/b88dfb3a-44ac-75fa-8ded-55cb087dafef?origin=2,documents/Bradesco/2026/2T26/Bradesco_2T26_-_Series_Historicas__0e6d77287103.xlsx,4- DRE Recorrente!F12,2026Q2,0e6d77287103e4b7a7a7c9ac0c987de910637b4f7c5ff73a5bd69551ea8bcbb3,553,1,mapped
Bradesco,2026Q1,npl90,4.2,percent,end_of_period,managerial_adjusted,consolidated,NPL loan denominator; coverage uses expanded overdue exposure,Inadimplência (Em atraso acima de 90 dias / Carteira de Crédito),https://api.mziq.com/mzfilemanager/v2/d/80f2e993-0a30-421a-9470-a4d5c8ad5e9f/b88dfb3a-44ac-75fa-8ded-55cb087dafef?origin=2,documents/Bradesco/2026/2T26/Bradesco_2T26_-_Series_Historicas__0e6d77287103.xlsx,31- Carteira Crédito Indicador !F10,2026Q2,0e6d77287103e4b7a7a7c9ac0c987de910637b4f7c5ff73a5bd69551ea8bcbb3,4.2,1,mapped
Bradesco,2026Q1,operating_expenses,16178,BRL_million,quarter,managerial_adjusted,consolidated,CMN 4966 from 2025; operating expenses include other net operating income/expenses,Despesas Operacionais,https://api.mziq.com/mzfilemanager/v2/d/80f2e993-0a30-421a-9470-a4d5c8ad5e9f/b88dfb3a-44ac-75fa-8ded-55cb087dafef?origin=2,documents/Bradesco/2026/2T26/Bradesco_2T26_-_Series_Historicas__0e6d77287103.xlsx,4- DRE Recorrente!F20,2026Q2,0e6d77287103e4b7a7a7c9ac0c987de910637b4f7c5ff73a5bd69551ea8bcbb3,-16178,-1,mapped
Bradesco,2026Q1,personnel_expenses,7019,BRL_million,quarter,managerial_adjusted,consolidated,CMN 4966 from 2025; operating expenses include other net operating income/expenses,  Despesas de Pessoal,https://api.mziq.com/mzfilemanager/v2/d/80f2e993-0a30-421a-9470-a4d5c8ad5e9f/b88dfb3a-44ac-75fa-8ded-55cb087dafef?origin=2,documents/Bradesco/2026/2T26/Bradesco_2T26_-_Series_Historicas__0e6d77287103.xlsx,4- DRE Recorrente!F21,2026Q2,0e6d77287103e4b7a7a7c9ac0c987de910637b4f7c5ff73a5bd69551ea8bcbb3,-7019,-1,mapped
Bradesco,2026Q1,roe_adjusted,15.8,percent,ytd_annualized,managerial_adjusted,consolidated,"ROE footnote specifies accumulated net income in year, annualized; efficiency rolling 12 months",Retorno Anualizado s/ P. L. (médio) (3),https://api.mziq.com/mzfilemanager/v2/d/80f2e993-0a30-421a-9470-a4d5c8ad5e9f/b88dfb3a-44ac-75fa-8ded-55cb087dafef?origin=2,documents/Bradesco/2026/2T26/Bradesco_2T26_-_Series_Historicas__0e6d77287103.xlsx,27- Índice de Desempenho!BZ15,2026Q2,0e6d77287103e4b7a7a7c9ac0c987de910637b4f7c5ff73a5bd69551ea8bcbb3,15.8,1,mapped
Bradesco,2026Q2,assets,2506675,BRL_million,end_of_period,managerial_consolidated,consolidated,Managerial consolidated asset total differs from accounting consolidated total,Total de ativos,https://api.mziq.com/mzfilemanager/v2/d/80f2e993-0a30-421a-9470-a4d5c8ad5e9f/b88dfb3a-44ac-75fa-8ded-55cb087dafef?origin=2,documents/Bradesco/2026/2T26/Bradesco_2T26_-_Series_Historicas__0e6d77287103.xlsx,1- BP - Dados Selecionados !G10,2026Q2,0e6d77287103e4b7a7a7c9ac0c987de910637b4f7c5ff73a5bd69551ea8bcbb3,2506675,1,mapped
Bradesco,2026Q2,capital_total,15.5,percent,end_of_period,managerial_adjusted,prudential,"ROE footnote specifies accumulated net income in year, annualized; efficiency rolling 12 months",Índice de Basileia III - Conglomerado Prudencial (1),https://api.mziq.com/mzfilemanager/v2/d/80f2e993-0a30-421a-9470-a4d5c8ad5e9f/b88dfb3a-44ac-75fa-8ded-55cb087dafef?origin=2,documents/Bradesco/2026/2T26/Bradesco_2T26_-_Series_Historicas__0e6d77287103.xlsx,27- Índice de Desempenho!CA17,2026Q2,0e6d77287103e4b7a7a7c9ac0c987de910637b4f7c5ff73a5bd69551ea8bcbb3,15.5,1,mapped
Bradesco,2026Q2,coverage_npl90,152.3,percent,end_of_period,managerial_adjusted,consolidated,NPL loan denominator; coverage uses expanded overdue exposure,Cobertura (Provisão para Carteira Expandida / Exposição Vencida Acima de 90 dias Expandida),https://api.mziq.com/mzfilemanager/v2/d/80f2e993-0a30-421a-9470-a4d5c8ad5e9f/b88dfb3a-44ac-75fa-8ded-55cb087dafef?origin=2,documents/Bradesco/2026/2T26/Bradesco_2T26_-_Series_Historicas__0e6d77287103.xlsx,31- Carteira Crédito Indicador !G11,2026Q2,0e6d77287103e4b7a7a7c9ac0c987de910637b4f7c5ff73a5bd69551ea8bcbb3,152.3,1,mapped
Bradesco,2026Q2,credit_cost,9985,BRL_million,quarter,managerial_adjusted,consolidated,CMN 4966 from 2025; operating expenses include other net operating income/expenses,Despesa de PDD Expandida,https://api.mziq.com/mzfilemanager/v2/d/80f2e993-0a30-421a-9470-a4d5c8ad5e9f/b88dfb3a-44ac-75fa-8ded-55cb087dafef?origin=2,documents/Bradesco/2026/2T26/Bradesco_2T26_-_Series_Historicas__0e6d77287103.xlsx,4- DRE Recorrente!G14,2026Q2,0e6d77287103e4b7a7a7c9ac0c987de910637b4f7c5ff73a5bd69551ea8bcbb3,-9985,-1,mapped
Bradesco,2026Q2,efficiency,48.4,percent,trailing_12m,managerial_adjusted,consolidated,"ROE footnote specifies accumulated net income in year, annualized; efficiency rolling 12 months",Índice de Eficiência (acumulado dos últimos 12 meses) - Novo Cálculo (5),https://api.mziq.com/mzfilemanager/v2/d/80f2e993-0a30-421a-9470-a4d5c8ad5e9f/b88dfb3a-44ac-75fa-8ded-55cb087dafef?origin=2,documents/Bradesco/2026/2T26/Bradesco_2T26_-_Series_Historicas__0e6d77287103.xlsx,27- Índice de Desempenho!CA20,2026Q2,0e6d77287103e4b7a7a7c9ac0c987de910637b4f7c5ff73a5bd69551ea8bcbb3,48.4,1,mapped
Bradesco,2026Q2,equity,175230,BRL_million,end_of_period,managerial_consolidated,consolidated,Managerial consolidated asset total differs from accounting consolidated total,Patrimônio líquido atribuído aos acionistas controladores,https://api.mziq.com/mzfilemanager/v2/d/80f2e993-0a30-421a-9470-a4d5c8ad5e9f/b88dfb3a-44ac-75fa-8ded-55cb087dafef?origin=2,documents/Bradesco/2026/2T26/Bradesco_2T26_-_Series_Historicas__0e6d77287103.xlsx,1- BP - Dados Selecionados !G28,2026Q2,0e6d77287103e4b7a7a7c9ac0c987de910637b4f7c5ff73a5bd69551ea8bcbb3,175230,1,mapped
Bradesco,2026Q2,fees,10486,BRL_million,quarter,managerial_adjusted,consolidated,CMN 4966 from 2025; operating expenses include other net operating income/expenses,Receitas de Prestação de Serviços,https://api.mziq.com/mzfilemanager/v2/d/80f2e993-0a30-421a-9470-a4d5c8ad5e9f/b88dfb3a-44ac-75fa-8ded-55cb087dafef?origin=2,documents/Bradesco/2026/2T26/Bradesco_2T26_-_Series_Historicas__0e6d77287103.xlsx,4- DRE Recorrente!G19,2026Q2,0e6d77287103e4b7a7a7c9ac0c987de910637b4f7c5ff73a5bd69551ea8bcbb3,10486,1,mapped
Bradesco,2026Q2,funding_broad,2223090,BRL_million,end_of_period,managerial_balance,consolidated,"Broad raised funds includes insurance technical provisions, repos and own capital; not customer deposits",Recursos Captados,https://api.mziq.com/mzfilemanager/v2/d/80f2e993-0a30-421a-9470-a4d5c8ad5e9f/b88dfb3a-44ac-75fa-8ded-55cb087dafef?origin=2,documents/Bradesco/2026/2T26/Bradesco_2T26_-_Series_Historicas__0e6d77287103.xlsx,17- Rec. Captados e Administ.!G10,2026Q2,0e6d77287103e4b7a7a7c9ac0c987de910637b4f7c5ff73a5bd69551ea8bcbb3,2223090,1,mapped
Bradesco,2026Q2,insurance_result,6119,BRL_million,quarter,managerial_adjusted,consolidated,CMN 4966 from 2025; operating expenses include other net operating income/expenses,"Resultado das Operações de Seguros, Previdência e Capitalização (3)",https://api.mziq.com/mzfilemanager/v2/d/80f2e993-0a30-421a-9470-a4d5c8ad5e9f/b88dfb3a-44ac-75fa-8ded-55cb087dafef?origin=2,documents/Bradesco/2026/2T26/Bradesco_2T26_-_Series_Historicas__0e6d77287103.xlsx,4- DRE Recorrente!G18,2026Q2,0e6d77287103e4b7a7a7c9ac0c987de910637b4f7c5ff73a5bd69551ea8bcbb3,6119,1,mapped
Bradesco,2026Q2,loans_corporate,656930,BRL_million,end_of_period,managerial_balance,consolidated,,Pessoas jurídicas,https://api.mziq.com/mzfilemanager/v2/d/80f2e993-0a30-421a-9470-a4d5c8ad5e9f/b88dfb3a-44ac-75fa-8ded-55cb087dafef?origin=2,documents/Bradesco/2026/2T26/Bradesco_2T26_-_Series_Historicas__0e6d77287103.xlsx,13- Carteira Expandida !G20,2026Q2,0e6d77287103e4b7a7a7c9ac0c987de910637b4f7c5ff73a5bd69551ea8bcbb3,656930,1,mapped
Bradesco,2026Q2,loans_expanded,1136640,BRL_million,end_of_period,managerial_balance,consolidated,,Total da carteira de crédito expandida,https://api.mziq.com/mzfilemanager/v2/d/80f2e993-0a30-421a-9470-a4d5c8ad5e9f/b88dfb3a-44ac-75fa-8ded-55cb087dafef?origin=2,documents/Bradesco/2026/2T26/Bradesco_2T26_-_Series_Historicas__0e6d77287103.xlsx,13- Carteira Expandida !G32,2026Q2,0e6d77287103e4b7a7a7c9ac0c987de910637b4f7c5ff73a5bd69551ea8bcbb3,1136640,1,mapped
Bradesco,2026Q2,loans_individuals,479710,BRL_million,end_of_period,managerial_balance,consolidated,,Pessoas físicas,https://api.mziq.com/mzfilemanager/v2/d/80f2e993-0a30-421a-9470-a4d5c8ad5e9f/b88dfb3a-44ac-75fa-8ded-55cb087dafef?origin=2,documents/Bradesco/2026/2T26/Bradesco_2T26_-_Series_Historicas__0e6d77287103.xlsx,13- Carteira Expandida !G10,2026Q2,0e6d77287103e4b7a7a7c9ac0c987de910637b4f7c5ff73a5bd69551ea8bcbb3,479710,1,mapped
Bradesco,2026Q2,net_income_accounting,7050,BRL_million,quarter,accounting_consolidated,consolidated,,Lucro Líquido,https://api.mziq.com/mzfilemanager/v2/d/80f2e993-0a30-421a-9470-a4d5c8ad5e9f/b88dfb3a-44ac-75fa-8ded-55cb087dafef?origin=2,documents/Bradesco/2026/2T26/Bradesco_2T26_-_Series_Historicas__0e6d77287103.xlsx,7- DRE Contábil!H40,2026Q2,0e6d77287103e4b7a7a7c9ac0c987de910637b4f7c5ff73a5bd69551ea8bcbb3,7050,1,mapped
Bradesco,2026Q2,net_income_adjusted,7050,BRL_million,quarter,managerial_adjusted,consolidated,CMN 4966 from 2025; operating expenses include other net operating income/expenses,Lucro Líquido Recorrente,https://api.mziq.com/mzfilemanager/v2/d/80f2e993-0a30-421a-9470-a4d5c8ad5e9f/b88dfb3a-44ac-75fa-8ded-55cb087dafef?origin=2,documents/Bradesco/2026/2T26/Bradesco_2T26_-_Series_Historicas__0e6d77287103.xlsx,4- DRE Recorrente!G33,2026Q2,0e6d77287103e4b7a7a7c9ac0c987de910637b4f7c5ff73a5bd69551ea8bcbb3,7050,1,mapped
Bradesco,2026Q2,net_interest_income,20872,BRL_million,quarter,managerial_adjusted,consolidated,CMN 4966 from 2025; operating expenses include other net operating income/expenses,Margem  Financeira,https://api.mziq.com/mzfilemanager/v2/d/80f2e993-0a30-421a-9470-a4d5c8ad5e9f/b88dfb3a-44ac-75fa-8ded-55cb087dafef?origin=2,documents/Bradesco/2026/2T26/Bradesco_2T26_-_Series_Historicas__0e6d77287103.xlsx,4- DRE Recorrente!G10,2026Q2,0e6d77287103e4b7a7a7c9ac0c987de910637b4f7c5ff73a5bd69551ea8bcbb3,20872,1,mapped
Bradesco,2026Q2,nii_clients,20199,BRL_million,quarter,managerial_adjusted,consolidated,CMN 4966 from 2025; operating expenses include other net operating income/expenses,  Margem com Clientes (1),https://api.mziq.com/mzfilemanager/v2/d/80f2e993-0a30-421a-9470-a4d5c8ad5e9f/b88dfb3a-44ac-75fa-8ded-55cb087dafef?origin=2,documents/Bradesco/2026/2T26/Bradesco_2T26_-_Series_Historicas__0e6d77287103.xlsx,4- DRE Recorrente!G11,2026Q2,0e6d77287103e4b7a7a7c9ac0c987de910637b4f7c5ff73a5bd69551ea8bcbb3,20199,1,mapped
Bradesco,2026Q2,nii_market,673,BRL_million,quarter,managerial_adjusted,consolidated,CMN 4966 from 2025; operating expenses include other net operating income/expenses,  Margem com o Mercado (2),https://api.mziq.com/mzfilemanager/v2/d/80f2e993-0a30-421a-9470-a4d5c8ad5e9f/b88dfb3a-44ac-75fa-8ded-55cb087dafef?origin=2,documents/Bradesco/2026/2T26/Bradesco_2T26_-_Series_Historicas__0e6d77287103.xlsx,4- DRE Recorrente!G12,2026Q2,0e6d77287103e4b7a7a7c9ac0c987de910637b4f7c5ff73a5bd69551ea8bcbb3,673,1,mapped
Bradesco,2026Q2,npl90,4.3,percent,end_of_period,managerial_adjusted,consolidated,NPL loan denominator; coverage uses expanded overdue exposure,Inadimplência (Em atraso acima de 90 dias / Carteira de Crédito),https://api.mziq.com/mzfilemanager/v2/d/80f2e993-0a30-421a-9470-a4d5c8ad5e9f/b88dfb3a-44ac-75fa-8ded-55cb087dafef?origin=2,documents/Bradesco/2026/2T26/Bradesco_2T26_-_Series_Historicas__0e6d77287103.xlsx,31- Carteira Crédito Indicador !G10,2026Q2,0e6d77287103e4b7a7a7c9ac0c987de910637b4f7c5ff73a5bd69551ea8bcbb3,4.3,1,mapped
Bradesco,2026Q2,operating_expenses,16436,BRL_million,quarter,managerial_adjusted,consolidated,CMN 4966 from 2025; operating expenses include other net operating income/expenses,Despesas Operacionais,https://api.mziq.com/mzfilemanager/v2/d/80f2e993-0a30-421a-9470-a4d5c8ad5e9f/b88dfb3a-44ac-75fa-8ded-55cb087dafef?origin=2,documents/Bradesco/2026/2T26/Bradesco_2T26_-_Series_Historicas__0e6d77287103.xlsx,4- DRE Recorrente!G20,2026Q2,0e6d77287103e4b7a7a7c9ac0c987de910637b4f7c5ff73a5bd69551ea8bcbb3,-16436,-1,mapped
Bradesco,2026Q2,personnel_expenses,7219,BRL_million,quarter,managerial_adjusted,consolidated,CMN 4966 from 2025; operating expenses include other net operating income/expenses,  Despesas de Pessoal,https://api.mziq.com/mzfilemanager/v2/d/80f2e993-0a30-421a-9470-a4d5c8ad5e9f/b88dfb3a-44ac-75fa-8ded-55cb087dafef?origin=2,documents/Bradesco/2026/2T26/Bradesco_2T26_-_Series_Historicas__0e6d77287103.xlsx,4- DRE Recorrente!G21,2026Q2,0e6d77287103e4b7a7a7c9ac0c987de910637b4f7c5ff73a5bd69551ea8bcbb3,-7219,-1,mapped
Bradesco,2026Q2,roe_adjusted,16,percent,ytd_annualized,managerial_adjusted,consolidated,"ROE footnote specifies accumulated net income in year, annualized; efficiency rolling 12 months",Retorno Anualizado s/ P. L. (médio) (3),https://api.mziq.com/mzfilemanager/v2/d/80f2e993-0a30-421a-9470-a4d5c8ad5e9f/b88dfb3a-44ac-75fa-8ded-55cb087dafef?origin=2,documents/Bradesco/2026/2T26/Bradesco_2T26_-_Series_Historicas__0e6d77287103.xlsx,27- Índice de Desempenho!CA15,2026Q2,0e6d77287103e4b7a7a7c9ac0c987de910637b4f7c5ff73a5bd69551ea8bcbb3,16,1,mapped
Caixa,2024Q1,assets,1881894.0,BRL_million,end_of_period,managerial,managerial_consolidated,Explicit quarter column; CMN 4966 break from 2025; ROE and efficiency trailing 12 months,Ativos CAIXA 2.091.005,https://api.mziq.com/mzfilemanager/v2/d/fb86b0b8-b4e9-407b-a575-ba3668a566a9/ce3b0a74-f226-b991-b878-a58169a87f82?origin=2,documents/Caixa/2025/1T25/Relatorio_de_Analise_de_Desempenho_1T25__aec514a18d9a.pdf,PDF p. 5; column 1T24; row ativos caixa,2025Q1,aec514a18d9a69abe95b00c8c646a1a4f36b2dad381c8b074af314c5c9347636,1881894.0,1,table_extracted
Caixa,2024Q1,capital_total,16.85,percent,end_of_period,prudential,prudential,Explicit quarter column; CMN 4966 break from 2025; ROE and efficiency trailing 12 months,"Índice de Basileia 15,24",https://api.mziq.com/mzfilemanager/v2/d/fb86b0b8-b4e9-407b-a575-ba3668a566a9/ce3b0a74-f226-b991-b878-a58169a87f82?origin=2,documents/Caixa/2025/1T25/Relatorio_de_Analise_de_Desempenho_1T25__aec514a18d9a.pdf,PDF p. 5; column 1T24; row indice de basileia,2025Q1,aec514a18d9a69abe95b00c8c646a1a4f36b2dad381c8b074af314c5c9347636,16.85,1,table_extracted
Caixa,2024Q1,cet1,14.51,percent,end_of_period,prudential,prudential,Explicit quarter column; CMN 4966 break from 2025; ROE and efficiency trailing 12 months,"Índice de Capital Principal 13,58",https://api.mziq.com/mzfilemanager/v2/d/fb86b0b8-b4e9-407b-a575-ba3668a566a9/ce3b0a74-f226-b991-b878-a58169a87f82?origin=2,documents/Caixa/2025/1T25/Relatorio_de_Analise_de_Desempenho_1T25__aec514a18d9a.pdf,PDF p. 5; column 1T24; row indice de capital principal,2025Q1,aec514a18d9a69abe95b00c8c646a1a4f36b2dad381c8b074af314c5c9347636,14.51,1,table_extracted
Caixa,2024Q1,coverage_npl90,189.36,percent,end_of_period,managerial,managerial_consolidated,Explicit quarter column; CMN 4966 break from 2025; ROE and efficiency trailing 12 months,"Cobertura > 90 dias7 173,90",https://api.mziq.com/mzfilemanager/v2/d/fb86b0b8-b4e9-407b-a575-ba3668a566a9/ce3b0a74-f226-b991-b878-a58169a87f82?origin=2,documents/Caixa/2025/1T25/Relatorio_de_Analise_de_Desempenho_1T25__aec514a18d9a.pdf,PDF p. 5; column 1T24; row cobertura > 90 dias,2025Q1,aec514a18d9a69abe95b00c8c646a1a4f36b2dad381c8b074af314c5c9347636,189.36,1,table_extracted
Caixa,2024Q1,credit_cost,4946.0,BRL_million,quarter,managerial,managerial_consolidated,Explicit quarter column; CMN 4966 break from 2025; ROE and efficiency trailing 12 months,Provisão para Créditos de Liquidação Duvidosa (PCLD) (2.093),https://api.mziq.com/mzfilemanager/v2/d/fb86b0b8-b4e9-407b-a575-ba3668a566a9/ce3b0a74-f226-b991-b878-a58169a87f82?origin=2,documents/Caixa/2025/1T25/Relatorio_de_Analise_de_Desempenho_1T25__aec514a18d9a.pdf,PDF p. 5; column 1T24; row provisao para creditos de liquidacao duvidosa (pcld),2025Q1,aec514a18d9a69abe95b00c8c646a1a4f36b2dad381c8b074af314c5c9347636,-4946.0,-1,table_extracted
Caixa,2024Q1,customer_funding,705609.0,BRL_million,end_of_period,managerial,managerial_consolidated,Explicit quarter column; CMN 4966 break from 2025; ROE and efficiency trailing 12 months,Recursos de Clientes 770.403,https://api.mziq.com/mzfilemanager/v2/d/fb86b0b8-b4e9-407b-a575-ba3668a566a9/ce3b0a74-f226-b991-b878-a58169a87f82?origin=2,documents/Caixa/2025/1T25/Relatorio_de_Analise_de_Desempenho_1T25__aec514a18d9a.pdf,PDF p. 5; column 1T24; row recursos de clientes,2025Q1,aec514a18d9a69abe95b00c8c646a1a4f36b2dad381c8b074af314c5c9347636,705609.0,1,table_extracted
Caixa,2024Q1,efficiency,55.46,percent,trailing_12m,managerial,managerial_consolidated,Explicit quarter column; CMN 4966 break from 2025; ROE and efficiency trailing 12 months,"Índice de Eficiência Operacional Recorrente 12 55,57",https://api.mziq.com/mzfilemanager/v2/d/fb86b0b8-b4e9-407b-a575-ba3668a566a9/ce3b0a74-f226-b991-b878-a58169a87f82?origin=2,documents/Caixa/2025/1T25/Relatorio_de_Analise_de_Desempenho_1T25__aec514a18d9a.pdf,PDF p. 6; column 1T24; row indice de eficiencia operacional recorrente,2025Q1,aec514a18d9a69abe95b00c8c646a1a4f36b2dad381c8b074af314c5c9347636,55.46,1,table_extracted
Caixa,2024Q1,equity,132292.0,BRL_million,end_of_period,managerial,managerial_consolidated,Explicit quarter column; CMN 4966 break from 2025; ROE and efficiency trailing 12 months,Patrimônio Líquido 140.848,https://api.mziq.com/mzfilemanager/v2/d/fb86b0b8-b4e9-407b-a575-ba3668a566a9/ce3b0a74-f226-b991-b878-a58169a87f82?origin=2,documents/Caixa/2025/1T25/Relatorio_de_Analise_de_Desempenho_1T25__aec514a18d9a.pdf,PDF p. 5; column 1T24; row patrimonio liquido,2025Q1,aec514a18d9a69abe95b00c8c646a1a4f36b2dad381c8b074af314c5c9347636,132292.0,1,table_extracted
Caixa,2024Q1,fees,6629.0,BRL_million,quarter,managerial,managerial_consolidated,Explicit quarter column; CMN 4966 break from 2025; ROE and efficiency trailing 12 months,Receita com Prestação de Serviços 1 6.535,https://api.mziq.com/mzfilemanager/v2/d/fb86b0b8-b4e9-407b-a575-ba3668a566a9/ce3b0a74-f226-b991-b878-a58169a87f82?origin=2,documents/Caixa/2025/1T25/Relatorio_de_Analise_de_Desempenho_1T25__aec514a18d9a.pdf,PDF p. 5; column 1T24; row receita com prestacao de servicos,2025Q1,aec514a18d9a69abe95b00c8c646a1a4f36b2dad381c8b074af314c5c9347636,6629.0,1,table_extracted
Caixa,2024Q1,loans,1144248.0,BRL_million,end_of_period,managerial,managerial_consolidated,Explicit quarter column; CMN 4966 break from 2025; ROE and efficiency trailing 12 months,Crédito3 1.266.176,https://api.mziq.com/mzfilemanager/v2/d/fb86b0b8-b4e9-407b-a575-ba3668a566a9/ce3b0a74-f226-b991-b878-a58169a87f82?origin=2,documents/Caixa/2025/1T25/Relatorio_de_Analise_de_Desempenho_1T25__aec514a18d9a.pdf,PDF p. 5; column 1T24; row credito,2025Q1,aec514a18d9a69abe95b00c8c646a1a4f36b2dad381c8b074af314c5c9347636,1144248.0,1,table_extracted
Caixa,2024Q1,loans_agriculture,57805.0,BRL_million,end_of_period,managerial,managerial_consolidated,Explicit quarter column; CMN 4966 break from 2025; ROE and efficiency trailing 12 months,Agronegócio 63.537,https://api.mziq.com/mzfilemanager/v2/d/fb86b0b8-b4e9-407b-a575-ba3668a566a9/ce3b0a74-f226-b991-b878-a58169a87f82?origin=2,documents/Caixa/2025/1T25/Relatorio_de_Analise_de_Desempenho_1T25__aec514a18d9a.pdf,PDF p. 5; column 1T24; row agronegocio,2025Q1,aec514a18d9a69abe95b00c8c646a1a4f36b2dad381c8b074af314c5c9347636,57805.0,1,table_extracted
Caixa,2024Q1,loans_corporate,97987.0,BRL_million,end_of_period,managerial,managerial_consolidated,Explicit quarter column; CMN 4966 break from 2025; ROE and efficiency trailing 12 months,Comercial PJ4 103.911,https://api.mziq.com/mzfilemanager/v2/d/fb86b0b8-b4e9-407b-a575-ba3668a566a9/ce3b0a74-f226-b991-b878-a58169a87f82?origin=2,documents/Caixa/2025/1T25/Relatorio_de_Analise_de_Desempenho_1T25__aec514a18d9a.pdf,PDF p. 5; column 1T24; row comercial pj,2025Q1,aec514a18d9a69abe95b00c8c646a1a4f36b2dad381c8b074af314c5c9347636,97987.0,1,table_extracted
Caixa,2024Q1,loans_individuals,133935.0,BRL_million,end_of_period,managerial,managerial_consolidated,Explicit quarter column; CMN 4966 break from 2025; ROE and efficiency trailing 12 months,Comercial PF4 141.293,https://api.mziq.com/mzfilemanager/v2/d/fb86b0b8-b4e9-407b-a575-ba3668a566a9/ce3b0a74-f226-b991-b878-a58169a87f82?origin=2,documents/Caixa/2025/1T25/Relatorio_de_Analise_de_Desempenho_1T25__aec514a18d9a.pdf,PDF p. 5; column 1T24; row comercial pf,2025Q1,aec514a18d9a69abe95b00c8c646a1a4f36b2dad381c8b074af314c5c9347636,133935.0,1,table_extracted
Caixa,2024Q1,loans_mortgage,754257.0,BRL_million,end_of_period,managerial,managerial_consolidated,Explicit quarter column; CMN 4966 break from 2025; ROE and efficiency trailing 12 months,Imobiliário 850.411,https://api.mziq.com/mzfilemanager/v2/d/fb86b0b8-b4e9-407b-a575-ba3668a566a9/ce3b0a74-f226-b991-b878-a58169a87f82?origin=2,documents/Caixa/2025/1T25/Relatorio_de_Analise_de_Desempenho_1T25__aec514a18d9a.pdf,PDF p. 5; column 1T24; row imobiliario,2025Q1,aec514a18d9a69abe95b00c8c646a1a4f36b2dad381c8b074af314c5c9347636,754257.0,1,table_extracted
Caixa,2024Q1,net_income_accounting,2462.0,BRL_million,quarter,accounting,managerial_consolidated,Explicit quarter column; CMN 4966 break from 2025; ROE and efficiency trailing 12 months,Lucro Líquido Contábil 5.758,https://api.mziq.com/mzfilemanager/v2/d/fb86b0b8-b4e9-407b-a575-ba3668a566a9/ce3b0a74-f226-b991-b878-a58169a87f82?origin=2,documents/Caixa/2025/1T25/Relatorio_de_Analise_de_Desempenho_1T25__aec514a18d9a.pdf,PDF p. 5; column 1T24; row lucro liquido contabil,2025Q1,aec514a18d9a69abe95b00c8c646a1a4f36b2dad381c8b074af314c5c9347636,2462.0,1,table_extracted
Caixa,2024Q1,net_income_adjusted,2883.0,BRL_million,quarter,managerial,managerial_consolidated,Explicit quarter column; CMN 4966 break from 2025; ROE and efficiency trailing 12 months,Lucro Líquido Recorrente 4.945,https://api.mziq.com/mzfilemanager/v2/d/fb86b0b8-b4e9-407b-a575-ba3668a566a9/ce3b0a74-f226-b991-b878-a58169a87f82?origin=2,documents/Caixa/2025/1T25/Relatorio_de_Analise_de_Desempenho_1T25__aec514a18d9a.pdf,PDF p. 5; column 1T24; row lucro liquido recorrente,2025Q1,aec514a18d9a69abe95b00c8c646a1a4f36b2dad381c8b074af314c5c9347636,2883.0,1,table_extracted
Caixa,2024Q1,net_interest_income,15278.0,BRL_million,quarter,managerial,managerial_consolidated,Explicit quarter column; CMN 4966 break from 2025; ROE and efficiency trailing 12 months,Margem Financeira 16.008,https://api.mziq.com/mzfilemanager/v2/d/fb86b0b8-b4e9-407b-a575-ba3668a566a9/ce3b0a74-f226-b991-b878-a58169a87f82?origin=2,documents/Caixa/2025/1T25/Relatorio_de_Analise_de_Desempenho_1T25__aec514a18d9a.pdf,PDF p. 5; column 1T24; row margem financeira,2025Q1,aec514a18d9a69abe95b00c8c646a1a4f36b2dad381c8b074af314c5c9347636,15278.0,1,table_extracted
Caixa,2024Q1,npl90,2.34,percent,end_of_period,managerial,managerial_consolidated,Explicit quarter column; CMN 4966 break from 2025; ROE and efficiency trailing 12 months,"Inadimplência Total (atrasos > 90 dias) 2,49",https://api.mziq.com/mzfilemanager/v2/d/fb86b0b8-b4e9-407b-a575-ba3668a566a9/ce3b0a74-f226-b991-b878-a58169a87f82?origin=2,documents/Caixa/2025/1T25/Relatorio_de_Analise_de_Desempenho_1T25__aec514a18d9a.pdf,PDF p. 5; column 1T24; row inadimplencia total (atrasos > 90 dias),2025Q1,aec514a18d9a69abe95b00c8c646a1a4f36b2dad381c8b074af314c5c9347636,2.34,1,table_extracted
Caixa,2024Q1,operating_expenses,11419.0,BRL_million,quarter,managerial,managerial_consolidated,Explicit quarter column; CMN 4966 break from 2025; ROE and efficiency trailing 12 months,Despesas Administrativas (10.861),https://api.mziq.com/mzfilemanager/v2/d/fb86b0b8-b4e9-407b-a575-ba3668a566a9/ce3b0a74-f226-b991-b878-a58169a87f82?origin=2,documents/Caixa/2025/1T25/Relatorio_de_Analise_de_Desempenho_1T25__aec514a18d9a.pdf,PDF p. 5; column 1T24; row despesas administrativas,2025Q1,aec514a18d9a69abe95b00c8c646a1a4f36b2dad381c8b074af314c5c9347636,-11419.0,-1,table_extracted
Caixa,2024Q1,operating_result,1701.0,BRL_million,quarter,managerial,managerial_consolidated,Explicit quarter column; CMN 4966 break from 2025; ROE and efficiency trailing 12 months,Resultado Operacional 7.478,https://api.mziq.com/mzfilemanager/v2/d/fb86b0b8-b4e9-407b-a575-ba3668a566a9/ce3b0a74-f226-b991-b878-a58169a87f82?origin=2,documents/Caixa/2025/1T25/Relatorio_de_Analise_de_Desempenho_1T25__aec514a18d9a.pdf,PDF p. 5; column 1T24; row resultado operacional,2025Q1,aec514a18d9a69abe95b00c8c646a1a4f36b2dad381c8b074af314c5c9347636,1701.0,1,table_extracted
Caixa,2024Q1,personnel_expenses,8139.0,BRL_million,quarter,managerial,managerial_consolidated,Explicit quarter column; CMN 4966 break from 2025; ROE and efficiency trailing 12 months,Despesas de Pessoal (7.556),https://api.mziq.com/mzfilemanager/v2/d/fb86b0b8-b4e9-407b-a575-ba3668a566a9/ce3b0a74-f226-b991-b878-a58169a87f82?origin=2,documents/Caixa/2025/1T25/Relatorio_de_Analise_de_Desempenho_1T25__aec514a18d9a.pdf,PDF p. 5; column 1T24; row despesas de pessoal,2025Q1,aec514a18d9a69abe95b00c8c646a1a4f36b2dad381c8b074af314c5c9347636,-8139.0,-1,table_extracted
Caixa,2024Q1,roe_accounting,9.55,percent,trailing_12m,managerial,managerial_consolidated,Explicit quarter column; CMN 4966 break from 2025; ROE and efficiency trailing 12 months,"ROE Contábil9 12,32",https://api.mziq.com/mzfilemanager/v2/d/fb86b0b8-b4e9-407b-a575-ba3668a566a9/ce3b0a74-f226-b991-b878-a58169a87f82?origin=2,documents/Caixa/2025/1T25/Relatorio_de_Analise_de_Desempenho_1T25__aec514a18d9a.pdf,PDF p. 6; column 1T24; row roe contabil,2025Q1,aec514a18d9a69abe95b00c8c646a1a4f36b2dad381c8b074af314c5c9347636,9.55,1,table_extracted
Caixa,2024Q1,roe_adjusted,9.01,percent,trailing_12m,managerial,managerial_consolidated,Explicit quarter column; CMN 4966 break from 2025; ROE and efficiency trailing 12 months,"ROE Recorrente11 11,77",https://api.mziq.com/mzfilemanager/v2/d/fb86b0b8-b4e9-407b-a575-ba3668a566a9/ce3b0a74-f226-b991-b878-a58169a87f82?origin=2,documents/Caixa/2025/1T25/Relatorio_de_Analise_de_Desempenho_1T25__aec514a18d9a.pdf,PDF p. 6; column 1T24; row roe recorrente,2025Q1,aec514a18d9a69abe95b00c8c646a1a4f36b2dad381c8b074af314c5c9347636,9.01,1,table_extracted
Caixa,2024Q2,assets,1910697.0,BRL_million,end_of_period,managerial,managerial_consolidated,Explicit quarter column; CMN 4966 break from 2025; ROE and efficiency trailing 12 months,Ativos CAIXA 2.120.435,https://api.mziq.com/mzfilemanager/v2/d/fb86b0b8-b4e9-407b-a575-ba3668a566a9/01c7a879-8b9c-0669-96e2-c3110829559c?origin=2,documents/Caixa/2025/2T25/Relatorio_de_Analise_de_Desempenho_2T25__c81299e56925.pdf,PDF p. 5; column 2T24; row ativos caixa,2025Q2,c81299e56925997c89f32dcf9e8fb3ccdc2a3e20b5f5a9c7f42e46a112d1ed6b,1910697.0,1,table_extracted
Caixa,2024Q2,capital_total,16.4,percent,end_of_period,prudential,prudential,Explicit quarter column; CMN 4966 break from 2025; ROE and efficiency trailing 12 months,"Índice de Basileia 15,97",https://api.mziq.com/mzfilemanager/v2/d/fb86b0b8-b4e9-407b-a575-ba3668a566a9/01c7a879-8b9c-0669-96e2-c3110829559c?origin=2,documents/Caixa/2025/2T25/Relatorio_de_Analise_de_Desempenho_2T25__c81299e56925.pdf,PDF p. 5; column 2T24; row indice de basileia,2025Q2,c81299e56925997c89f32dcf9e8fb3ccdc2a3e20b5f5a9c7f42e46a112d1ed6b,16.4,1,table_extracted
Caixa,2024Q2,cet1,14.14,percent,end_of_period,prudential,prudential,Explicit quarter column; CMN 4966 break from 2025; ROE and efficiency trailing 12 months,"Índice de Capital Principal 14,34",https://api.mziq.com/mzfilemanager/v2/d/fb86b0b8-b4e9-407b-a575-ba3668a566a9/01c7a879-8b9c-0669-96e2-c3110829559c?origin=2,documents/Caixa/2025/2T25/Relatorio_de_Analise_de_Desempenho_2T25__c81299e56925.pdf,PDF p. 5; column 2T24; row indice de capital principal,2025Q2,c81299e56925997c89f32dcf9e8fb3ccdc2a3e20b5f5a9c7f42e46a112d1ed6b,14.14,1,table_extracted
Caixa,2024Q2,coverage_npl90,195.35,percent,end_of_period,managerial,managerial_consolidated,Explicit quarter column; CMN 4966 break from 2025; ROE and efficiency trailing 12 months,"Cobertura > 90 dias7 163,76",https://api.mziq.com/mzfilemanager/v2/d/fb86b0b8-b4e9-407b-a575-ba3668a566a9/01c7a879-8b9c-0669-96e2-c3110829559c?origin=2,documents/Caixa/2025/2T25/Relatorio_de_Analise_de_Desempenho_2T25__c81299e56925.pdf,PDF p. 5; column 2T24; row cobertura > 90 dias,2025Q2,c81299e56925997c89f32dcf9e8fb3ccdc2a3e20b5f5a9c7f42e46a112d1ed6b,195.35,1,table_extracted
Caixa,2024Q2,credit_cost,4399.0,BRL_million,quarter,managerial,managerial_consolidated,Explicit quarter column; CMN 4966 break from 2025; ROE and efficiency trailing 12 months,Provisão para Créditos de Liquidação Duvidosa (PCLD) (3.525),https://api.mziq.com/mzfilemanager/v2/d/fb86b0b8-b4e9-407b-a575-ba3668a566a9/01c7a879-8b9c-0669-96e2-c3110829559c?origin=2,documents/Caixa/2025/2T25/Relatorio_de_Analise_de_Desempenho_2T25__c81299e56925.pdf,PDF p. 5; column 2T24; row provisao para creditos de liquidacao duvidosa (pcld),2025Q2,c81299e56925997c89f32dcf9e8fb3ccdc2a3e20b5f5a9c7f42e46a112d1ed6b,-4399.0,-1,table_extracted
Caixa,2024Q2,customer_funding,741191.0,BRL_million,end_of_period,managerial,managerial_consolidated,Explicit quarter column; CMN 4966 break from 2025; ROE and efficiency trailing 12 months,Recursos de Clientes 791.864,https://api.mziq.com/mzfilemanager/v2/d/fb86b0b8-b4e9-407b-a575-ba3668a566a9/01c7a879-8b9c-0669-96e2-c3110829559c?origin=2,documents/Caixa/2025/2T25/Relatorio_de_Analise_de_Desempenho_2T25__c81299e56925.pdf,PDF p. 5; column 2T24; row recursos de clientes,2025Q2,c81299e56925997c89f32dcf9e8fb3ccdc2a3e20b5f5a9c7f42e46a112d1ed6b,741191.0,1,table_extracted
Caixa,2024Q2,efficiency,56.12,percent,trailing_12m,managerial,managerial_consolidated,Explicit quarter column; CMN 4966 break from 2025; ROE and efficiency trailing 12 months,"Índice de Eficiência Operacional Recorrente 12 54,58",https://api.mziq.com/mzfilemanager/v2/d/fb86b0b8-b4e9-407b-a575-ba3668a566a9/01c7a879-8b9c-0669-96e2-c3110829559c?origin=2,documents/Caixa/2025/2T25/Relatorio_de_Analise_de_Desempenho_2T25__c81299e56925.pdf,PDF p. 6; column 2T24; row indice de eficiencia operacional recorrente,2025Q2,c81299e56925997c89f32dcf9e8fb3ccdc2a3e20b5f5a9c7f42e46a112d1ed6b,56.12,1,table_extracted
Caixa,2024Q2,equity,135524.0,BRL_million,end_of_period,managerial,managerial_consolidated,Explicit quarter column; CMN 4966 break from 2025; ROE and efficiency trailing 12 months,Patrimônio Líquido 147.524,https://api.mziq.com/mzfilemanager/v2/d/fb86b0b8-b4e9-407b-a575-ba3668a566a9/01c7a879-8b9c-0669-96e2-c3110829559c?origin=2,documents/Caixa/2025/2T25/Relatorio_de_Analise_de_Desempenho_2T25__c81299e56925.pdf,PDF p. 5; column 2T24; row patrimonio liquido,2025Q2,c81299e56925997c89f32dcf9e8fb3ccdc2a3e20b5f5a9c7f42e46a112d1ed6b,135524.0,1,table_extracted
Caixa,2024Q2,fees,6755.0,BRL_million,quarter,managerial,managerial_consolidated,Explicit quarter column; CMN 4966 break from 2025; ROE and efficiency trailing 12 months,Receita com Prestação de Serviços 1 6.706,https://api.mziq.com/mzfilemanager/v2/d/fb86b0b8-b4e9-407b-a575-ba3668a566a9/01c7a879-8b9c-0669-96e2-c3110829559c?origin=2,documents/Caixa/2025/2T25/Relatorio_de_Analise_de_Desempenho_2T25__c81299e56925.pdf,PDF p. 5; column 2T24; row receita com prestacao de servicos,2025Q2,c81299e56925997c89f32dcf9e8fb3ccdc2a3e20b5f5a9c7f42e46a112d1ed6b,6755.0,1,table_extracted
Caixa,2024Q2,loans,1174696.0,BRL_million,end_of_period,managerial,managerial_consolidated,Explicit quarter column; CMN 4966 break from 2025; ROE and efficiency trailing 12 months,Crédito3 1.293.616,https://api.mziq.com/mzfilemanager/v2/d/fb86b0b8-b4e9-407b-a575-ba3668a566a9/01c7a879-8b9c-0669-96e2-c3110829559c?origin=2,documents/Caixa/2025/2T25/Relatorio_de_Analise_de_Desempenho_2T25__c81299e56925.pdf,PDF p. 5; column 2T24; row credito,2025Q2,c81299e56925997c89f32dcf9e8fb3ccdc2a3e20b5f5a9c7f42e46a112d1ed6b,1174696.0,1,table_extracted
Caixa,2024Q2,loans_agriculture,59004.0,BRL_million,end_of_period,managerial,managerial_consolidated,Explicit quarter column; CMN 4966 break from 2025; ROE and efficiency trailing 12 months,Agronegócio 60.511,https://api.mziq.com/mzfilemanager/v2/d/fb86b0b8-b4e9-407b-a575-ba3668a566a9/01c7a879-8b9c-0669-96e2-c3110829559c?origin=2,documents/Caixa/2025/2T25/Relatorio_de_Analise_de_Desempenho_2T25__c81299e56925.pdf,PDF p. 5; column 2T24; row agronegocio,2025Q2,c81299e56925997c89f32dcf9e8fb3ccdc2a3e20b5f5a9c7f42e46a112d1ed6b,59004.0,1,table_extracted
Caixa,2024Q2,loans_corporate,97925.0,BRL_million,end_of_period,managerial,managerial_consolidated,Explicit quarter column; CMN 4966 break from 2025; ROE and efficiency trailing 12 months,Comercial PJ4 105.818,https://api.mziq.com/mzfilemanager/v2/d/fb86b0b8-b4e9-407b-a575-ba3668a566a9/01c7a879-8b9c-0669-96e2-c3110829559c?origin=2,documents/Caixa/2025/2T25/Relatorio_de_Analise_de_Desempenho_2T25__c81299e56925.pdf,PDF p. 5; column 2T24; row comercial pj,2025Q2,c81299e56925997c89f32dcf9e8fb3ccdc2a3e20b5f5a9c7f42e46a112d1ed6b,97925.0,1,table_extracted
Caixa,2024Q2,loans_individuals,132367.0,BRL_million,end_of_period,managerial,managerial_consolidated,Explicit quarter column; CMN 4966 break from 2025; ROE and efficiency trailing 12 months,Comercial PF4 144.473,https://api.mziq.com/mzfilemanager/v2/d/fb86b0b8-b4e9-407b-a575-ba3668a566a9/01c7a879-8b9c-0669-96e2-c3110829559c?origin=2,documents/Caixa/2025/2T25/Relatorio_de_Analise_de_Desempenho_2T25__c81299e56925.pdf,PDF p. 5; column 2T24; row comercial pf,2025Q2,c81299e56925997c89f32dcf9e8fb3ccdc2a3e20b5f5a9c7f42e46a112d1ed6b,132367.0,1,table_extracted
Caixa,2024Q2,loans_mortgage,783568.0,BRL_million,end_of_period,managerial,managerial_consolidated,Explicit quarter column; CMN 4966 break from 2025; ROE and efficiency trailing 12 months,Imobiliário 875.484,https://api.mziq.com/mzfilemanager/v2/d/fb86b0b8-b4e9-407b-a575-ba3668a566a9/01c7a879-8b9c-0669-96e2-c3110829559c?origin=2,documents/Caixa/2025/2T25/Relatorio_de_Analise_de_Desempenho_2T25__c81299e56925.pdf,PDF p. 5; column 2T24; row imobiliario,2025Q2,c81299e56925997c89f32dcf9e8fb3ccdc2a3e20b5f5a9c7f42e46a112d1ed6b,783568.0,1,table_extracted
Caixa,2024Q2,net_income_accounting,3287.0,BRL_million,quarter,accounting,managerial_consolidated,Explicit quarter column; CMN 4966 break from 2025; ROE and efficiency trailing 12 months,Lucro Líquido Contábil 3.682,https://api.mziq.com/mzfilemanager/v2/d/fb86b0b8-b4e9-407b-a575-ba3668a566a9/01c7a879-8b9c-0669-96e2-c3110829559c?origin=2,documents/Caixa/2025/2T25/Relatorio_de_Analise_de_Desempenho_2T25__c81299e56925.pdf,PDF p. 5; column 2T24; row lucro liquido contabil,2025Q2,c81299e56925997c89f32dcf9e8fb3ccdc2a3e20b5f5a9c7f42e46a112d1ed6b,3287.0,1,table_extracted
Caixa,2024Q2,net_income_adjusted,3287.0,BRL_million,quarter,managerial,managerial_consolidated,Explicit quarter column; CMN 4966 break from 2025; ROE and efficiency trailing 12 months,Lucro Líquido Recorrente 3.682,https://api.mziq.com/mzfilemanager/v2/d/fb86b0b8-b4e9-407b-a575-ba3668a566a9/01c7a879-8b9c-0669-96e2-c3110829559c?origin=2,documents/Caixa/2025/2T25/Relatorio_de_Analise_de_Desempenho_2T25__c81299e56925.pdf,PDF p. 5; column 2T24; row lucro liquido recorrente,2025Q2,c81299e56925997c89f32dcf9e8fb3ccdc2a3e20b5f5a9c7f42e46a112d1ed6b,3287.0,1,table_extracted
Caixa,2024Q2,net_interest_income,15481.0,BRL_million,quarter,managerial,managerial_consolidated,Explicit quarter column; CMN 4966 break from 2025; ROE and efficiency trailing 12 months,Margem Financeira 16.358,https://api.mziq.com/mzfilemanager/v2/d/fb86b0b8-b4e9-407b-a575-ba3668a566a9/01c7a879-8b9c-0669-96e2-c3110829559c?origin=2,documents/Caixa/2025/2T25/Relatorio_de_Analise_de_Desempenho_2T25__c81299e56925.pdf,PDF p. 5; column 2T24; row margem financeira,2025Q2,c81299e56925997c89f32dcf9e8fb3ccdc2a3e20b5f5a9c7f42e46a112d1ed6b,15481.0,1,table_extracted
Caixa,2024Q2,npl90,2.2,percent,end_of_period,managerial,managerial_consolidated,Explicit quarter column; CMN 4966 break from 2025; ROE and efficiency trailing 12 months,"Inadimplência Total (atrasos > 90 dias) 2,66",https://api.mziq.com/mzfilemanager/v2/d/fb86b0b8-b4e9-407b-a575-ba3668a566a9/01c7a879-8b9c-0669-96e2-c3110829559c?origin=2,documents/Caixa/2025/2T25/Relatorio_de_Analise_de_Desempenho_2T25__c81299e56925.pdf,PDF p. 5; column 2T24; row inadimplencia total (atrasos > 90 dias),2025Q2,c81299e56925997c89f32dcf9e8fb3ccdc2a3e20b5f5a9c7f42e46a112d1ed6b,2.2,1,table_extracted
Caixa,2024Q2,operating_expenses,10769.0,BRL_million,quarter,managerial,managerial_consolidated,Explicit quarter column; CMN 4966 break from 2025; ROE and efficiency trailing 12 months,Despesas Administrativas (10.800),https://api.mziq.com/mzfilemanager/v2/d/fb86b0b8-b4e9-407b-a575-ba3668a566a9/01c7a879-8b9c-0669-96e2-c3110829559c?origin=2,documents/Caixa/2025/2T25/Relatorio_de_Analise_de_Desempenho_2T25__c81299e56925.pdf,PDF p. 5; column 2T24; row despesas administrativas,2025Q2,c81299e56925997c89f32dcf9e8fb3ccdc2a3e20b5f5a9c7f42e46a112d1ed6b,-10769.0,-1,table_extracted
Caixa,2024Q2,operating_result,2926.0,BRL_million,quarter,managerial,managerial_consolidated,Explicit quarter column; CMN 4966 break from 2025; ROE and efficiency trailing 12 months,Resultado Operacional 4.730,https://api.mziq.com/mzfilemanager/v2/d/fb86b0b8-b4e9-407b-a575-ba3668a566a9/01c7a879-8b9c-0669-96e2-c3110829559c?origin=2,documents/Caixa/2025/2T25/Relatorio_de_Analise_de_Desempenho_2T25__c81299e56925.pdf,PDF p. 5; column 2T24; row resultado operacional,2025Q2,c81299e56925997c89f32dcf9e8fb3ccdc2a3e20b5f5a9c7f42e46a112d1ed6b,2926.0,1,table_extracted
Caixa,2024Q2,personnel_expenses,7310.0,BRL_million,quarter,managerial,managerial_consolidated,Explicit quarter column; CMN 4966 break from 2025; ROE and efficiency trailing 12 months,Despesas de Pessoal (7.212),https://api.mziq.com/mzfilemanager/v2/d/fb86b0b8-b4e9-407b-a575-ba3668a566a9/01c7a879-8b9c-0669-96e2-c3110829559c?origin=2,documents/Caixa/2025/2T25/Relatorio_de_Analise_de_Desempenho_2T25__c81299e56925.pdf,PDF p. 5; column 2T24; row despesas de pessoal,2025Q2,c81299e56925997c89f32dcf9e8fb3ccdc2a3e20b5f5a9c7f42e46a112d1ed6b,-7310.0,-1,table_extracted
Caixa,2024Q2,roe_accounting,10.07,percent,trailing_12m,managerial,managerial_consolidated,Explicit quarter column; CMN 4966 break from 2025; ROE and efficiency trailing 12 months,"ROE Contábil9 12,41",https://api.mziq.com/mzfilemanager/v2/d/fb86b0b8-b4e9-407b-a575-ba3668a566a9/01c7a879-8b9c-0669-96e2-c3110829559c?origin=2,documents/Caixa/2025/2T25/Relatorio_de_Analise_de_Desempenho_2T25__c81299e56925.pdf,PDF p. 6; column 2T24; row roe contabil,2025Q2,c81299e56925997c89f32dcf9e8fb3ccdc2a3e20b5f5a9c7f42e46a112d1ed6b,10.07,1,table_extracted
Caixa,2024Q2,roe_adjusted,9.54,percent,trailing_12m,managerial,managerial_consolidated,Explicit quarter column; CMN 4966 break from 2025; ROE and efficiency trailing 12 months,"ROE Recorrente11 11,86",https://api.mziq.com/mzfilemanager/v2/d/fb86b0b8-b4e9-407b-a575-ba3668a566a9/01c7a879-8b9c-0669-96e2-c3110829559c?origin=2,documents/Caixa/2025/2T25/Relatorio_de_Analise_de_Desempenho_2T25__c81299e56925.pdf,PDF p. 6; column 2T24; row roe recorrente,2025Q2,c81299e56925997c89f32dcf9e8fb3ccdc2a3e20b5f5a9c7f42e46a112d1ed6b,9.54,1,table_extracted
Caixa,2024Q3,assets,1985981.0,BRL_million,end_of_period,managerial,managerial_consolidated,Explicit quarter column; CMN 4966 break from 2025; ROE and efficiency trailing 12 months,Ativos CAIXA 2.212.635,https://api.mziq.com/mzfilemanager/v2/d/fb86b0b8-b4e9-407b-a575-ba3668a566a9/2d31c2de-5b7f-5d0d-577a-13d13670b001?origin=2,documents/Caixa/2025/3T25/Relatorio_de_Analise_de_Desempenho_3T25__02a72dd0faaa.pdf,PDF p. 5; column 3T24; row ativos caixa,2025Q3,02a72dd0faaabb14df3219503188fb2c61659906a7ea5520436d94d0675825ce,1985981.0,1,table_extracted
Caixa,2024Q3,capital_total,16.2,percent,end_of_period,prudential,prudential,Explicit quarter column; CMN 4966 break from 2025; ROE and efficiency trailing 12 months,"Índice de Basileia 16,44",https://api.mziq.com/mzfilemanager/v2/d/fb86b0b8-b4e9-407b-a575-ba3668a566a9/2d31c2de-5b7f-5d0d-577a-13d13670b001?origin=2,documents/Caixa/2025/3T25/Relatorio_de_Analise_de_Desempenho_3T25__02a72dd0faaa.pdf,PDF p. 5; column 3T24; row indice de basileia,2025Q3,02a72dd0faaabb14df3219503188fb2c61659906a7ea5520436d94d0675825ce,16.2,1,table_extracted
Caixa,2024Q3,cet1,13.99,percent,end_of_period,prudential,prudential,Explicit quarter column; CMN 4966 break from 2025; ROE and efficiency trailing 12 months,"Índice de Capital Principal 14,87",https://api.mziq.com/mzfilemanager/v2/d/fb86b0b8-b4e9-407b-a575-ba3668a566a9/2d31c2de-5b7f-5d0d-577a-13d13670b001?origin=2,documents/Caixa/2025/3T25/Relatorio_de_Analise_de_Desempenho_3T25__02a72dd0faaa.pdf,PDF p. 5; column 3T24; row indice de capital principal,2025Q3,02a72dd0faaabb14df3219503188fb2c61659906a7ea5520436d94d0675825ce,13.99,1,table_extracted
Caixa,2024Q3,coverage_npl90,180.3,percent,end_of_period,managerial,managerial_consolidated,Explicit quarter column; CMN 4966 break from 2025; ROE and efficiency trailing 12 months,"Cobertura > 90 dias7 148,09",https://api.mziq.com/mzfilemanager/v2/d/fb86b0b8-b4e9-407b-a575-ba3668a566a9/2d31c2de-5b7f-5d0d-577a-13d13670b001?origin=2,documents/Caixa/2025/3T25/Relatorio_de_Analise_de_Desempenho_3T25__02a72dd0faaa.pdf,PDF p. 5; column 3T24; row cobertura > 90 dias,2025Q3,02a72dd0faaabb14df3219503188fb2c61659906a7ea5520436d94d0675825ce,180.3,1,table_extracted
Caixa,2024Q3,credit_cost,3084.0,BRL_million,quarter,managerial,managerial_consolidated,Explicit quarter column; CMN 4966 break from 2025; ROE and efficiency trailing 12 months,Provisão para Créditos de Liquidação Duvidosa (PCLD) (5.073),https://api.mziq.com/mzfilemanager/v2/d/fb86b0b8-b4e9-407b-a575-ba3668a566a9/2d31c2de-5b7f-5d0d-577a-13d13670b001?origin=2,documents/Caixa/2025/3T25/Relatorio_de_Analise_de_Desempenho_3T25__02a72dd0faaa.pdf,PDF p. 5; column 3T24; row provisao para creditos de liquidacao duvidosa (pcld),2025Q3,02a72dd0faaabb14df3219503188fb2c61659906a7ea5520436d94d0675825ce,-3084.0,-1,table_extracted
Caixa,2024Q3,customer_funding,754801.0,BRL_million,end_of_period,managerial,managerial_consolidated,Explicit quarter column; CMN 4966 break from 2025; ROE and efficiency trailing 12 months,Recursos de Clientes 814.389,https://api.mziq.com/mzfilemanager/v2/d/fb86b0b8-b4e9-407b-a575-ba3668a566a9/2d31c2de-5b7f-5d0d-577a-13d13670b001?origin=2,documents/Caixa/2025/3T25/Relatorio_de_Analise_de_Desempenho_3T25__02a72dd0faaa.pdf,PDF p. 5; column 3T24; row recursos de clientes,2025Q3,02a72dd0faaabb14df3219503188fb2c61659906a7ea5520436d94d0675825ce,754801.0,1,table_extracted
Caixa,2024Q3,efficiency,57.68,percent,trailing_12m,managerial,managerial_consolidated,Explicit quarter column; CMN 4966 break from 2025; ROE and efficiency trailing 12 months,"Índice de Eficiência Operacional Recorrente 12 52,91",https://api.mziq.com/mzfilemanager/v2/d/fb86b0b8-b4e9-407b-a575-ba3668a566a9/2d31c2de-5b7f-5d0d-577a-13d13670b001?origin=2,documents/Caixa/2025/3T25/Relatorio_de_Analise_de_Desempenho_3T25__02a72dd0faaa.pdf,PDF p. 6; column 3T24; row indice de eficiencia operacional recorrente,2025Q3,02a72dd0faaabb14df3219503188fb2c61659906a7ea5520436d94d0675825ce,57.68,1,table_extracted
Caixa,2024Q3,equity,138619.0,BRL_million,end_of_period,managerial,managerial_consolidated,Explicit quarter column; CMN 4966 break from 2025; ROE and efficiency trailing 12 months,Patrimônio Líquido 151.189,https://api.mziq.com/mzfilemanager/v2/d/fb86b0b8-b4e9-407b-a575-ba3668a566a9/2d31c2de-5b7f-5d0d-577a-13d13670b001?origin=2,documents/Caixa/2025/3T25/Relatorio_de_Analise_de_Desempenho_3T25__02a72dd0faaa.pdf,PDF p. 5; column 3T24; row patrimonio liquido,2025Q3,02a72dd0faaabb14df3219503188fb2c61659906a7ea5520436d94d0675825ce,138619.0,1,table_extracted
Caixa,2024Q3,fees,7042.0,BRL_million,quarter,managerial,managerial_consolidated,Explicit quarter column; CMN 4966 break from 2025; ROE and efficiency trailing 12 months,Receita com Prestação de Serviços 1 7.087,https://api.mziq.com/mzfilemanager/v2/d/fb86b0b8-b4e9-407b-a575-ba3668a566a9/2d31c2de-5b7f-5d0d-577a-13d13670b001?origin=2,documents/Caixa/2025/3T25/Relatorio_de_Analise_de_Desempenho_3T25__02a72dd0faaa.pdf,PDF p. 5; column 3T24; row receita com prestacao de servicos,2025Q3,02a72dd0faaabb14df3219503188fb2c61659906a7ea5520436d94d0675825ce,7042.0,1,table_extracted
Caixa,2024Q3,loans,1209423.0,BRL_million,end_of_period,managerial,managerial_consolidated,Explicit quarter column; CMN 4966 break from 2025; ROE and efficiency trailing 12 months,Crédito3 1.334.083,https://api.mziq.com/mzfilemanager/v2/d/fb86b0b8-b4e9-407b-a575-ba3668a566a9/2d31c2de-5b7f-5d0d-577a-13d13670b001?origin=2,documents/Caixa/2025/3T25/Relatorio_de_Analise_de_Desempenho_3T25__02a72dd0faaa.pdf,PDF p. 5; column 3T24; row credito,2025Q3,02a72dd0faaabb14df3219503188fb2c61659906a7ea5520436d94d0675825ce,1209423.0,1,table_extracted
Caixa,2024Q3,loans_agriculture,59574.0,BRL_million,end_of_period,managerial,managerial_consolidated,Explicit quarter column; CMN 4966 break from 2025; ROE and efficiency trailing 12 months,Agronegócio 61.777,https://api.mziq.com/mzfilemanager/v2/d/fb86b0b8-b4e9-407b-a575-ba3668a566a9/2d31c2de-5b7f-5d0d-577a-13d13670b001?origin=2,documents/Caixa/2025/3T25/Relatorio_de_Analise_de_Desempenho_3T25__02a72dd0faaa.pdf,PDF p. 5; column 3T24; row agronegocio,2025Q3,02a72dd0faaabb14df3219503188fb2c61659906a7ea5520436d94d0675825ce,59574.0,1,table_extracted
Caixa,2024Q3,loans_corporate,99997.0,BRL_million,end_of_period,managerial,managerial_consolidated,Explicit quarter column; CMN 4966 break from 2025; ROE and efficiency trailing 12 months,Comercial PJ4 110.842,https://api.mziq.com/mzfilemanager/v2/d/fb86b0b8-b4e9-407b-a575-ba3668a566a9/2d31c2de-5b7f-5d0d-577a-13d13670b001?origin=2,documents/Caixa/2025/3T25/Relatorio_de_Analise_de_Desempenho_3T25__02a72dd0faaa.pdf,PDF p. 5; column 3T24; row comercial pj,2025Q3,02a72dd0faaabb14df3219503188fb2c61659906a7ea5520436d94d0675825ce,99997.0,1,table_extracted
Caixa,2024Q3,loans_individuals,133179.0,BRL_million,end_of_period,managerial,managerial_consolidated,Explicit quarter column; CMN 4966 break from 2025; ROE and efficiency trailing 12 months,Comercial PF4 147.635,https://api.mziq.com/mzfilemanager/v2/d/fb86b0b8-b4e9-407b-a575-ba3668a566a9/2d31c2de-5b7f-5d0d-577a-13d13670b001?origin=2,documents/Caixa/2025/3T25/Relatorio_de_Analise_de_Desempenho_3T25__02a72dd0faaa.pdf,PDF p. 5; column 3T24; row comercial pf,2025Q3,02a72dd0faaabb14df3219503188fb2c61659906a7ea5520436d94d0675825ce,133179.0,1,table_extracted
Caixa,2024Q3,loans_mortgage,812152.0,BRL_million,end_of_period,managerial,managerial_consolidated,Explicit quarter column; CMN 4966 break from 2025; ROE and efficiency trailing 12 months,Imobiliário 904.980,https://api.mziq.com/mzfilemanager/v2/d/fb86b0b8-b4e9-407b-a575-ba3668a566a9/2d31c2de-5b7f-5d0d-577a-13d13670b001?origin=2,documents/Caixa/2025/3T25/Relatorio_de_Analise_de_Desempenho_3T25__02a72dd0faaa.pdf,PDF p. 5; column 3T24; row imobiliario,2025Q3,02a72dd0faaabb14df3219503188fb2c61659906a7ea5520436d94d0675825ce,812152.0,1,table_extracted
Caixa,2024Q3,net_income_accounting,3263.0,BRL_million,quarter,accounting,managerial_consolidated,Explicit quarter column; CMN 4966 break from 2025; ROE and efficiency trailing 12 months,Lucro Líquido Contábil 3.764,https://api.mziq.com/mzfilemanager/v2/d/fb86b0b8-b4e9-407b-a575-ba3668a566a9/2d31c2de-5b7f-5d0d-577a-13d13670b001?origin=2,documents/Caixa/2025/3T25/Relatorio_de_Analise_de_Desempenho_3T25__02a72dd0faaa.pdf,PDF p. 5; column 3T24; row lucro liquido contabil,2025Q3,02a72dd0faaabb14df3219503188fb2c61659906a7ea5520436d94d0675825ce,3263.0,1,table_extracted
Caixa,2024Q3,net_income_adjusted,3263.0,BRL_million,quarter,managerial,managerial_consolidated,Explicit quarter column; CMN 4966 break from 2025; ROE and efficiency trailing 12 months,Lucro Líquido Recorrente 3.764,https://api.mziq.com/mzfilemanager/v2/d/fb86b0b8-b4e9-407b-a575-ba3668a566a9/2d31c2de-5b7f-5d0d-577a-13d13670b001?origin=2,documents/Caixa/2025/3T25/Relatorio_de_Analise_de_Desempenho_3T25__02a72dd0faaa.pdf,PDF p. 5; column 3T24; row lucro liquido recorrente,2025Q3,02a72dd0faaabb14df3219503188fb2c61659906a7ea5520436d94d0675825ce,3263.0,1,table_extracted
Caixa,2024Q3,net_interest_income,14497.0,BRL_million,quarter,managerial,managerial_consolidated,Explicit quarter column; CMN 4966 break from 2025; ROE and efficiency trailing 12 months,Margem Financeira 16.523,https://api.mziq.com/mzfilemanager/v2/d/fb86b0b8-b4e9-407b-a575-ba3668a566a9/2d31c2de-5b7f-5d0d-577a-13d13670b001?origin=2,documents/Caixa/2025/3T25/Relatorio_de_Analise_de_Desempenho_3T25__02a72dd0faaa.pdf,PDF p. 5; column 3T24; row margem financeira,2025Q3,02a72dd0faaabb14df3219503188fb2c61659906a7ea5520436d94d0675825ce,14497.0,1,table_extracted
Caixa,2024Q3,npl90,2.27,percent,end_of_period,managerial,managerial_consolidated,Explicit quarter column; CMN 4966 break from 2025; ROE and efficiency trailing 12 months,"Inadimplência Total (atrasos > 90 dias) 3,01",https://api.mziq.com/mzfilemanager/v2/d/fb86b0b8-b4e9-407b-a575-ba3668a566a9/2d31c2de-5b7f-5d0d-577a-13d13670b001?origin=2,documents/Caixa/2025/3T25/Relatorio_de_Analise_de_Desempenho_3T25__02a72dd0faaa.pdf,PDF p. 5; column 3T24; row inadimplencia total (atrasos > 90 dias),2025Q3,02a72dd0faaabb14df3219503188fb2c61659906a7ea5520436d94d0675825ce,2.27,1,table_extracted
Caixa,2024Q3,operating_expenses,10801.0,BRL_million,quarter,managerial,managerial_consolidated,Explicit quarter column; CMN 4966 break from 2025; ROE and efficiency trailing 12 months,Despesas Administrativas (11.246),https://api.mziq.com/mzfilemanager/v2/d/fb86b0b8-b4e9-407b-a575-ba3668a566a9/2d31c2de-5b7f-5d0d-577a-13d13670b001?origin=2,documents/Caixa/2025/3T25/Relatorio_de_Analise_de_Desempenho_3T25__02a72dd0faaa.pdf,PDF p. 5; column 3T24; row despesas administrativas,2025Q3,02a72dd0faaabb14df3219503188fb2c61659906a7ea5520436d94d0675825ce,-10801.0,-1,table_extracted
Caixa,2024Q3,operating_result,2873.0,BRL_million,quarter,managerial,managerial_consolidated,Explicit quarter column; CMN 4966 break from 2025; ROE and efficiency trailing 12 months,Resultado Operacional 3.711,https://api.mziq.com/mzfilemanager/v2/d/fb86b0b8-b4e9-407b-a575-ba3668a566a9/2d31c2de-5b7f-5d0d-577a-13d13670b001?origin=2,documents/Caixa/2025/3T25/Relatorio_de_Analise_de_Desempenho_3T25__02a72dd0faaa.pdf,PDF p. 5; column 3T24; row resultado operacional,2025Q3,02a72dd0faaabb14df3219503188fb2c61659906a7ea5520436d94d0675825ce,2873.0,1,table_extracted
Caixa,2024Q3,personnel_expenses,7187.0,BRL_million,quarter,managerial,managerial_consolidated,Explicit quarter column; CMN 4966 break from 2025; ROE and efficiency trailing 12 months,Despesas de Pessoal (7.613),https://api.mziq.com/mzfilemanager/v2/d/fb86b0b8-b4e9-407b-a575-ba3668a566a9/2d31c2de-5b7f-5d0d-577a-13d13670b001?origin=2,documents/Caixa/2025/3T25/Relatorio_de_Analise_de_Desempenho_3T25__02a72dd0faaa.pdf,PDF p. 5; column 3T24; row despesas de pessoal,2025Q3,02a72dd0faaabb14df3219503188fb2c61659906a7ea5520436d94d0675825ce,-7187.0,-1,table_extracted
Caixa,2024Q3,roe_accounting,9.85,percent,trailing_12m,managerial,managerial_consolidated,Explicit quarter column; CMN 4966 break from 2025; ROE and efficiency trailing 12 months,"ROE Contábil9 12,47",https://api.mziq.com/mzfilemanager/v2/d/fb86b0b8-b4e9-407b-a575-ba3668a566a9/2d31c2de-5b7f-5d0d-577a-13d13670b001?origin=2,documents/Caixa/2025/3T25/Relatorio_de_Analise_de_Desempenho_3T25__02a72dd0faaa.pdf,PDF p. 6; column 3T24; row roe contabil,2025Q3,02a72dd0faaabb14df3219503188fb2c61659906a7ea5520436d94d0675825ce,9.85,1,table_extracted
Caixa,2024Q3,roe_adjusted,9.33,percent,trailing_12m,managerial,managerial_consolidated,Explicit quarter column; CMN 4966 break from 2025; ROE and efficiency trailing 12 months,"ROE Recorrente11 11,93",https://api.mziq.com/mzfilemanager/v2/d/fb86b0b8-b4e9-407b-a575-ba3668a566a9/2d31c2de-5b7f-5d0d-577a-13d13670b001?origin=2,documents/Caixa/2025/3T25/Relatorio_de_Analise_de_Desempenho_3T25__02a72dd0faaa.pdf,PDF p. 6; column 3T24; row roe recorrente,2025Q3,02a72dd0faaabb14df3219503188fb2c61659906a7ea5520436d94d0675825ce,9.33,1,table_extracted
Caixa,2024Q4,assets,2030111.0,BRL_million,end_of_period,managerial,managerial_consolidated,Explicit quarter column; CMN 4966 break from 2025; ROE and efficiency trailing 12 months,Ativos CAIXA 2.223.557,https://api.mziq.com/mzfilemanager/v2/d/fb86b0b8-b4e9-407b-a575-ba3668a566a9/461b3724-a628-ebc8-7e75-906ad1d1f74f?origin=2,documents/Caixa/2025/4T25/Relatorio_de_Analise_de_Desempenho_4T25__e299068feb40.pdf,PDF p. 5; column 4T24; row ativos caixa,2025Q4,e299068feb404b82e0f7cfb5b826263767212449860b1178050a384f146537b3,2030111.0,1,table_extracted
Caixa,2024Q4,capital_total,16.57,percent,end_of_period,prudential,prudential,Explicit quarter column; CMN 4966 break from 2025; ROE and efficiency trailing 12 months,"Índice de Basileia 16,39",https://api.mziq.com/mzfilemanager/v2/d/fb86b0b8-b4e9-407b-a575-ba3668a566a9/461b3724-a628-ebc8-7e75-906ad1d1f74f?origin=2,documents/Caixa/2025/4T25/Relatorio_de_Analise_de_Desempenho_4T25__e299068feb40.pdf,PDF p. 5; column 4T24; row indice de basileia,2025Q4,e299068feb404b82e0f7cfb5b826263767212449860b1178050a384f146537b3,16.57,1,table_extracted
Caixa,2024Q4,cet1,14.39,percent,end_of_period,prudential,prudential,Explicit quarter column; CMN 4966 break from 2025; ROE and efficiency trailing 12 months,"Índice de Capital Principal 14,28",https://api.mziq.com/mzfilemanager/v2/d/fb86b0b8-b4e9-407b-a575-ba3668a566a9/461b3724-a628-ebc8-7e75-906ad1d1f74f?origin=2,documents/Caixa/2025/4T25/Relatorio_de_Analise_de_Desempenho_4T25__e299068feb40.pdf,PDF p. 5; column 4T24; row indice de capital principal,2025Q4,e299068feb404b82e0f7cfb5b826263767212449860b1178050a384f146537b3,14.39,1,table_extracted
Caixa,2024Q4,coverage_npl90,204.15,percent,end_of_period,managerial,managerial_consolidated,Explicit quarter column; CMN 4966 break from 2025; ROE and efficiency trailing 12 months,"Cobertura > 90 dias7 149,55",https://api.mziq.com/mzfilemanager/v2/d/fb86b0b8-b4e9-407b-a575-ba3668a566a9/461b3724-a628-ebc8-7e75-906ad1d1f74f?origin=2,documents/Caixa/2025/4T25/Relatorio_de_Analise_de_Desempenho_4T25__e299068feb40.pdf,PDF p. 5; column 4T24; row cobertura > 90 dias,2025Q4,e299068feb404b82e0f7cfb5b826263767212449860b1178050a384f146537b3,204.15,1,table_extracted
Caixa,2024Q4,credit_cost,4672.0,BRL_million,quarter,managerial,managerial_consolidated,Explicit quarter column; CMN 4966 break from 2025; ROE and efficiency trailing 12 months,Provisão para Créditos de Liquidação Duvidosa (PCLD) (5.356),https://api.mziq.com/mzfilemanager/v2/d/fb86b0b8-b4e9-407b-a575-ba3668a566a9/461b3724-a628-ebc8-7e75-906ad1d1f74f?origin=2,documents/Caixa/2025/4T25/Relatorio_de_Analise_de_Desempenho_4T25__e299068feb40.pdf,PDF p. 5; column 4T24; row provisao para creditos de liquidacao duvidosa (pcld),2025Q4,e299068feb404b82e0f7cfb5b826263767212449860b1178050a384f146537b3,-4672.0,-1,table_extracted
Caixa,2024Q4,customer_funding,778173.0,BRL_million,end_of_period,managerial,managerial_consolidated,Explicit quarter column; CMN 4966 break from 2025; ROE and efficiency trailing 12 months,Recursos de Clientes 821.343,https://api.mziq.com/mzfilemanager/v2/d/fb86b0b8-b4e9-407b-a575-ba3668a566a9/461b3724-a628-ebc8-7e75-906ad1d1f74f?origin=2,documents/Caixa/2025/4T25/Relatorio_de_Analise_de_Desempenho_4T25__e299068feb40.pdf,PDF p. 5; column 4T24; row recursos de clientes,2025Q4,e299068feb404b82e0f7cfb5b826263767212449860b1178050a384f146537b3,778173.0,1,table_extracted
Caixa,2024Q4,efficiency,55.74,percent,trailing_12m,managerial,managerial_consolidated,Explicit quarter column; CMN 4966 break from 2025; ROE and efficiency trailing 12 months,"Índice de Eficiência Operacional Recorrente 12 53,61",https://api.mziq.com/mzfilemanager/v2/d/fb86b0b8-b4e9-407b-a575-ba3668a566a9/461b3724-a628-ebc8-7e75-906ad1d1f74f?origin=2,documents/Caixa/2025/4T25/Relatorio_de_Analise_de_Desempenho_4T25__e299068feb40.pdf,PDF p. 6; column 4T24; row indice de eficiencia operacional recorrente,2025Q4,e299068feb404b82e0f7cfb5b826263767212449860b1178050a384f146537b3,55.74,1,table_extracted
Caixa,2024Q4,equity,140152.0,BRL_million,end_of_period,managerial,managerial_consolidated,Explicit quarter column; CMN 4966 break from 2025; ROE and efficiency trailing 12 months,Patrimônio Líquido 149.672,https://api.mziq.com/mzfilemanager/v2/d/fb86b0b8-b4e9-407b-a575-ba3668a566a9/461b3724-a628-ebc8-7e75-906ad1d1f74f?origin=2,documents/Caixa/2025/4T25/Relatorio_de_Analise_de_Desempenho_4T25__e299068feb40.pdf,PDF p. 5; column 4T24; row patrimonio liquido,2025Q4,e299068feb404b82e0f7cfb5b826263767212449860b1178050a384f146537b3,140152.0,1,table_extracted
Caixa,2024Q4,fees,7387.0,BRL_million,quarter,managerial,managerial_consolidated,Explicit quarter column; CMN 4966 break from 2025; ROE and efficiency trailing 12 months,Receita com Prestação de Serviços 1 7.498,https://api.mziq.com/mzfilemanager/v2/d/fb86b0b8-b4e9-407b-a575-ba3668a566a9/461b3724-a628-ebc8-7e75-906ad1d1f74f?origin=2,documents/Caixa/2025/4T25/Relatorio_de_Analise_de_Desempenho_4T25__e299068feb40.pdf,PDF p. 5; column 4T24; row receita com prestacao de servicos,2025Q4,e299068feb404b82e0f7cfb5b826263767212449860b1178050a384f146537b3,7387.0,1,table_extracted
Caixa,2024Q4,loans,1236308.0,BRL_million,end_of_period,managerial,managerial_consolidated,Explicit quarter column; CMN 4966 break from 2025; ROE and efficiency trailing 12 months,Crédito3 1.377.893,https://api.mziq.com/mzfilemanager/v2/d/fb86b0b8-b4e9-407b-a575-ba3668a566a9/461b3724-a628-ebc8-7e75-906ad1d1f74f?origin=2,documents/Caixa/2025/4T25/Relatorio_de_Analise_de_Desempenho_4T25__e299068feb40.pdf,PDF p. 5; column 4T24; row credito,2025Q4,e299068feb404b82e0f7cfb5b826263767212449860b1178050a384f146537b3,1236308.0,1,table_extracted
Caixa,2024Q4,loans_agriculture,62575.0,BRL_million,end_of_period,managerial,managerial_consolidated,Explicit quarter column; CMN 4966 break from 2025; ROE and efficiency trailing 12 months,Agronegócio 62.919,https://api.mziq.com/mzfilemanager/v2/d/fb86b0b8-b4e9-407b-a575-ba3668a566a9/461b3724-a628-ebc8-7e75-906ad1d1f74f?origin=2,documents/Caixa/2025/4T25/Relatorio_de_Analise_de_Desempenho_4T25__e299068feb40.pdf,PDF p. 5; column 4T24; row agronegocio,2025Q4,e299068feb404b82e0f7cfb5b826263767212449860b1178050a384f146537b3,62575.0,1,table_extracted
Caixa,2024Q4,loans_corporate,100427.0,BRL_million,end_of_period,managerial,managerial_consolidated,Explicit quarter column; CMN 4966 break from 2025; ROE and efficiency trailing 12 months,Comercial PJ4 114.734,https://api.mziq.com/mzfilemanager/v2/d/fb86b0b8-b4e9-407b-a575-ba3668a566a9/461b3724-a628-ebc8-7e75-906ad1d1f74f?origin=2,documents/Caixa/2025/4T25/Relatorio_de_Analise_de_Desempenho_4T25__e299068feb40.pdf,PDF p. 5; column 4T24; row comercial pj,2025Q4,e299068feb404b82e0f7cfb5b826263767212449860b1178050a384f146537b3,100427.0,1,table_extracted
Caixa,2024Q4,loans_individuals,133995.0,BRL_million,end_of_period,managerial,managerial_consolidated,Explicit quarter column; CMN 4966 break from 2025; ROE and efficiency trailing 12 months,Comercial PF4 151.988,https://api.mziq.com/mzfilemanager/v2/d/fb86b0b8-b4e9-407b-a575-ba3668a566a9/461b3724-a628-ebc8-7e75-906ad1d1f74f?origin=2,documents/Caixa/2025/4T25/Relatorio_de_Analise_de_Desempenho_4T25__e299068feb40.pdf,PDF p. 5; column 4T24; row comercial pf,2025Q4,e299068feb404b82e0f7cfb5b826263767212449860b1178050a384f146537b3,133995.0,1,table_extracted
Caixa,2024Q4,loans_mortgage,830162.0,BRL_million,end_of_period,managerial,managerial_consolidated,Explicit quarter column; CMN 4966 break from 2025; ROE and efficiency trailing 12 months,Imobiliário 938.028,https://api.mziq.com/mzfilemanager/v2/d/fb86b0b8-b4e9-407b-a575-ba3668a566a9/461b3724-a628-ebc8-7e75-906ad1d1f74f?origin=2,documents/Caixa/2025/4T25/Relatorio_de_Analise_de_Desempenho_4T25__e299068feb40.pdf,PDF p. 5; column 4T24; row imobiliario,2025Q4,e299068feb404b82e0f7cfb5b826263767212449860b1178050a384f146537b3,830162.0,1,table_extracted
Caixa,2024Q4,net_income_accounting,4515.0,BRL_million,quarter,accounting,managerial_consolidated,Explicit quarter column; CMN 4966 break from 2025; ROE and efficiency trailing 12 months,Lucro Líquido Contábil 2.504,https://api.mziq.com/mzfilemanager/v2/d/fb86b0b8-b4e9-407b-a575-ba3668a566a9/461b3724-a628-ebc8-7e75-906ad1d1f74f?origin=2,documents/Caixa/2025/4T25/Relatorio_de_Analise_de_Desempenho_4T25__e299068feb40.pdf,PDF p. 5; column 4T24; row lucro liquido contabil,2025Q4,e299068feb404b82e0f7cfb5b826263767212449860b1178050a384f146537b3,4515.0,1,table_extracted
Caixa,2024Q4,net_income_adjusted,4581.0,BRL_million,quarter,managerial,managerial_consolidated,Explicit quarter column; CMN 4966 break from 2025; ROE and efficiency trailing 12 months,Lucro Líquido Recorrente 2.767,https://api.mziq.com/mzfilemanager/v2/d/fb86b0b8-b4e9-407b-a575-ba3668a566a9/461b3724-a628-ebc8-7e75-906ad1d1f74f?origin=2,documents/Caixa/2025/4T25/Relatorio_de_Analise_de_Desempenho_4T25__e299068feb40.pdf,PDF p. 5; column 4T24; row lucro liquido recorrente,2025Q4,e299068feb404b82e0f7cfb5b826263767212449860b1178050a384f146537b3,4581.0,1,table_extracted
Caixa,2024Q4,net_interest_income,16332.0,BRL_million,quarter,managerial,managerial_consolidated,Explicit quarter column; CMN 4966 break from 2025; ROE and efficiency trailing 12 months,Margem Financeira 17.543,https://api.mziq.com/mzfilemanager/v2/d/fb86b0b8-b4e9-407b-a575-ba3668a566a9/461b3724-a628-ebc8-7e75-906ad1d1f74f?origin=2,documents/Caixa/2025/4T25/Relatorio_de_Analise_de_Desempenho_4T25__e299068feb40.pdf,PDF p. 5; column 4T24; row margem financeira,2025Q4,e299068feb404b82e0f7cfb5b826263767212449860b1178050a384f146537b3,16332.0,1,table_extracted
Caixa,2024Q4,npl90,1.97,percent,end_of_period,managerial,managerial_consolidated,Explicit quarter column; CMN 4966 break from 2025; ROE and efficiency trailing 12 months,"Inadimplência Total (atrasos > 90 dias) 3,07",https://api.mziq.com/mzfilemanager/v2/d/fb86b0b8-b4e9-407b-a575-ba3668a566a9/461b3724-a628-ebc8-7e75-906ad1d1f74f?origin=2,documents/Caixa/2025/4T25/Relatorio_de_Analise_de_Desempenho_4T25__e299068feb40.pdf,PDF p. 5; column 4T24; row inadimplencia total (atrasos > 90 dias),2025Q4,e299068feb404b82e0f7cfb5b826263767212449860b1178050a384f146537b3,1.97,1,table_extracted
Caixa,2024Q4,operating_expenses,11832.0,BRL_million,quarter,managerial,managerial_consolidated,Explicit quarter column; CMN 4966 break from 2025; ROE and efficiency trailing 12 months,Despesas Administrativas (12.767),https://api.mziq.com/mzfilemanager/v2/d/fb86b0b8-b4e9-407b-a575-ba3668a566a9/461b3724-a628-ebc8-7e75-906ad1d1f74f?origin=2,documents/Caixa/2025/4T25/Relatorio_de_Analise_de_Desempenho_4T25__e299068feb40.pdf,PDF p. 5; column 4T24; row despesas administrativas,2025Q4,e299068feb404b82e0f7cfb5b826263767212449860b1178050a384f146537b3,-11832.0,-1,table_extracted
Caixa,2024Q4,operating_result,4574.0,BRL_million,quarter,managerial,managerial_consolidated,Explicit quarter column; CMN 4966 break from 2025; ROE and efficiency trailing 12 months,Resultado Operacional 2.546,https://api.mziq.com/mzfilemanager/v2/d/fb86b0b8-b4e9-407b-a575-ba3668a566a9/461b3724-a628-ebc8-7e75-906ad1d1f74f?origin=2,documents/Caixa/2025/4T25/Relatorio_de_Analise_de_Desempenho_4T25__e299068feb40.pdf,PDF p. 5; column 4T24; row resultado operacional,2025Q4,e299068feb404b82e0f7cfb5b826263767212449860b1178050a384f146537b3,4574.0,1,table_extracted
Caixa,2024Q4,personnel_expenses,7921.0,BRL_million,quarter,managerial,managerial_consolidated,Explicit quarter column; CMN 4966 break from 2025; ROE and efficiency trailing 12 months,Despesas de Pessoal (8.672),https://api.mziq.com/mzfilemanager/v2/d/fb86b0b8-b4e9-407b-a575-ba3668a566a9/461b3724-a628-ebc8-7e75-906ad1d1f74f?origin=2,documents/Caixa/2025/4T25/Relatorio_de_Analise_de_Desempenho_4T25__e299068feb40.pdf,PDF p. 5; column 4T24; row despesas de pessoal,2025Q4,e299068feb404b82e0f7cfb5b826263767212449860b1178050a384f146537b3,-7921.0,-1,table_extracted
Caixa,2024Q4,roe_accounting,10.07,percent,trailing_12m,managerial,managerial_consolidated,Explicit quarter column; CMN 4966 break from 2025; ROE and efficiency trailing 12 months,"ROE Contábil9 11,08",https://api.mziq.com/mzfilemanager/v2/d/fb86b0b8-b4e9-407b-a575-ba3668a566a9/461b3724-a628-ebc8-7e75-906ad1d1f74f?origin=2,documents/Caixa/2025/4T25/Relatorio_de_Analise_de_Desempenho_4T25__e299068feb40.pdf,PDF p. 6; column 4T24; row roe contabil,2025Q4,e299068feb404b82e0f7cfb5b826263767212449860b1178050a384f146537b3,10.07,1,table_extracted
Caixa,2024Q4,roe_adjusted,10.43,percent,trailing_12m,managerial,managerial_consolidated,Explicit quarter column; CMN 4966 break from 2025; ROE and efficiency trailing 12 months,"ROE Recorrente11 10,67",https://api.mziq.com/mzfilemanager/v2/d/fb86b0b8-b4e9-407b-a575-ba3668a566a9/461b3724-a628-ebc8-7e75-906ad1d1f74f?origin=2,documents/Caixa/2025/4T25/Relatorio_de_Analise_de_Desempenho_4T25__e299068feb40.pdf,PDF p. 6; column 4T24; row roe recorrente,2025Q4,e299068feb404b82e0f7cfb5b826263767212449860b1178050a384f146537b3,10.43,1,table_extracted
Caixa,2025Q1,assets,2091005.0,BRL_million,end_of_period,managerial,managerial_consolidated,Explicit quarter column; CMN 4966 break from 2025; ROE and efficiency trailing 12 months,Ativos CAIXA 2.360.943,https://api.mziq.com/mzfilemanager/v2/d/fb86b0b8-b4e9-407b-a575-ba3668a566a9/0310f05a-c6b5-b949-3ee4-b1463b04f54b?origin=2,documents/Caixa/2026/1T26/Relatorio_de_Analise_de_Desempenho_1T26__360d4c3f04e5.pdf,PDF p. 7; column 1T25; row ativos caixa,2026Q1,360d4c3f04e5b58b9fcac4543e4c68826716c39c1a612d5cbd3f5a555a06937d,2091005.0,1,table_extracted
Caixa,2025Q1,capital_total,15.26,percent,end_of_period,prudential,prudential,Explicit quarter column; CMN 4966 break from 2025; ROE and efficiency trailing 12 months,"Índice de Basileia 15,13",https://api.mziq.com/mzfilemanager/v2/d/fb86b0b8-b4e9-407b-a575-ba3668a566a9/0310f05a-c6b5-b949-3ee4-b1463b04f54b?origin=2,documents/Caixa/2026/1T26/Relatorio_de_Analise_de_Desempenho_1T26__360d4c3f04e5.pdf,PDF p. 7; column 1T25; row indice de basileia,2026Q1,360d4c3f04e5b58b9fcac4543e4c68826716c39c1a612d5cbd3f5a555a06937d,15.26,1,table_extracted
Caixa,2025Q1,cet1,13.59,percent,end_of_period,prudential,prudential,Explicit quarter column; CMN 4966 break from 2025; ROE and efficiency trailing 12 months,"Índice de capital principal 13,46",https://api.mziq.com/mzfilemanager/v2/d/fb86b0b8-b4e9-407b-a575-ba3668a566a9/0310f05a-c6b5-b949-3ee4-b1463b04f54b?origin=2,documents/Caixa/2026/1T26/Relatorio_de_Analise_de_Desempenho_1T26__360d4c3f04e5.pdf,PDF p. 7; column 1T25; row indice de capital principal,2026Q1,360d4c3f04e5b58b9fcac4543e4c68826716c39c1a612d5cbd3f5a555a06937d,13.59,1,table_extracted
Caixa,2025Q1,coverage_npl90,173.9,percent,end_of_period,managerial,managerial_consolidated,Explicit quarter column; CMN 4966 break from 2025; ROE and efficiency trailing 12 months,"Cobertura > 90 dias7 127,66",https://api.mziq.com/mzfilemanager/v2/d/fb86b0b8-b4e9-407b-a575-ba3668a566a9/0310f05a-c6b5-b949-3ee4-b1463b04f54b?origin=2,documents/Caixa/2026/1T26/Relatorio_de_Analise_de_Desempenho_1T26__360d4c3f04e5.pdf,PDF p. 7; column 1T25; row cobertura > 90 dias,2026Q1,360d4c3f04e5b58b9fcac4543e4c68826716c39c1a612d5cbd3f5a555a06937d,173.9,1,table_extracted
Caixa,2025Q1,credit_cost,2093.0,BRL_million,quarter,managerial,managerial_consolidated,Explicit quarter column; CMN 4966 break from 2025; ROE and efficiency trailing 12 months,Provisão para créditos de liquidação duvidosa (PCLD) (6.518),https://api.mziq.com/mzfilemanager/v2/d/fb86b0b8-b4e9-407b-a575-ba3668a566a9/0310f05a-c6b5-b949-3ee4-b1463b04f54b?origin=2,documents/Caixa/2026/1T26/Relatorio_de_Analise_de_Desempenho_1T26__360d4c3f04e5.pdf,PDF p. 7; column 1T25; row provisao para creditos de liquidacao duvidosa (pcld),2026Q1,360d4c3f04e5b58b9fcac4543e4c68826716c39c1a612d5cbd3f5a555a06937d,-2093.0,-1,table_extracted
Caixa,2025Q1,customer_funding,770403.0,BRL_million,end_of_period,managerial,managerial_consolidated,Explicit quarter column; CMN 4966 break from 2025; ROE and efficiency trailing 12 months,Recursos de clientes 854.706,https://api.mziq.com/mzfilemanager/v2/d/fb86b0b8-b4e9-407b-a575-ba3668a566a9/0310f05a-c6b5-b949-3ee4-b1463b04f54b?origin=2,documents/Caixa/2026/1T26/Relatorio_de_Analise_de_Desempenho_1T26__360d4c3f04e5.pdf,PDF p. 7; column 1T25; row recursos de clientes,2026Q1,360d4c3f04e5b58b9fcac4543e4c68826716c39c1a612d5cbd3f5a555a06937d,770403.0,1,table_extracted
Caixa,2025Q1,efficiency,55.37,percent,trailing_12m,managerial,managerial_consolidated,Explicit quarter column; CMN 4966 break from 2025; ROE and efficiency trailing 12 months,"Índice de eficiência operacional recorrente 12 53,27",https://api.mziq.com/mzfilemanager/v2/d/fb86b0b8-b4e9-407b-a575-ba3668a566a9/0310f05a-c6b5-b949-3ee4-b1463b04f54b?origin=2,documents/Caixa/2026/1T26/Relatorio_de_Analise_de_Desempenho_1T26__360d4c3f04e5.pdf,PDF p. 8; column 1T25; row indice de eficiencia operacional recorrente,2026Q1,360d4c3f04e5b58b9fcac4543e4c68826716c39c1a612d5cbd3f5a555a06937d,55.37,1,table_extracted
Caixa,2025Q1,equity,141192.0,BRL_million,end_of_period,managerial,managerial_consolidated,Explicit quarter column; CMN 4966 break from 2025; ROE and efficiency trailing 12 months,Patrimônio líquido 153.154,https://api.mziq.com/mzfilemanager/v2/d/fb86b0b8-b4e9-407b-a575-ba3668a566a9/0310f05a-c6b5-b949-3ee4-b1463b04f54b?origin=2,documents/Caixa/2026/1T26/Relatorio_de_Analise_de_Desempenho_1T26__360d4c3f04e5.pdf,PDF p. 7; column 1T25; row patrimonio liquido,2026Q1,360d4c3f04e5b58b9fcac4543e4c68826716c39c1a612d5cbd3f5a555a06937d,141192.0,1,table_extracted
Caixa,2025Q1,fees,6535.0,BRL_million,quarter,managerial,managerial_consolidated,Explicit quarter column; CMN 4966 break from 2025; ROE and efficiency trailing 12 months,Receita com prestação de serviços 1 7.355,https://api.mziq.com/mzfilemanager/v2/d/fb86b0b8-b4e9-407b-a575-ba3668a566a9/0310f05a-c6b5-b949-3ee4-b1463b04f54b?origin=2,documents/Caixa/2026/1T26/Relatorio_de_Analise_de_Desempenho_1T26__360d4c3f04e5.pdf,PDF p. 7; column 1T25; row receita com prestacao de servicos,2026Q1,360d4c3f04e5b58b9fcac4543e4c68826716c39c1a612d5cbd3f5a555a06937d,6535.0,1,table_extracted
Caixa,2025Q1,loans,1266710.0,BRL_million,end_of_period,managerial,managerial_consolidated,Explicit quarter column; CMN 4966 break from 2025; ROE and efficiency trailing 12 months,Crédito3 1.410.090,https://api.mziq.com/mzfilemanager/v2/d/fb86b0b8-b4e9-407b-a575-ba3668a566a9/0310f05a-c6b5-b949-3ee4-b1463b04f54b?origin=2,documents/Caixa/2026/1T26/Relatorio_de_Analise_de_Desempenho_1T26__360d4c3f04e5.pdf,PDF p. 7; column 1T25; row credito,2026Q1,360d4c3f04e5b58b9fcac4543e4c68826716c39c1a612d5cbd3f5a555a06937d,1266710.0,1,table_extracted
Caixa,2025Q1,loans_agriculture,63537.0,BRL_million,end_of_period,managerial,managerial_consolidated,Explicit quarter column; CMN 4966 break from 2025; ROE and efficiency trailing 12 months,Agronegócio 64.912,https://api.mziq.com/mzfilemanager/v2/d/fb86b0b8-b4e9-407b-a575-ba3668a566a9/0310f05a-c6b5-b949-3ee4-b1463b04f54b?origin=2,documents/Caixa/2026/1T26/Relatorio_de_Analise_de_Desempenho_1T26__360d4c3f04e5.pdf,PDF p. 7; column 1T25; row agronegocio,2026Q1,360d4c3f04e5b58b9fcac4543e4c68826716c39c1a612d5cbd3f5a555a06937d,63537.0,1,table_extracted
Caixa,2025Q1,loans_corporate,105076.0,BRL_million,end_of_period,managerial,managerial_consolidated,Explicit quarter column; CMN 4966 break from 2025; ROE and efficiency trailing 12 months,Comercial PJ4 114.310,https://api.mziq.com/mzfilemanager/v2/d/fb86b0b8-b4e9-407b-a575-ba3668a566a9/0310f05a-c6b5-b949-3ee4-b1463b04f54b?origin=2,documents/Caixa/2026/1T26/Relatorio_de_Analise_de_Desempenho_1T26__360d4c3f04e5.pdf,PDF p. 7; column 1T25; row comercial pj,2026Q1,360d4c3f04e5b58b9fcac4543e4c68826716c39c1a612d5cbd3f5a555a06937d,105076.0,1,table_extracted
Caixa,2025Q1,loans_individuals,140270.0,BRL_million,end_of_period,managerial,managerial_consolidated,Explicit quarter column; CMN 4966 break from 2025; ROE and efficiency trailing 12 months,Comercial PF4 154.900,https://api.mziq.com/mzfilemanager/v2/d/fb86b0b8-b4e9-407b-a575-ba3668a566a9/0310f05a-c6b5-b949-3ee4-b1463b04f54b?origin=2,documents/Caixa/2026/1T26/Relatorio_de_Analise_de_Desempenho_1T26__360d4c3f04e5.pdf,PDF p. 7; column 1T25; row comercial pf,2026Q1,360d4c3f04e5b58b9fcac4543e4c68826716c39c1a612d5cbd3f5a555a06937d,140270.0,1,table_extracted
Caixa,2025Q1,loans_mortgage,848608.0,BRL_million,end_of_period,managerial,managerial_consolidated,Explicit quarter column; CMN 4966 break from 2025; ROE and efficiency trailing 12 months,Imobiliário 966.163,https://api.mziq.com/mzfilemanager/v2/d/fb86b0b8-b4e9-407b-a575-ba3668a566a9/0310f05a-c6b5-b949-3ee4-b1463b04f54b?origin=2,documents/Caixa/2026/1T26/Relatorio_de_Analise_de_Desempenho_1T26__360d4c3f04e5.pdf,PDF p. 7; column 1T25; row imobiliario,2026Q1,360d4c3f04e5b58b9fcac4543e4c68826716c39c1a612d5cbd3f5a555a06937d,848608.0,1,table_extracted
Caixa,2025Q1,net_income_accounting,6101.0,BRL_million,quarter,accounting,managerial_consolidated,Explicit quarter column; CMN 4966 break from 2025; ROE and efficiency trailing 12 months,Lucro líquido contábil 3.469,https://api.mziq.com/mzfilemanager/v2/d/fb86b0b8-b4e9-407b-a575-ba3668a566a9/0310f05a-c6b5-b949-3ee4-b1463b04f54b?origin=2,documents/Caixa/2026/1T26/Relatorio_de_Analise_de_Desempenho_1T26__360d4c3f04e5.pdf,PDF p. 7; column 1T25; row lucro liquido contabil,2026Q1,360d4c3f04e5b58b9fcac4543e4c68826716c39c1a612d5cbd3f5a555a06937d,6101.0,1,table_extracted
Caixa,2025Q1,net_income_adjusted,5289.0,BRL_million,quarter,managerial,managerial_consolidated,Explicit quarter column; CMN 4966 break from 2025; ROE and efficiency trailing 12 months,Lucro líquido recorrente 3.469,https://api.mziq.com/mzfilemanager/v2/d/fb86b0b8-b4e9-407b-a575-ba3668a566a9/0310f05a-c6b5-b949-3ee4-b1463b04f54b?origin=2,documents/Caixa/2026/1T26/Relatorio_de_Analise_de_Desempenho_1T26__360d4c3f04e5.pdf,PDF p. 7; column 1T25; row lucro liquido recorrente,2026Q1,360d4c3f04e5b58b9fcac4543e4c68826716c39c1a612d5cbd3f5a555a06937d,5289.0,1,table_extracted
Caixa,2025Q1,net_interest_income,16351.0,BRL_million,quarter,managerial,managerial_consolidated,Explicit quarter column; CMN 4966 break from 2025; ROE and efficiency trailing 12 months,Margem financeira 18.280,https://api.mziq.com/mzfilemanager/v2/d/fb86b0b8-b4e9-407b-a575-ba3668a566a9/0310f05a-c6b5-b949-3ee4-b1463b04f54b?origin=2,documents/Caixa/2026/1T26/Relatorio_de_Analise_de_Desempenho_1T26__360d4c3f04e5.pdf,PDF p. 7; column 1T25; row margem financeira,2026Q1,360d4c3f04e5b58b9fcac4543e4c68826716c39c1a612d5cbd3f5a555a06937d,16351.0,1,table_extracted
Caixa,2025Q1,npl90,2.49,percent,end_of_period,managerial,managerial_consolidated,Explicit quarter column; CMN 4966 break from 2025; ROE and efficiency trailing 12 months,"Inadimplência total (atrasos > 90 dias) 3,71",https://api.mziq.com/mzfilemanager/v2/d/fb86b0b8-b4e9-407b-a575-ba3668a566a9/0310f05a-c6b5-b949-3ee4-b1463b04f54b?origin=2,documents/Caixa/2026/1T26/Relatorio_de_Analise_de_Desempenho_1T26__360d4c3f04e5.pdf,PDF p. 7; column 1T25; row inadimplencia total (atrasos > 90 dias),2026Q1,360d4c3f04e5b58b9fcac4543e4c68826716c39c1a612d5cbd3f5a555a06937d,2.49,1,table_extracted
Caixa,2025Q1,operating_expenses,10861.0,BRL_million,quarter,managerial,managerial_consolidated,Explicit quarter column; CMN 4966 break from 2025; ROE and efficiency trailing 12 months,Despesas administrativas (11.511),https://api.mziq.com/mzfilemanager/v2/d/fb86b0b8-b4e9-407b-a575-ba3668a566a9/0310f05a-c6b5-b949-3ee4-b1463b04f54b?origin=2,documents/Caixa/2026/1T26/Relatorio_de_Analise_de_Desempenho_1T26__360d4c3f04e5.pdf,PDF p. 7; column 1T25; row despesas administrativas,2026Q1,360d4c3f04e5b58b9fcac4543e4c68826716c39c1a612d5cbd3f5a555a06937d,-10861.0,-1,table_extracted
Caixa,2025Q1,operating_result,7822.0,BRL_million,quarter,managerial,managerial_consolidated,Explicit quarter column; CMN 4966 break from 2025; ROE and efficiency trailing 12 months,Resultado operacional 2.660,https://api.mziq.com/mzfilemanager/v2/d/fb86b0b8-b4e9-407b-a575-ba3668a566a9/0310f05a-c6b5-b949-3ee4-b1463b04f54b?origin=2,documents/Caixa/2026/1T26/Relatorio_de_Analise_de_Desempenho_1T26__360d4c3f04e5.pdf,PDF p. 7; column 1T25; row resultado operacional,2026Q1,360d4c3f04e5b58b9fcac4543e4c68826716c39c1a612d5cbd3f5a555a06937d,7822.0,1,table_extracted
Caixa,2025Q1,personnel_expenses,7556.0,BRL_million,quarter,managerial,managerial_consolidated,Explicit quarter column; CMN 4966 break from 2025; ROE and efficiency trailing 12 months,Despesas de pessoal (8.018),https://api.mziq.com/mzfilemanager/v2/d/fb86b0b8-b4e9-407b-a575-ba3668a566a9/0310f05a-c6b5-b949-3ee4-b1463b04f54b?origin=2,documents/Caixa/2026/1T26/Relatorio_de_Analise_de_Desempenho_1T26__360d4c3f04e5.pdf,PDF p. 7; column 1T25; row despesas de pessoal,2026Q1,360d4c3f04e5b58b9fcac4543e4c68826716c39c1a612d5cbd3f5a555a06937d,-7556.0,-1,table_extracted
Caixa,2025Q1,roe_accounting,12.57,percent,trailing_12m,managerial,managerial_consolidated,Explicit quarter column; CMN 4966 break from 2025; ROE and efficiency trailing 12 months,"ROE contábil9 9,13",https://api.mziq.com/mzfilemanager/v2/d/fb86b0b8-b4e9-407b-a575-ba3668a566a9/0310f05a-c6b5-b949-3ee4-b1463b04f54b?origin=2,documents/Caixa/2026/1T26/Relatorio_de_Analise_de_Desempenho_1T26__360d4c3f04e5.pdf,PDF p. 8; column 1T25; row roe contabil,2026Q1,360d4c3f04e5b58b9fcac4543e4c68826716c39c1a612d5cbd3f5a555a06937d,12.57,1,table_extracted
Caixa,2025Q1,roe_adjusted,12.0,percent,trailing_12m,managerial,managerial_consolidated,Explicit quarter column; CMN 4966 break from 2025; ROE and efficiency trailing 12 months,"ROE recorrente11 9,31",https://api.mziq.com/mzfilemanager/v2/d/fb86b0b8-b4e9-407b-a575-ba3668a566a9/0310f05a-c6b5-b949-3ee4-b1463b04f54b?origin=2,documents/Caixa/2026/1T26/Relatorio_de_Analise_de_Desempenho_1T26__360d4c3f04e5.pdf,PDF p. 8; column 1T25; row roe recorrente,2026Q1,360d4c3f04e5b58b9fcac4543e4c68826716c39c1a612d5cbd3f5a555a06937d,12.0,1,table_extracted
Caixa,2025Q2,assets,2120435.0,BRL_million,end_of_period,managerial,managerial_consolidated,Explicit quarter column; CMN 4966 break from 2025; ROE and efficiency trailing 12 months,Ativos CAIXA 2.388.976,https://api.mziq.com/mzfilemanager/v2/d/fb86b0b8-b4e9-407b-a575-ba3668a566a9/bb24031e-d71e-1660-7cf8-e66703ab1361?origin=2,documents/Caixa/2026/2T26/Relatorio_de_Analise_de_Desempenho_2T26__131132d0814d.pdf,PDF p. 7; column 2T25; row ativos caixa,2026Q2,131132d0814d60ca2f62f694cab4db5429a1caf93049f87095a7bf9648d0d610,2120435.0,1,table_extracted
Caixa,2025Q2,capital_total,15.97,percent,end_of_period,prudential,prudential,Explicit quarter column; CMN 4966 break from 2025; ROE and efficiency trailing 12 months,"Índice de Basileia 15,45",https://api.mziq.com/mzfilemanager/v2/d/fb86b0b8-b4e9-407b-a575-ba3668a566a9/bb24031e-d71e-1660-7cf8-e66703ab1361?origin=2,documents/Caixa/2026/2T26/Relatorio_de_Analise_de_Desempenho_2T26__131132d0814d.pdf,PDF p. 7; column 2T25; row indice de basileia,2026Q2,131132d0814d60ca2f62f694cab4db5429a1caf93049f87095a7bf9648d0d610,15.97,1,table_extracted
Caixa,2025Q2,cet1,14.34,percent,end_of_period,prudential,prudential,Explicit quarter column; CMN 4966 break from 2025; ROE and efficiency trailing 12 months,"Índice de capital principal 13,42",https://api.mziq.com/mzfilemanager/v2/d/fb86b0b8-b4e9-407b-a575-ba3668a566a9/bb24031e-d71e-1660-7cf8-e66703ab1361?origin=2,documents/Caixa/2026/2T26/Relatorio_de_Analise_de_Desempenho_2T26__131132d0814d.pdf,PDF p. 7; column 2T25; row indice de capital principal,2026Q2,131132d0814d60ca2f62f694cab4db5429a1caf93049f87095a7bf9648d0d610,14.34,1,table_extracted
Caixa,2025Q2,coverage_npl90,163.76,percent,end_of_period,managerial,managerial_consolidated,Explicit quarter column; CMN 4966 break from 2025; ROE and efficiency trailing 12 months,"Cobertura > 90 dias7 131,04",https://api.mziq.com/mzfilemanager/v2/d/fb86b0b8-b4e9-407b-a575-ba3668a566a9/bb24031e-d71e-1660-7cf8-e66703ab1361?origin=2,documents/Caixa/2026/2T26/Relatorio_de_Analise_de_Desempenho_2T26__131132d0814d.pdf,PDF p. 7; column 2T25; row cobertura > 90 dias,2026Q2,131132d0814d60ca2f62f694cab4db5429a1caf93049f87095a7bf9648d0d610,163.76,1,table_extracted
Caixa,2025Q2,credit_cost,3525.0,BRL_million,quarter,managerial,managerial_consolidated,Explicit quarter column; CMN 4966 break from 2025; ROE and efficiency trailing 12 months,Provisão para créditos de liquidação duvidosa (PCLD) (6.966),https://api.mziq.com/mzfilemanager/v2/d/fb86b0b8-b4e9-407b-a575-ba3668a566a9/bb24031e-d71e-1660-7cf8-e66703ab1361?origin=2,documents/Caixa/2026/2T26/Relatorio_de_Analise_de_Desempenho_2T26__131132d0814d.pdf,PDF p. 7; column 2T25; row provisao para creditos de liquidacao duvidosa (pcld),2026Q2,131132d0814d60ca2f62f694cab4db5429a1caf93049f87095a7bf9648d0d610,-3525.0,-1,table_extracted
Caixa,2025Q2,customer_funding,791864.0,BRL_million,end_of_period,managerial,managerial_consolidated,Explicit quarter column; CMN 4966 break from 2025; ROE and efficiency trailing 12 months,Recursos de clientes 868.399,https://api.mziq.com/mzfilemanager/v2/d/fb86b0b8-b4e9-407b-a575-ba3668a566a9/bb24031e-d71e-1660-7cf8-e66703ab1361?origin=2,documents/Caixa/2026/2T26/Relatorio_de_Analise_de_Desempenho_2T26__131132d0814d.pdf,PDF p. 7; column 2T25; row recursos de clientes,2026Q2,131132d0814d60ca2f62f694cab4db5429a1caf93049f87095a7bf9648d0d610,791864.0,1,table_extracted
Caixa,2025Q2,efficiency,54.58,percent,trailing_12m,managerial,managerial_consolidated,Explicit quarter column; CMN 4966 break from 2025; ROE and efficiency trailing 12 months,"Índice de eficiência operacional recorrente 12 52,28",https://api.mziq.com/mzfilemanager/v2/d/fb86b0b8-b4e9-407b-a575-ba3668a566a9/bb24031e-d71e-1660-7cf8-e66703ab1361?origin=2,documents/Caixa/2026/2T26/Relatorio_de_Analise_de_Desempenho_2T26__131132d0814d.pdf,PDF p. 8; column 2T25; row indice de eficiencia operacional recorrente,2026Q2,131132d0814d60ca2f62f694cab4db5429a1caf93049f87095a7bf9648d0d610,54.58,1,table_extracted
Caixa,2025Q2,equity,147524.0,BRL_million,end_of_period,managerial,managerial_consolidated,Explicit quarter column; CMN 4966 break from 2025; ROE and efficiency trailing 12 months,Patrimônio líquido 155.988,https://api.mziq.com/mzfilemanager/v2/d/fb86b0b8-b4e9-407b-a575-ba3668a566a9/bb24031e-d71e-1660-7cf8-e66703ab1361?origin=2,documents/Caixa/2026/2T26/Relatorio_de_Analise_de_Desempenho_2T26__131132d0814d.pdf,PDF p. 7; column 2T25; row patrimonio liquido,2026Q2,131132d0814d60ca2f62f694cab4db5429a1caf93049f87095a7bf9648d0d610,147524.0,1,table_extracted
Caixa,2025Q2,fees,6706.0,BRL_million,quarter,managerial,managerial_consolidated,Explicit quarter column; CMN 4966 break from 2025; ROE and efficiency trailing 12 months,Receita com prestação de serviços 1 7.573,https://api.mziq.com/mzfilemanager/v2/d/fb86b0b8-b4e9-407b-a575-ba3668a566a9/bb24031e-d71e-1660-7cf8-e66703ab1361?origin=2,documents/Caixa/2026/2T26/Relatorio_de_Analise_de_Desempenho_2T26__131132d0814d.pdf,PDF p. 7; column 2T25; row receita com prestacao de servicos,2026Q2,131132d0814d60ca2f62f694cab4db5429a1caf93049f87095a7bf9648d0d610,6706.0,1,table_extracted
Caixa,2025Q2,loans,1294140.0,BRL_million,end_of_period,managerial,managerial_consolidated,Explicit quarter column; CMN 4966 break from 2025; ROE and efficiency trailing 12 months,Crédito3 1.448.200,https://api.mziq.com/mzfilemanager/v2/d/fb86b0b8-b4e9-407b-a575-ba3668a566a9/bb24031e-d71e-1660-7cf8-e66703ab1361?origin=2,documents/Caixa/2026/2T26/Relatorio_de_Analise_de_Desempenho_2T26__131132d0814d.pdf,PDF p. 7; column 2T25; row credito,2026Q2,131132d0814d60ca2f62f694cab4db5429a1caf93049f87095a7bf9648d0d610,1294140.0,1,table_extracted
Caixa,2025Q2,loans_agriculture,60511.0,BRL_million,end_of_period,managerial,managerial_consolidated,Explicit quarter column; CMN 4966 break from 2025; ROE and efficiency trailing 12 months,Agronegócio 62.302,https://api.mziq.com/mzfilemanager/v2/d/fb86b0b8-b4e9-407b-a575-ba3668a566a9/bb24031e-d71e-1660-7cf8-e66703ab1361?origin=2,documents/Caixa/2026/2T26/Relatorio_de_Analise_de_Desempenho_2T26__131132d0814d.pdf,PDF p. 7; column 2T25; row agronegocio,2026Q2,131132d0814d60ca2f62f694cab4db5429a1caf93049f87095a7bf9648d0d610,60511.0,1,table_extracted
Caixa,2025Q2,loans_corporate,106868.0,BRL_million,end_of_period,managerial,managerial_consolidated,Explicit quarter column; CMN 4966 break from 2025; ROE and efficiency trailing 12 months,Comercial PJ4 113.851,https://api.mziq.com/mzfilemanager/v2/d/fb86b0b8-b4e9-407b-a575-ba3668a566a9/bb24031e-d71e-1660-7cf8-e66703ab1361?origin=2,documents/Caixa/2026/2T26/Relatorio_de_Analise_de_Desempenho_2T26__131132d0814d.pdf,PDF p. 7; column 2T25; row comercial pj,2026Q2,131132d0814d60ca2f62f694cab4db5429a1caf93049f87095a7bf9648d0d610,106868.0,1,table_extracted
Caixa,2025Q2,loans_individuals,143947.0,BRL_million,end_of_period,managerial,managerial_consolidated,Explicit quarter column; CMN 4966 break from 2025; ROE and efficiency trailing 12 months,Comercial PF4 156.501,https://api.mziq.com/mzfilemanager/v2/d/fb86b0b8-b4e9-407b-a575-ba3668a566a9/bb24031e-d71e-1660-7cf8-e66703ab1361?origin=2,documents/Caixa/2026/2T26/Relatorio_de_Analise_de_Desempenho_2T26__131132d0814d.pdf,PDF p. 7; column 2T25; row comercial pf,2026Q2,131132d0814d60ca2f62f694cab4db5429a1caf93049f87095a7bf9648d0d610,143947.0,1,table_extracted
Caixa,2025Q2,loans_mortgage,873616.0,BRL_million,end_of_period,managerial,managerial_consolidated,Explicit quarter column; CMN 4966 break from 2025; ROE and efficiency trailing 12 months,Imobiliário 1.005.009,https://api.mziq.com/mzfilemanager/v2/d/fb86b0b8-b4e9-407b-a575-ba3668a566a9/bb24031e-d71e-1660-7cf8-e66703ab1361?origin=2,documents/Caixa/2026/2T26/Relatorio_de_Analise_de_Desempenho_2T26__131132d0814d.pdf,PDF p. 7; column 2T25; row imobiliario,2026Q2,131132d0814d60ca2f62f694cab4db5429a1caf93049f87095a7bf9648d0d610,873616.0,1,table_extracted
Caixa,2025Q2,net_income_accounting,3682.0,BRL_million,quarter,accounting,managerial_consolidated,Explicit quarter column; CMN 4966 break from 2025; ROE and efficiency trailing 12 months,Lucro líquido contábil 3.899,https://api.mziq.com/mzfilemanager/v2/d/fb86b0b8-b4e9-407b-a575-ba3668a566a9/bb24031e-d71e-1660-7cf8-e66703ab1361?origin=2,documents/Caixa/2026/2T26/Relatorio_de_Analise_de_Desempenho_2T26__131132d0814d.pdf,PDF p. 7; column 2T25; row lucro liquido contabil,2026Q2,131132d0814d60ca2f62f694cab4db5429a1caf93049f87095a7bf9648d0d610,3682.0,1,table_extracted
Caixa,2025Q2,net_income_adjusted,3682.0,BRL_million,quarter,managerial,managerial_consolidated,Explicit quarter column; CMN 4966 break from 2025; ROE and efficiency trailing 12 months,Lucro líquido recorrente 3.899,https://api.mziq.com/mzfilemanager/v2/d/fb86b0b8-b4e9-407b-a575-ba3668a566a9/bb24031e-d71e-1660-7cf8-e66703ab1361?origin=2,documents/Caixa/2026/2T26/Relatorio_de_Analise_de_Desempenho_2T26__131132d0814d.pdf,PDF p. 7; column 2T25; row lucro liquido recorrente,2026Q2,131132d0814d60ca2f62f694cab4db5429a1caf93049f87095a7bf9648d0d610,3682.0,1,table_extracted
Caixa,2025Q2,net_interest_income,16358.0,BRL_million,quarter,managerial,managerial_consolidated,Explicit quarter column; CMN 4966 break from 2025; ROE and efficiency trailing 12 months,Margem financeira 19.664,https://api.mziq.com/mzfilemanager/v2/d/fb86b0b8-b4e9-407b-a575-ba3668a566a9/bb24031e-d71e-1660-7cf8-e66703ab1361?origin=2,documents/Caixa/2026/2T26/Relatorio_de_Analise_de_Desempenho_2T26__131132d0814d.pdf,PDF p. 7; column 2T25; row margem financeira,2026Q2,131132d0814d60ca2f62f694cab4db5429a1caf93049f87095a7bf9648d0d610,16358.0,1,table_extracted
Caixa,2025Q2,npl90,2.66,percent,end_of_period,managerial,managerial_consolidated,Explicit quarter column; CMN 4966 break from 2025; ROE and efficiency trailing 12 months,"Inadimplência total (atrasos > 90 dias) 3,64",https://api.mziq.com/mzfilemanager/v2/d/fb86b0b8-b4e9-407b-a575-ba3668a566a9/bb24031e-d71e-1660-7cf8-e66703ab1361?origin=2,documents/Caixa/2026/2T26/Relatorio_de_Analise_de_Desempenho_2T26__131132d0814d.pdf,PDF p. 7; column 2T25; row inadimplencia total (atrasos > 90 dias),2026Q2,131132d0814d60ca2f62f694cab4db5429a1caf93049f87095a7bf9648d0d610,2.66,1,table_extracted
Caixa,2025Q2,operating_expenses,10800.0,BRL_million,quarter,managerial,managerial_consolidated,Explicit quarter column; CMN 4966 break from 2025; ROE and efficiency trailing 12 months,Despesas administrativas (11.442),https://api.mziq.com/mzfilemanager/v2/d/fb86b0b8-b4e9-407b-a575-ba3668a566a9/bb24031e-d71e-1660-7cf8-e66703ab1361?origin=2,documents/Caixa/2026/2T26/Relatorio_de_Analise_de_Desempenho_2T26__131132d0814d.pdf,PDF p. 7; column 2T25; row despesas administrativas,2026Q2,131132d0814d60ca2f62f694cab4db5429a1caf93049f87095a7bf9648d0d610,-10800.0,-1,table_extracted
Caixa,2025Q2,operating_result,4730.0,BRL_million,quarter,managerial,managerial_consolidated,Explicit quarter column; CMN 4966 break from 2025; ROE and efficiency trailing 12 months,Resultado operacional 3.343,https://api.mziq.com/mzfilemanager/v2/d/fb86b0b8-b4e9-407b-a575-ba3668a566a9/bb24031e-d71e-1660-7cf8-e66703ab1361?origin=2,documents/Caixa/2026/2T26/Relatorio_de_Analise_de_Desempenho_2T26__131132d0814d.pdf,PDF p. 7; column 2T25; row resultado operacional,2026Q2,131132d0814d60ca2f62f694cab4db5429a1caf93049f87095a7bf9648d0d610,4730.0,1,table_extracted
Caixa,2025Q2,personnel_expenses,7212.0,BRL_million,quarter,managerial,managerial_consolidated,Explicit quarter column; CMN 4966 break from 2025; ROE and efficiency trailing 12 months,Despesas de pessoal (7.776),https://api.mziq.com/mzfilemanager/v2/d/fb86b0b8-b4e9-407b-a575-ba3668a566a9/bb24031e-d71e-1660-7cf8-e66703ab1361?origin=2,documents/Caixa/2026/2T26/Relatorio_de_Analise_de_Desempenho_2T26__131132d0814d.pdf,PDF p. 7; column 2T25; row despesas de pessoal,2026Q2,131132d0814d60ca2f62f694cab4db5429a1caf93049f87095a7bf9648d0d610,-7212.0,-1,table_extracted
Caixa,2025Q2,roe_accounting,12.41,percent,trailing_12m,managerial,managerial_consolidated,Explicit quarter column; CMN 4966 break from 2025; ROE and efficiency trailing 12 months,"ROE contábil9 8,99",https://api.mziq.com/mzfilemanager/v2/d/fb86b0b8-b4e9-407b-a575-ba3668a566a9/bb24031e-d71e-1660-7cf8-e66703ab1361?origin=2,documents/Caixa/2026/2T26/Relatorio_de_Analise_de_Desempenho_2T26__131132d0814d.pdf,PDF p. 8; column 2T25; row roe contabil,2026Q2,131132d0814d60ca2f62f694cab4db5429a1caf93049f87095a7bf9648d0d610,12.41,1,table_extracted
Caixa,2025Q2,roe_adjusted,11.86,percent,trailing_12m,managerial,managerial_consolidated,Explicit quarter column; CMN 4966 break from 2025; ROE and efficiency trailing 12 months,"ROE recorrente11 9,16",https://api.mziq.com/mzfilemanager/v2/d/fb86b0b8-b4e9-407b-a575-ba3668a566a9/bb24031e-d71e-1660-7cf8-e66703ab1361?origin=2,documents/Caixa/2026/2T26/Relatorio_de_Analise_de_Desempenho_2T26__131132d0814d.pdf,PDF p. 8; column 2T25; row roe recorrente,2026Q2,131132d0814d60ca2f62f694cab4db5429a1caf93049f87095a7bf9648d0d610,11.86,1,table_extracted
Caixa,2025Q3,assets,2212635.0,BRL_million,end_of_period,managerial,managerial_consolidated,Explicit quarter column; CMN 4966 break from 2025; ROE and efficiency trailing 12 months,Ativos CAIXA 2.223.557,https://api.mziq.com/mzfilemanager/v2/d/fb86b0b8-b4e9-407b-a575-ba3668a566a9/461b3724-a628-ebc8-7e75-906ad1d1f74f?origin=2,documents/Caixa/2025/4T25/Relatorio_de_Analise_de_Desempenho_4T25__e299068feb40.pdf,PDF p. 5; column 3T25; row ativos caixa,2025Q4,e299068feb404b82e0f7cfb5b826263767212449860b1178050a384f146537b3,2212635.0,1,table_extracted
Caixa,2025Q3,capital_total,16.44,percent,end_of_period,prudential,prudential,Explicit quarter column; CMN 4966 break from 2025; ROE and efficiency trailing 12 months,"Índice de Basileia 16,39",https://api.mziq.com/mzfilemanager/v2/d/fb86b0b8-b4e9-407b-a575-ba3668a566a9/461b3724-a628-ebc8-7e75-906ad1d1f74f?origin=2,documents/Caixa/2025/4T25/Relatorio_de_Analise_de_Desempenho_4T25__e299068feb40.pdf,PDF p. 5; column 3T25; row indice de basileia,2025Q4,e299068feb404b82e0f7cfb5b826263767212449860b1178050a384f146537b3,16.44,1,table_extracted
Caixa,2025Q3,cet1,14.87,percent,end_of_period,prudential,prudential,Explicit quarter column; CMN 4966 break from 2025; ROE and efficiency trailing 12 months,"Índice de Capital Principal 14,28",https://api.mziq.com/mzfilemanager/v2/d/fb86b0b8-b4e9-407b-a575-ba3668a566a9/461b3724-a628-ebc8-7e75-906ad1d1f74f?origin=2,documents/Caixa/2025/4T25/Relatorio_de_Analise_de_Desempenho_4T25__e299068feb40.pdf,PDF p. 5; column 3T25; row indice de capital principal,2025Q4,e299068feb404b82e0f7cfb5b826263767212449860b1178050a384f146537b3,14.87,1,table_extracted
Caixa,2025Q3,coverage_npl90,148.09,percent,end_of_period,managerial,managerial_consolidated,Explicit quarter column; CMN 4966 break from 2025; ROE and efficiency trailing 12 months,"Cobertura > 90 dias7 149,55",https://api.mziq.com/mzfilemanager/v2/d/fb86b0b8-b4e9-407b-a575-ba3668a566a9/461b3724-a628-ebc8-7e75-906ad1d1f74f?origin=2,documents/Caixa/2025/4T25/Relatorio_de_Analise_de_Desempenho_4T25__e299068feb40.pdf,PDF p. 5; column 3T25; row cobertura > 90 dias,2025Q4,e299068feb404b82e0f7cfb5b826263767212449860b1178050a384f146537b3,148.09,1,table_extracted
Caixa,2025Q3,credit_cost,5073.0,BRL_million,quarter,managerial,managerial_consolidated,Explicit quarter column; CMN 4966 break from 2025; ROE and efficiency trailing 12 months,Provisão para Créditos de Liquidação Duvidosa (PCLD) (5.356),https://api.mziq.com/mzfilemanager/v2/d/fb86b0b8-b4e9-407b-a575-ba3668a566a9/461b3724-a628-ebc8-7e75-906ad1d1f74f?origin=2,documents/Caixa/2025/4T25/Relatorio_de_Analise_de_Desempenho_4T25__e299068feb40.pdf,PDF p. 5; column 3T25; row provisao para creditos de liquidacao duvidosa (pcld),2025Q4,e299068feb404b82e0f7cfb5b826263767212449860b1178050a384f146537b3,-5073.0,-1,table_extracted
Caixa,2025Q3,customer_funding,814389.0,BRL_million,end_of_period,managerial,managerial_consolidated,Explicit quarter column; CMN 4966 break from 2025; ROE and efficiency trailing 12 months,Recursos de Clientes 821.343,https://api.mziq.com/mzfilemanager/v2/d/fb86b0b8-b4e9-407b-a575-ba3668a566a9/461b3724-a628-ebc8-7e75-906ad1d1f74f?origin=2,documents/Caixa/2025/4T25/Relatorio_de_Analise_de_Desempenho_4T25__e299068feb40.pdf,PDF p. 5; column 3T25; row recursos de clientes,2025Q4,e299068feb404b82e0f7cfb5b826263767212449860b1178050a384f146537b3,814389.0,1,table_extracted
Caixa,2025Q3,efficiency,52.91,percent,trailing_12m,managerial,managerial_consolidated,Explicit quarter column; CMN 4966 break from 2025; ROE and efficiency trailing 12 months,"Índice de Eficiência Operacional Recorrente 12 53,61",https://api.mziq.com/mzfilemanager/v2/d/fb86b0b8-b4e9-407b-a575-ba3668a566a9/461b3724-a628-ebc8-7e75-906ad1d1f74f?origin=2,documents/Caixa/2025/4T25/Relatorio_de_Analise_de_Desempenho_4T25__e299068feb40.pdf,PDF p. 6; column 3T25; row indice de eficiencia operacional recorrente,2025Q4,e299068feb404b82e0f7cfb5b826263767212449860b1178050a384f146537b3,52.91,1,table_extracted
Caixa,2025Q3,equity,151189.0,BRL_million,end_of_period,managerial,managerial_consolidated,Explicit quarter column; CMN 4966 break from 2025; ROE and efficiency trailing 12 months,Patrimônio Líquido 149.672,https://api.mziq.com/mzfilemanager/v2/d/fb86b0b8-b4e9-407b-a575-ba3668a566a9/461b3724-a628-ebc8-7e75-906ad1d1f74f?origin=2,documents/Caixa/2025/4T25/Relatorio_de_Analise_de_Desempenho_4T25__e299068feb40.pdf,PDF p. 5; column 3T25; row patrimonio liquido,2025Q4,e299068feb404b82e0f7cfb5b826263767212449860b1178050a384f146537b3,151189.0,1,table_extracted
Caixa,2025Q3,fees,7087.0,BRL_million,quarter,managerial,managerial_consolidated,Explicit quarter column; CMN 4966 break from 2025; ROE and efficiency trailing 12 months,Receita com Prestação de Serviços 1 7.498,https://api.mziq.com/mzfilemanager/v2/d/fb86b0b8-b4e9-407b-a575-ba3668a566a9/461b3724-a628-ebc8-7e75-906ad1d1f74f?origin=2,documents/Caixa/2025/4T25/Relatorio_de_Analise_de_Desempenho_4T25__e299068feb40.pdf,PDF p. 5; column 3T25; row receita com prestacao de servicos,2025Q4,e299068feb404b82e0f7cfb5b826263767212449860b1178050a384f146537b3,7087.0,1,table_extracted
Caixa,2025Q3,loans,1334083.0,BRL_million,end_of_period,managerial,managerial_consolidated,Explicit quarter column; CMN 4966 break from 2025; ROE and efficiency trailing 12 months,Crédito3 1.377.893,https://api.mziq.com/mzfilemanager/v2/d/fb86b0b8-b4e9-407b-a575-ba3668a566a9/461b3724-a628-ebc8-7e75-906ad1d1f74f?origin=2,documents/Caixa/2025/4T25/Relatorio_de_Analise_de_Desempenho_4T25__e299068feb40.pdf,PDF p. 5; column 3T25; row credito,2025Q4,e299068feb404b82e0f7cfb5b826263767212449860b1178050a384f146537b3,1334083.0,1,table_extracted
Caixa,2025Q3,loans_agriculture,61777.0,BRL_million,end_of_period,managerial,managerial_consolidated,Explicit quarter column; CMN 4966 break from 2025; ROE and efficiency trailing 12 months,Agronegócio 62.919,https://api.mziq.com/mzfilemanager/v2/d/fb86b0b8-b4e9-407b-a575-ba3668a566a9/461b3724-a628-ebc8-7e75-906ad1d1f74f?origin=2,documents/Caixa/2025/4T25/Relatorio_de_Analise_de_Desempenho_4T25__e299068feb40.pdf,PDF p. 5; column 3T25; row agronegocio,2025Q4,e299068feb404b82e0f7cfb5b826263767212449860b1178050a384f146537b3,61777.0,1,table_extracted
Caixa,2025Q3,loans_corporate,110842.0,BRL_million,end_of_period,managerial,managerial_consolidated,Explicit quarter column; CMN 4966 break from 2025; ROE and efficiency trailing 12 months,Comercial PJ4 114.734,https://api.mziq.com/mzfilemanager/v2/d/fb86b0b8-b4e9-407b-a575-ba3668a566a9/461b3724-a628-ebc8-7e75-906ad1d1f74f?origin=2,documents/Caixa/2025/4T25/Relatorio_de_Analise_de_Desempenho_4T25__e299068feb40.pdf,PDF p. 5; column 3T25; row comercial pj,2025Q4,e299068feb404b82e0f7cfb5b826263767212449860b1178050a384f146537b3,110842.0,1,table_extracted
Caixa,2025Q3,loans_individuals,147635.0,BRL_million,end_of_period,managerial,managerial_consolidated,Explicit quarter column; CMN 4966 break from 2025; ROE and efficiency trailing 12 months,Comercial PF4 151.988,https://api.mziq.com/mzfilemanager/v2/d/fb86b0b8-b4e9-407b-a575-ba3668a566a9/461b3724-a628-ebc8-7e75-906ad1d1f74f?origin=2,documents/Caixa/2025/4T25/Relatorio_de_Analise_de_Desempenho_4T25__e299068feb40.pdf,PDF p. 5; column 3T25; row comercial pf,2025Q4,e299068feb404b82e0f7cfb5b826263767212449860b1178050a384f146537b3,147635.0,1,table_extracted
Caixa,2025Q3,loans_mortgage,903128.0,BRL_million,end_of_period,managerial,managerial_consolidated,Explicit quarter column; CMN 4966 break from 2025; ROE and efficiency trailing 12 months,Imobiliário 938.028,https://api.mziq.com/mzfilemanager/v2/d/fb86b0b8-b4e9-407b-a575-ba3668a566a9/461b3724-a628-ebc8-7e75-906ad1d1f74f?origin=2,documents/Caixa/2025/4T25/Relatorio_de_Analise_de_Desempenho_4T25__e299068feb40.pdf,PDF p. 5; column 3T25; row imobiliario,2025Q4,e299068feb404b82e0f7cfb5b826263767212449860b1178050a384f146537b3,903128.0,1,table_extracted
Caixa,2025Q3,net_income_accounting,3764.0,BRL_million,quarter,accounting,managerial_consolidated,Explicit quarter column; CMN 4966 break from 2025; ROE and efficiency trailing 12 months,Lucro Líquido Contábil 2.504,https://api.mziq.com/mzfilemanager/v2/d/fb86b0b8-b4e9-407b-a575-ba3668a566a9/461b3724-a628-ebc8-7e75-906ad1d1f74f?origin=2,documents/Caixa/2025/4T25/Relatorio_de_Analise_de_Desempenho_4T25__e299068feb40.pdf,PDF p. 5; column 3T25; row lucro liquido contabil,2025Q4,e299068feb404b82e0f7cfb5b826263767212449860b1178050a384f146537b3,3764.0,1,table_extracted
Caixa,2025Q3,net_income_adjusted,3764.0,BRL_million,quarter,managerial,managerial_consolidated,Explicit quarter column; CMN 4966 break from 2025; ROE and efficiency trailing 12 months,Lucro Líquido Recorrente 2.767,https://api.mziq.com/mzfilemanager/v2/d/fb86b0b8-b4e9-407b-a575-ba3668a566a9/461b3724-a628-ebc8-7e75-906ad1d1f74f?origin=2,documents/Caixa/2025/4T25/Relatorio_de_Analise_de_Desempenho_4T25__e299068feb40.pdf,PDF p. 5; column 3T25; row lucro liquido recorrente,2025Q4,e299068feb404b82e0f7cfb5b826263767212449860b1178050a384f146537b3,3764.0,1,table_extracted
Caixa,2025Q3,net_interest_income,16523.0,BRL_million,quarter,managerial,managerial_consolidated,Explicit quarter column; CMN 4966 break from 2025; ROE and efficiency trailing 12 months,Margem Financeira 17.543,https://api.mziq.com/mzfilemanager/v2/d/fb86b0b8-b4e9-407b-a575-ba3668a566a9/461b3724-a628-ebc8-7e75-906ad1d1f74f?origin=2,documents/Caixa/2025/4T25/Relatorio_de_Analise_de_Desempenho_4T25__e299068feb40.pdf,PDF p. 5; column 3T25; row margem financeira,2025Q4,e299068feb404b82e0f7cfb5b826263767212449860b1178050a384f146537b3,16523.0,1,table_extracted
Caixa,2025Q3,npl90,3.01,percent,end_of_period,managerial,managerial_consolidated,Explicit quarter column; CMN 4966 break from 2025; ROE and efficiency trailing 12 months,"Inadimplência Total (atrasos > 90 dias) 3,07",https://api.mziq.com/mzfilemanager/v2/d/fb86b0b8-b4e9-407b-a575-ba3668a566a9/461b3724-a628-ebc8-7e75-906ad1d1f74f?origin=2,documents/Caixa/2025/4T25/Relatorio_de_Analise_de_Desempenho_4T25__e299068feb40.pdf,PDF p. 5; column 3T25; row inadimplencia total (atrasos > 90 dias),2025Q4,e299068feb404b82e0f7cfb5b826263767212449860b1178050a384f146537b3,3.01,1,table_extracted
Caixa,2025Q3,operating_expenses,11246.0,BRL_million,quarter,managerial,managerial_consolidated,Explicit quarter column; CMN 4966 break from 2025; ROE and efficiency trailing 12 months,Despesas Administrativas (12.767),https://api.mziq.com/mzfilemanager/v2/d/fb86b0b8-b4e9-407b-a575-ba3668a566a9/461b3724-a628-ebc8-7e75-906ad1d1f74f?origin=2,documents/Caixa/2025/4T25/Relatorio_de_Analise_de_Desempenho_4T25__e299068feb40.pdf,PDF p. 5; column 3T25; row despesas administrativas,2025Q4,e299068feb404b82e0f7cfb5b826263767212449860b1178050a384f146537b3,-11246.0,-1,table_extracted
Caixa,2025Q3,operating_result,3711.0,BRL_million,quarter,managerial,managerial_consolidated,Explicit quarter column; CMN 4966 break from 2025; ROE and efficiency trailing 12 months,Resultado Operacional 2.546,https://api.mziq.com/mzfilemanager/v2/d/fb86b0b8-b4e9-407b-a575-ba3668a566a9/461b3724-a628-ebc8-7e75-906ad1d1f74f?origin=2,documents/Caixa/2025/4T25/Relatorio_de_Analise_de_Desempenho_4T25__e299068feb40.pdf,PDF p. 5; column 3T25; row resultado operacional,2025Q4,e299068feb404b82e0f7cfb5b826263767212449860b1178050a384f146537b3,3711.0,1,table_extracted
Caixa,2025Q3,personnel_expenses,7613.0,BRL_million,quarter,managerial,managerial_consolidated,Explicit quarter column; CMN 4966 break from 2025; ROE and efficiency trailing 12 months,Despesas de Pessoal (8.672),https://api.mziq.com/mzfilemanager/v2/d/fb86b0b8-b4e9-407b-a575-ba3668a566a9/461b3724-a628-ebc8-7e75-906ad1d1f74f?origin=2,documents/Caixa/2025/4T25/Relatorio_de_Analise_de_Desempenho_4T25__e299068feb40.pdf,PDF p. 5; column 3T25; row despesas de pessoal,2025Q4,e299068feb404b82e0f7cfb5b826263767212449860b1178050a384f146537b3,-7613.0,-1,table_extracted
Caixa,2025Q3,roe_accounting,12.47,percent,trailing_12m,managerial,managerial_consolidated,Explicit quarter column; CMN 4966 break from 2025; ROE and efficiency trailing 12 months,"ROE Contábil9 11,08",https://api.mziq.com/mzfilemanager/v2/d/fb86b0b8-b4e9-407b-a575-ba3668a566a9/461b3724-a628-ebc8-7e75-906ad1d1f74f?origin=2,documents/Caixa/2025/4T25/Relatorio_de_Analise_de_Desempenho_4T25__e299068feb40.pdf,PDF p. 6; column 3T25; row roe contabil,2025Q4,e299068feb404b82e0f7cfb5b826263767212449860b1178050a384f146537b3,12.47,1,table_extracted
Caixa,2025Q3,roe_adjusted,11.93,percent,trailing_12m,managerial,managerial_consolidated,Explicit quarter column; CMN 4966 break from 2025; ROE and efficiency trailing 12 months,"ROE Recorrente11 10,67",https://api.mziq.com/mzfilemanager/v2/d/fb86b0b8-b4e9-407b-a575-ba3668a566a9/461b3724-a628-ebc8-7e75-906ad1d1f74f?origin=2,documents/Caixa/2025/4T25/Relatorio_de_Analise_de_Desempenho_4T25__e299068feb40.pdf,PDF p. 6; column 3T25; row roe recorrente,2025Q4,e299068feb404b82e0f7cfb5b826263767212449860b1178050a384f146537b3,11.93,1,table_extracted
Caixa,2025Q4,assets,2223557.0,BRL_million,end_of_period,managerial,managerial_consolidated,Explicit quarter column; CMN 4966 break from 2025; ROE and efficiency trailing 12 months,Ativos CAIXA 2.360.943,https://api.mziq.com/mzfilemanager/v2/d/fb86b0b8-b4e9-407b-a575-ba3668a566a9/0310f05a-c6b5-b949-3ee4-b1463b04f54b?origin=2,documents/Caixa/2026/1T26/Relatorio_de_Analise_de_Desempenho_1T26__360d4c3f04e5.pdf,PDF p. 7; column 4T25; row ativos caixa,2026Q1,360d4c3f04e5b58b9fcac4543e4c68826716c39c1a612d5cbd3f5a555a06937d,2223557.0,1,table_extracted
Caixa,2025Q4,capital_total,16.39,percent,end_of_period,prudential,prudential,Explicit quarter column; CMN 4966 break from 2025; ROE and efficiency trailing 12 months,"Índice de Basileia 15,13",https://api.mziq.com/mzfilemanager/v2/d/fb86b0b8-b4e9-407b-a575-ba3668a566a9/0310f05a-c6b5-b949-3ee4-b1463b04f54b?origin=2,documents/Caixa/2026/1T26/Relatorio_de_Analise_de_Desempenho_1T26__360d4c3f04e5.pdf,PDF p. 7; column 4T25; row indice de basileia,2026Q1,360d4c3f04e5b58b9fcac4543e4c68826716c39c1a612d5cbd3f5a555a06937d,16.39,1,table_extracted
Caixa,2025Q4,cet1,14.28,percent,end_of_period,prudential,prudential,Explicit quarter column; CMN 4966 break from 2025; ROE and efficiency trailing 12 months,"Índice de capital principal 13,46",https://api.mziq.com/mzfilemanager/v2/d/fb86b0b8-b4e9-407b-a575-ba3668a566a9/0310f05a-c6b5-b949-3ee4-b1463b04f54b?origin=2,documents/Caixa/2026/1T26/Relatorio_de_Analise_de_Desempenho_1T26__360d4c3f04e5.pdf,PDF p. 7; column 4T25; row indice de capital principal,2026Q1,360d4c3f04e5b58b9fcac4543e4c68826716c39c1a612d5cbd3f5a555a06937d,14.28,1,table_extracted
Caixa,2025Q4,coverage_npl90,149.55,percent,end_of_period,managerial,managerial_consolidated,Explicit quarter column; CMN 4966 break from 2025; ROE and efficiency trailing 12 months,"Cobertura > 90 dias7 127,66",https://api.mziq.com/mzfilemanager/v2/d/fb86b0b8-b4e9-407b-a575-ba3668a566a9/0310f05a-c6b5-b949-3ee4-b1463b04f54b?origin=2,documents/Caixa/2026/1T26/Relatorio_de_Analise_de_Desempenho_1T26__360d4c3f04e5.pdf,PDF p. 7; column 4T25; row cobertura > 90 dias,2026Q1,360d4c3f04e5b58b9fcac4543e4c68826716c39c1a612d5cbd3f5a555a06937d,149.55,1,table_extracted
Caixa,2025Q4,credit_cost,5356.0,BRL_million,quarter,managerial,managerial_consolidated,Explicit quarter column; CMN 4966 break from 2025; ROE and efficiency trailing 12 months,Provisão para créditos de liquidação duvidosa (PCLD) (6.518),https://api.mziq.com/mzfilemanager/v2/d/fb86b0b8-b4e9-407b-a575-ba3668a566a9/0310f05a-c6b5-b949-3ee4-b1463b04f54b?origin=2,documents/Caixa/2026/1T26/Relatorio_de_Analise_de_Desempenho_1T26__360d4c3f04e5.pdf,PDF p. 7; column 4T25; row provisao para creditos de liquidacao duvidosa (pcld),2026Q1,360d4c3f04e5b58b9fcac4543e4c68826716c39c1a612d5cbd3f5a555a06937d,-5356.0,-1,table_extracted
Caixa,2025Q4,customer_funding,821343.0,BRL_million,end_of_period,managerial,managerial_consolidated,Explicit quarter column; CMN 4966 break from 2025; ROE and efficiency trailing 12 months,Recursos de clientes 854.706,https://api.mziq.com/mzfilemanager/v2/d/fb86b0b8-b4e9-407b-a575-ba3668a566a9/0310f05a-c6b5-b949-3ee4-b1463b04f54b?origin=2,documents/Caixa/2026/1T26/Relatorio_de_Analise_de_Desempenho_1T26__360d4c3f04e5.pdf,PDF p. 7; column 4T25; row recursos de clientes,2026Q1,360d4c3f04e5b58b9fcac4543e4c68826716c39c1a612d5cbd3f5a555a06937d,821343.0,1,table_extracted
Caixa,2025Q4,efficiency,53.62,percent,trailing_12m,managerial,managerial_consolidated,Explicit quarter column; CMN 4966 break from 2025; ROE and efficiency trailing 12 months,"Índice de eficiência operacional recorrente 12 53,27",https://api.mziq.com/mzfilemanager/v2/d/fb86b0b8-b4e9-407b-a575-ba3668a566a9/0310f05a-c6b5-b949-3ee4-b1463b04f54b?origin=2,documents/Caixa/2026/1T26/Relatorio_de_Analise_de_Desempenho_1T26__360d4c3f04e5.pdf,PDF p. 8; column 4T25; row indice de eficiencia operacional recorrente,2026Q1,360d4c3f04e5b58b9fcac4543e4c68826716c39c1a612d5cbd3f5a555a06937d,53.62,1,table_extracted
Caixa,2025Q4,equity,149672.0,BRL_million,end_of_period,managerial,managerial_consolidated,Explicit quarter column; CMN 4966 break from 2025; ROE and efficiency trailing 12 months,Patrimônio líquido 153.154,https://api.mziq.com/mzfilemanager/v2/d/fb86b0b8-b4e9-407b-a575-ba3668a566a9/0310f05a-c6b5-b949-3ee4-b1463b04f54b?origin=2,documents/Caixa/2026/1T26/Relatorio_de_Analise_de_Desempenho_1T26__360d4c3f04e5.pdf,PDF p. 7; column 4T25; row patrimonio liquido,2026Q1,360d4c3f04e5b58b9fcac4543e4c68826716c39c1a612d5cbd3f5a555a06937d,149672.0,1,table_extracted
Caixa,2025Q4,fees,7498.0,BRL_million,quarter,managerial,managerial_consolidated,Explicit quarter column; CMN 4966 break from 2025; ROE and efficiency trailing 12 months,Receita com prestação de serviços 1 7.355,https://api.mziq.com/mzfilemanager/v2/d/fb86b0b8-b4e9-407b-a575-ba3668a566a9/0310f05a-c6b5-b949-3ee4-b1463b04f54b?origin=2,documents/Caixa/2026/1T26/Relatorio_de_Analise_de_Desempenho_1T26__360d4c3f04e5.pdf,PDF p. 7; column 4T25; row receita com prestacao de servicos,2026Q1,360d4c3f04e5b58b9fcac4543e4c68826716c39c1a612d5cbd3f5a555a06937d,7498.0,1,table_extracted
Caixa,2025Q4,loans,1377893.0,BRL_million,end_of_period,managerial,managerial_consolidated,Explicit quarter column; CMN 4966 break from 2025; ROE and efficiency trailing 12 months,Crédito3 1.410.090,https://api.mziq.com/mzfilemanager/v2/d/fb86b0b8-b4e9-407b-a575-ba3668a566a9/0310f05a-c6b5-b949-3ee4-b1463b04f54b?origin=2,documents/Caixa/2026/1T26/Relatorio_de_Analise_de_Desempenho_1T26__360d4c3f04e5.pdf,PDF p. 7; column 4T25; row credito,2026Q1,360d4c3f04e5b58b9fcac4543e4c68826716c39c1a612d5cbd3f5a555a06937d,1377893.0,1,table_extracted
Caixa,2025Q4,loans_agriculture,62919.0,BRL_million,end_of_period,managerial,managerial_consolidated,Explicit quarter column; CMN 4966 break from 2025; ROE and efficiency trailing 12 months,Agronegócio 64.912,https://api.mziq.com/mzfilemanager/v2/d/fb86b0b8-b4e9-407b-a575-ba3668a566a9/0310f05a-c6b5-b949-3ee4-b1463b04f54b?origin=2,documents/Caixa/2026/1T26/Relatorio_de_Analise_de_Desempenho_1T26__360d4c3f04e5.pdf,PDF p. 7; column 4T25; row agronegocio,2026Q1,360d4c3f04e5b58b9fcac4543e4c68826716c39c1a612d5cbd3f5a555a06937d,62919.0,1,table_extracted
Caixa,2025Q4,loans_corporate,114734.0,BRL_million,end_of_period,managerial,managerial_consolidated,Explicit quarter column; CMN 4966 break from 2025; ROE and efficiency trailing 12 months,Comercial PJ4 114.310,https://api.mziq.com/mzfilemanager/v2/d/fb86b0b8-b4e9-407b-a575-ba3668a566a9/0310f05a-c6b5-b949-3ee4-b1463b04f54b?origin=2,documents/Caixa/2026/1T26/Relatorio_de_Analise_de_Desempenho_1T26__360d4c3f04e5.pdf,PDF p. 7; column 4T25; row comercial pj,2026Q1,360d4c3f04e5b58b9fcac4543e4c68826716c39c1a612d5cbd3f5a555a06937d,114734.0,1,table_extracted
Caixa,2025Q4,loans_individuals,151988.0,BRL_million,end_of_period,managerial,managerial_consolidated,Explicit quarter column; CMN 4966 break from 2025; ROE and efficiency trailing 12 months,Comercial PF4 154.900,https://api.mziq.com/mzfilemanager/v2/d/fb86b0b8-b4e9-407b-a575-ba3668a566a9/0310f05a-c6b5-b949-3ee4-b1463b04f54b?origin=2,documents/Caixa/2026/1T26/Relatorio_de_Analise_de_Desempenho_1T26__360d4c3f04e5.pdf,PDF p. 7; column 4T25; row comercial pf,2026Q1,360d4c3f04e5b58b9fcac4543e4c68826716c39c1a612d5cbd3f5a555a06937d,151988.0,1,table_extracted
Caixa,2025Q4,loans_mortgage,938028.0,BRL_million,end_of_period,managerial,managerial_consolidated,Explicit quarter column; CMN 4966 break from 2025; ROE and efficiency trailing 12 months,Imobiliário 966.163,https://api.mziq.com/mzfilemanager/v2/d/fb86b0b8-b4e9-407b-a575-ba3668a566a9/0310f05a-c6b5-b949-3ee4-b1463b04f54b?origin=2,documents/Caixa/2026/1T26/Relatorio_de_Analise_de_Desempenho_1T26__360d4c3f04e5.pdf,PDF p. 7; column 4T25; row imobiliario,2026Q1,360d4c3f04e5b58b9fcac4543e4c68826716c39c1a612d5cbd3f5a555a06937d,938028.0,1,table_extracted
Caixa,2025Q4,net_income_accounting,2504.0,BRL_million,quarter,accounting,managerial_consolidated,Explicit quarter column; CMN 4966 break from 2025; ROE and efficiency trailing 12 months,Lucro líquido contábil 3.469,https://api.mziq.com/mzfilemanager/v2/d/fb86b0b8-b4e9-407b-a575-ba3668a566a9/0310f05a-c6b5-b949-3ee4-b1463b04f54b?origin=2,documents/Caixa/2026/1T26/Relatorio_de_Analise_de_Desempenho_1T26__360d4c3f04e5.pdf,PDF p. 7; column 4T25; row lucro liquido contabil,2026Q1,360d4c3f04e5b58b9fcac4543e4c68826716c39c1a612d5cbd3f5a555a06937d,2504.0,1,table_extracted
Caixa,2025Q4,net_income_adjusted,2767.0,BRL_million,quarter,managerial,managerial_consolidated,Explicit quarter column; CMN 4966 break from 2025; ROE and efficiency trailing 12 months,Lucro líquido recorrente 3.469,https://api.mziq.com/mzfilemanager/v2/d/fb86b0b8-b4e9-407b-a575-ba3668a566a9/0310f05a-c6b5-b949-3ee4-b1463b04f54b?origin=2,documents/Caixa/2026/1T26/Relatorio_de_Analise_de_Desempenho_1T26__360d4c3f04e5.pdf,PDF p. 7; column 4T25; row lucro liquido recorrente,2026Q1,360d4c3f04e5b58b9fcac4543e4c68826716c39c1a612d5cbd3f5a555a06937d,2767.0,1,table_extracted
Caixa,2025Q4,net_interest_income,17543.0,BRL_million,quarter,managerial,managerial_consolidated,Explicit quarter column; CMN 4966 break from 2025; ROE and efficiency trailing 12 months,Margem financeira 18.280,https://api.mziq.com/mzfilemanager/v2/d/fb86b0b8-b4e9-407b-a575-ba3668a566a9/0310f05a-c6b5-b949-3ee4-b1463b04f54b?origin=2,documents/Caixa/2026/1T26/Relatorio_de_Analise_de_Desempenho_1T26__360d4c3f04e5.pdf,PDF p. 7; column 4T25; row margem financeira,2026Q1,360d4c3f04e5b58b9fcac4543e4c68826716c39c1a612d5cbd3f5a555a06937d,17543.0,1,table_extracted
Caixa,2025Q4,npl90,3.07,percent,end_of_period,managerial,managerial_consolidated,Explicit quarter column; CMN 4966 break from 2025; ROE and efficiency trailing 12 months,"Inadimplência total (atrasos > 90 dias) 3,71",https://api.mziq.com/mzfilemanager/v2/d/fb86b0b8-b4e9-407b-a575-ba3668a566a9/0310f05a-c6b5-b949-3ee4-b1463b04f54b?origin=2,documents/Caixa/2026/1T26/Relatorio_de_Analise_de_Desempenho_1T26__360d4c3f04e5.pdf,PDF p. 7; column 4T25; row inadimplencia total (atrasos > 90 dias),2026Q1,360d4c3f04e5b58b9fcac4543e4c68826716c39c1a612d5cbd3f5a555a06937d,3.07,1,table_extracted
Caixa,2025Q4,operating_expenses,12767.0,BRL_million,quarter,managerial,managerial_consolidated,Explicit quarter column; CMN 4966 break from 2025; ROE and efficiency trailing 12 months,Despesas administrativas (11.511),https://api.mziq.com/mzfilemanager/v2/d/fb86b0b8-b4e9-407b-a575-ba3668a566a9/0310f05a-c6b5-b949-3ee4-b1463b04f54b?origin=2,documents/Caixa/2026/1T26/Relatorio_de_Analise_de_Desempenho_1T26__360d4c3f04e5.pdf,PDF p. 7; column 4T25; row despesas administrativas,2026Q1,360d4c3f04e5b58b9fcac4543e4c68826716c39c1a612d5cbd3f5a555a06937d,-12767.0,-1,table_extracted
Caixa,2025Q4,operating_result,2546.0,BRL_million,quarter,managerial,managerial_consolidated,Explicit quarter column; CMN 4966 break from 2025; ROE and efficiency trailing 12 months,Resultado operacional 2.660,https://api.mziq.com/mzfilemanager/v2/d/fb86b0b8-b4e9-407b-a575-ba3668a566a9/0310f05a-c6b5-b949-3ee4-b1463b04f54b?origin=2,documents/Caixa/2026/1T26/Relatorio_de_Analise_de_Desempenho_1T26__360d4c3f04e5.pdf,PDF p. 7; column 4T25; row resultado operacional,2026Q1,360d4c3f04e5b58b9fcac4543e4c68826716c39c1a612d5cbd3f5a555a06937d,2546.0,1,table_extracted
Caixa,2025Q4,personnel_expenses,8672.0,BRL_million,quarter,managerial,managerial_consolidated,Explicit quarter column; CMN 4966 break from 2025; ROE and efficiency trailing 12 months,Despesas de pessoal (8.018),https://api.mziq.com/mzfilemanager/v2/d/fb86b0b8-b4e9-407b-a575-ba3668a566a9/0310f05a-c6b5-b949-3ee4-b1463b04f54b?origin=2,documents/Caixa/2026/1T26/Relatorio_de_Analise_de_Desempenho_1T26__360d4c3f04e5.pdf,PDF p. 7; column 4T25; row despesas de pessoal,2026Q1,360d4c3f04e5b58b9fcac4543e4c68826716c39c1a612d5cbd3f5a555a06937d,-8672.0,-1,table_extracted
Caixa,2025Q4,roe_accounting,11.08,percent,trailing_12m,managerial,managerial_consolidated,Explicit quarter column; CMN 4966 break from 2025; ROE and efficiency trailing 12 months,"ROE contábil9 9,13",https://api.mziq.com/mzfilemanager/v2/d/fb86b0b8-b4e9-407b-a575-ba3668a566a9/0310f05a-c6b5-b949-3ee4-b1463b04f54b?origin=2,documents/Caixa/2026/1T26/Relatorio_de_Analise_de_Desempenho_1T26__360d4c3f04e5.pdf,PDF p. 8; column 4T25; row roe contabil,2026Q1,360d4c3f04e5b58b9fcac4543e4c68826716c39c1a612d5cbd3f5a555a06937d,11.08,1,table_extracted
Caixa,2025Q4,roe_adjusted,10.67,percent,trailing_12m,managerial,managerial_consolidated,Explicit quarter column; CMN 4966 break from 2025; ROE and efficiency trailing 12 months,"ROE recorrente11 9,31",https://api.mziq.com/mzfilemanager/v2/d/fb86b0b8-b4e9-407b-a575-ba3668a566a9/0310f05a-c6b5-b949-3ee4-b1463b04f54b?origin=2,documents/Caixa/2026/1T26/Relatorio_de_Analise_de_Desempenho_1T26__360d4c3f04e5.pdf,PDF p. 8; column 4T25; row roe recorrente,2026Q1,360d4c3f04e5b58b9fcac4543e4c68826716c39c1a612d5cbd3f5a555a06937d,10.67,1,table_extracted
Caixa,2026Q1,assets,2360943.0,BRL_million,end_of_period,managerial,managerial_consolidated,Explicit quarter column; CMN 4966 break from 2025; ROE and efficiency trailing 12 months,Ativos CAIXA 2.388.976,https://api.mziq.com/mzfilemanager/v2/d/fb86b0b8-b4e9-407b-a575-ba3668a566a9/bb24031e-d71e-1660-7cf8-e66703ab1361?origin=2,documents/Caixa/2026/2T26/Relatorio_de_Analise_de_Desempenho_2T26__131132d0814d.pdf,PDF p. 7; column 1T26; row ativos caixa,2026Q2,131132d0814d60ca2f62f694cab4db5429a1caf93049f87095a7bf9648d0d610,2360943.0,1,table_extracted
Caixa,2026Q1,capital_total,15.13,percent,end_of_period,prudential,prudential,Explicit quarter column; CMN 4966 break from 2025; ROE and efficiency trailing 12 months,"Índice de Basileia 15,45",https://api.mziq.com/mzfilemanager/v2/d/fb86b0b8-b4e9-407b-a575-ba3668a566a9/bb24031e-d71e-1660-7cf8-e66703ab1361?origin=2,documents/Caixa/2026/2T26/Relatorio_de_Analise_de_Desempenho_2T26__131132d0814d.pdf,PDF p. 7; column 1T26; row indice de basileia,2026Q2,131132d0814d60ca2f62f694cab4db5429a1caf93049f87095a7bf9648d0d610,15.13,1,table_extracted
Caixa,2026Q1,cet1,13.46,percent,end_of_period,prudential,prudential,Explicit quarter column; CMN 4966 break from 2025; ROE and efficiency trailing 12 months,"Índice de capital principal 13,42",https://api.mziq.com/mzfilemanager/v2/d/fb86b0b8-b4e9-407b-a575-ba3668a566a9/bb24031e-d71e-1660-7cf8-e66703ab1361?origin=2,documents/Caixa/2026/2T26/Relatorio_de_Analise_de_Desempenho_2T26__131132d0814d.pdf,PDF p. 7; column 1T26; row indice de capital principal,2026Q2,131132d0814d60ca2f62f694cab4db5429a1caf93049f87095a7bf9648d0d610,13.46,1,table_extracted
Caixa,2026Q1,coverage_npl90,127.66,percent,end_of_period,managerial,managerial_consolidated,Explicit quarter column; CMN 4966 break from 2025; ROE and efficiency trailing 12 months,"Cobertura > 90 dias7 131,04",https://api.mziq.com/mzfilemanager/v2/d/fb86b0b8-b4e9-407b-a575-ba3668a566a9/bb24031e-d71e-1660-7cf8-e66703ab1361?origin=2,documents/Caixa/2026/2T26/Relatorio_de_Analise_de_Desempenho_2T26__131132d0814d.pdf,PDF p. 7; column 1T26; row cobertura > 90 dias,2026Q2,131132d0814d60ca2f62f694cab4db5429a1caf93049f87095a7bf9648d0d610,127.66,1,table_extracted
Caixa,2026Q1,credit_cost,6518.0,BRL_million,quarter,managerial,managerial_consolidated,Explicit quarter column; CMN 4966 break from 2025; ROE and efficiency trailing 12 months,Provisão para créditos de liquidação duvidosa (PCLD) (6.966),https://api.mziq.com/mzfilemanager/v2/d/fb86b0b8-b4e9-407b-a575-ba3668a566a9/bb24031e-d71e-1660-7cf8-e66703ab1361?origin=2,documents/Caixa/2026/2T26/Relatorio_de_Analise_de_Desempenho_2T26__131132d0814d.pdf,PDF p. 7; column 1T26; row provisao para creditos de liquidacao duvidosa (pcld),2026Q2,131132d0814d60ca2f62f694cab4db5429a1caf93049f87095a7bf9648d0d610,-6518.0,-1,table_extracted
Caixa,2026Q1,customer_funding,854706.0,BRL_million,end_of_period,managerial,managerial_consolidated,Explicit quarter column; CMN 4966 break from 2025; ROE and efficiency trailing 12 months,Recursos de clientes 868.399,https://api.mziq.com/mzfilemanager/v2/d/fb86b0b8-b4e9-407b-a575-ba3668a566a9/bb24031e-d71e-1660-7cf8-e66703ab1361?origin=2,documents/Caixa/2026/2T26/Relatorio_de_Analise_de_Desempenho_2T26__131132d0814d.pdf,PDF p. 7; column 1T26; row recursos de clientes,2026Q2,131132d0814d60ca2f62f694cab4db5429a1caf93049f87095a7bf9648d0d610,854706.0,1,table_extracted
Caixa,2026Q1,efficiency,53.27,percent,trailing_12m,managerial,managerial_consolidated,Explicit quarter column; CMN 4966 break from 2025; ROE and efficiency trailing 12 months,"Índice de eficiência operacional recorrente 12 52,28",https://api.mziq.com/mzfilemanager/v2/d/fb86b0b8-b4e9-407b-a575-ba3668a566a9/bb24031e-d71e-1660-7cf8-e66703ab1361?origin=2,documents/Caixa/2026/2T26/Relatorio_de_Analise_de_Desempenho_2T26__131132d0814d.pdf,PDF p. 8; column 1T26; row indice de eficiencia operacional recorrente,2026Q2,131132d0814d60ca2f62f694cab4db5429a1caf93049f87095a7bf9648d0d610,53.27,1,table_extracted
Caixa,2026Q1,equity,153154.0,BRL_million,end_of_period,managerial,managerial_consolidated,Explicit quarter column; CMN 4966 break from 2025; ROE and efficiency trailing 12 months,Patrimônio líquido 155.988,https://api.mziq.com/mzfilemanager/v2/d/fb86b0b8-b4e9-407b-a575-ba3668a566a9/bb24031e-d71e-1660-7cf8-e66703ab1361?origin=2,documents/Caixa/2026/2T26/Relatorio_de_Analise_de_Desempenho_2T26__131132d0814d.pdf,PDF p. 7; column 1T26; row patrimonio liquido,2026Q2,131132d0814d60ca2f62f694cab4db5429a1caf93049f87095a7bf9648d0d610,153154.0,1,table_extracted
Caixa,2026Q1,fees,7355.0,BRL_million,quarter,managerial,managerial_consolidated,Explicit quarter column; CMN 4966 break from 2025; ROE and efficiency trailing 12 months,Receita com prestação de serviços 1 7.573,https://api.mziq.com/mzfilemanager/v2/d/fb86b0b8-b4e9-407b-a575-ba3668a566a9/bb24031e-d71e-1660-7cf8-e66703ab1361?origin=2,documents/Caixa/2026/2T26/Relatorio_de_Analise_de_Desempenho_2T26__131132d0814d.pdf,PDF p. 7; column 1T26; row receita com prestacao de servicos,2026Q2,131132d0814d60ca2f62f694cab4db5429a1caf93049f87095a7bf9648d0d610,7355.0,1,table_extracted
Caixa,2026Q1,loans,1410090.0,BRL_million,end_of_period,managerial,managerial_consolidated,Explicit quarter column; CMN 4966 break from 2025; ROE and efficiency trailing 12 months,Crédito3 1.448.200,https://api.mziq.com/mzfilemanager/v2/d/fb86b0b8-b4e9-407b-a575-ba3668a566a9/bb24031e-d71e-1660-7cf8-e66703ab1361?origin=2,documents/Caixa/2026/2T26/Relatorio_de_Analise_de_Desempenho_2T26__131132d0814d.pdf,PDF p. 7; column 1T26; row credito,2026Q2,131132d0814d60ca2f62f694cab4db5429a1caf93049f87095a7bf9648d0d610,1410090.0,1,table_extracted
Caixa,2026Q1,loans_agriculture,64912.0,BRL_million,end_of_period,managerial,managerial_consolidated,Explicit quarter column; CMN 4966 break from 2025; ROE and efficiency trailing 12 months,Agronegócio 62.302,https://api.mziq.com/mzfilemanager/v2/d/fb86b0b8-b4e9-407b-a575-ba3668a566a9/bb24031e-d71e-1660-7cf8-e66703ab1361?origin=2,documents/Caixa/2026/2T26/Relatorio_de_Analise_de_Desempenho_2T26__131132d0814d.pdf,PDF p. 7; column 1T26; row agronegocio,2026Q2,131132d0814d60ca2f62f694cab4db5429a1caf93049f87095a7bf9648d0d610,64912.0,1,table_extracted
Caixa,2026Q1,loans_corporate,114310.0,BRL_million,end_of_period,managerial,managerial_consolidated,Explicit quarter column; CMN 4966 break from 2025; ROE and efficiency trailing 12 months,Comercial PJ4 113.851,https://api.mziq.com/mzfilemanager/v2/d/fb86b0b8-b4e9-407b-a575-ba3668a566a9/bb24031e-d71e-1660-7cf8-e66703ab1361?origin=2,documents/Caixa/2026/2T26/Relatorio_de_Analise_de_Desempenho_2T26__131132d0814d.pdf,PDF p. 7; column 1T26; row comercial pj,2026Q2,131132d0814d60ca2f62f694cab4db5429a1caf93049f87095a7bf9648d0d610,114310.0,1,table_extracted
Caixa,2026Q1,loans_individuals,154900.0,BRL_million,end_of_period,managerial,managerial_consolidated,Explicit quarter column; CMN 4966 break from 2025; ROE and efficiency trailing 12 months,Comercial PF4 156.501,https://api.mziq.com/mzfilemanager/v2/d/fb86b0b8-b4e9-407b-a575-ba3668a566a9/bb24031e-d71e-1660-7cf8-e66703ab1361?origin=2,documents/Caixa/2026/2T26/Relatorio_de_Analise_de_Desempenho_2T26__131132d0814d.pdf,PDF p. 7; column 1T26; row comercial pf,2026Q2,131132d0814d60ca2f62f694cab4db5429a1caf93049f87095a7bf9648d0d610,154900.0,1,table_extracted
Caixa,2026Q1,loans_mortgage,966163.0,BRL_million,end_of_period,managerial,managerial_consolidated,Explicit quarter column; CMN 4966 break from 2025; ROE and efficiency trailing 12 months,Imobiliário 1.005.009,https://api.mziq.com/mzfilemanager/v2/d/fb86b0b8-b4e9-407b-a575-ba3668a566a9/bb24031e-d71e-1660-7cf8-e66703ab1361?origin=2,documents/Caixa/2026/2T26/Relatorio_de_Analise_de_Desempenho_2T26__131132d0814d.pdf,PDF p. 7; column 1T26; row imobiliario,2026Q2,131132d0814d60ca2f62f694cab4db5429a1caf93049f87095a7bf9648d0d610,966163.0,1,table_extracted
Caixa,2026Q1,net_income_accounting,3469.0,BRL_million,quarter,accounting,managerial_consolidated,Explicit quarter column; CMN 4966 break from 2025; ROE and efficiency trailing 12 months,Lucro líquido contábil 3.899,https://api.mziq.com/mzfilemanager/v2/d/fb86b0b8-b4e9-407b-a575-ba3668a566a9/bb24031e-d71e-1660-7cf8-e66703ab1361?origin=2,documents/Caixa/2026/2T26/Relatorio_de_Analise_de_Desempenho_2T26__131132d0814d.pdf,PDF p. 7; column 1T26; row lucro liquido contabil,2026Q2,131132d0814d60ca2f62f694cab4db5429a1caf93049f87095a7bf9648d0d610,3469.0,1,table_extracted
Caixa,2026Q1,net_income_adjusted,3469.0,BRL_million,quarter,managerial,managerial_consolidated,Explicit quarter column; CMN 4966 break from 2025; ROE and efficiency trailing 12 months,Lucro líquido recorrente 3.899,https://api.mziq.com/mzfilemanager/v2/d/fb86b0b8-b4e9-407b-a575-ba3668a566a9/bb24031e-d71e-1660-7cf8-e66703ab1361?origin=2,documents/Caixa/2026/2T26/Relatorio_de_Analise_de_Desempenho_2T26__131132d0814d.pdf,PDF p. 7; column 1T26; row lucro liquido recorrente,2026Q2,131132d0814d60ca2f62f694cab4db5429a1caf93049f87095a7bf9648d0d610,3469.0,1,table_extracted
Caixa,2026Q1,net_interest_income,18280.0,BRL_million,quarter,managerial,managerial_consolidated,Explicit quarter column; CMN 4966 break from 2025; ROE and efficiency trailing 12 months,Margem financeira 19.664,https://api.mziq.com/mzfilemanager/v2/d/fb86b0b8-b4e9-407b-a575-ba3668a566a9/bb24031e-d71e-1660-7cf8-e66703ab1361?origin=2,documents/Caixa/2026/2T26/Relatorio_de_Analise_de_Desempenho_2T26__131132d0814d.pdf,PDF p. 7; column 1T26; row margem financeira,2026Q2,131132d0814d60ca2f62f694cab4db5429a1caf93049f87095a7bf9648d0d610,18280.0,1,table_extracted
Caixa,2026Q1,npl90,3.71,percent,end_of_period,managerial,managerial_consolidated,Explicit quarter column; CMN 4966 break from 2025; ROE and efficiency trailing 12 months,"Inadimplência total (atrasos > 90 dias) 3,64",https://api.mziq.com/mzfilemanager/v2/d/fb86b0b8-b4e9-407b-a575-ba3668a566a9/bb24031e-d71e-1660-7cf8-e66703ab1361?origin=2,documents/Caixa/2026/2T26/Relatorio_de_Analise_de_Desempenho_2T26__131132d0814d.pdf,PDF p. 7; column 1T26; row inadimplencia total (atrasos > 90 dias),2026Q2,131132d0814d60ca2f62f694cab4db5429a1caf93049f87095a7bf9648d0d610,3.71,1,table_extracted
Caixa,2026Q1,operating_expenses,11511.0,BRL_million,quarter,managerial,managerial_consolidated,Explicit quarter column; CMN 4966 break from 2025; ROE and efficiency trailing 12 months,Despesas administrativas (11.442),https://api.mziq.com/mzfilemanager/v2/d/fb86b0b8-b4e9-407b-a575-ba3668a566a9/bb24031e-d71e-1660-7cf8-e66703ab1361?origin=2,documents/Caixa/2026/2T26/Relatorio_de_Analise_de_Desempenho_2T26__131132d0814d.pdf,PDF p. 7; column 1T26; row despesas administrativas,2026Q2,131132d0814d60ca2f62f694cab4db5429a1caf93049f87095a7bf9648d0d610,-11511.0,-1,table_extracted
Caixa,2026Q1,operating_result,2660.0,BRL_million,quarter,managerial,managerial_consolidated,Explicit quarter column; CMN 4966 break from 2025; ROE and efficiency trailing 12 months,Resultado operacional 3.343,https://api.mziq.com/mzfilemanager/v2/d/fb86b0b8-b4e9-407b-a575-ba3668a566a9/bb24031e-d71e-1660-7cf8-e66703ab1361?origin=2,documents/Caixa/2026/2T26/Relatorio_de_Analise_de_Desempenho_2T26__131132d0814d.pdf,PDF p. 7; column 1T26; row resultado operacional,2026Q2,131132d0814d60ca2f62f694cab4db5429a1caf93049f87095a7bf9648d0d610,2660.0,1,table_extracted
Caixa,2026Q1,personnel_expenses,8018.0,BRL_million,quarter,managerial,managerial_consolidated,Explicit quarter column; CMN 4966 break from 2025; ROE and efficiency trailing 12 months,Despesas de pessoal (7.776),https://api.mziq.com/mzfilemanager/v2/d/fb86b0b8-b4e9-407b-a575-ba3668a566a9/bb24031e-d71e-1660-7cf8-e66703ab1361?origin=2,documents/Caixa/2026/2T26/Relatorio_de_Analise_de_Desempenho_2T26__131132d0814d.pdf,PDF p. 7; column 1T26; row despesas de pessoal,2026Q2,131132d0814d60ca2f62f694cab4db5429a1caf93049f87095a7bf9648d0d610,-8018.0,-1,table_extracted
Caixa,2026Q1,roe_accounting,9.13,percent,trailing_12m,managerial,managerial_consolidated,Explicit quarter column; CMN 4966 break from 2025; ROE and efficiency trailing 12 months,"ROE contábil9 8,99",https://api.mziq.com/mzfilemanager/v2/d/fb86b0b8-b4e9-407b-a575-ba3668a566a9/bb24031e-d71e-1660-7cf8-e66703ab1361?origin=2,documents/Caixa/2026/2T26/Relatorio_de_Analise_de_Desempenho_2T26__131132d0814d.pdf,PDF p. 8; column 1T26; row roe contabil,2026Q2,131132d0814d60ca2f62f694cab4db5429a1caf93049f87095a7bf9648d0d610,9.13,1,table_extracted
Caixa,2026Q1,roe_adjusted,9.31,percent,trailing_12m,managerial,managerial_consolidated,Explicit quarter column; CMN 4966 break from 2025; ROE and efficiency trailing 12 months,"ROE recorrente11 9,16",https://api.mziq.com/mzfilemanager/v2/d/fb86b0b8-b4e9-407b-a575-ba3668a566a9/bb24031e-d71e-1660-7cf8-e66703ab1361?origin=2,documents/Caixa/2026/2T26/Relatorio_de_Analise_de_Desempenho_2T26__131132d0814d.pdf,PDF p. 8; column 1T26; row roe recorrente,2026Q2,131132d0814d60ca2f62f694cab4db5429a1caf93049f87095a7bf9648d0d610,9.31,1,table_extracted
Caixa,2026Q2,assets,2388976.0,BRL_million,end_of_period,managerial,managerial_consolidated,Explicit quarter column; CMN 4966 break from 2025; ROE and efficiency trailing 12 months,Ativos CAIXA 2.388.976,https://api.mziq.com/mzfilemanager/v2/d/fb86b0b8-b4e9-407b-a575-ba3668a566a9/bb24031e-d71e-1660-7cf8-e66703ab1361?origin=2,documents/Caixa/2026/2T26/Relatorio_de_Analise_de_Desempenho_2T26__131132d0814d.pdf,PDF p. 7; column 2T26; row ativos caixa,2026Q2,131132d0814d60ca2f62f694cab4db5429a1caf93049f87095a7bf9648d0d610,2388976.0,1,table_extracted
Caixa,2026Q2,capital_total,15.45,percent,end_of_period,prudential,prudential,Explicit quarter column; CMN 4966 break from 2025; ROE and efficiency trailing 12 months,"Índice de Basileia 15,45",https://api.mziq.com/mzfilemanager/v2/d/fb86b0b8-b4e9-407b-a575-ba3668a566a9/bb24031e-d71e-1660-7cf8-e66703ab1361?origin=2,documents/Caixa/2026/2T26/Relatorio_de_Analise_de_Desempenho_2T26__131132d0814d.pdf,PDF p. 7; column 2T26; row indice de basileia,2026Q2,131132d0814d60ca2f62f694cab4db5429a1caf93049f87095a7bf9648d0d610,15.45,1,table_extracted
Caixa,2026Q2,cet1,13.42,percent,end_of_period,prudential,prudential,Explicit quarter column; CMN 4966 break from 2025; ROE and efficiency trailing 12 months,"Índice de capital principal 13,42",https://api.mziq.com/mzfilemanager/v2/d/fb86b0b8-b4e9-407b-a575-ba3668a566a9/bb24031e-d71e-1660-7cf8-e66703ab1361?origin=2,documents/Caixa/2026/2T26/Relatorio_de_Analise_de_Desempenho_2T26__131132d0814d.pdf,PDF p. 7; column 2T26; row indice de capital principal,2026Q2,131132d0814d60ca2f62f694cab4db5429a1caf93049f87095a7bf9648d0d610,13.42,1,table_extracted
Caixa,2026Q2,coverage_npl90,131.04,percent,end_of_period,managerial,managerial_consolidated,Explicit quarter column; CMN 4966 break from 2025; ROE and efficiency trailing 12 months,"Cobertura > 90 dias7 131,04",https://api.mziq.com/mzfilemanager/v2/d/fb86b0b8-b4e9-407b-a575-ba3668a566a9/bb24031e-d71e-1660-7cf8-e66703ab1361?origin=2,documents/Caixa/2026/2T26/Relatorio_de_Analise_de_Desempenho_2T26__131132d0814d.pdf,PDF p. 7; column 2T26; row cobertura > 90 dias,2026Q2,131132d0814d60ca2f62f694cab4db5429a1caf93049f87095a7bf9648d0d610,131.04,1,table_extracted
Caixa,2026Q2,credit_cost,6966.0,BRL_million,quarter,managerial,managerial_consolidated,Explicit quarter column; CMN 4966 break from 2025; ROE and efficiency trailing 12 months,Provisão para créditos de liquidação duvidosa (PCLD) (6.966),https://api.mziq.com/mzfilemanager/v2/d/fb86b0b8-b4e9-407b-a575-ba3668a566a9/bb24031e-d71e-1660-7cf8-e66703ab1361?origin=2,documents/Caixa/2026/2T26/Relatorio_de_Analise_de_Desempenho_2T26__131132d0814d.pdf,PDF p. 7; column 2T26; row provisao para creditos de liquidacao duvidosa (pcld),2026Q2,131132d0814d60ca2f62f694cab4db5429a1caf93049f87095a7bf9648d0d610,-6966.0,-1,table_extracted
Caixa,2026Q2,customer_funding,868399.0,BRL_million,end_of_period,managerial,managerial_consolidated,Explicit quarter column; CMN 4966 break from 2025; ROE and efficiency trailing 12 months,Recursos de clientes 868.399,https://api.mziq.com/mzfilemanager/v2/d/fb86b0b8-b4e9-407b-a575-ba3668a566a9/bb24031e-d71e-1660-7cf8-e66703ab1361?origin=2,documents/Caixa/2026/2T26/Relatorio_de_Analise_de_Desempenho_2T26__131132d0814d.pdf,PDF p. 7; column 2T26; row recursos de clientes,2026Q2,131132d0814d60ca2f62f694cab4db5429a1caf93049f87095a7bf9648d0d610,868399.0,1,table_extracted
Caixa,2026Q2,efficiency,52.28,percent,trailing_12m,managerial,managerial_consolidated,Explicit quarter column; CMN 4966 break from 2025; ROE and efficiency trailing 12 months,"Índice de eficiência operacional recorrente 12 52,28",https://api.mziq.com/mzfilemanager/v2/d/fb86b0b8-b4e9-407b-a575-ba3668a566a9/bb24031e-d71e-1660-7cf8-e66703ab1361?origin=2,documents/Caixa/2026/2T26/Relatorio_de_Analise_de_Desempenho_2T26__131132d0814d.pdf,PDF p. 8; column 2T26; row indice de eficiencia operacional recorrente,2026Q2,131132d0814d60ca2f62f694cab4db5429a1caf93049f87095a7bf9648d0d610,52.28,1,table_extracted
Caixa,2026Q2,equity,155988.0,BRL_million,end_of_period,managerial,managerial_consolidated,Explicit quarter column; CMN 4966 break from 2025; ROE and efficiency trailing 12 months,Patrimônio líquido 155.988,https://api.mziq.com/mzfilemanager/v2/d/fb86b0b8-b4e9-407b-a575-ba3668a566a9/bb24031e-d71e-1660-7cf8-e66703ab1361?origin=2,documents/Caixa/2026/2T26/Relatorio_de_Analise_de_Desempenho_2T26__131132d0814d.pdf,PDF p. 7; column 2T26; row patrimonio liquido,2026Q2,131132d0814d60ca2f62f694cab4db5429a1caf93049f87095a7bf9648d0d610,155988.0,1,table_extracted
Caixa,2026Q2,fees,7573.0,BRL_million,quarter,managerial,managerial_consolidated,Explicit quarter column; CMN 4966 break from 2025; ROE and efficiency trailing 12 months,Receita com prestação de serviços 1 7.573,https://api.mziq.com/mzfilemanager/v2/d/fb86b0b8-b4e9-407b-a575-ba3668a566a9/bb24031e-d71e-1660-7cf8-e66703ab1361?origin=2,documents/Caixa/2026/2T26/Relatorio_de_Analise_de_Desempenho_2T26__131132d0814d.pdf,PDF p. 7; column 2T26; row receita com prestacao de servicos,2026Q2,131132d0814d60ca2f62f694cab4db5429a1caf93049f87095a7bf9648d0d610,7573.0,1,table_extracted
Caixa,2026Q2,loans,1448200.0,BRL_million,end_of_period,managerial,managerial_consolidated,Explicit quarter column; CMN 4966 break from 2025; ROE and efficiency trailing 12 months,Crédito3 1.448.200,https://api.mziq.com/mzfilemanager/v2/d/fb86b0b8-b4e9-407b-a575-ba3668a566a9/bb24031e-d71e-1660-7cf8-e66703ab1361?origin=2,documents/Caixa/2026/2T26/Relatorio_de_Analise_de_Desempenho_2T26__131132d0814d.pdf,PDF p. 7; column 2T26; row credito,2026Q2,131132d0814d60ca2f62f694cab4db5429a1caf93049f87095a7bf9648d0d610,1448200.0,1,table_extracted
Caixa,2026Q2,loans_agriculture,62302.0,BRL_million,end_of_period,managerial,managerial_consolidated,Explicit quarter column; CMN 4966 break from 2025; ROE and efficiency trailing 12 months,Agronegócio 62.302,https://api.mziq.com/mzfilemanager/v2/d/fb86b0b8-b4e9-407b-a575-ba3668a566a9/bb24031e-d71e-1660-7cf8-e66703ab1361?origin=2,documents/Caixa/2026/2T26/Relatorio_de_Analise_de_Desempenho_2T26__131132d0814d.pdf,PDF p. 7; column 2T26; row agronegocio,2026Q2,131132d0814d60ca2f62f694cab4db5429a1caf93049f87095a7bf9648d0d610,62302.0,1,table_extracted
Caixa,2026Q2,loans_corporate,113851.0,BRL_million,end_of_period,managerial,managerial_consolidated,Explicit quarter column; CMN 4966 break from 2025; ROE and efficiency trailing 12 months,Comercial PJ4 113.851,https://api.mziq.com/mzfilemanager/v2/d/fb86b0b8-b4e9-407b-a575-ba3668a566a9/bb24031e-d71e-1660-7cf8-e66703ab1361?origin=2,documents/Caixa/2026/2T26/Relatorio_de_Analise_de_Desempenho_2T26__131132d0814d.pdf,PDF p. 7; column 2T26; row comercial pj,2026Q2,131132d0814d60ca2f62f694cab4db5429a1caf93049f87095a7bf9648d0d610,113851.0,1,table_extracted
Caixa,2026Q2,loans_individuals,156501.0,BRL_million,end_of_period,managerial,managerial_consolidated,Explicit quarter column; CMN 4966 break from 2025; ROE and efficiency trailing 12 months,Comercial PF4 156.501,https://api.mziq.com/mzfilemanager/v2/d/fb86b0b8-b4e9-407b-a575-ba3668a566a9/bb24031e-d71e-1660-7cf8-e66703ab1361?origin=2,documents/Caixa/2026/2T26/Relatorio_de_Analise_de_Desempenho_2T26__131132d0814d.pdf,PDF p. 7; column 2T26; row comercial pf,2026Q2,131132d0814d60ca2f62f694cab4db5429a1caf93049f87095a7bf9648d0d610,156501.0,1,table_extracted
Caixa,2026Q2,loans_mortgage,1005009.0,BRL_million,end_of_period,managerial,managerial_consolidated,Explicit quarter column; CMN 4966 break from 2025; ROE and efficiency trailing 12 months,Imobiliário 1.005.009,https://api.mziq.com/mzfilemanager/v2/d/fb86b0b8-b4e9-407b-a575-ba3668a566a9/bb24031e-d71e-1660-7cf8-e66703ab1361?origin=2,documents/Caixa/2026/2T26/Relatorio_de_Analise_de_Desempenho_2T26__131132d0814d.pdf,PDF p. 7; column 2T26; row imobiliario,2026Q2,131132d0814d60ca2f62f694cab4db5429a1caf93049f87095a7bf9648d0d610,1005009.0,1,table_extracted
Caixa,2026Q2,net_income_accounting,3899.0,BRL_million,quarter,accounting,managerial_consolidated,Explicit quarter column; CMN 4966 break from 2025; ROE and efficiency trailing 12 months,Lucro líquido contábil 3.899,https://api.mziq.com/mzfilemanager/v2/d/fb86b0b8-b4e9-407b-a575-ba3668a566a9/bb24031e-d71e-1660-7cf8-e66703ab1361?origin=2,documents/Caixa/2026/2T26/Relatorio_de_Analise_de_Desempenho_2T26__131132d0814d.pdf,PDF p. 7; column 2T26; row lucro liquido contabil,2026Q2,131132d0814d60ca2f62f694cab4db5429a1caf93049f87095a7bf9648d0d610,3899.0,1,table_extracted
Caixa,2026Q2,net_income_adjusted,3899.0,BRL_million,quarter,managerial,managerial_consolidated,Explicit quarter column; CMN 4966 break from 2025; ROE and efficiency trailing 12 months,Lucro líquido recorrente 3.899,https://api.mziq.com/mzfilemanager/v2/d/fb86b0b8-b4e9-407b-a575-ba3668a566a9/bb24031e-d71e-1660-7cf8-e66703ab1361?origin=2,documents/Caixa/2026/2T26/Relatorio_de_Analise_de_Desempenho_2T26__131132d0814d.pdf,PDF p. 7; column 2T26; row lucro liquido recorrente,2026Q2,131132d0814d60ca2f62f694cab4db5429a1caf93049f87095a7bf9648d0d610,3899.0,1,table_extracted
Caixa,2026Q2,net_interest_income,19664.0,BRL_million,quarter,managerial,managerial_consolidated,Explicit quarter column; CMN 4966 break from 2025; ROE and efficiency trailing 12 months,Margem financeira 19.664,https://api.mziq.com/mzfilemanager/v2/d/fb86b0b8-b4e9-407b-a575-ba3668a566a9/bb24031e-d71e-1660-7cf8-e66703ab1361?origin=2,documents/Caixa/2026/2T26/Relatorio_de_Analise_de_Desempenho_2T26__131132d0814d.pdf,PDF p. 7; column 2T26; row margem financeira,2026Q2,131132d0814d60ca2f62f694cab4db5429a1caf93049f87095a7bf9648d0d610,19664.0,1,table_extracted
Caixa,2026Q2,npl90,3.64,percent,end_of_period,managerial,managerial_consolidated,Explicit quarter column; CMN 4966 break from 2025; ROE and efficiency trailing 12 months,"Inadimplência total (atrasos > 90 dias) 3,64",https://api.mziq.com/mzfilemanager/v2/d/fb86b0b8-b4e9-407b-a575-ba3668a566a9/bb24031e-d71e-1660-7cf8-e66703ab1361?origin=2,documents/Caixa/2026/2T26/Relatorio_de_Analise_de_Desempenho_2T26__131132d0814d.pdf,PDF p. 7; column 2T26; row inadimplencia total (atrasos > 90 dias),2026Q2,131132d0814d60ca2f62f694cab4db5429a1caf93049f87095a7bf9648d0d610,3.64,1,table_extracted
Caixa,2026Q2,operating_expenses,11442.0,BRL_million,quarter,managerial,managerial_consolidated,Explicit quarter column; CMN 4966 break from 2025; ROE and efficiency trailing 12 months,Despesas administrativas (11.442),https://api.mziq.com/mzfilemanager/v2/d/fb86b0b8-b4e9-407b-a575-ba3668a566a9/bb24031e-d71e-1660-7cf8-e66703ab1361?origin=2,documents/Caixa/2026/2T26/Relatorio_de_Analise_de_Desempenho_2T26__131132d0814d.pdf,PDF p. 7; column 2T26; row despesas administrativas,2026Q2,131132d0814d60ca2f62f694cab4db5429a1caf93049f87095a7bf9648d0d610,-11442.0,-1,table_extracted
Caixa,2026Q2,operating_result,3343.0,BRL_million,quarter,managerial,managerial_consolidated,Explicit quarter column; CMN 4966 break from 2025; ROE and efficiency trailing 12 months,Resultado operacional 3.343,https://api.mziq.com/mzfilemanager/v2/d/fb86b0b8-b4e9-407b-a575-ba3668a566a9/bb24031e-d71e-1660-7cf8-e66703ab1361?origin=2,documents/Caixa/2026/2T26/Relatorio_de_Analise_de_Desempenho_2T26__131132d0814d.pdf,PDF p. 7; column 2T26; row resultado operacional,2026Q2,131132d0814d60ca2f62f694cab4db5429a1caf93049f87095a7bf9648d0d610,3343.0,1,table_extracted
Caixa,2026Q2,personnel_expenses,7776.0,BRL_million,quarter,managerial,managerial_consolidated,Explicit quarter column; CMN 4966 break from 2025; ROE and efficiency trailing 12 months,Despesas de pessoal (7.776),https://api.mziq.com/mzfilemanager/v2/d/fb86b0b8-b4e9-407b-a575-ba3668a566a9/bb24031e-d71e-1660-7cf8-e66703ab1361?origin=2,documents/Caixa/2026/2T26/Relatorio_de_Analise_de_Desempenho_2T26__131132d0814d.pdf,PDF p. 7; column 2T26; row despesas de pessoal,2026Q2,131132d0814d60ca2f62f694cab4db5429a1caf93049f87095a7bf9648d0d610,-7776.0,-1,table_extracted
Caixa,2026Q2,roe_accounting,8.99,percent,trailing_12m,managerial,managerial_consolidated,Explicit quarter column; CMN 4966 break from 2025; ROE and efficiency trailing 12 months,"ROE contábil9 8,99",https://api.mziq.com/mzfilemanager/v2/d/fb86b0b8-b4e9-407b-a575-ba3668a566a9/bb24031e-d71e-1660-7cf8-e66703ab1361?origin=2,documents/Caixa/2026/2T26/Relatorio_de_Analise_de_Desempenho_2T26__131132d0814d.pdf,PDF p. 8; column 2T26; row roe contabil,2026Q2,131132d0814d60ca2f62f694cab4db5429a1caf93049f87095a7bf9648d0d610,8.99,1,table_extracted
Caixa,2026Q2,roe_adjusted,9.16,percent,trailing_12m,managerial,managerial_consolidated,Explicit quarter column; CMN 4966 break from 2025; ROE and efficiency trailing 12 months,"ROE recorrente11 9,16",https://api.mziq.com/mzfilemanager/v2/d/fb86b0b8-b4e9-407b-a575-ba3668a566a9/bb24031e-d71e-1660-7cf8-e66703ab1361?origin=2,documents/Caixa/2026/2T26/Relatorio_de_Analise_de_Desempenho_2T26__131132d0814d.pdf,PDF p. 8; column 2T26; row roe recorrente,2026Q2,131132d0814d60ca2f62f694cab4db5429a1caf93049f87095a7bf9648d0d610,9.16,1,table_extracted
Itau,2024Q1,assets,2788916,BRL_million,end_of_period,managerial_pro_forma,consolidated,Consolidated including LATAM; pro forma series; Avenue consolidated from 2026; assets/equity adopt CMN 4966 prospectively; broad funding includes securities and borrowings,Ativos Totais (10),https://api.mziq.com/mzfilemanager/v2/d/42787847-4cf6-4461-94a5-40ed237dca33/dd4bec5c-fb49-759c-fabc-b5db791b0aae?origin=2,documents/Itau/2026/2T26/Planilha_de_Series_Historicas_2T26__7747b90df4b5.xlsx,Sumário_PRO FORMA!D24,2026Q2,7747b90df4b515679c7dfe0dd5215cb4bffcf696a3af55bcd7afdf863b487001,2788916,1,mapped
Itau,2024Q1,capital_total,16.4,percent,end_of_period,managerial_pro_forma,prudential,Consolidated including LATAM; pro forma series; Avenue consolidated from 2026; assets/equity adopt CMN 4966 prospectively; broad funding includes securities and borrowings,Índice de Basileia,https://api.mziq.com/mzfilemanager/v2/d/42787847-4cf6-4461-94a5-40ed237dca33/dd4bec5c-fb49-759c-fabc-b5db791b0aae?origin=2,documents/Itau/2026/2T26/Planilha_de_Series_Historicas_2T26__7747b90df4b5.xlsx,Sumário_PRO FORMA!D22,2026Q2,7747b90df4b515679c7dfe0dd5215cb4bffcf696a3af55bcd7afdf863b487001,0.164,100,mapped
Itau,2024Q1,credit_cost,9383.013068,BRL_million,quarter,managerial_pro_forma,consolidated,Expected-loss expense includes credit-like securities; prior impairment regrouped,Custo do Crédito,https://api.mziq.com/mzfilemanager/v2/d/42787847-4cf6-4461-94a5-40ed237dca33/dd4bec5c-fb49-759c-fabc-b5db791b0aae?origin=2,documents/Itau/2026/2T26/Planilha_de_Series_Historicas_2T26__7747b90df4b5.xlsx,DRE_MF_PRO FORMA!B10,2026Q2,7747b90df4b515679c7dfe0dd5215cb4bffcf696a3af55bcd7afdf863b487001,-9383.013068003327,-1,mapped
Itau,2024Q1,efficiency,37.091326,percent,quarter,managerial_pro_forma,consolidated,Consolidated including LATAM; pro forma series; Avenue consolidated from 2026; assets/equity adopt CMN 4966 prospectively; broad funding includes securities and borrowings,Índice de Eficiência (IE) (5) ,https://api.mziq.com/mzfilemanager/v2/d/42787847-4cf6-4461-94a5-40ed237dca33/dd4bec5c-fb49-759c-fabc-b5db791b0aae?origin=2,documents/Itau/2026/2T26/Planilha_de_Series_Historicas_2T26__7747b90df4b5.xlsx,Sumário_PRO FORMA!D13,2026Q2,7747b90df4b515679c7dfe0dd5215cb4bffcf696a3af55bcd7afdf863b487001,0.3709132622496206,100,mapped
Itau,2024Q1,equity,175981.458718,BRL_million,end_of_period,managerial_pro_forma,consolidated,Consolidated including LATAM; pro forma series; Avenue consolidated from 2026; assets/equity adopt CMN 4966 prospectively; broad funding includes securities and borrowings,Patrimônio Líquido (10),https://api.mziq.com/mzfilemanager/v2/d/42787847-4cf6-4461-94a5-40ed237dca33/dd4bec5c-fb49-759c-fabc-b5db791b0aae?origin=2,documents/Itau/2026/2T26/Planilha_de_Series_Historicas_2T26__7747b90df4b5.xlsx,Sumário_PRO FORMA!D28,2026Q2,7747b90df4b515679c7dfe0dd5215cb4bffcf696a3af55bcd7afdf863b487001,175981.45871825,1,mapped
Itau,2024Q1,fees,10430.029719,BRL_million,quarter,managerial_pro_forma,consolidated,Expected-loss expense includes credit-like securities; prior impairment regrouped,Receitas de Prestação de Serviços,https://api.mziq.com/mzfilemanager/v2/d/42787847-4cf6-4461-94a5-40ed237dca33/dd4bec5c-fb49-759c-fabc-b5db791b0aae?origin=2,documents/Itau/2026/2T26/Planilha_de_Series_Historicas_2T26__7747b90df4b5.xlsx,DRE_MF_PRO FORMA!B18,2026Q2,7747b90df4b515679c7dfe0dd5215cb4bffcf696a3af55bcd7afdf863b487001,10430.029718782322,1,mapped
Itau,2024Q1,funding_broad,1395078.913785,BRL_million,end_of_period,managerial_pro_forma,consolidated,Consolidated including LATAM; pro forma series; Avenue consolidated from 2026; assets/equity adopt CMN 4966 prospectively; broad funding includes securities and borrowings,Depósitos + Debêntures + Obrigações por TVM + Empréstimos e Repasses (11),https://api.mziq.com/mzfilemanager/v2/d/42787847-4cf6-4461-94a5-40ed237dca33/dd4bec5c-fb49-759c-fabc-b5db791b0aae?origin=2,documents/Itau/2026/2T26/Planilha_de_Series_Historicas_2T26__7747b90df4b5.xlsx,Sumário_PRO FORMA!D26,2026Q2,7747b90df4b515679c7dfe0dd5215cb4bffcf696a3af55bcd7afdf863b487001,1395078.9137847703,1,mapped
Itau,2024Q1,loans_expanded,1222333.035893,BRL_million,end_of_period,managerial_pro_forma,consolidated,Consolidated including LATAM; pro forma series; Avenue consolidated from 2026; assets/equity adopt CMN 4966 prospectively; broad funding includes securities and borrowings,Total de Operações de Crédito com Garantias Financeiras Prestadas e Títulos Privados,https://api.mziq.com/mzfilemanager/v2/d/42787847-4cf6-4461-94a5-40ed237dca33/dd4bec5c-fb49-759c-fabc-b5db791b0aae?origin=2,documents/Itau/2026/2T26/Planilha_de_Series_Historicas_2T26__7747b90df4b5.xlsx,Sumário_PRO FORMA!D25,2026Q2,7747b90df4b515679c7dfe0dd5215cb4bffcf696a3af55bcd7afdf863b487001,1222333.035892678,1,mapped
Itau,2024Q1,net_income_adjusted,9770.983671,BRL_million,quarter,managerial_pro_forma,consolidated,Consolidated including LATAM; pro forma series; Avenue consolidated from 2026; assets/equity adopt CMN 4966 prospectively; broad funding includes securities and borrowings,Resultado Recorrente Gerencial,https://api.mziq.com/mzfilemanager/v2/d/42787847-4cf6-4461-94a5-40ed237dca33/dd4bec5c-fb49-759c-fabc-b5db791b0aae?origin=2,documents/Itau/2026/2T26/Planilha_de_Series_Historicas_2T26__7747b90df4b5.xlsx,Sumário_PRO FORMA!D4,2026Q2,7747b90df4b515679c7dfe0dd5215cb4bffcf696a3af55bcd7afdf863b487001,9770.983671300548,1,mapped
Itau,2024Q1,net_interest_income,27576.114954,BRL_million,quarter,managerial_pro_forma,consolidated,Consolidated including LATAM; pro forma series; Avenue consolidated from 2026; assets/equity adopt CMN 4966 prospectively; broad funding includes securities and borrowings,Margem Financeira Gerencial (2) ,https://api.mziq.com/mzfilemanager/v2/d/42787847-4cf6-4461-94a5-40ed237dca33/dd4bec5c-fb49-759c-fabc-b5db791b0aae?origin=2,documents/Itau/2026/2T26/Planilha_de_Series_Historicas_2T26__7747b90df4b5.xlsx,Sumário_PRO FORMA!D6,2026Q2,7747b90df4b515679c7dfe0dd5215cb4bffcf696a3af55bcd7afdf863b487001,27576.114953740245,1,mapped
Itau,2024Q1,nii_clients,26517.043606,BRL_million,quarter,managerial_pro_forma,consolidated,Expected-loss expense includes credit-like securities; prior impairment regrouped, Margem Financeira com Clientes,https://api.mziq.com/mzfilemanager/v2/d/42787847-4cf6-4461-94a5-40ed237dca33/dd4bec5c-fb49-759c-fabc-b5db791b0aae?origin=2,documents/Itau/2026/2T26/Planilha_de_Series_Historicas_2T26__7747b90df4b5.xlsx,DRE_MF_PRO FORMA!B8,2026Q2,7747b90df4b515679c7dfe0dd5215cb4bffcf696a3af55bcd7afdf863b487001,26517.043606040002,1,mapped
Itau,2024Q1,nii_market,1059.071348,BRL_million,quarter,managerial_pro_forma,consolidated,Expected-loss expense includes credit-like securities; prior impairment regrouped, Margem Financeira com o Mercado,https://api.mziq.com/mzfilemanager/v2/d/42787847-4cf6-4461-94a5-40ed237dca33/dd4bec5c-fb49-759c-fabc-b5db791b0aae?origin=2,documents/Itau/2026/2T26/Planilha_de_Series_Historicas_2T26__7747b90df4b5.xlsx,DRE_MF_PRO FORMA!B9,2026Q2,7747b90df4b515679c7dfe0dd5215cb4bffcf696a3af55bcd7afdf863b487001,1059.071347700246,1,mapped
Itau,2024Q1,npl90,2.7,percent,end_of_period,managerial_pro_forma,consolidated,Consolidated including LATAM; pro forma series; Avenue consolidated from 2026; assets/equity adopt CMN 4966 prospectively; broad funding includes securities and borrowings,Índice de Inadimplência (90 dias) - Total,https://api.mziq.com/mzfilemanager/v2/d/42787847-4cf6-4461-94a5-40ed237dca33/dd4bec5c-fb49-759c-fabc-b5db791b0aae?origin=2,documents/Itau/2026/2T26/Planilha_de_Series_Historicas_2T26__7747b90df4b5.xlsx,Sumário_PRO FORMA!D10,2026Q2,7747b90df4b515679c7dfe0dd5215cb4bffcf696a3af55bcd7afdf863b487001,0.027,100,mapped
Itau,2024Q1,operating_expenses,14018.26097,BRL_million,quarter,managerial_pro_forma,consolidated,Expected-loss expense includes credit-like securities; prior impairment regrouped,Despesas não Decorrentes de Juros,https://api.mziq.com/mzfilemanager/v2/d/42787847-4cf6-4461-94a5-40ed237dca33/dd4bec5c-fb49-759c-fabc-b5db791b0aae?origin=2,documents/Itau/2026/2T26/Planilha_de_Series_Historicas_2T26__7747b90df4b5.xlsx,DRE_MF_PRO FORMA!B20,2026Q2,7747b90df4b515679c7dfe0dd5215cb4bffcf696a3af55bcd7afdf863b487001,-14018.260970364197,-1,mapped
Itau,2024Q1,pretax_income,14392.631969,BRL_million,quarter,managerial_pro_forma,consolidated,Expected-loss expense includes credit-like securities; prior impairment regrouped,Resultado antes da Tributação e Participações Minoritárias,https://api.mziq.com/mzfilemanager/v2/d/42787847-4cf6-4461-94a5-40ed237dca33/dd4bec5c-fb49-759c-fabc-b5db791b0aae?origin=2,documents/Itau/2026/2T26/Planilha_de_Series_Historicas_2T26__7747b90df4b5.xlsx,DRE_MF_PRO FORMA!B23,2026Q2,7747b90df4b515679c7dfe0dd5215cb4bffcf696a3af55bcd7afdf863b487001,14392.631969043076,1,mapped
Itau,2024Q1,revenue,40619.486477,BRL_million,quarter,managerial_pro_forma,consolidated,Consolidated including LATAM; pro forma series; Avenue consolidated from 2026; assets/equity adopt CMN 4966 prospectively; broad funding includes securities and borrowings,Produto Bancário (1),https://api.mziq.com/mzfilemanager/v2/d/42787847-4cf6-4461-94a5-40ed237dca33/dd4bec5c-fb49-759c-fabc-b5db791b0aae?origin=2,documents/Itau/2026/2T26/Planilha_de_Series_Historicas_2T26__7747b90df4b5.xlsx,Sumário_PRO FORMA!D5,2026Q2,7747b90df4b515679c7dfe0dd5215cb4bffcf696a3af55bcd7afdf863b487001,40619.48647727946,1,mapped
Itau,2024Q1,roe_adjusted,21.909887,percent,quarter_annualized,managerial_pro_forma,consolidated,Consolidated including LATAM; pro forma series; Avenue consolidated from 2026; assets/equity adopt CMN 4966 prospectively; broad funding includes securities and borrowings,Retorno Recorrente Gerencial sobre o Patrimônio Líquido Médio anualizado - Consolidado (3),https://api.mziq.com/mzfilemanager/v2/d/42787847-4cf6-4461-94a5-40ed237dca33/dd4bec5c-fb49-759c-fabc-b5db791b0aae?origin=2,documents/Itau/2026/2T26/Planilha_de_Series_Historicas_2T26__7747b90df4b5.xlsx,Sumário_PRO FORMA!D8,2026Q2,7747b90df4b515679c7dfe0dd5215cb4bffcf696a3af55bcd7afdf863b487001,0.21909886777658305,100,mapped
Itau,2024Q2,assets,2931995,BRL_million,end_of_period,managerial_pro_forma,consolidated,Consolidated including LATAM; pro forma series; Avenue consolidated from 2026; assets/equity adopt CMN 4966 prospectively; broad funding includes securities and borrowings,Ativos Totais (10),https://api.mziq.com/mzfilemanager/v2/d/42787847-4cf6-4461-94a5-40ed237dca33/dd4bec5c-fb49-759c-fabc-b5db791b0aae?origin=2,documents/Itau/2026/2T26/Planilha_de_Series_Historicas_2T26__7747b90df4b5.xlsx,Sumário_PRO FORMA!E24,2026Q2,7747b90df4b515679c7dfe0dd5215cb4bffcf696a3af55bcd7afdf863b487001,2931995,1,mapped
Itau,2024Q2,capital_total,16.6,percent,end_of_period,managerial_pro_forma,prudential,Consolidated including LATAM; pro forma series; Avenue consolidated from 2026; assets/equity adopt CMN 4966 prospectively; broad funding includes securities and borrowings,Índice de Basileia,https://api.mziq.com/mzfilemanager/v2/d/42787847-4cf6-4461-94a5-40ed237dca33/dd4bec5c-fb49-759c-fabc-b5db791b0aae?origin=2,documents/Itau/2026/2T26/Planilha_de_Series_Historicas_2T26__7747b90df4b5.xlsx,Sumário_PRO FORMA!E22,2026Q2,7747b90df4b515679c7dfe0dd5215cb4bffcf696a3af55bcd7afdf863b487001,0.166,100,mapped
Itau,2024Q2,cet1,13.1,percent,end_of_period,prudential,prudential,Explicit Common Equity Tier I row; values rounded as published in summary,Índice de Capital Principal (Common Equity Tier I),https://api.mziq.com/mzfilemanager/v2/d/42787847-4cf6-4461-94a5-40ed237dca33/8d7e5f61-e510-6ca1-ee2d-a7d4b86c5791?origin=2,documents/Itau/2025/2T25/Analise_gerencial_da_operacao_e_demonstracoes_contabeis_condensadas_em_BRGAAP__2ab41f2b3ae3.pdf,PDF p. 5; CET1 row; column 2T24,2025Q2,2ab41f2b3ae322586211b15673bfb86012d5902a281b5abae6f2603451df09ba,13.1,1,table_extracted
Itau,2024Q2,credit_cost,9428.803405,BRL_million,quarter,managerial_pro_forma,consolidated,Expected-loss expense includes credit-like securities; prior impairment regrouped,Custo do Crédito,https://api.mziq.com/mzfilemanager/v2/d/42787847-4cf6-4461-94a5-40ed237dca33/dd4bec5c-fb49-759c-fabc-b5db791b0aae?origin=2,documents/Itau/2026/2T26/Planilha_de_Series_Historicas_2T26__7747b90df4b5.xlsx,DRE_MF_PRO FORMA!C10,2026Q2,7747b90df4b515679c7dfe0dd5215cb4bffcf696a3af55bcd7afdf863b487001,-9428.803405154418,-1,mapped
Itau,2024Q2,efficiency,37.709245,percent,quarter,managerial_pro_forma,consolidated,Consolidated including LATAM; pro forma series; Avenue consolidated from 2026; assets/equity adopt CMN 4966 prospectively; broad funding includes securities and borrowings,Índice de Eficiência (IE) (5) ,https://api.mziq.com/mzfilemanager/v2/d/42787847-4cf6-4461-94a5-40ed237dca33/dd4bec5c-fb49-759c-fabc-b5db791b0aae?origin=2,documents/Itau/2026/2T26/Planilha_de_Series_Historicas_2T26__7747b90df4b5.xlsx,Sumário_PRO FORMA!E13,2026Q2,7747b90df4b515679c7dfe0dd5215cb4bffcf696a3af55bcd7afdf863b487001,0.37709245054410684,100,mapped
Itau,2024Q2,equity,183788.318069,BRL_million,end_of_period,managerial_pro_forma,consolidated,Consolidated including LATAM; pro forma series; Avenue consolidated from 2026; assets/equity adopt CMN 4966 prospectively; broad funding includes securities and borrowings,Patrimônio Líquido (10),https://api.mziq.com/mzfilemanager/v2/d/42787847-4cf6-4461-94a5-40ed237dca33/dd4bec5c-fb49-759c-fabc-b5db791b0aae?origin=2,documents/Itau/2026/2T26/Planilha_de_Series_Historicas_2T26__7747b90df4b5.xlsx,Sumário_PRO FORMA!E28,2026Q2,7747b90df4b515679c7dfe0dd5215cb4bffcf696a3af55bcd7afdf863b487001,183788.31806913,1,mapped
Itau,2024Q2,fees,10886.337192,BRL_million,quarter,managerial_pro_forma,consolidated,Expected-loss expense includes credit-like securities; prior impairment regrouped,Receitas de Prestação de Serviços,https://api.mziq.com/mzfilemanager/v2/d/42787847-4cf6-4461-94a5-40ed237dca33/dd4bec5c-fb49-759c-fabc-b5db791b0aae?origin=2,documents/Itau/2026/2T26/Planilha_de_Series_Historicas_2T26__7747b90df4b5.xlsx,DRE_MF_PRO FORMA!C18,2026Q2,7747b90df4b515679c7dfe0dd5215cb4bffcf696a3af55bcd7afdf863b487001,10886.337191650833,1,mapped
Itau,2024Q2,funding_broad,1464917.703653,BRL_million,end_of_period,managerial_pro_forma,consolidated,Consolidated including LATAM; pro forma series; Avenue consolidated from 2026; assets/equity adopt CMN 4966 prospectively; broad funding includes securities and borrowings,Depósitos + Debêntures + Obrigações por TVM + Empréstimos e Repasses (11),https://api.mziq.com/mzfilemanager/v2/d/42787847-4cf6-4461-94a5-40ed237dca33/dd4bec5c-fb49-759c-fabc-b5db791b0aae?origin=2,documents/Itau/2026/2T26/Planilha_de_Series_Historicas_2T26__7747b90df4b5.xlsx,Sumário_PRO FORMA!E26,2026Q2,7747b90df4b515679c7dfe0dd5215cb4bffcf696a3af55bcd7afdf863b487001,1464917.7036533002,1,mapped
Itau,2024Q2,loans_expanded,1294694.817965,BRL_million,end_of_period,managerial_pro_forma,consolidated,Consolidated including LATAM; pro forma series; Avenue consolidated from 2026; assets/equity adopt CMN 4966 prospectively; broad funding includes securities and borrowings,Total de Operações de Crédito com Garantias Financeiras Prestadas e Títulos Privados,https://api.mziq.com/mzfilemanager/v2/d/42787847-4cf6-4461-94a5-40ed237dca33/dd4bec5c-fb49-759c-fabc-b5db791b0aae?origin=2,documents/Itau/2026/2T26/Planilha_de_Series_Historicas_2T26__7747b90df4b5.xlsx,Sumário_PRO FORMA!E25,2026Q2,7747b90df4b515679c7dfe0dd5215cb4bffcf696a3af55bcd7afdf863b487001,1294694.8179646719,1,mapped
Itau,2024Q2,net_income_adjusted,10072.375121,BRL_million,quarter,managerial_pro_forma,consolidated,Consolidated including LATAM; pro forma series; Avenue consolidated from 2026; assets/equity adopt CMN 4966 prospectively; broad funding includes securities and borrowings,Resultado Recorrente Gerencial,https://api.mziq.com/mzfilemanager/v2/d/42787847-4cf6-4461-94a5-40ed237dca33/dd4bec5c-fb49-759c-fabc-b5db791b0aae?origin=2,documents/Itau/2026/2T26/Planilha_de_Series_Historicas_2T26__7747b90df4b5.xlsx,Sumário_PRO FORMA!E4,2026Q2,7747b90df4b515679c7dfe0dd5215cb4bffcf696a3af55bcd7afdf863b487001,10072.375121252127,1,mapped
Itau,2024Q2,net_interest_income,28460.122507,BRL_million,quarter,managerial_pro_forma,consolidated,Consolidated including LATAM; pro forma series; Avenue consolidated from 2026; assets/equity adopt CMN 4966 prospectively; broad funding includes securities and borrowings,Margem Financeira Gerencial (2) ,https://api.mziq.com/mzfilemanager/v2/d/42787847-4cf6-4461-94a5-40ed237dca33/dd4bec5c-fb49-759c-fabc-b5db791b0aae?origin=2,documents/Itau/2026/2T26/Planilha_de_Series_Historicas_2T26__7747b90df4b5.xlsx,Sumário_PRO FORMA!E6,2026Q2,7747b90df4b515679c7dfe0dd5215cb4bffcf696a3af55bcd7afdf863b487001,28460.122507185108,1,mapped
Itau,2024Q2,nii_clients,27058.135812,BRL_million,quarter,managerial_pro_forma,consolidated,Expected-loss expense includes credit-like securities; prior impairment regrouped, Margem Financeira com Clientes,https://api.mziq.com/mzfilemanager/v2/d/42787847-4cf6-4461-94a5-40ed237dca33/dd4bec5c-fb49-759c-fabc-b5db791b0aae?origin=2,documents/Itau/2026/2T26/Planilha_de_Series_Historicas_2T26__7747b90df4b5.xlsx,DRE_MF_PRO FORMA!C8,2026Q2,7747b90df4b515679c7dfe0dd5215cb4bffcf696a3af55bcd7afdf863b487001,27058.13581187463,1,mapped
Itau,2024Q2,nii_market,1401.986695,BRL_million,quarter,managerial_pro_forma,consolidated,Expected-loss expense includes credit-like securities; prior impairment regrouped, Margem Financeira com o Mercado,https://api.mziq.com/mzfilemanager/v2/d/42787847-4cf6-4461-94a5-40ed237dca33/dd4bec5c-fb49-759c-fabc-b5db791b0aae?origin=2,documents/Itau/2026/2T26/Planilha_de_Series_Historicas_2T26__7747b90df4b5.xlsx,DRE_MF_PRO FORMA!C9,2026Q2,7747b90df4b515679c7dfe0dd5215cb4bffcf696a3af55bcd7afdf863b487001,1401.986695310482,1,mapped
Itau,2024Q2,npl90,2.6,percent,end_of_period,managerial_pro_forma,consolidated,Consolidated including LATAM; pro forma series; Avenue consolidated from 2026; assets/equity adopt CMN 4966 prospectively; broad funding includes securities and borrowings,Índice de Inadimplência (90 dias) - Total,https://api.mziq.com/mzfilemanager/v2/d/42787847-4cf6-4461-94a5-40ed237dca33/dd4bec5c-fb49-759c-fabc-b5db791b0aae?origin=2,documents/Itau/2026/2T26/Planilha_de_Series_Historicas_2T26__7747b90df4b5.xlsx,Sumário_PRO FORMA!E10,2026Q2,7747b90df4b515679c7dfe0dd5215cb4bffcf696a3af55bcd7afdf863b487001,0.026,100,mapped
Itau,2024Q2,operating_expenses,14772.279967,BRL_million,quarter,managerial_pro_forma,consolidated,Expected-loss expense includes credit-like securities; prior impairment regrouped,Despesas não Decorrentes de Juros,https://api.mziq.com/mzfilemanager/v2/d/42787847-4cf6-4461-94a5-40ed237dca33/dd4bec5c-fb49-759c-fabc-b5db791b0aae?origin=2,documents/Itau/2026/2T26/Planilha_de_Series_Historicas_2T26__7747b90df4b5.xlsx,DRE_MF_PRO FORMA!C20,2026Q2,7747b90df4b515679c7dfe0dd5215cb4bffcf696a3af55bcd7afdf863b487001,-14772.279967027918,-1,mapped
Itau,2024Q2,pretax_income,14973.076883,BRL_million,quarter,managerial_pro_forma,consolidated,Expected-loss expense includes credit-like securities; prior impairment regrouped,Resultado antes da Tributação e Participações Minoritárias,https://api.mziq.com/mzfilemanager/v2/d/42787847-4cf6-4461-94a5-40ed237dca33/dd4bec5c-fb49-759c-fabc-b5db791b0aae?origin=2,documents/Itau/2026/2T26/Planilha_de_Series_Historicas_2T26__7747b90df4b5.xlsx,DRE_MF_PRO FORMA!C23,2026Q2,7747b90df4b515679c7dfe0dd5215cb4bffcf696a3af55bcd7afdf863b487001,14973.076882725838,1,mapped
Itau,2024Q2,revenue,42155.003433,BRL_million,quarter,managerial_pro_forma,consolidated,Consolidated including LATAM; pro forma series; Avenue consolidated from 2026; assets/equity adopt CMN 4966 prospectively; broad funding includes securities and borrowings,Produto Bancário (1),https://api.mziq.com/mzfilemanager/v2/d/42787847-4cf6-4461-94a5-40ed237dca33/dd4bec5c-fb49-759c-fabc-b5db791b0aae?origin=2,documents/Itau/2026/2T26/Planilha_de_Series_Historicas_2T26__7747b90df4b5.xlsx,Sumário_PRO FORMA!E5,2026Q2,7747b90df4b515679c7dfe0dd5215cb4bffcf696a3af55bcd7afdf863b487001,42155.00343267438,1,mapped
Itau,2024Q2,roe_adjusted,22.397379,percent,quarter_annualized,managerial_pro_forma,consolidated,Consolidated including LATAM; pro forma series; Avenue consolidated from 2026; assets/equity adopt CMN 4966 prospectively; broad funding includes securities and borrowings,Retorno Recorrente Gerencial sobre o Patrimônio Líquido Médio anualizado - Consolidado (3),https://api.mziq.com/mzfilemanager/v2/d/42787847-4cf6-4461-94a5-40ed237dca33/dd4bec5c-fb49-759c-fabc-b5db791b0aae?origin=2,documents/Itau/2026/2T26/Planilha_de_Series_Historicas_2T26__7747b90df4b5.xlsx,Sumário_PRO FORMA!E8,2026Q2,7747b90df4b515679c7dfe0dd5215cb4bffcf696a3af55bcd7afdf863b487001,0.2239737914884338,100,mapped
Itau,2024Q3,assets,3008534,BRL_million,end_of_period,managerial_pro_forma,consolidated,Consolidated including LATAM; pro forma series; Avenue consolidated from 2026; assets/equity adopt CMN 4966 prospectively; broad funding includes securities and borrowings,Ativos Totais (10),https://api.mziq.com/mzfilemanager/v2/d/42787847-4cf6-4461-94a5-40ed237dca33/dd4bec5c-fb49-759c-fabc-b5db791b0aae?origin=2,documents/Itau/2026/2T26/Planilha_de_Series_Historicas_2T26__7747b90df4b5.xlsx,Sumário_PRO FORMA!F24,2026Q2,7747b90df4b515679c7dfe0dd5215cb4bffcf696a3af55bcd7afdf863b487001,3008534,1,mapped
Itau,2024Q3,capital_total,17.2,percent,end_of_period,managerial_pro_forma,prudential,Consolidated including LATAM; pro forma series; Avenue consolidated from 2026; assets/equity adopt CMN 4966 prospectively; broad funding includes securities and borrowings,Índice de Basileia,https://api.mziq.com/mzfilemanager/v2/d/42787847-4cf6-4461-94a5-40ed237dca33/dd4bec5c-fb49-759c-fabc-b5db791b0aae?origin=2,documents/Itau/2026/2T26/Planilha_de_Series_Historicas_2T26__7747b90df4b5.xlsx,Sumário_PRO FORMA!F22,2026Q2,7747b90df4b515679c7dfe0dd5215cb4bffcf696a3af55bcd7afdf863b487001,0.172,100,mapped
Itau,2024Q3,cet1,13.7,percent,end_of_period,prudential,prudential,Explicit Common Equity Tier I row; values rounded as published in summary,Índice de Capital Principal (Common Equity Tier I),https://api.mziq.com/mzfilemanager/v2/d/42787847-4cf6-4461-94a5-40ed237dca33/4224dc78-1031-403c-6a3d-2cc05b155486?origin=2,documents/Itau/2025/3T25/Analise_gerencial_da_operacao_e_demonstracoes_contabeis_condensadas_em_BRGAAP__71d30ab99014.pdf,PDF p. 5; CET1 row; column 3T24,2025Q3,71d30ab990145ebbc6be20e9039a5df0387b7dd46cdb9e8749733eb94d4fd987,13.7,1,table_extracted
Itau,2024Q3,credit_cost,8838.014973,BRL_million,quarter,managerial_pro_forma,consolidated,Expected-loss expense includes credit-like securities; prior impairment regrouped,Custo do Crédito,https://api.mziq.com/mzfilemanager/v2/d/42787847-4cf6-4461-94a5-40ed237dca33/dd4bec5c-fb49-759c-fabc-b5db791b0aae?origin=2,documents/Itau/2026/2T26/Planilha_de_Series_Historicas_2T26__7747b90df4b5.xlsx,DRE_MF_PRO FORMA!D10,2026Q2,7747b90df4b515679c7dfe0dd5215cb4bffcf696a3af55bcd7afdf863b487001,-8838.014973000501,-1,mapped
Itau,2024Q3,efficiency,39.330181,percent,quarter,managerial_pro_forma,consolidated,Consolidated including LATAM; pro forma series; Avenue consolidated from 2026; assets/equity adopt CMN 4966 prospectively; broad funding includes securities and borrowings,Índice de Eficiência (IE) (5) ,https://api.mziq.com/mzfilemanager/v2/d/42787847-4cf6-4461-94a5-40ed237dca33/dd4bec5c-fb49-759c-fabc-b5db791b0aae?origin=2,documents/Itau/2026/2T26/Planilha_de_Series_Historicas_2T26__7747b90df4b5.xlsx,Sumário_PRO FORMA!F13,2026Q2,7747b90df4b515679c7dfe0dd5215cb4bffcf696a3af55bcd7afdf863b487001,0.39330181443539103,100,mapped
Itau,2024Q3,equity,192248.206791,BRL_million,end_of_period,managerial_pro_forma,consolidated,Consolidated including LATAM; pro forma series; Avenue consolidated from 2026; assets/equity adopt CMN 4966 prospectively; broad funding includes securities and borrowings,Patrimônio Líquido (10),https://api.mziq.com/mzfilemanager/v2/d/42787847-4cf6-4461-94a5-40ed237dca33/dd4bec5c-fb49-759c-fabc-b5db791b0aae?origin=2,documents/Itau/2026/2T26/Planilha_de_Series_Historicas_2T26__7747b90df4b5.xlsx,Sumário_PRO FORMA!F28,2026Q2,7747b90df4b515679c7dfe0dd5215cb4bffcf696a3af55bcd7afdf863b487001,192248.20679128,1,mapped
Itau,2024Q3,fees,10826.46576,BRL_million,quarter,managerial_pro_forma,consolidated,Expected-loss expense includes credit-like securities; prior impairment regrouped,Receitas de Prestação de Serviços,https://api.mziq.com/mzfilemanager/v2/d/42787847-4cf6-4461-94a5-40ed237dca33/dd4bec5c-fb49-759c-fabc-b5db791b0aae?origin=2,documents/Itau/2026/2T26/Planilha_de_Series_Historicas_2T26__7747b90df4b5.xlsx,DRE_MF_PRO FORMA!D18,2026Q2,7747b90df4b515679c7dfe0dd5215cb4bffcf696a3af55bcd7afdf863b487001,10826.465759966464,1,mapped
Itau,2024Q3,funding_broad,1470927.432327,BRL_million,end_of_period,managerial_pro_forma,consolidated,Consolidated including LATAM; pro forma series; Avenue consolidated from 2026; assets/equity adopt CMN 4966 prospectively; broad funding includes securities and borrowings,Depósitos + Debêntures + Obrigações por TVM + Empréstimos e Repasses (11),https://api.mziq.com/mzfilemanager/v2/d/42787847-4cf6-4461-94a5-40ed237dca33/dd4bec5c-fb49-759c-fabc-b5db791b0aae?origin=2,documents/Itau/2026/2T26/Planilha_de_Series_Historicas_2T26__7747b90df4b5.xlsx,Sumário_PRO FORMA!F26,2026Q2,7747b90df4b515679c7dfe0dd5215cb4bffcf696a3af55bcd7afdf863b487001,1470927.43232726,1,mapped
Itau,2024Q3,loans_expanded,1318082.023793,BRL_million,end_of_period,managerial_pro_forma,consolidated,Consolidated including LATAM; pro forma series; Avenue consolidated from 2026; assets/equity adopt CMN 4966 prospectively; broad funding includes securities and borrowings,Total de Operações de Crédito com Garantias Financeiras Prestadas e Títulos Privados,https://api.mziq.com/mzfilemanager/v2/d/42787847-4cf6-4461-94a5-40ed237dca33/dd4bec5c-fb49-759c-fabc-b5db791b0aae?origin=2,documents/Itau/2026/2T26/Planilha_de_Series_Historicas_2T26__7747b90df4b5.xlsx,Sumário_PRO FORMA!F25,2026Q2,7747b90df4b515679c7dfe0dd5215cb4bffcf696a3af55bcd7afdf863b487001,1318082.023793296,1,mapped
Itau,2024Q3,net_income_adjusted,10675.140598,BRL_million,quarter,managerial_pro_forma,consolidated,Consolidated including LATAM; pro forma series; Avenue consolidated from 2026; assets/equity adopt CMN 4966 prospectively; broad funding includes securities and borrowings,Resultado Recorrente Gerencial,https://api.mziq.com/mzfilemanager/v2/d/42787847-4cf6-4461-94a5-40ed237dca33/dd4bec5c-fb49-759c-fabc-b5db791b0aae?origin=2,documents/Itau/2026/2T26/Planilha_de_Series_Historicas_2T26__7747b90df4b5.xlsx,Sumário_PRO FORMA!F4,2026Q2,7747b90df4b515679c7dfe0dd5215cb4bffcf696a3af55bcd7afdf863b487001,10675.140598238992,1,mapped
Itau,2024Q3,net_interest_income,29276.623541,BRL_million,quarter,managerial_pro_forma,consolidated,Consolidated including LATAM; pro forma series; Avenue consolidated from 2026; assets/equity adopt CMN 4966 prospectively; broad funding includes securities and borrowings,Margem Financeira Gerencial (2) ,https://api.mziq.com/mzfilemanager/v2/d/42787847-4cf6-4461-94a5-40ed237dca33/dd4bec5c-fb49-759c-fabc-b5db791b0aae?origin=2,documents/Itau/2026/2T26/Planilha_de_Series_Historicas_2T26__7747b90df4b5.xlsx,Sumário_PRO FORMA!F6,2026Q2,7747b90df4b515679c7dfe0dd5215cb4bffcf696a3af55bcd7afdf863b487001,29276.623541401055,1,mapped
Itau,2024Q3,nii_clients,28220.364302,BRL_million,quarter,managerial_pro_forma,consolidated,Expected-loss expense includes credit-like securities; prior impairment regrouped, Margem Financeira com Clientes,https://api.mziq.com/mzfilemanager/v2/d/42787847-4cf6-4461-94a5-40ed237dca33/dd4bec5c-fb49-759c-fabc-b5db791b0aae?origin=2,documents/Itau/2026/2T26/Planilha_de_Series_Historicas_2T26__7747b90df4b5.xlsx,DRE_MF_PRO FORMA!D8,2026Q2,7747b90df4b515679c7dfe0dd5215cb4bffcf696a3af55bcd7afdf863b487001,28220.364301500875,1,mapped
Itau,2024Q3,nii_market,1056.25924,BRL_million,quarter,managerial_pro_forma,consolidated,Expected-loss expense includes credit-like securities; prior impairment regrouped, Margem Financeira com o Mercado,https://api.mziq.com/mzfilemanager/v2/d/42787847-4cf6-4461-94a5-40ed237dca33/dd4bec5c-fb49-759c-fabc-b5db791b0aae?origin=2,documents/Itau/2026/2T26/Planilha_de_Series_Historicas_2T26__7747b90df4b5.xlsx,DRE_MF_PRO FORMA!D9,2026Q2,7747b90df4b515679c7dfe0dd5215cb4bffcf696a3af55bcd7afdf863b487001,1056.2592399001783,1,mapped
Itau,2024Q3,npl90,2.5,percent,end_of_period,managerial_pro_forma,consolidated,Consolidated including LATAM; pro forma series; Avenue consolidated from 2026; assets/equity adopt CMN 4966 prospectively; broad funding includes securities and borrowings,Índice de Inadimplência (90 dias) - Total,https://api.mziq.com/mzfilemanager/v2/d/42787847-4cf6-4461-94a5-40ed237dca33/dd4bec5c-fb49-759c-fabc-b5db791b0aae?origin=2,documents/Itau/2026/2T26/Planilha_de_Series_Historicas_2T26__7747b90df4b5.xlsx,Sumário_PRO FORMA!F10,2026Q2,7747b90df4b515679c7dfe0dd5215cb4bffcf696a3af55bcd7afdf863b487001,0.025,100,mapped
Itau,2024Q3,operating_expenses,15754.741303,BRL_million,quarter,managerial_pro_forma,consolidated,Expected-loss expense includes credit-like securities; prior impairment regrouped,Despesas não Decorrentes de Juros,https://api.mziq.com/mzfilemanager/v2/d/42787847-4cf6-4461-94a5-40ed237dca33/dd4bec5c-fb49-759c-fabc-b5db791b0aae?origin=2,documents/Itau/2026/2T26/Planilha_de_Series_Historicas_2T26__7747b90df4b5.xlsx,DRE_MF_PRO FORMA!D20,2026Q2,7747b90df4b515679c7dfe0dd5215cb4bffcf696a3af55bcd7afdf863b487001,-15754.741302532944,-1,mapped
Itau,2024Q3,pretax_income,15464.880695,BRL_million,quarter,managerial_pro_forma,consolidated,Expected-loss expense includes credit-like securities; prior impairment regrouped,Resultado antes da Tributação e Participações Minoritárias,https://api.mziq.com/mzfilemanager/v2/d/42787847-4cf6-4461-94a5-40ed237dca33/dd4bec5c-fb49-759c-fabc-b5db791b0aae?origin=2,documents/Itau/2026/2T26/Planilha_de_Series_Historicas_2T26__7747b90df4b5.xlsx,DRE_MF_PRO FORMA!D23,2026Q2,7747b90df4b515679c7dfe0dd5215cb4bffcf696a3af55bcd7afdf863b487001,15464.880695071039,1,mapped
Itau,2024Q3,revenue,43052.075479,BRL_million,quarter,managerial_pro_forma,consolidated,Consolidated including LATAM; pro forma series; Avenue consolidated from 2026; assets/equity adopt CMN 4966 prospectively; broad funding includes securities and borrowings,Produto Bancário (1),https://api.mziq.com/mzfilemanager/v2/d/42787847-4cf6-4461-94a5-40ed237dca33/dd4bec5c-fb49-759c-fabc-b5db791b0aae?origin=2,documents/Itau/2026/2T26/Planilha_de_Series_Historicas_2T26__7747b90df4b5.xlsx,Sumário_PRO FORMA!F5,2026Q2,7747b90df4b515679c7dfe0dd5215cb4bffcf696a3af55bcd7afdf863b487001,43052.075478993014,1,mapped
Itau,2024Q3,roe_adjusted,22.710859,percent,quarter_annualized,managerial_pro_forma,consolidated,Consolidated including LATAM; pro forma series; Avenue consolidated from 2026; assets/equity adopt CMN 4966 prospectively; broad funding includes securities and borrowings,Retorno Recorrente Gerencial sobre o Patrimônio Líquido Médio anualizado - Consolidado (3),https://api.mziq.com/mzfilemanager/v2/d/42787847-4cf6-4461-94a5-40ed237dca33/dd4bec5c-fb49-759c-fabc-b5db791b0aae?origin=2,documents/Itau/2026/2T26/Planilha_de_Series_Historicas_2T26__7747b90df4b5.xlsx,Sumário_PRO FORMA!F8,2026Q2,7747b90df4b515679c7dfe0dd5215cb4bffcf696a3af55bcd7afdf863b487001,0.22710858956484087,100,mapped
Itau,2024Q4,assets,3048537,BRL_million,end_of_period,managerial_pro_forma,consolidated,Consolidated including LATAM; pro forma series; Avenue consolidated from 2026; assets/equity adopt CMN 4966 prospectively; broad funding includes securities and borrowings,Ativos Totais (10),https://api.mziq.com/mzfilemanager/v2/d/42787847-4cf6-4461-94a5-40ed237dca33/dd4bec5c-fb49-759c-fabc-b5db791b0aae?origin=2,documents/Itau/2026/2T26/Planilha_de_Series_Historicas_2T26__7747b90df4b5.xlsx,Sumário_PRO FORMA!G24,2026Q2,7747b90df4b515679c7dfe0dd5215cb4bffcf696a3af55bcd7afdf863b487001,3048537,1,mapped
Itau,2024Q4,capital_total,16.5,percent,end_of_period,managerial_pro_forma,prudential,Consolidated including LATAM; pro forma series; Avenue consolidated from 2026; assets/equity adopt CMN 4966 prospectively; broad funding includes securities and borrowings,Índice de Basileia,https://api.mziq.com/mzfilemanager/v2/d/42787847-4cf6-4461-94a5-40ed237dca33/dd4bec5c-fb49-759c-fabc-b5db791b0aae?origin=2,documents/Itau/2026/2T26/Planilha_de_Series_Historicas_2T26__7747b90df4b5.xlsx,Sumário_PRO FORMA!G22,2026Q2,7747b90df4b515679c7dfe0dd5215cb4bffcf696a3af55bcd7afdf863b487001,0.165,100,mapped
Itau,2024Q4,cet1,13.7,percent,end_of_period,prudential,prudential,Explicit Common Equity Tier I row; values rounded as published in summary,Índice de Capital Principal (Common Equity Tier I),https://filemanager-cdn.mziq.com/published/42787847-4cf6-4461-94a5-40ed237dca33/fb7d9580-424d-47aa-924e-8cf202975d59_itau_unibanco_holding_s.a..pdf,documents/Itau/2025/4T25/Analise_gerencial_da_operacao_e_demonstracoes_contabeis_completas_em_BRGAAP__d64990b4cbfc.pdf,PDF p. 5; CET1 row; column 4T24,2025Q4,d64990b4cbfc16e93fe13c90ed1fe31c5acefbd0344cca2dad7481ff3c89ea31,13.7,1,table_extracted
Itau,2024Q4,credit_cost,9388.594616,BRL_million,quarter,managerial_pro_forma,consolidated,Expected-loss expense includes credit-like securities; prior impairment regrouped,Custo do Crédito,https://api.mziq.com/mzfilemanager/v2/d/42787847-4cf6-4461-94a5-40ed237dca33/dd4bec5c-fb49-759c-fabc-b5db791b0aae?origin=2,documents/Itau/2026/2T26/Planilha_de_Series_Historicas_2T26__7747b90df4b5.xlsx,DRE_MF_PRO FORMA!E10,2026Q2,7747b90df4b515679c7dfe0dd5215cb4bffcf696a3af55bcd7afdf863b487001,-9388.594615848977,-1,mapped
Itau,2024Q4,efficiency,39.559393,percent,quarter,managerial_pro_forma,consolidated,Consolidated including LATAM; pro forma series; Avenue consolidated from 2026; assets/equity adopt CMN 4966 prospectively; broad funding includes securities and borrowings,Índice de Eficiência (IE) (5) ,https://api.mziq.com/mzfilemanager/v2/d/42787847-4cf6-4461-94a5-40ed237dca33/dd4bec5c-fb49-759c-fabc-b5db791b0aae?origin=2,documents/Itau/2026/2T26/Planilha_de_Series_Historicas_2T26__7747b90df4b5.xlsx,Sumário_PRO FORMA!G13,2026Q2,7747b90df4b515679c7dfe0dd5215cb4bffcf696a3af55bcd7afdf863b487001,0.39559392673691396,100,mapped
Itau,2024Q4,equity,201054.7448,BRL_million,end_of_period,managerial_pro_forma,consolidated,Consolidated including LATAM; pro forma series; Avenue consolidated from 2026; assets/equity adopt CMN 4966 prospectively; broad funding includes securities and borrowings,Patrimônio Líquido (10),https://api.mziq.com/mzfilemanager/v2/d/42787847-4cf6-4461-94a5-40ed237dca33/dd4bec5c-fb49-759c-fabc-b5db791b0aae?origin=2,documents/Itau/2026/2T26/Planilha_de_Series_Historicas_2T26__7747b90df4b5.xlsx,Sumário_PRO FORMA!G28,2026Q2,7747b90df4b515679c7dfe0dd5215cb4bffcf696a3af55bcd7afdf863b487001,201054.74479989999,1,mapped
Itau,2024Q4,fees,11246.046245,BRL_million,quarter,managerial_pro_forma,consolidated,Expected-loss expense includes credit-like securities; prior impairment regrouped,Receitas de Prestação de Serviços,https://api.mziq.com/mzfilemanager/v2/d/42787847-4cf6-4461-94a5-40ed237dca33/dd4bec5c-fb49-759c-fabc-b5db791b0aae?origin=2,documents/Itau/2026/2T26/Planilha_de_Series_Historicas_2T26__7747b90df4b5.xlsx,DRE_MF_PRO FORMA!E18,2026Q2,7747b90df4b515679c7dfe0dd5215cb4bffcf696a3af55bcd7afdf863b487001,11246.046245009953,1,mapped
Itau,2024Q4,funding_broad,1557160.736733,BRL_million,end_of_period,managerial_pro_forma,consolidated,Consolidated including LATAM; pro forma series; Avenue consolidated from 2026; assets/equity adopt CMN 4966 prospectively; broad funding includes securities and borrowings,Depósitos + Debêntures + Obrigações por TVM + Empréstimos e Repasses (11),https://api.mziq.com/mzfilemanager/v2/d/42787847-4cf6-4461-94a5-40ed237dca33/dd4bec5c-fb49-759c-fabc-b5db791b0aae?origin=2,documents/Itau/2026/2T26/Planilha_de_Series_Historicas_2T26__7747b90df4b5.xlsx,Sumário_PRO FORMA!G26,2026Q2,7747b90df4b515679c7dfe0dd5215cb4bffcf696a3af55bcd7afdf863b487001,1557160.7367333001,1,mapped
Itau,2024Q4,loans_expanded,1406356.830591,BRL_million,end_of_period,managerial_pro_forma,consolidated,Consolidated including LATAM; pro forma series; Avenue consolidated from 2026; assets/equity adopt CMN 4966 prospectively; broad funding includes securities and borrowings,Total de Operações de Crédito com Garantias Financeiras Prestadas e Títulos Privados,https://api.mziq.com/mzfilemanager/v2/d/42787847-4cf6-4461-94a5-40ed237dca33/dd4bec5c-fb49-759c-fabc-b5db791b0aae?origin=2,documents/Itau/2026/2T26/Planilha_de_Series_Historicas_2T26__7747b90df4b5.xlsx,Sumário_PRO FORMA!G25,2026Q2,7747b90df4b515679c7dfe0dd5215cb4bffcf696a3af55bcd7afdf863b487001,1406356.830591214,1,mapped
Itau,2024Q4,net_income_adjusted,10884.120315,BRL_million,quarter,managerial_pro_forma,consolidated,Consolidated including LATAM; pro forma series; Avenue consolidated from 2026; assets/equity adopt CMN 4966 prospectively; broad funding includes securities and borrowings,Resultado Recorrente Gerencial,https://api.mziq.com/mzfilemanager/v2/d/42787847-4cf6-4461-94a5-40ed237dca33/dd4bec5c-fb49-759c-fabc-b5db791b0aae?origin=2,documents/Itau/2026/2T26/Planilha_de_Series_Historicas_2T26__7747b90df4b5.xlsx,Sumário_PRO FORMA!G4,2026Q2,7747b90df4b515679c7dfe0dd5215cb4bffcf696a3af55bcd7afdf863b487001,10884.120314604239,1,mapped
Itau,2024Q4,net_interest_income,30307.171959,BRL_million,quarter,managerial_pro_forma,consolidated,Consolidated including LATAM; pro forma series; Avenue consolidated from 2026; assets/equity adopt CMN 4966 prospectively; broad funding includes securities and borrowings,Margem Financeira Gerencial (2) ,https://api.mziq.com/mzfilemanager/v2/d/42787847-4cf6-4461-94a5-40ed237dca33/dd4bec5c-fb49-759c-fabc-b5db791b0aae?origin=2,documents/Itau/2026/2T26/Planilha_de_Series_Historicas_2T26__7747b90df4b5.xlsx,Sumário_PRO FORMA!G6,2026Q2,7747b90df4b515679c7dfe0dd5215cb4bffcf696a3af55bcd7afdf863b487001,30307.17195907456,1,mapped
Itau,2024Q4,nii_clients,29403.585486,BRL_million,quarter,managerial_pro_forma,consolidated,Expected-loss expense includes credit-like securities; prior impairment regrouped, Margem Financeira com Clientes,https://api.mziq.com/mzfilemanager/v2/d/42787847-4cf6-4461-94a5-40ed237dca33/dd4bec5c-fb49-759c-fabc-b5db791b0aae?origin=2,documents/Itau/2026/2T26/Planilha_de_Series_Historicas_2T26__7747b90df4b5.xlsx,DRE_MF_PRO FORMA!E8,2026Q2,7747b90df4b515679c7dfe0dd5215cb4bffcf696a3af55bcd7afdf863b487001,29403.585486084718,1,mapped
Itau,2024Q4,nii_market,903.586473,BRL_million,quarter,managerial_pro_forma,consolidated,Expected-loss expense includes credit-like securities; prior impairment regrouped, Margem Financeira com o Mercado,https://api.mziq.com/mzfilemanager/v2/d/42787847-4cf6-4461-94a5-40ed237dca33/dd4bec5c-fb49-759c-fabc-b5db791b0aae?origin=2,documents/Itau/2026/2T26/Planilha_de_Series_Historicas_2T26__7747b90df4b5.xlsx,DRE_MF_PRO FORMA!E9,2026Q2,7747b90df4b515679c7dfe0dd5215cb4bffcf696a3af55bcd7afdf863b487001,903.5864729898433,1,mapped
Itau,2024Q4,npl90,1.957214,percent,end_of_period,managerial_pro_forma,consolidated,Consolidated including LATAM; pro forma series; Avenue consolidated from 2026; assets/equity adopt CMN 4966 prospectively; broad funding includes securities and borrowings,Índice de Inadimplência (90 dias) - Total,https://api.mziq.com/mzfilemanager/v2/d/42787847-4cf6-4461-94a5-40ed237dca33/dd4bec5c-fb49-759c-fabc-b5db791b0aae?origin=2,documents/Itau/2026/2T26/Planilha_de_Series_Historicas_2T26__7747b90df4b5.xlsx,Sumário_PRO FORMA!G10,2026Q2,7747b90df4b515679c7dfe0dd5215cb4bffcf696a3af55bcd7afdf863b487001,0.019572135629326522,100,mapped
Itau,2024Q4,operating_expenses,16410.554512,BRL_million,quarter,managerial_pro_forma,consolidated,Expected-loss expense includes credit-like securities; prior impairment regrouped,Despesas não Decorrentes de Juros,https://api.mziq.com/mzfilemanager/v2/d/42787847-4cf6-4461-94a5-40ed237dca33/dd4bec5c-fb49-759c-fabc-b5db791b0aae?origin=2,documents/Itau/2026/2T26/Planilha_de_Series_Historicas_2T26__7747b90df4b5.xlsx,DRE_MF_PRO FORMA!E20,2026Q2,7747b90df4b515679c7dfe0dd5215cb4bffcf696a3af55bcd7afdf863b487001,-16410.55451235903,-1,mapped
Itau,2024Q4,pretax_income,15684.183661,BRL_million,quarter,managerial_pro_forma,consolidated,Expected-loss expense includes credit-like securities; prior impairment regrouped,Resultado antes da Tributação e Participações Minoritárias,https://api.mziq.com/mzfilemanager/v2/d/42787847-4cf6-4461-94a5-40ed237dca33/dd4bec5c-fb49-759c-fabc-b5db791b0aae?origin=2,documents/Itau/2026/2T26/Planilha_de_Series_Historicas_2T26__7747b90df4b5.xlsx,DRE_MF_PRO FORMA!E23,2026Q2,7747b90df4b515679c7dfe0dd5215cb4bffcf696a3af55bcd7afdf863b487001,15684.183661089104,1,mapped
Itau,2024Q4,revenue,44552.680165,BRL_million,quarter,managerial_pro_forma,consolidated,Consolidated including LATAM; pro forma series; Avenue consolidated from 2026; assets/equity adopt CMN 4966 prospectively; broad funding includes securities and borrowings,Produto Bancário (1),https://api.mziq.com/mzfilemanager/v2/d/42787847-4cf6-4461-94a5-40ed237dca33/dd4bec5c-fb49-759c-fabc-b5db791b0aae?origin=2,documents/Itau/2026/2T26/Planilha_de_Series_Historicas_2T26__7747b90df4b5.xlsx,Sumário_PRO FORMA!G5,2026Q2,7747b90df4b515679c7dfe0dd5215cb4bffcf696a3af55bcd7afdf863b487001,44552.68016467225,1,mapped
Itau,2024Q4,roe_adjusted,22.138904,percent,quarter_annualized,managerial_pro_forma,consolidated,Consolidated including LATAM; pro forma series; Avenue consolidated from 2026; assets/equity adopt CMN 4966 prospectively; broad funding includes securities and borrowings,Retorno Recorrente Gerencial sobre o Patrimônio Líquido Médio anualizado - Consolidado (3),https://api.mziq.com/mzfilemanager/v2/d/42787847-4cf6-4461-94a5-40ed237dca33/dd4bec5c-fb49-759c-fabc-b5db791b0aae?origin=2,documents/Itau/2026/2T26/Planilha_de_Series_Historicas_2T26__7747b90df4b5.xlsx,Sumário_PRO FORMA!G8,2026Q2,7747b90df4b515679c7dfe0dd5215cb4bffcf696a3af55bcd7afdf863b487001,0.22138903907169807,100,mapped
Itau,2025Q1,assets,2820926,BRL_million,end_of_period,managerial_pro_forma,consolidated,Consolidated including LATAM; pro forma series; Avenue consolidated from 2026; assets/equity adopt CMN 4966 prospectively; broad funding includes securities and borrowings,Ativos Totais (10),https://api.mziq.com/mzfilemanager/v2/d/42787847-4cf6-4461-94a5-40ed237dca33/dd4bec5c-fb49-759c-fabc-b5db791b0aae?origin=2,documents/Itau/2026/2T26/Planilha_de_Series_Historicas_2T26__7747b90df4b5.xlsx,Sumário_PRO FORMA!H24,2026Q2,7747b90df4b515679c7dfe0dd5215cb4bffcf696a3af55bcd7afdf863b487001,2820926,1,mapped
Itau,2025Q1,capital_total,15.7,percent,end_of_period,managerial_pro_forma,prudential,Consolidated including LATAM; pro forma series; Avenue consolidated from 2026; assets/equity adopt CMN 4966 prospectively; broad funding includes securities and borrowings,Índice de Basileia,https://api.mziq.com/mzfilemanager/v2/d/42787847-4cf6-4461-94a5-40ed237dca33/dd4bec5c-fb49-759c-fabc-b5db791b0aae?origin=2,documents/Itau/2026/2T26/Planilha_de_Series_Historicas_2T26__7747b90df4b5.xlsx,Sumário_PRO FORMA!H22,2026Q2,7747b90df4b515679c7dfe0dd5215cb4bffcf696a3af55bcd7afdf863b487001,0.157,100,mapped
Itau,2025Q1,cet1,12.6,percent,end_of_period,prudential,prudential,Explicit Common Equity Tier I row; values rounded as published in summary,Índice de Capital Principal (Common Equity Tier I),https://api.mziq.com/mzfilemanager/v2/d/42787847-4cf6-4461-94a5-40ed237dca33/f6407337-eafd-ee57-d6dc-1719caaaff71?origin=2,documents/Itau/2026/1T26/Analise_gerencial_da_operacao_e_demonstracoes_contabeis_completas_em_BRGAAP__154f0fb251e0.pdf,PDF p. 5; CET1 row; column 1T25,2026Q1,154f0fb251e077fd3b4ea84088201c6de7fcda143c0d7cc471028692faddf0fd,12.6,1,table_extracted
Itau,2025Q1,credit_cost,9523.826271,BRL_million,quarter,managerial_pro_forma,consolidated,Expected-loss expense includes credit-like securities; prior impairment regrouped,Custo do Crédito,https://api.mziq.com/mzfilemanager/v2/d/42787847-4cf6-4461-94a5-40ed237dca33/dd4bec5c-fb49-759c-fabc-b5db791b0aae?origin=2,documents/Itau/2026/2T26/Planilha_de_Series_Historicas_2T26__7747b90df4b5.xlsx,DRE_MF_PRO FORMA!G10,2026Q2,7747b90df4b515679c7dfe0dd5215cb4bffcf696a3af55bcd7afdf863b487001,-9523.826271064328,-1,mapped
Itau,2025Q1,efficiency,37.048539,percent,quarter,managerial_pro_forma,consolidated,Consolidated including LATAM; pro forma series; Avenue consolidated from 2026; assets/equity adopt CMN 4966 prospectively; broad funding includes securities and borrowings,Índice de Eficiência (IE) (5) ,https://api.mziq.com/mzfilemanager/v2/d/42787847-4cf6-4461-94a5-40ed237dca33/dd4bec5c-fb49-759c-fabc-b5db791b0aae?origin=2,documents/Itau/2026/2T26/Planilha_de_Series_Historicas_2T26__7747b90df4b5.xlsx,Sumário_PRO FORMA!H13,2026Q2,7747b90df4b515679c7dfe0dd5215cb4bffcf696a3af55bcd7afdf863b487001,0.37048538913748924,100,mapped
Itau,2025Q1,equity,193899.874711,BRL_million,end_of_period,managerial_pro_forma,consolidated,Consolidated including LATAM; pro forma series; Avenue consolidated from 2026; assets/equity adopt CMN 4966 prospectively; broad funding includes securities and borrowings,Patrimônio Líquido (10),https://api.mziq.com/mzfilemanager/v2/d/42787847-4cf6-4461-94a5-40ed237dca33/dd4bec5c-fb49-759c-fabc-b5db791b0aae?origin=2,documents/Itau/2026/2T26/Planilha_de_Series_Historicas_2T26__7747b90df4b5.xlsx,Sumário_PRO FORMA!H28,2026Q2,7747b90df4b515679c7dfe0dd5215cb4bffcf696a3af55bcd7afdf863b487001,193899.8747114,1,mapped
Itau,2025Q1,fees,10735.765801,BRL_million,quarter,managerial_pro_forma,consolidated,Expected-loss expense includes credit-like securities; prior impairment regrouped,Receitas de Prestação de Serviços,https://api.mziq.com/mzfilemanager/v2/d/42787847-4cf6-4461-94a5-40ed237dca33/dd4bec5c-fb49-759c-fabc-b5db791b0aae?origin=2,documents/Itau/2026/2T26/Planilha_de_Series_Historicas_2T26__7747b90df4b5.xlsx,DRE_MF_PRO FORMA!G18,2026Q2,7747b90df4b515679c7dfe0dd5215cb4bffcf696a3af55bcd7afdf863b487001,10735.765800707513,1,mapped
Itau,2025Q1,funding_broad,1509307.161996,BRL_million,end_of_period,managerial_pro_forma,consolidated,Consolidated including LATAM; pro forma series; Avenue consolidated from 2026; assets/equity adopt CMN 4966 prospectively; broad funding includes securities and borrowings,Depósitos + Debêntures + Obrigações por TVM + Empréstimos e Repasses (11),https://api.mziq.com/mzfilemanager/v2/d/42787847-4cf6-4461-94a5-40ed237dca33/dd4bec5c-fb49-759c-fabc-b5db791b0aae?origin=2,documents/Itau/2026/2T26/Planilha_de_Series_Historicas_2T26__7747b90df4b5.xlsx,Sumário_PRO FORMA!H26,2026Q2,7747b90df4b515679c7dfe0dd5215cb4bffcf696a3af55bcd7afdf863b487001,1509307.1619960703,1,mapped
Itau,2025Q1,loans_expanded,1383097.202171,BRL_million,end_of_period,managerial_pro_forma,consolidated,Consolidated including LATAM; pro forma series; Avenue consolidated from 2026; assets/equity adopt CMN 4966 prospectively; broad funding includes securities and borrowings,Total de Operações de Crédito com Garantias Financeiras Prestadas e Títulos Privados,https://api.mziq.com/mzfilemanager/v2/d/42787847-4cf6-4461-94a5-40ed237dca33/dd4bec5c-fb49-759c-fabc-b5db791b0aae?origin=2,documents/Itau/2026/2T26/Planilha_de_Series_Historicas_2T26__7747b90df4b5.xlsx,Sumário_PRO FORMA!H25,2026Q2,7747b90df4b515679c7dfe0dd5215cb4bffcf696a3af55bcd7afdf863b487001,1383097.2021710658,1,mapped
Itau,2025Q1,net_income_accounting,10894,BRL_million,quarter,accounting_consolidated,consolidated,,Lucro Líquido,https://api.mziq.com/mzfilemanager/v2/d/42787847-4cf6-4461-94a5-40ed237dca33/dd4bec5c-fb49-759c-fabc-b5db791b0aae?origin=2,documents/Itau/2026/2T26/Planilha_de_Series_Historicas_2T26__7747b90df4b5.xlsx,BRGAAP - DRE!D39,2026Q2,7747b90df4b515679c7dfe0dd5215cb4bffcf696a3af55bcd7afdf863b487001,10894,1,mapped
Itau,2025Q1,net_income_adjusted,11128.122268,BRL_million,quarter,managerial_pro_forma,consolidated,Consolidated including LATAM; pro forma series; Avenue consolidated from 2026; assets/equity adopt CMN 4966 prospectively; broad funding includes securities and borrowings,Resultado Recorrente Gerencial,https://api.mziq.com/mzfilemanager/v2/d/42787847-4cf6-4461-94a5-40ed237dca33/dd4bec5c-fb49-759c-fabc-b5db791b0aae?origin=2,documents/Itau/2026/2T26/Planilha_de_Series_Historicas_2T26__7747b90df4b5.xlsx,Sumário_PRO FORMA!H4,2026Q2,7747b90df4b515679c7dfe0dd5215cb4bffcf696a3af55bcd7afdf863b487001,11128.122268168558,1,mapped
Itau,2025Q1,net_interest_income,31081.126368,BRL_million,quarter,managerial_pro_forma,consolidated,Consolidated including LATAM; pro forma series; Avenue consolidated from 2026; assets/equity adopt CMN 4966 prospectively; broad funding includes securities and borrowings,Margem Financeira Gerencial (2) ,https://api.mziq.com/mzfilemanager/v2/d/42787847-4cf6-4461-94a5-40ed237dca33/dd4bec5c-fb49-759c-fabc-b5db791b0aae?origin=2,documents/Itau/2026/2T26/Planilha_de_Series_Historicas_2T26__7747b90df4b5.xlsx,Sumário_PRO FORMA!H6,2026Q2,7747b90df4b515679c7dfe0dd5215cb4bffcf696a3af55bcd7afdf863b487001,31081.12636829039,1,mapped
Itau,2025Q1,nii_clients,30157.729628,BRL_million,quarter,managerial_pro_forma,consolidated,Expected-loss expense includes credit-like securities; prior impairment regrouped, Margem Financeira com Clientes,https://api.mziq.com/mzfilemanager/v2/d/42787847-4cf6-4461-94a5-40ed237dca33/dd4bec5c-fb49-759c-fabc-b5db791b0aae?origin=2,documents/Itau/2026/2T26/Planilha_de_Series_Historicas_2T26__7747b90df4b5.xlsx,DRE_MF_PRO FORMA!G8,2026Q2,7747b90df4b515679c7dfe0dd5215cb4bffcf696a3af55bcd7afdf863b487001,30157.72962829051,1,mapped
Itau,2025Q1,nii_market,923.39674,BRL_million,quarter,managerial_pro_forma,consolidated,Expected-loss expense includes credit-like securities; prior impairment regrouped, Margem Financeira com o Mercado,https://api.mziq.com/mzfilemanager/v2/d/42787847-4cf6-4461-94a5-40ed237dca33/dd4bec5c-fb49-759c-fabc-b5db791b0aae?origin=2,documents/Itau/2026/2T26/Planilha_de_Series_Historicas_2T26__7747b90df4b5.xlsx,DRE_MF_PRO FORMA!G9,2026Q2,7747b90df4b515679c7dfe0dd5215cb4bffcf696a3af55bcd7afdf863b487001,923.3967399998769,1,mapped
Itau,2025Q1,npl90,1.905197,percent,end_of_period,managerial_pro_forma,consolidated,Consolidated including LATAM; pro forma series; Avenue consolidated from 2026; assets/equity adopt CMN 4966 prospectively; broad funding includes securities and borrowings,Índice de Inadimplência (90 dias) - Total,https://api.mziq.com/mzfilemanager/v2/d/42787847-4cf6-4461-94a5-40ed237dca33/dd4bec5c-fb49-759c-fabc-b5db791b0aae?origin=2,documents/Itau/2026/2T26/Planilha_de_Series_Historicas_2T26__7747b90df4b5.xlsx,Sumário_PRO FORMA!H10,2026Q2,7747b90df4b515679c7dfe0dd5215cb4bffcf696a3af55bcd7afdf863b487001,0.019051972259679313,100,mapped
Itau,2025Q1,operating_expenses,15450.467464,BRL_million,quarter,managerial_pro_forma,consolidated,Expected-loss expense includes credit-like securities; prior impairment regrouped,Despesas não Decorrentes de Juros,https://api.mziq.com/mzfilemanager/v2/d/42787847-4cf6-4461-94a5-40ed237dca33/dd4bec5c-fb49-759c-fabc-b5db791b0aae?origin=2,documents/Itau/2026/2T26/Planilha_de_Series_Historicas_2T26__7747b90df4b5.xlsx,DRE_MF_PRO FORMA!G20,2026Q2,7747b90df4b515679c7dfe0dd5215cb4bffcf696a3af55bcd7afdf863b487001,-15450.467463614403,-1,mapped
Itau,2025Q1,pretax_income,16729.017426,BRL_million,quarter,managerial_pro_forma,consolidated,Expected-loss expense includes credit-like securities; prior impairment regrouped,Resultado antes da Tributação e Participações Minoritárias,https://api.mziq.com/mzfilemanager/v2/d/42787847-4cf6-4461-94a5-40ed237dca33/dd4bec5c-fb49-759c-fabc-b5db791b0aae?origin=2,documents/Itau/2026/2T26/Planilha_de_Series_Historicas_2T26__7747b90df4b5.xlsx,DRE_MF_PRO FORMA!G23,2026Q2,7747b90df4b515679c7dfe0dd5215cb4bffcf696a3af55bcd7afdf863b487001,16729.01742580715,1,mapped
Itau,2025Q1,revenue,44793.344634,BRL_million,quarter,managerial_pro_forma,consolidated,Consolidated including LATAM; pro forma series; Avenue consolidated from 2026; assets/equity adopt CMN 4966 prospectively; broad funding includes securities and borrowings,Produto Bancário (1),https://api.mziq.com/mzfilemanager/v2/d/42787847-4cf6-4461-94a5-40ed237dca33/dd4bec5c-fb49-759c-fabc-b5db791b0aae?origin=2,documents/Itau/2026/2T26/Planilha_de_Series_Historicas_2T26__7747b90df4b5.xlsx,Sumário_PRO FORMA!H5,2026Q2,7747b90df4b515679c7dfe0dd5215cb4bffcf696a3af55bcd7afdf863b487001,44793.344634063,1,mapped
Itau,2025Q1,roe_adjusted,22.540559,percent,quarter_annualized,managerial_pro_forma,consolidated,Consolidated including LATAM; pro forma series; Avenue consolidated from 2026; assets/equity adopt CMN 4966 prospectively; broad funding includes securities and borrowings,Retorno Recorrente Gerencial sobre o Patrimônio Líquido Médio anualizado - Consolidado (3),https://api.mziq.com/mzfilemanager/v2/d/42787847-4cf6-4461-94a5-40ed237dca33/dd4bec5c-fb49-759c-fabc-b5db791b0aae?origin=2,documents/Itau/2026/2T26/Planilha_de_Series_Historicas_2T26__7747b90df4b5.xlsx,Sumário_PRO FORMA!H8,2026Q2,7747b90df4b515679c7dfe0dd5215cb4bffcf696a3af55bcd7afdf863b487001,0.22540558774956013,100,mapped
Itau,2025Q2,assets,2898050,BRL_million,end_of_period,managerial_pro_forma,consolidated,Consolidated including LATAM; pro forma series; Avenue consolidated from 2026; assets/equity adopt CMN 4966 prospectively; broad funding includes securities and borrowings,Ativos Totais (10),https://api.mziq.com/mzfilemanager/v2/d/42787847-4cf6-4461-94a5-40ed237dca33/dd4bec5c-fb49-759c-fabc-b5db791b0aae?origin=2,documents/Itau/2026/2T26/Planilha_de_Series_Historicas_2T26__7747b90df4b5.xlsx,Sumário_PRO FORMA!I24,2026Q2,7747b90df4b515679c7dfe0dd5215cb4bffcf696a3af55bcd7afdf863b487001,2898050,1,mapped
Itau,2025Q2,capital_total,16.5,percent,end_of_period,managerial_pro_forma,prudential,Consolidated including LATAM; pro forma series; Avenue consolidated from 2026; assets/equity adopt CMN 4966 prospectively; broad funding includes securities and borrowings,Índice de Basileia,https://api.mziq.com/mzfilemanager/v2/d/42787847-4cf6-4461-94a5-40ed237dca33/dd4bec5c-fb49-759c-fabc-b5db791b0aae?origin=2,documents/Itau/2026/2T26/Planilha_de_Series_Historicas_2T26__7747b90df4b5.xlsx,Sumário_PRO FORMA!I22,2026Q2,7747b90df4b515679c7dfe0dd5215cb4bffcf696a3af55bcd7afdf863b487001,0.165,100,mapped
Itau,2025Q2,cet1,13.1,percent,end_of_period,prudential,prudential,Explicit Common Equity Tier I row; values rounded as published in summary,Índice de Capital Principal (Common Equity Tier I),https://api.mziq.com/mzfilemanager/v2/d/42787847-4cf6-4461-94a5-40ed237dca33/e950fa46-4ba0-6db4-e324-23883f242e73?origin=2,documents/Itau/2026/2T26/Analise_gerencial_da_operacao_e_demonstracoes_contabeis_completas_em_BRGAAP__fcfda4e6561d.pdf,PDF p. 5; CET1 row; column 2T25,2026Q2,fcfda4e6561de3576dece3dcc766935f2c7836e416323d3dba76d110e5154782,13.1,1,table_extracted
Itau,2025Q2,credit_cost,9442.858715,BRL_million,quarter,managerial_pro_forma,consolidated,Expected-loss expense includes credit-like securities; prior impairment regrouped,Custo do Crédito,https://api.mziq.com/mzfilemanager/v2/d/42787847-4cf6-4461-94a5-40ed237dca33/dd4bec5c-fb49-759c-fabc-b5db791b0aae?origin=2,documents/Itau/2026/2T26/Planilha_de_Series_Historicas_2T26__7747b90df4b5.xlsx,DRE_MF_PRO FORMA!H10,2026Q2,7747b90df4b515679c7dfe0dd5215cb4bffcf696a3af55bcd7afdf863b487001,-9442.858715370003,-1,mapped
Itau,2025Q2,efficiency,38.034848,percent,quarter,managerial_pro_forma,consolidated,Consolidated including LATAM; pro forma series; Avenue consolidated from 2026; assets/equity adopt CMN 4966 prospectively; broad funding includes securities and borrowings,Índice de Eficiência (IE) (5) ,https://api.mziq.com/mzfilemanager/v2/d/42787847-4cf6-4461-94a5-40ed237dca33/dd4bec5c-fb49-759c-fabc-b5db791b0aae?origin=2,documents/Itau/2026/2T26/Planilha_de_Series_Historicas_2T26__7747b90df4b5.xlsx,Sumário_PRO FORMA!I13,2026Q2,7747b90df4b515679c7dfe0dd5215cb4bffcf696a3af55bcd7afdf863b487001,0.3803484765032681,100,mapped
Itau,2025Q2,equity,200814.725228,BRL_million,end_of_period,managerial_pro_forma,consolidated,Consolidated including LATAM; pro forma series; Avenue consolidated from 2026; assets/equity adopt CMN 4966 prospectively; broad funding includes securities and borrowings,Patrimônio Líquido (10),https://api.mziq.com/mzfilemanager/v2/d/42787847-4cf6-4461-94a5-40ed237dca33/dd4bec5c-fb49-759c-fabc-b5db791b0aae?origin=2,documents/Itau/2026/2T26/Planilha_de_Series_Historicas_2T26__7747b90df4b5.xlsx,Sumário_PRO FORMA!I28,2026Q2,7747b90df4b515679c7dfe0dd5215cb4bffcf696a3af55bcd7afdf863b487001,200814.72522764,1,mapped
Itau,2025Q2,fees,10781.249418,BRL_million,quarter,managerial_pro_forma,consolidated,Expected-loss expense includes credit-like securities; prior impairment regrouped,Receitas de Prestação de Serviços,https://api.mziq.com/mzfilemanager/v2/d/42787847-4cf6-4461-94a5-40ed237dca33/dd4bec5c-fb49-759c-fabc-b5db791b0aae?origin=2,documents/Itau/2026/2T26/Planilha_de_Series_Historicas_2T26__7747b90df4b5.xlsx,DRE_MF_PRO FORMA!H18,2026Q2,7747b90df4b515679c7dfe0dd5215cb4bffcf696a3af55bcd7afdf863b487001,10781.249418042753,1,mapped
Itau,2025Q2,funding_broad,1531410.096546,BRL_million,end_of_period,managerial_pro_forma,consolidated,Consolidated including LATAM; pro forma series; Avenue consolidated from 2026; assets/equity adopt CMN 4966 prospectively; broad funding includes securities and borrowings,Depósitos + Debêntures + Obrigações por TVM + Empréstimos e Repasses (11),https://api.mziq.com/mzfilemanager/v2/d/42787847-4cf6-4461-94a5-40ed237dca33/dd4bec5c-fb49-759c-fabc-b5db791b0aae?origin=2,documents/Itau/2026/2T26/Planilha_de_Series_Historicas_2T26__7747b90df4b5.xlsx,Sumário_PRO FORMA!I26,2026Q2,7747b90df4b515679c7dfe0dd5215cb4bffcf696a3af55bcd7afdf863b487001,1531410.09654598,1,mapped
Itau,2025Q2,loans_expanded,1389076.347964,BRL_million,end_of_period,managerial_pro_forma,consolidated,Consolidated including LATAM; pro forma series; Avenue consolidated from 2026; assets/equity adopt CMN 4966 prospectively; broad funding includes securities and borrowings,Total de Operações de Crédito com Garantias Financeiras Prestadas e Títulos Privados,https://api.mziq.com/mzfilemanager/v2/d/42787847-4cf6-4461-94a5-40ed237dca33/dd4bec5c-fb49-759c-fabc-b5db791b0aae?origin=2,documents/Itau/2026/2T26/Planilha_de_Series_Historicas_2T26__7747b90df4b5.xlsx,Sumário_PRO FORMA!I25,2026Q2,7747b90df4b515679c7dfe0dd5215cb4bffcf696a3af55bcd7afdf863b487001,1389076.3479640519,1,mapped
Itau,2025Q2,net_income_accounting,11279,BRL_million,quarter,accounting_consolidated,consolidated,,Lucro Líquido,https://api.mziq.com/mzfilemanager/v2/d/42787847-4cf6-4461-94a5-40ed237dca33/dd4bec5c-fb49-759c-fabc-b5db791b0aae?origin=2,documents/Itau/2026/2T26/Planilha_de_Series_Historicas_2T26__7747b90df4b5.xlsx,BRGAAP - DRE!E39,2026Q2,7747b90df4b515679c7dfe0dd5215cb4bffcf696a3af55bcd7afdf863b487001,11279,1,mapped
Itau,2025Q2,net_income_adjusted,11508.326478,BRL_million,quarter,managerial_pro_forma,consolidated,Consolidated including LATAM; pro forma series; Avenue consolidated from 2026; assets/equity adopt CMN 4966 prospectively; broad funding includes securities and borrowings,Resultado Recorrente Gerencial,https://api.mziq.com/mzfilemanager/v2/d/42787847-4cf6-4461-94a5-40ed237dca33/dd4bec5c-fb49-759c-fabc-b5db791b0aae?origin=2,documents/Itau/2026/2T26/Planilha_de_Series_Historicas_2T26__7747b90df4b5.xlsx,Sumário_PRO FORMA!I4,2026Q2,7747b90df4b515679c7dfe0dd5215cb4bffcf696a3af55bcd7afdf863b487001,11508.326477536839,1,mapped
Itau,2025Q2,net_interest_income,31846.058391,BRL_million,quarter,managerial_pro_forma,consolidated,Consolidated including LATAM; pro forma series; Avenue consolidated from 2026; assets/equity adopt CMN 4966 prospectively; broad funding includes securities and borrowings,Margem Financeira Gerencial (2) ,https://api.mziq.com/mzfilemanager/v2/d/42787847-4cf6-4461-94a5-40ed237dca33/dd4bec5c-fb49-759c-fabc-b5db791b0aae?origin=2,documents/Itau/2026/2T26/Planilha_de_Series_Historicas_2T26__7747b90df4b5.xlsx,Sumário_PRO FORMA!I6,2026Q2,7747b90df4b515679c7dfe0dd5215cb4bffcf696a3af55bcd7afdf863b487001,31846.058390942948,1,mapped
Itau,2025Q2,nii_clients,30988.498112,BRL_million,quarter,managerial_pro_forma,consolidated,Expected-loss expense includes credit-like securities; prior impairment regrouped, Margem Financeira com Clientes,https://api.mziq.com/mzfilemanager/v2/d/42787847-4cf6-4461-94a5-40ed237dca33/dd4bec5c-fb49-759c-fabc-b5db791b0aae?origin=2,documents/Itau/2026/2T26/Planilha_de_Series_Historicas_2T26__7747b90df4b5.xlsx,DRE_MF_PRO FORMA!H8,2026Q2,7747b90df4b515679c7dfe0dd5215cb4bffcf696a3af55bcd7afdf863b487001,30988.498111972574,1,mapped
Itau,2025Q2,nii_market,857.560279,BRL_million,quarter,managerial_pro_forma,consolidated,Expected-loss expense includes credit-like securities; prior impairment regrouped, Margem Financeira com o Mercado,https://api.mziq.com/mzfilemanager/v2/d/42787847-4cf6-4461-94a5-40ed237dca33/dd4bec5c-fb49-759c-fabc-b5db791b0aae?origin=2,documents/Itau/2026/2T26/Planilha_de_Series_Historicas_2T26__7747b90df4b5.xlsx,DRE_MF_PRO FORMA!H9,2026Q2,7747b90df4b515679c7dfe0dd5215cb4bffcf696a3af55bcd7afdf863b487001,857.5602789703717,1,mapped
Itau,2025Q2,npl90,1.90696,percent,end_of_period,managerial_pro_forma,consolidated,Consolidated including LATAM; pro forma series; Avenue consolidated from 2026; assets/equity adopt CMN 4966 prospectively; broad funding includes securities and borrowings,Índice de Inadimplência (90 dias) - Total,https://api.mziq.com/mzfilemanager/v2/d/42787847-4cf6-4461-94a5-40ed237dca33/dd4bec5c-fb49-759c-fabc-b5db791b0aae?origin=2,documents/Itau/2026/2T26/Planilha_de_Series_Historicas_2T26__7747b90df4b5.xlsx,Sumário_PRO FORMA!I10,2026Q2,7747b90df4b515679c7dfe0dd5215cb4bffcf696a3af55bcd7afdf863b487001,0.019069600638452287,100,mapped
Itau,2025Q2,operating_expenses,16219.37954,BRL_million,quarter,managerial_pro_forma,consolidated,Expected-loss expense includes credit-like securities; prior impairment regrouped,Despesas não Decorrentes de Juros,https://api.mziq.com/mzfilemanager/v2/d/42787847-4cf6-4461-94a5-40ed237dca33/dd4bec5c-fb49-759c-fabc-b5db791b0aae?origin=2,documents/Itau/2026/2T26/Planilha_de_Series_Historicas_2T26__7747b90df4b5.xlsx,DRE_MF_PRO FORMA!H20,2026Q2,7747b90df4b515679c7dfe0dd5215cb4bffcf696a3af55bcd7afdf863b487001,-16219.379540428094,-1,mapped
Itau,2025Q2,pretax_income,16981.233567,BRL_million,quarter,managerial_pro_forma,consolidated,Expected-loss expense includes credit-like securities; prior impairment regrouped,Resultado antes da Tributação e Participações Minoritárias,https://api.mziq.com/mzfilemanager/v2/d/42787847-4cf6-4461-94a5-40ed237dca33/dd4bec5c-fb49-759c-fabc-b5db791b0aae?origin=2,documents/Itau/2026/2T26/Planilha_de_Series_Historicas_2T26__7747b90df4b5.xlsx,DRE_MF_PRO FORMA!H23,2026Q2,7747b90df4b515679c7dfe0dd5215cb4bffcf696a3af55bcd7afdf863b487001,16981.23356651832,1,mapped
Itau,2025Q2,revenue,45828.461779,BRL_million,quarter,managerial_pro_forma,consolidated,Consolidated including LATAM; pro forma series; Avenue consolidated from 2026; assets/equity adopt CMN 4966 prospectively; broad funding includes securities and borrowings,Produto Bancário (1),https://api.mziq.com/mzfilemanager/v2/d/42787847-4cf6-4461-94a5-40ed237dca33/dd4bec5c-fb49-759c-fabc-b5db791b0aae?origin=2,documents/Itau/2026/2T26/Planilha_de_Series_Historicas_2T26__7747b90df4b5.xlsx,Sumário_PRO FORMA!I5,2026Q2,7747b90df4b515679c7dfe0dd5215cb4bffcf696a3af55bcd7afdf863b487001,45828.461779217556,1,mapped
Itau,2025Q2,roe_adjusted,23.324856,percent,quarter_annualized,managerial_pro_forma,consolidated,Consolidated including LATAM; pro forma series; Avenue consolidated from 2026; assets/equity adopt CMN 4966 prospectively; broad funding includes securities and borrowings,Retorno Recorrente Gerencial sobre o Patrimônio Líquido Médio anualizado - Consolidado (3),https://api.mziq.com/mzfilemanager/v2/d/42787847-4cf6-4461-94a5-40ed237dca33/dd4bec5c-fb49-759c-fabc-b5db791b0aae?origin=2,documents/Itau/2026/2T26/Planilha_de_Series_Historicas_2T26__7747b90df4b5.xlsx,Sumário_PRO FORMA!I8,2026Q2,7747b90df4b515679c7dfe0dd5215cb4bffcf696a3af55bcd7afdf863b487001,0.23324855942626277,100,mapped
Itau,2025Q3,assets,2996463,BRL_million,end_of_period,managerial_pro_forma,consolidated,Consolidated including LATAM; pro forma series; Avenue consolidated from 2026; assets/equity adopt CMN 4966 prospectively; broad funding includes securities and borrowings,Ativos Totais (10),https://api.mziq.com/mzfilemanager/v2/d/42787847-4cf6-4461-94a5-40ed237dca33/dd4bec5c-fb49-759c-fabc-b5db791b0aae?origin=2,documents/Itau/2026/2T26/Planilha_de_Series_Historicas_2T26__7747b90df4b5.xlsx,Sumário_PRO FORMA!J24,2026Q2,7747b90df4b515679c7dfe0dd5215cb4bffcf696a3af55bcd7afdf863b487001,2996463,1,mapped
Itau,2025Q3,capital_total,16.4,percent,end_of_period,managerial_pro_forma,prudential,Consolidated including LATAM; pro forma series; Avenue consolidated from 2026; assets/equity adopt CMN 4966 prospectively; broad funding includes securities and borrowings,Índice de Basileia,https://api.mziq.com/mzfilemanager/v2/d/42787847-4cf6-4461-94a5-40ed237dca33/dd4bec5c-fb49-759c-fabc-b5db791b0aae?origin=2,documents/Itau/2026/2T26/Planilha_de_Series_Historicas_2T26__7747b90df4b5.xlsx,Sumário_PRO FORMA!J22,2026Q2,7747b90df4b515679c7dfe0dd5215cb4bffcf696a3af55bcd7afdf863b487001,0.164,100,mapped
Itau,2025Q3,cet1,13.5,percent,end_of_period,prudential,prudential,Explicit Common Equity Tier I row; values rounded as published in summary,Índice de Capital Principal (Common Equity Tier I),https://filemanager-cdn.mziq.com/published/42787847-4cf6-4461-94a5-40ed237dca33/fb7d9580-424d-47aa-924e-8cf202975d59_itau_unibanco_holding_s.a..pdf,documents/Itau/2025/4T25/Analise_gerencial_da_operacao_e_demonstracoes_contabeis_completas_em_BRGAAP__d64990b4cbfc.pdf,PDF p. 5; CET1 row; column 3T25,2025Q4,d64990b4cbfc16e93fe13c90ed1fe31c5acefbd0344cca2dad7481ff3c89ea31,13.5,1,table_extracted
Itau,2025Q3,credit_cost,9447.282874,BRL_million,quarter,managerial_pro_forma,consolidated,Expected-loss expense includes credit-like securities; prior impairment regrouped,Custo do Crédito,https://api.mziq.com/mzfilemanager/v2/d/42787847-4cf6-4461-94a5-40ed237dca33/dd4bec5c-fb49-759c-fabc-b5db791b0aae?origin=2,documents/Itau/2026/2T26/Planilha_de_Series_Historicas_2T26__7747b90df4b5.xlsx,DRE_MF_PRO FORMA!I10,2026Q2,7747b90df4b515679c7dfe0dd5215cb4bffcf696a3af55bcd7afdf863b487001,-9447.282874126799,-1,mapped
Itau,2025Q3,efficiency,38.795668,percent,quarter,managerial_pro_forma,consolidated,Consolidated including LATAM; pro forma series; Avenue consolidated from 2026; assets/equity adopt CMN 4966 prospectively; broad funding includes securities and borrowings,Índice de Eficiência (IE) (5) ,https://api.mziq.com/mzfilemanager/v2/d/42787847-4cf6-4461-94a5-40ed237dca33/dd4bec5c-fb49-759c-fabc-b5db791b0aae?origin=2,documents/Itau/2026/2T26/Planilha_de_Series_Historicas_2T26__7747b90df4b5.xlsx,Sumário_PRO FORMA!J13,2026Q2,7747b90df4b515679c7dfe0dd5215cb4bffcf696a3af55bcd7afdf863b487001,0.3879566794042971,100,mapped
Itau,2025Q3,equity,207164.235702,BRL_million,end_of_period,managerial_pro_forma,consolidated,Consolidated including LATAM; pro forma series; Avenue consolidated from 2026; assets/equity adopt CMN 4966 prospectively; broad funding includes securities and borrowings,Patrimônio Líquido (10),https://api.mziq.com/mzfilemanager/v2/d/42787847-4cf6-4461-94a5-40ed237dca33/dd4bec5c-fb49-759c-fabc-b5db791b0aae?origin=2,documents/Itau/2026/2T26/Planilha_de_Series_Historicas_2T26__7747b90df4b5.xlsx,Sumário_PRO FORMA!J28,2026Q2,7747b90df4b515679c7dfe0dd5215cb4bffcf696a3af55bcd7afdf863b487001,207164.23570249,1,mapped
Itau,2025Q3,fees,11061.855259,BRL_million,quarter,managerial_pro_forma,consolidated,Expected-loss expense includes credit-like securities; prior impairment regrouped,Receitas de Prestação de Serviços,https://api.mziq.com/mzfilemanager/v2/d/42787847-4cf6-4461-94a5-40ed237dca33/dd4bec5c-fb49-759c-fabc-b5db791b0aae?origin=2,documents/Itau/2026/2T26/Planilha_de_Series_Historicas_2T26__7747b90df4b5.xlsx,DRE_MF_PRO FORMA!I18,2026Q2,7747b90df4b515679c7dfe0dd5215cb4bffcf696a3af55bcd7afdf863b487001,11061.855259144855,1,mapped
Itau,2025Q3,funding_broad,1570438.239979,BRL_million,end_of_period,managerial_pro_forma,consolidated,Consolidated including LATAM; pro forma series; Avenue consolidated from 2026; assets/equity adopt CMN 4966 prospectively; broad funding includes securities and borrowings,Depósitos + Debêntures + Obrigações por TVM + Empréstimos e Repasses (11),https://api.mziq.com/mzfilemanager/v2/d/42787847-4cf6-4461-94a5-40ed237dca33/dd4bec5c-fb49-759c-fabc-b5db791b0aae?origin=2,documents/Itau/2026/2T26/Planilha_de_Series_Historicas_2T26__7747b90df4b5.xlsx,Sumário_PRO FORMA!J26,2026Q2,7747b90df4b515679c7dfe0dd5215cb4bffcf696a3af55bcd7afdf863b487001,1570438.23997922,1,mapped
Itau,2025Q3,loans_expanded,1402039.021113,BRL_million,end_of_period,managerial_pro_forma,consolidated,Consolidated including LATAM; pro forma series; Avenue consolidated from 2026; assets/equity adopt CMN 4966 prospectively; broad funding includes securities and borrowings,Total de Operações de Crédito com Garantias Financeiras Prestadas e Títulos Privados,https://api.mziq.com/mzfilemanager/v2/d/42787847-4cf6-4461-94a5-40ed237dca33/dd4bec5c-fb49-759c-fabc-b5db791b0aae?origin=2,documents/Itau/2026/2T26/Planilha_de_Series_Historicas_2T26__7747b90df4b5.xlsx,Sumário_PRO FORMA!J25,2026Q2,7747b90df4b515679c7dfe0dd5215cb4bffcf696a3af55bcd7afdf863b487001,1402039.021112623,1,mapped
Itau,2025Q3,net_income_accounting,11560,BRL_million,quarter,accounting_consolidated,consolidated,,Lucro Líquido,https://api.mziq.com/mzfilemanager/v2/d/42787847-4cf6-4461-94a5-40ed237dca33/dd4bec5c-fb49-759c-fabc-b5db791b0aae?origin=2,documents/Itau/2026/2T26/Planilha_de_Series_Historicas_2T26__7747b90df4b5.xlsx,BRGAAP - DRE!F39,2026Q2,7747b90df4b515679c7dfe0dd5215cb4bffcf696a3af55bcd7afdf863b487001,11560,1,mapped
Itau,2025Q3,net_income_adjusted,11876.306373,BRL_million,quarter,managerial_pro_forma,consolidated,Consolidated including LATAM; pro forma series; Avenue consolidated from 2026; assets/equity adopt CMN 4966 prospectively; broad funding includes securities and borrowings,Resultado Recorrente Gerencial,https://api.mziq.com/mzfilemanager/v2/d/42787847-4cf6-4461-94a5-40ed237dca33/dd4bec5c-fb49-759c-fabc-b5db791b0aae?origin=2,documents/Itau/2026/2T26/Planilha_de_Series_Historicas_2T26__7747b90df4b5.xlsx,Sumário_PRO FORMA!J4,2026Q2,7747b90df4b515679c7dfe0dd5215cb4bffcf696a3af55bcd7afdf863b487001,11876.306373272773,1,mapped
Itau,2025Q3,net_interest_income,32117.54768,BRL_million,quarter,managerial_pro_forma,consolidated,Consolidated including LATAM; pro forma series; Avenue consolidated from 2026; assets/equity adopt CMN 4966 prospectively; broad funding includes securities and borrowings,Margem Financeira Gerencial (2) ,https://api.mziq.com/mzfilemanager/v2/d/42787847-4cf6-4461-94a5-40ed237dca33/dd4bec5c-fb49-759c-fabc-b5db791b0aae?origin=2,documents/Itau/2026/2T26/Planilha_de_Series_Historicas_2T26__7747b90df4b5.xlsx,Sumário_PRO FORMA!J6,2026Q2,7747b90df4b515679c7dfe0dd5215cb4bffcf696a3af55bcd7afdf863b487001,32117.547679953695,1,mapped
Itau,2025Q3,nii_clients,31215.196872,BRL_million,quarter,managerial_pro_forma,consolidated,Expected-loss expense includes credit-like securities; prior impairment regrouped, Margem Financeira com Clientes,https://api.mziq.com/mzfilemanager/v2/d/42787847-4cf6-4461-94a5-40ed237dca33/dd4bec5c-fb49-759c-fabc-b5db791b0aae?origin=2,documents/Itau/2026/2T26/Planilha_de_Series_Historicas_2T26__7747b90df4b5.xlsx,DRE_MF_PRO FORMA!I8,2026Q2,7747b90df4b515679c7dfe0dd5215cb4bffcf696a3af55bcd7afdf863b487001,31215.196871953856,1,mapped
Itau,2025Q3,nii_market,902.350808,BRL_million,quarter,managerial_pro_forma,consolidated,Expected-loss expense includes credit-like securities; prior impairment regrouped, Margem Financeira com o Mercado,https://api.mziq.com/mzfilemanager/v2/d/42787847-4cf6-4461-94a5-40ed237dca33/dd4bec5c-fb49-759c-fabc-b5db791b0aae?origin=2,documents/Itau/2026/2T26/Planilha_de_Series_Historicas_2T26__7747b90df4b5.xlsx,DRE_MF_PRO FORMA!I9,2026Q2,7747b90df4b515679c7dfe0dd5215cb4bffcf696a3af55bcd7afdf863b487001,902.3508079998398,1,mapped
Itau,2025Q3,npl90,1.881074,percent,end_of_period,managerial_pro_forma,consolidated,Consolidated including LATAM; pro forma series; Avenue consolidated from 2026; assets/equity adopt CMN 4966 prospectively; broad funding includes securities and borrowings,Índice de Inadimplência (90 dias) - Total,https://api.mziq.com/mzfilemanager/v2/d/42787847-4cf6-4461-94a5-40ed237dca33/dd4bec5c-fb49-759c-fabc-b5db791b0aae?origin=2,documents/Itau/2026/2T26/Planilha_de_Series_Historicas_2T26__7747b90df4b5.xlsx,Sumário_PRO FORMA!J10,2026Q2,7747b90df4b515679c7dfe0dd5215cb4bffcf696a3af55bcd7afdf863b487001,0.018810740427957835,100,mapped
Itau,2025Q3,operating_expenses,16849.720049,BRL_million,quarter,managerial_pro_forma,consolidated,Expected-loss expense includes credit-like securities; prior impairment regrouped,Despesas não Decorrentes de Juros,https://api.mziq.com/mzfilemanager/v2/d/42787847-4cf6-4461-94a5-40ed237dca33/dd4bec5c-fb49-759c-fabc-b5db791b0aae?origin=2,documents/Itau/2026/2T26/Planilha_de_Series_Historicas_2T26__7747b90df4b5.xlsx,DRE_MF_PRO FORMA!I20,2026Q2,7747b90df4b515679c7dfe0dd5215cb4bffcf696a3af55bcd7afdf863b487001,-16849.720048896954,-1,mapped
Itau,2025Q3,pretax_income,17134.959828,BRL_million,quarter,managerial_pro_forma,consolidated,Expected-loss expense includes credit-like securities; prior impairment regrouped,Resultado antes da Tributação e Participações Minoritárias,https://api.mziq.com/mzfilemanager/v2/d/42787847-4cf6-4461-94a5-40ed237dca33/dd4bec5c-fb49-759c-fabc-b5db791b0aae?origin=2,documents/Itau/2026/2T26/Planilha_de_Series_Historicas_2T26__7747b90df4b5.xlsx,DRE_MF_PRO FORMA!I23,2026Q2,7747b90df4b515679c7dfe0dd5215cb4bffcf696a3af55bcd7afdf863b487001,17134.959827996536,1,mapped
Itau,2025Q3,revenue,46604.931388,BRL_million,quarter,managerial_pro_forma,consolidated,Consolidated including LATAM; pro forma series; Avenue consolidated from 2026; assets/equity adopt CMN 4966 prospectively; broad funding includes securities and borrowings,Produto Bancário (1),https://api.mziq.com/mzfilemanager/v2/d/42787847-4cf6-4461-94a5-40ed237dca33/dd4bec5c-fb49-759c-fabc-b5db791b0aae?origin=2,documents/Itau/2026/2T26/Planilha_de_Series_Historicas_2T26__7747b90df4b5.xlsx,Sumário_PRO FORMA!J5,2026Q2,7747b90df4b515679c7dfe0dd5215cb4bffcf696a3af55bcd7afdf863b487001,46604.93138798764,1,mapped
Itau,2025Q3,roe_adjusted,23.288076,percent,quarter_annualized,managerial_pro_forma,consolidated,Consolidated including LATAM; pro forma series; Avenue consolidated from 2026; assets/equity adopt CMN 4966 prospectively; broad funding includes securities and borrowings,Retorno Recorrente Gerencial sobre o Patrimônio Líquido Médio anualizado - Consolidado (3),https://api.mziq.com/mzfilemanager/v2/d/42787847-4cf6-4461-94a5-40ed237dca33/dd4bec5c-fb49-759c-fabc-b5db791b0aae?origin=2,documents/Itau/2026/2T26/Planilha_de_Series_Historicas_2T26__7747b90df4b5.xlsx,Sumário_PRO FORMA!J8,2026Q2,7747b90df4b515679c7dfe0dd5215cb4bffcf696a3af55bcd7afdf863b487001,0.23288076122742407,100,mapped
Itau,2025Q4,assets,3096277,BRL_million,end_of_period,managerial_pro_forma,consolidated,Consolidated including LATAM; pro forma series; Avenue consolidated from 2026; assets/equity adopt CMN 4966 prospectively; broad funding includes securities and borrowings,Ativos Totais (10),https://api.mziq.com/mzfilemanager/v2/d/42787847-4cf6-4461-94a5-40ed237dca33/dd4bec5c-fb49-759c-fabc-b5db791b0aae?origin=2,documents/Itau/2026/2T26/Planilha_de_Series_Historicas_2T26__7747b90df4b5.xlsx,Sumário_PRO FORMA!K24,2026Q2,7747b90df4b515679c7dfe0dd5215cb4bffcf696a3af55bcd7afdf863b487001,3096277,1,mapped
Itau,2025Q4,capital_total,15.2,percent,end_of_period,managerial_pro_forma,prudential,Consolidated including LATAM; pro forma series; Avenue consolidated from 2026; assets/equity adopt CMN 4966 prospectively; broad funding includes securities and borrowings,Índice de Basileia,https://api.mziq.com/mzfilemanager/v2/d/42787847-4cf6-4461-94a5-40ed237dca33/dd4bec5c-fb49-759c-fabc-b5db791b0aae?origin=2,documents/Itau/2026/2T26/Planilha_de_Series_Historicas_2T26__7747b90df4b5.xlsx,Sumário_PRO FORMA!K22,2026Q2,7747b90df4b515679c7dfe0dd5215cb4bffcf696a3af55bcd7afdf863b487001,0.152,100,mapped
Itau,2025Q4,cet1,12.3,percent,end_of_period,prudential,prudential,Explicit Common Equity Tier I row; values rounded as published in summary,Índice de Capital Principal (Common Equity Tier I),https://api.mziq.com/mzfilemanager/v2/d/42787847-4cf6-4461-94a5-40ed237dca33/f6407337-eafd-ee57-d6dc-1719caaaff71?origin=2,documents/Itau/2026/1T26/Analise_gerencial_da_operacao_e_demonstracoes_contabeis_completas_em_BRGAAP__154f0fb251e0.pdf,PDF p. 5; CET1 row; column 4T25,2026Q1,154f0fb251e077fd3b4ea84088201c6de7fcda143c0d7cc471028692faddf0fd,12.3,1,table_extracted
Itau,2025Q4,credit_cost,9710.405548,BRL_million,quarter,managerial_pro_forma,consolidated,Expected-loss expense includes credit-like securities; prior impairment regrouped,Custo do Crédito,https://api.mziq.com/mzfilemanager/v2/d/42787847-4cf6-4461-94a5-40ed237dca33/dd4bec5c-fb49-759c-fabc-b5db791b0aae?origin=2,documents/Itau/2026/2T26/Planilha_de_Series_Historicas_2T26__7747b90df4b5.xlsx,DRE_MF_PRO FORMA!J10,2026Q2,7747b90df4b515679c7dfe0dd5215cb4bffcf696a3af55bcd7afdf863b487001,-9710.4055484143,-1,mapped
Itau,2025Q4,efficiency,38.267222,percent,quarter,managerial_pro_forma,consolidated,Consolidated including LATAM; pro forma series; Avenue consolidated from 2026; assets/equity adopt CMN 4966 prospectively; broad funding includes securities and borrowings,Índice de Eficiência (IE) (5) ,https://api.mziq.com/mzfilemanager/v2/d/42787847-4cf6-4461-94a5-40ed237dca33/dd4bec5c-fb49-759c-fabc-b5db791b0aae?origin=2,documents/Itau/2026/2T26/Planilha_de_Series_Historicas_2T26__7747b90df4b5.xlsx,Sumário_PRO FORMA!K13,2026Q2,7747b90df4b515679c7dfe0dd5215cb4bffcf696a3af55bcd7afdf863b487001,0.3826722207759278,100,mapped
Itau,2025Q4,equity,196145.881655,BRL_million,end_of_period,managerial_pro_forma,consolidated,Consolidated including LATAM; pro forma series; Avenue consolidated from 2026; assets/equity adopt CMN 4966 prospectively; broad funding includes securities and borrowings,Patrimônio Líquido (10),https://api.mziq.com/mzfilemanager/v2/d/42787847-4cf6-4461-94a5-40ed237dca33/dd4bec5c-fb49-759c-fabc-b5db791b0aae?origin=2,documents/Itau/2026/2T26/Planilha_de_Series_Historicas_2T26__7747b90df4b5.xlsx,Sumário_PRO FORMA!K28,2026Q2,7747b90df4b515679c7dfe0dd5215cb4bffcf696a3af55bcd7afdf863b487001,196145.88165496,1,mapped
Itau,2025Q4,fees,11835.79714,BRL_million,quarter,managerial_pro_forma,consolidated,Expected-loss expense includes credit-like securities; prior impairment regrouped,Receitas de Prestação de Serviços,https://api.mziq.com/mzfilemanager/v2/d/42787847-4cf6-4461-94a5-40ed237dca33/dd4bec5c-fb49-759c-fabc-b5db791b0aae?origin=2,documents/Itau/2026/2T26/Planilha_de_Series_Historicas_2T26__7747b90df4b5.xlsx,DRE_MF_PRO FORMA!J18,2026Q2,7747b90df4b515679c7dfe0dd5215cb4bffcf696a3af55bcd7afdf863b487001,11835.79713981495,1,mapped
Itau,2025Q4,funding_broad,1701568.530112,BRL_million,end_of_period,managerial_pro_forma,consolidated,Consolidated including LATAM; pro forma series; Avenue consolidated from 2026; assets/equity adopt CMN 4966 prospectively; broad funding includes securities and borrowings,Depósitos + Debêntures + Obrigações por TVM + Empréstimos e Repasses (11),https://api.mziq.com/mzfilemanager/v2/d/42787847-4cf6-4461-94a5-40ed237dca33/dd4bec5c-fb49-759c-fabc-b5db791b0aae?origin=2,documents/Itau/2026/2T26/Planilha_de_Series_Historicas_2T26__7747b90df4b5.xlsx,Sumário_PRO FORMA!K26,2026Q2,7747b90df4b515679c7dfe0dd5215cb4bffcf696a3af55bcd7afdf863b487001,1701568.5301117199,1,mapped
Itau,2025Q4,loans_expanded,1490816.434274,BRL_million,end_of_period,managerial_pro_forma,consolidated,Consolidated including LATAM; pro forma series; Avenue consolidated from 2026; assets/equity adopt CMN 4966 prospectively; broad funding includes securities and borrowings,Total de Operações de Crédito com Garantias Financeiras Prestadas e Títulos Privados,https://api.mziq.com/mzfilemanager/v2/d/42787847-4cf6-4461-94a5-40ed237dca33/dd4bec5c-fb49-759c-fabc-b5db791b0aae?origin=2,documents/Itau/2026/2T26/Planilha_de_Series_Historicas_2T26__7747b90df4b5.xlsx,Sumário_PRO FORMA!K25,2026Q2,7747b90df4b515679c7dfe0dd5215cb4bffcf696a3af55bcd7afdf863b487001,1490816.4342740723,1,mapped
Itau,2025Q4,net_income_accounting,11938,BRL_million,quarter,accounting_consolidated,consolidated,,Lucro Líquido,https://api.mziq.com/mzfilemanager/v2/d/42787847-4cf6-4461-94a5-40ed237dca33/dd4bec5c-fb49-759c-fabc-b5db791b0aae?origin=2,documents/Itau/2026/2T26/Planilha_de_Series_Historicas_2T26__7747b90df4b5.xlsx,BRGAAP - DRE!G39,2026Q2,7747b90df4b515679c7dfe0dd5215cb4bffcf696a3af55bcd7afdf863b487001,11938,1,mapped
Itau,2025Q4,net_income_adjusted,12317.167241,BRL_million,quarter,managerial_pro_forma,consolidated,Consolidated including LATAM; pro forma series; Avenue consolidated from 2026; assets/equity adopt CMN 4966 prospectively; broad funding includes securities and borrowings,Resultado Recorrente Gerencial,https://api.mziq.com/mzfilemanager/v2/d/42787847-4cf6-4461-94a5-40ed237dca33/dd4bec5c-fb49-759c-fabc-b5db791b0aae?origin=2,documents/Itau/2026/2T26/Planilha_de_Series_Historicas_2T26__7747b90df4b5.xlsx,Sumário_PRO FORMA!K4,2026Q2,7747b90df4b515679c7dfe0dd5215cb4bffcf696a3af55bcd7afdf863b487001,12317.167241035133,1,mapped
Itau,2025Q4,net_interest_income,32313.528518,BRL_million,quarter,managerial_pro_forma,consolidated,Consolidated including LATAM; pro forma series; Avenue consolidated from 2026; assets/equity adopt CMN 4966 prospectively; broad funding includes securities and borrowings,Margem Financeira Gerencial (2) ,https://api.mziq.com/mzfilemanager/v2/d/42787847-4cf6-4461-94a5-40ed237dca33/dd4bec5c-fb49-759c-fabc-b5db791b0aae?origin=2,documents/Itau/2026/2T26/Planilha_de_Series_Historicas_2T26__7747b90df4b5.xlsx,Sumário_PRO FORMA!K6,2026Q2,7747b90df4b515679c7dfe0dd5215cb4bffcf696a3af55bcd7afdf863b487001,32313.52851807195,1,mapped
Itau,2025Q4,nii_clients,31716.870176,BRL_million,quarter,managerial_pro_forma,consolidated,Expected-loss expense includes credit-like securities; prior impairment regrouped, Margem Financeira com Clientes,https://api.mziq.com/mzfilemanager/v2/d/42787847-4cf6-4461-94a5-40ed237dca33/dd4bec5c-fb49-759c-fabc-b5db791b0aae?origin=2,documents/Itau/2026/2T26/Planilha_de_Series_Historicas_2T26__7747b90df4b5.xlsx,DRE_MF_PRO FORMA!J8,2026Q2,7747b90df4b515679c7dfe0dd5215cb4bffcf696a3af55bcd7afdf863b487001,31716.87017607237,1,mapped
Itau,2025Q4,nii_market,596.658342,BRL_million,quarter,managerial_pro_forma,consolidated,Expected-loss expense includes credit-like securities; prior impairment regrouped, Margem Financeira com o Mercado,https://api.mziq.com/mzfilemanager/v2/d/42787847-4cf6-4461-94a5-40ed237dca33/dd4bec5c-fb49-759c-fabc-b5db791b0aae?origin=2,documents/Itau/2026/2T26/Planilha_de_Series_Historicas_2T26__7747b90df4b5.xlsx,DRE_MF_PRO FORMA!J9,2026Q2,7747b90df4b515679c7dfe0dd5215cb4bffcf696a3af55bcd7afdf863b487001,596.6583419995798,1,mapped
Itau,2025Q4,npl90,1.890184,percent,end_of_period,managerial_pro_forma,consolidated,Consolidated including LATAM; pro forma series; Avenue consolidated from 2026; assets/equity adopt CMN 4966 prospectively; broad funding includes securities and borrowings,Índice de Inadimplência (90 dias) - Total,https://api.mziq.com/mzfilemanager/v2/d/42787847-4cf6-4461-94a5-40ed237dca33/dd4bec5c-fb49-759c-fabc-b5db791b0aae?origin=2,documents/Itau/2026/2T26/Planilha_de_Series_Historicas_2T26__7747b90df4b5.xlsx,Sumário_PRO FORMA!K10,2026Q2,7747b90df4b515679c7dfe0dd5215cb4bffcf696a3af55bcd7afdf863b487001,0.01890184056259118,100,mapped
Itau,2025Q4,operating_expenses,17044.635457,BRL_million,quarter,managerial_pro_forma,consolidated,Expected-loss expense includes credit-like securities; prior impairment regrouped,Despesas não Decorrentes de Juros,https://api.mziq.com/mzfilemanager/v2/d/42787847-4cf6-4461-94a5-40ed237dca33/dd4bec5c-fb49-759c-fabc-b5db791b0aae?origin=2,documents/Itau/2026/2T26/Planilha_de_Series_Historicas_2T26__7747b90df4b5.xlsx,DRE_MF_PRO FORMA!J20,2026Q2,7747b90df4b515679c7dfe0dd5215cb4bffcf696a3af55bcd7afdf863b487001,-17044.635457065568,-1,mapped
Itau,2025Q4,pretax_income,17786.042804,BRL_million,quarter,managerial_pro_forma,consolidated,Expected-loss expense includes credit-like securities; prior impairment regrouped,Resultado antes da Tributação e Participações Minoritárias,https://api.mziq.com/mzfilemanager/v2/d/42787847-4cf6-4461-94a5-40ed237dca33/dd4bec5c-fb49-759c-fabc-b5db791b0aae?origin=2,documents/Itau/2026/2T26/Planilha_de_Series_Historicas_2T26__7747b90df4b5.xlsx,DRE_MF_PRO FORMA!J23,2026Q2,7747b90df4b515679c7dfe0dd5215cb4bffcf696a3af55bcd7afdf863b487001,17786.042803804503,1,mapped
Itau,2025Q4,revenue,47617.451331,BRL_million,quarter,managerial_pro_forma,consolidated,Consolidated including LATAM; pro forma series; Avenue consolidated from 2026; assets/equity adopt CMN 4966 prospectively; broad funding includes securities and borrowings,Produto Bancário (1),https://api.mziq.com/mzfilemanager/v2/d/42787847-4cf6-4461-94a5-40ed237dca33/dd4bec5c-fb49-759c-fabc-b5db791b0aae?origin=2,documents/Itau/2026/2T26/Planilha_de_Series_Historicas_2T26__7747b90df4b5.xlsx,Sumário_PRO FORMA!K5,2026Q2,7747b90df4b515679c7dfe0dd5215cb4bffcf696a3af55bcd7afdf863b487001,47617.4513309088,1,mapped
Itau,2025Q4,roe_adjusted,24.432151,percent,quarter_annualized,managerial_pro_forma,consolidated,Consolidated including LATAM; pro forma series; Avenue consolidated from 2026; assets/equity adopt CMN 4966 prospectively; broad funding includes securities and borrowings,Retorno Recorrente Gerencial sobre o Patrimônio Líquido Médio anualizado - Consolidado (3),https://api.mziq.com/mzfilemanager/v2/d/42787847-4cf6-4461-94a5-40ed237dca33/dd4bec5c-fb49-759c-fabc-b5db791b0aae?origin=2,documents/Itau/2026/2T26/Planilha_de_Series_Historicas_2T26__7747b90df4b5.xlsx,Sumário_PRO FORMA!K8,2026Q2,7747b90df4b515679c7dfe0dd5215cb4bffcf696a3af55bcd7afdf863b487001,0.24432151262138643,100,mapped
Itau,2026Q1,assets,3199692,BRL_million,end_of_period,managerial_pro_forma,consolidated,Consolidated including LATAM; pro forma series; Avenue consolidated from 2026; assets/equity adopt CMN 4966 prospectively; broad funding includes securities and borrowings,Ativos Totais (10),https://api.mziq.com/mzfilemanager/v2/d/42787847-4cf6-4461-94a5-40ed237dca33/dd4bec5c-fb49-759c-fabc-b5db791b0aae?origin=2,documents/Itau/2026/2T26/Planilha_de_Series_Historicas_2T26__7747b90df4b5.xlsx,Sumário_PRO FORMA!L24,2026Q2,7747b90df4b515679c7dfe0dd5215cb4bffcf696a3af55bcd7afdf863b487001,3199692,1,mapped
Itau,2026Q1,capital_total,14.8,percent,end_of_period,managerial_pro_forma,prudential,Consolidated including LATAM; pro forma series; Avenue consolidated from 2026; assets/equity adopt CMN 4966 prospectively; broad funding includes securities and borrowings,Índice de Basileia,https://api.mziq.com/mzfilemanager/v2/d/42787847-4cf6-4461-94a5-40ed237dca33/dd4bec5c-fb49-759c-fabc-b5db791b0aae?origin=2,documents/Itau/2026/2T26/Planilha_de_Series_Historicas_2T26__7747b90df4b5.xlsx,Sumário_PRO FORMA!L22,2026Q2,7747b90df4b515679c7dfe0dd5215cb4bffcf696a3af55bcd7afdf863b487001,0.148,100,mapped
Itau,2026Q1,cet1,12.0,percent,end_of_period,prudential,prudential,Explicit Common Equity Tier I row; values rounded as published in summary,Índice de Capital Principal (Common Equity Tier I),https://api.mziq.com/mzfilemanager/v2/d/42787847-4cf6-4461-94a5-40ed237dca33/e950fa46-4ba0-6db4-e324-23883f242e73?origin=2,documents/Itau/2026/2T26/Analise_gerencial_da_operacao_e_demonstracoes_contabeis_completas_em_BRGAAP__fcfda4e6561d.pdf,PDF p. 5; CET1 row; column 1T26,2026Q2,fcfda4e6561de3576dece3dcc766935f2c7836e416323d3dba76d110e5154782,12.0,1,table_extracted
Itau,2026Q1,credit_cost,9952,BRL_million,quarter,managerial_pro_forma,consolidated,Expected-loss expense includes credit-like securities; prior impairment regrouped,Custo do Crédito,https://api.mziq.com/mzfilemanager/v2/d/42787847-4cf6-4461-94a5-40ed237dca33/dd4bec5c-fb49-759c-fabc-b5db791b0aae?origin=2,documents/Itau/2026/2T26/Planilha_de_Series_Historicas_2T26__7747b90df4b5.xlsx,DRE_MF_PRO FORMA!L10,2026Q2,7747b90df4b515679c7dfe0dd5215cb4bffcf696a3af55bcd7afdf863b487001,-9952,-1,mapped
Itau,2026Q1,efficiency,37.072568,percent,quarter,managerial_pro_forma,consolidated,Consolidated including LATAM; pro forma series; Avenue consolidated from 2026; assets/equity adopt CMN 4966 prospectively; broad funding includes securities and borrowings,Índice de Eficiência (IE) (5) ,https://api.mziq.com/mzfilemanager/v2/d/42787847-4cf6-4461-94a5-40ed237dca33/dd4bec5c-fb49-759c-fabc-b5db791b0aae?origin=2,documents/Itau/2026/2T26/Planilha_de_Series_Historicas_2T26__7747b90df4b5.xlsx,Sumário_PRO FORMA!L13,2026Q2,7747b90df4b515679c7dfe0dd5215cb4bffcf696a3af55bcd7afdf863b487001,0.37072567899483966,100,mapped
Itau,2026Q1,equity,200097.997588,BRL_million,end_of_period,managerial_pro_forma,consolidated,Consolidated including LATAM; pro forma series; Avenue consolidated from 2026; assets/equity adopt CMN 4966 prospectively; broad funding includes securities and borrowings,Patrimônio Líquido (10),https://api.mziq.com/mzfilemanager/v2/d/42787847-4cf6-4461-94a5-40ed237dca33/dd4bec5c-fb49-759c-fabc-b5db791b0aae?origin=2,documents/Itau/2026/2T26/Planilha_de_Series_Historicas_2T26__7747b90df4b5.xlsx,Sumário_PRO FORMA!L28,2026Q2,7747b90df4b515679c7dfe0dd5215cb4bffcf696a3af55bcd7afdf863b487001,200097.99758763,1,mapped
Itau,2026Q1,fees,10992.680541,BRL_million,quarter,managerial_pro_forma,consolidated,Expected-loss expense includes credit-like securities; prior impairment regrouped,Receitas de Prestação de Serviços,https://api.mziq.com/mzfilemanager/v2/d/42787847-4cf6-4461-94a5-40ed237dca33/dd4bec5c-fb49-759c-fabc-b5db791b0aae?origin=2,documents/Itau/2026/2T26/Planilha_de_Series_Historicas_2T26__7747b90df4b5.xlsx,DRE_MF_PRO FORMA!L18,2026Q2,7747b90df4b515679c7dfe0dd5215cb4bffcf696a3af55bcd7afdf863b487001,10992.68054109985,1,mapped
Itau,2026Q1,funding_broad,1667318.321104,BRL_million,end_of_period,managerial_pro_forma,consolidated,Consolidated including LATAM; pro forma series; Avenue consolidated from 2026; assets/equity adopt CMN 4966 prospectively; broad funding includes securities and borrowings,Depósitos + Debêntures + Obrigações por TVM + Empréstimos e Repasses (11),https://api.mziq.com/mzfilemanager/v2/d/42787847-4cf6-4461-94a5-40ed237dca33/dd4bec5c-fb49-759c-fabc-b5db791b0aae?origin=2,documents/Itau/2026/2T26/Planilha_de_Series_Historicas_2T26__7747b90df4b5.xlsx,Sumário_PRO FORMA!L26,2026Q2,7747b90df4b515679c7dfe0dd5215cb4bffcf696a3af55bcd7afdf863b487001,1667318.32110423,1,mapped
Itau,2026Q1,loans_expanded,1482699.276688,BRL_million,end_of_period,managerial_pro_forma,consolidated,Consolidated including LATAM; pro forma series; Avenue consolidated from 2026; assets/equity adopt CMN 4966 prospectively; broad funding includes securities and borrowings,Total de Operações de Crédito com Garantias Financeiras Prestadas e Títulos Privados,https://api.mziq.com/mzfilemanager/v2/d/42787847-4cf6-4461-94a5-40ed237dca33/dd4bec5c-fb49-759c-fabc-b5db791b0aae?origin=2,documents/Itau/2026/2T26/Planilha_de_Series_Historicas_2T26__7747b90df4b5.xlsx,Sumário_PRO FORMA!L25,2026Q2,7747b90df4b515679c7dfe0dd5215cb4bffcf696a3af55bcd7afdf863b487001,1482699.2766875871,1,mapped
Itau,2026Q1,net_income_accounting,11938,BRL_million,quarter,accounting_consolidated,consolidated,,Lucro Líquido,https://api.mziq.com/mzfilemanager/v2/d/42787847-4cf6-4461-94a5-40ed237dca33/dd4bec5c-fb49-759c-fabc-b5db791b0aae?origin=2,documents/Itau/2026/2T26/Planilha_de_Series_Historicas_2T26__7747b90df4b5.xlsx,BRGAAP - DRE!H39,2026Q2,7747b90df4b515679c7dfe0dd5215cb4bffcf696a3af55bcd7afdf863b487001,11938,1,mapped
Itau,2026Q1,net_income_adjusted,12282.114877,BRL_million,quarter,managerial_pro_forma,consolidated,Consolidated including LATAM; pro forma series; Avenue consolidated from 2026; assets/equity adopt CMN 4966 prospectively; broad funding includes securities and borrowings,Resultado Recorrente Gerencial,https://api.mziq.com/mzfilemanager/v2/d/42787847-4cf6-4461-94a5-40ed237dca33/dd4bec5c-fb49-759c-fabc-b5db791b0aae?origin=2,documents/Itau/2026/2T26/Planilha_de_Series_Historicas_2T26__7747b90df4b5.xlsx,Sumário_PRO FORMA!L4,2026Q2,7747b90df4b515679c7dfe0dd5215cb4bffcf696a3af55bcd7afdf863b487001,12282.114876834343,1,mapped
Itau,2026Q1,net_interest_income,32325.713194,BRL_million,quarter,managerial_pro_forma,consolidated,Consolidated including LATAM; pro forma series; Avenue consolidated from 2026; assets/equity adopt CMN 4966 prospectively; broad funding includes securities and borrowings,Margem Financeira Gerencial (2) ,https://api.mziq.com/mzfilemanager/v2/d/42787847-4cf6-4461-94a5-40ed237dca33/dd4bec5c-fb49-759c-fabc-b5db791b0aae?origin=2,documents/Itau/2026/2T26/Planilha_de_Series_Historicas_2T26__7747b90df4b5.xlsx,Sumário_PRO FORMA!L6,2026Q2,7747b90df4b515679c7dfe0dd5215cb4bffcf696a3af55bcd7afdf863b487001,32325.713193639498,1,mapped
Itau,2026Q1,nii_clients,31505.855089,BRL_million,quarter,managerial_pro_forma,consolidated,Expected-loss expense includes credit-like securities; prior impairment regrouped, Margem Financeira com Clientes,https://api.mziq.com/mzfilemanager/v2/d/42787847-4cf6-4461-94a5-40ed237dca33/dd4bec5c-fb49-759c-fabc-b5db791b0aae?origin=2,documents/Itau/2026/2T26/Planilha_de_Series_Historicas_2T26__7747b90df4b5.xlsx,DRE_MF_PRO FORMA!L8,2026Q2,7747b90df4b515679c7dfe0dd5215cb4bffcf696a3af55bcd7afdf863b487001,31505.855089479865,1,mapped
Itau,2026Q1,nii_market,819.858104,BRL_million,quarter,managerial_pro_forma,consolidated,Expected-loss expense includes credit-like securities; prior impairment regrouped, Margem Financeira com o Mercado,https://api.mziq.com/mzfilemanager/v2/d/42787847-4cf6-4461-94a5-40ed237dca33/dd4bec5c-fb49-759c-fabc-b5db791b0aae?origin=2,documents/Itau/2026/2T26/Planilha_de_Series_Historicas_2T26__7747b90df4b5.xlsx,DRE_MF_PRO FORMA!L9,2026Q2,7747b90df4b515679c7dfe0dd5215cb4bffcf696a3af55bcd7afdf863b487001,819.8581041596349,1,mapped
Itau,2026Q1,npl90,1.902463,percent,end_of_period,managerial_pro_forma,consolidated,Consolidated including LATAM; pro forma series; Avenue consolidated from 2026; assets/equity adopt CMN 4966 prospectively; broad funding includes securities and borrowings,Índice de Inadimplência (90 dias) - Total,https://api.mziq.com/mzfilemanager/v2/d/42787847-4cf6-4461-94a5-40ed237dca33/dd4bec5c-fb49-759c-fabc-b5db791b0aae?origin=2,documents/Itau/2026/2T26/Planilha_de_Series_Historicas_2T26__7747b90df4b5.xlsx,Sumário_PRO FORMA!L10,2026Q2,7747b90df4b515679c7dfe0dd5215cb4bffcf696a3af55bcd7afdf863b487001,0.019024627070783187,100,mapped
Itau,2026Q1,operating_expenses,16187.852366,BRL_million,quarter,managerial_pro_forma,consolidated,Expected-loss expense includes credit-like securities; prior impairment regrouped,Despesas não Decorrentes de Juros,https://api.mziq.com/mzfilemanager/v2/d/42787847-4cf6-4461-94a5-40ed237dca33/dd4bec5c-fb49-759c-fabc-b5db791b0aae?origin=2,documents/Itau/2026/2T26/Planilha_de_Series_Historicas_2T26__7747b90df4b5.xlsx,DRE_MF_PRO FORMA!L20,2026Q2,7747b90df4b515679c7dfe0dd5215cb4bffcf696a3af55bcd7afdf863b487001,-16187.852365513583,-1,mapped
Itau,2026Q1,pretax_income,17525.459434,BRL_million,quarter,managerial_pro_forma,consolidated,Expected-loss expense includes credit-like securities; prior impairment regrouped,Resultado antes da Tributação e Participações Minoritárias,https://api.mziq.com/mzfilemanager/v2/d/42787847-4cf6-4461-94a5-40ed237dca33/dd4bec5c-fb49-759c-fabc-b5db791b0aae?origin=2,documents/Itau/2026/2T26/Planilha_de_Series_Historicas_2T26__7747b90df4b5.xlsx,DRE_MF_PRO FORMA!L23,2026Q2,7747b90df4b515679c7dfe0dd5215cb4bffcf696a3af55bcd7afdf863b487001,17525.459434317014,1,mapped
Itau,2026Q1,revenue,46822.259885,BRL_million,quarter,managerial_pro_forma,consolidated,Consolidated including LATAM; pro forma series; Avenue consolidated from 2026; assets/equity adopt CMN 4966 prospectively; broad funding includes securities and borrowings,Produto Bancário (1),https://api.mziq.com/mzfilemanager/v2/d/42787847-4cf6-4461-94a5-40ed237dca33/dd4bec5c-fb49-759c-fabc-b5db791b0aae?origin=2,documents/Itau/2026/2T26/Planilha_de_Series_Historicas_2T26__7747b90df4b5.xlsx,Sumário_PRO FORMA!L5,2026Q2,7747b90df4b515679c7dfe0dd5215cb4bffcf696a3af55bcd7afdf863b487001,46822.25988537956,1,mapped
Itau,2026Q1,roe_adjusted,24.797082,percent,quarter_annualized,managerial_pro_forma,consolidated,Consolidated including LATAM; pro forma series; Avenue consolidated from 2026; assets/equity adopt CMN 4966 prospectively; broad funding includes securities and borrowings,Retorno Recorrente Gerencial sobre o Patrimônio Líquido Médio anualizado - Consolidado (3),https://api.mziq.com/mzfilemanager/v2/d/42787847-4cf6-4461-94a5-40ed237dca33/dd4bec5c-fb49-759c-fabc-b5db791b0aae?origin=2,documents/Itau/2026/2T26/Planilha_de_Series_Historicas_2T26__7747b90df4b5.xlsx,Sumário_PRO FORMA!L8,2026Q2,7747b90df4b515679c7dfe0dd5215cb4bffcf696a3af55bcd7afdf863b487001,0.24797081838207904,100,mapped
Itau,2026Q2,assets,3226840,BRL_million,end_of_period,managerial_pro_forma,consolidated,Consolidated including LATAM; pro forma series; Avenue consolidated from 2026; assets/equity adopt CMN 4966 prospectively; broad funding includes securities and borrowings,Ativos Totais (10),https://api.mziq.com/mzfilemanager/v2/d/42787847-4cf6-4461-94a5-40ed237dca33/dd4bec5c-fb49-759c-fabc-b5db791b0aae?origin=2,documents/Itau/2026/2T26/Planilha_de_Series_Historicas_2T26__7747b90df4b5.xlsx,Sumário_PRO FORMA!M24,2026Q2,7747b90df4b515679c7dfe0dd5215cb4bffcf696a3af55bcd7afdf863b487001,3226840,1,mapped
Itau,2026Q2,capital_total,15.4,percent,end_of_period,managerial_pro_forma,prudential,Consolidated including LATAM; pro forma series; Avenue consolidated from 2026; assets/equity adopt CMN 4966 prospectively; broad funding includes securities and borrowings,Índice de Basileia,https://api.mziq.com/mzfilemanager/v2/d/42787847-4cf6-4461-94a5-40ed237dca33/dd4bec5c-fb49-759c-fabc-b5db791b0aae?origin=2,documents/Itau/2026/2T26/Planilha_de_Series_Historicas_2T26__7747b90df4b5.xlsx,Sumário_PRO FORMA!M22,2026Q2,7747b90df4b515679c7dfe0dd5215cb4bffcf696a3af55bcd7afdf863b487001,0.154,100,mapped
Itau,2026Q2,cet1,12.3,percent,end_of_period,prudential,prudential,Explicit Common Equity Tier I row; values rounded as published in summary,Índice de Capital Principal (Common Equity Tier I),https://api.mziq.com/mzfilemanager/v2/d/42787847-4cf6-4461-94a5-40ed237dca33/e950fa46-4ba0-6db4-e324-23883f242e73?origin=2,documents/Itau/2026/2T26/Analise_gerencial_da_operacao_e_demonstracoes_contabeis_completas_em_BRGAAP__fcfda4e6561d.pdf,PDF p. 5; CET1 row; column 2T26,2026Q2,fcfda4e6561de3576dece3dcc766935f2c7836e416323d3dba76d110e5154782,12.3,1,table_extracted
Itau,2026Q2,credit_cost,10138.645158,BRL_million,quarter,managerial_pro_forma,consolidated,Expected-loss expense includes credit-like securities; prior impairment regrouped,Custo do Crédito,https://api.mziq.com/mzfilemanager/v2/d/42787847-4cf6-4461-94a5-40ed237dca33/dd4bec5c-fb49-759c-fabc-b5db791b0aae?origin=2,documents/Itau/2026/2T26/Planilha_de_Series_Historicas_2T26__7747b90df4b5.xlsx,DRE_MF_PRO FORMA!M10,2026Q2,7747b90df4b515679c7dfe0dd5215cb4bffcf696a3af55bcd7afdf863b487001,-10138.645158445499,-1,mapped
Itau,2026Q2,efficiency,37.426906,percent,quarter,managerial_pro_forma,consolidated,Consolidated including LATAM; pro forma series; Avenue consolidated from 2026; assets/equity adopt CMN 4966 prospectively; broad funding includes securities and borrowings,Índice de Eficiência (IE) (5) ,https://api.mziq.com/mzfilemanager/v2/d/42787847-4cf6-4461-94a5-40ed237dca33/dd4bec5c-fb49-759c-fabc-b5db791b0aae?origin=2,documents/Itau/2026/2T26/Planilha_de_Series_Historicas_2T26__7747b90df4b5.xlsx,Sumário_PRO FORMA!M13,2026Q2,7747b90df4b515679c7dfe0dd5215cb4bffcf696a3af55bcd7afdf863b487001,0.374269055269997,100,mapped
Itau,2026Q2,equity,208511.600821,BRL_million,end_of_period,managerial_pro_forma,consolidated,Consolidated including LATAM; pro forma series; Avenue consolidated from 2026; assets/equity adopt CMN 4966 prospectively; broad funding includes securities and borrowings,Patrimônio Líquido (10),https://api.mziq.com/mzfilemanager/v2/d/42787847-4cf6-4461-94a5-40ed237dca33/dd4bec5c-fb49-759c-fabc-b5db791b0aae?origin=2,documents/Itau/2026/2T26/Planilha_de_Series_Historicas_2T26__7747b90df4b5.xlsx,Sumário_PRO FORMA!M28,2026Q2,7747b90df4b515679c7dfe0dd5215cb4bffcf696a3af55bcd7afdf863b487001,208511.60082148,1,mapped
Itau,2026Q2,fees,11028.34111,BRL_million,quarter,managerial_pro_forma,consolidated,Expected-loss expense includes credit-like securities; prior impairment regrouped,Receitas de Prestação de Serviços,https://api.mziq.com/mzfilemanager/v2/d/42787847-4cf6-4461-94a5-40ed237dca33/dd4bec5c-fb49-759c-fabc-b5db791b0aae?origin=2,documents/Itau/2026/2T26/Planilha_de_Series_Historicas_2T26__7747b90df4b5.xlsx,DRE_MF_PRO FORMA!M18,2026Q2,7747b90df4b515679c7dfe0dd5215cb4bffcf696a3af55bcd7afdf863b487001,11028.341109821027,1,mapped
Itau,2026Q2,funding_broad,1718223.448532,BRL_million,end_of_period,managerial_pro_forma,consolidated,Consolidated including LATAM; pro forma series; Avenue consolidated from 2026; assets/equity adopt CMN 4966 prospectively; broad funding includes securities and borrowings,Depósitos + Debêntures + Obrigações por TVM + Empréstimos e Repasses (11),https://api.mziq.com/mzfilemanager/v2/d/42787847-4cf6-4461-94a5-40ed237dca33/dd4bec5c-fb49-759c-fabc-b5db791b0aae?origin=2,documents/Itau/2026/2T26/Planilha_de_Series_Historicas_2T26__7747b90df4b5.xlsx,Sumário_PRO FORMA!M26,2026Q2,7747b90df4b515679c7dfe0dd5215cb4bffcf696a3af55bcd7afdf863b487001,1718223.4485320686,1,mapped
Itau,2026Q2,loans_expanded,1522384.987014,BRL_million,end_of_period,managerial_pro_forma,consolidated,Consolidated including LATAM; pro forma series; Avenue consolidated from 2026; assets/equity adopt CMN 4966 prospectively; broad funding includes securities and borrowings,Total de Operações de Crédito com Garantias Financeiras Prestadas e Títulos Privados,https://api.mziq.com/mzfilemanager/v2/d/42787847-4cf6-4461-94a5-40ed237dca33/dd4bec5c-fb49-759c-fabc-b5db791b0aae?origin=2,documents/Itau/2026/2T26/Planilha_de_Series_Historicas_2T26__7747b90df4b5.xlsx,Sumário_PRO FORMA!M25,2026Q2,7747b90df4b515679c7dfe0dd5215cb4bffcf696a3af55bcd7afdf863b487001,1522384.9870139533,1,mapped
Itau,2026Q2,net_income_accounting,12181,BRL_million,quarter,accounting_consolidated,consolidated,,Lucro Líquido,https://api.mziq.com/mzfilemanager/v2/d/42787847-4cf6-4461-94a5-40ed237dca33/dd4bec5c-fb49-759c-fabc-b5db791b0aae?origin=2,documents/Itau/2026/2T26/Planilha_de_Series_Historicas_2T26__7747b90df4b5.xlsx,BRGAAP - DRE!I39,2026Q2,7747b90df4b515679c7dfe0dd5215cb4bffcf696a3af55bcd7afdf863b487001,12181,1,mapped
Itau,2026Q2,net_income_adjusted,12406.686278,BRL_million,quarter,managerial_pro_forma,consolidated,Consolidated including LATAM; pro forma series; Avenue consolidated from 2026; assets/equity adopt CMN 4966 prospectively; broad funding includes securities and borrowings,Resultado Recorrente Gerencial,https://api.mziq.com/mzfilemanager/v2/d/42787847-4cf6-4461-94a5-40ed237dca33/dd4bec5c-fb49-759c-fabc-b5db791b0aae?origin=2,documents/Itau/2026/2T26/Planilha_de_Series_Historicas_2T26__7747b90df4b5.xlsx,Sumário_PRO FORMA!M4,2026Q2,7747b90df4b515679c7dfe0dd5215cb4bffcf696a3af55bcd7afdf863b487001,12406.686278138443,1,mapped
Itau,2026Q2,net_interest_income,33487.583621,BRL_million,quarter,managerial_pro_forma,consolidated,Consolidated including LATAM; pro forma series; Avenue consolidated from 2026; assets/equity adopt CMN 4966 prospectively; broad funding includes securities and borrowings,Margem Financeira Gerencial (2) ,https://api.mziq.com/mzfilemanager/v2/d/42787847-4cf6-4461-94a5-40ed237dca33/dd4bec5c-fb49-759c-fabc-b5db791b0aae?origin=2,documents/Itau/2026/2T26/Planilha_de_Series_Historicas_2T26__7747b90df4b5.xlsx,Sumário_PRO FORMA!M6,2026Q2,7747b90df4b515679c7dfe0dd5215cb4bffcf696a3af55bcd7afdf863b487001,33487.583620860736,1,mapped
Itau,2026Q2,nii_clients,32556.530202,BRL_million,quarter,managerial_pro_forma,consolidated,Expected-loss expense includes credit-like securities; prior impairment regrouped, Margem Financeira com Clientes,https://api.mziq.com/mzfilemanager/v2/d/42787847-4cf6-4461-94a5-40ed237dca33/dd4bec5c-fb49-759c-fabc-b5db791b0aae?origin=2,documents/Itau/2026/2T26/Planilha_de_Series_Historicas_2T26__7747b90df4b5.xlsx,DRE_MF_PRO FORMA!M8,2026Q2,7747b90df4b515679c7dfe0dd5215cb4bffcf696a3af55bcd7afdf863b487001,32556.530201690413,1,mapped
Itau,2026Q2,nii_market,931.053419,BRL_million,quarter,managerial_pro_forma,consolidated,Expected-loss expense includes credit-like securities; prior impairment regrouped, Margem Financeira com o Mercado,https://api.mziq.com/mzfilemanager/v2/d/42787847-4cf6-4461-94a5-40ed237dca33/dd4bec5c-fb49-759c-fabc-b5db791b0aae?origin=2,documents/Itau/2026/2T26/Planilha_de_Series_Historicas_2T26__7747b90df4b5.xlsx,DRE_MF_PRO FORMA!M9,2026Q2,7747b90df4b515679c7dfe0dd5215cb4bffcf696a3af55bcd7afdf863b487001,931.0534191703191,1,mapped
Itau,2026Q2,npl90,1.948798,percent,end_of_period,managerial_pro_forma,consolidated,Consolidated including LATAM; pro forma series; Avenue consolidated from 2026; assets/equity adopt CMN 4966 prospectively; broad funding includes securities and borrowings,Índice de Inadimplência (90 dias) - Total,https://api.mziq.com/mzfilemanager/v2/d/42787847-4cf6-4461-94a5-40ed237dca33/dd4bec5c-fb49-759c-fabc-b5db791b0aae?origin=2,documents/Itau/2026/2T26/Planilha_de_Series_Historicas_2T26__7747b90df4b5.xlsx,Sumário_PRO FORMA!M10,2026Q2,7747b90df4b515679c7dfe0dd5215cb4bffcf696a3af55bcd7afdf863b487001,0.01948797924957244,100,mapped
Itau,2026Q2,operating_expenses,16727.510911,BRL_million,quarter,managerial_pro_forma,consolidated,Expected-loss expense includes credit-like securities; prior impairment regrouped,Despesas não Decorrentes de Juros,https://api.mziq.com/mzfilemanager/v2/d/42787847-4cf6-4461-94a5-40ed237dca33/dd4bec5c-fb49-759c-fabc-b5db791b0aae?origin=2,documents/Itau/2026/2T26/Planilha_de_Series_Historicas_2T26__7747b90df4b5.xlsx,DRE_MF_PRO FORMA!M20,2026Q2,7747b90df4b515679c7dfe0dd5215cb4bffcf696a3af55bcd7afdf863b487001,-16727.510911167392,-1,mapped
Itau,2026Q2,pretax_income,17827.656244,BRL_million,quarter,managerial_pro_forma,consolidated,Expected-loss expense includes credit-like securities; prior impairment regrouped,Resultado antes da Tributação e Participações Minoritárias,https://api.mziq.com/mzfilemanager/v2/d/42787847-4cf6-4461-94a5-40ed237dca33/dd4bec5c-fb49-759c-fabc-b5db791b0aae?origin=2,documents/Itau/2026/2T26/Planilha_de_Series_Historicas_2T26__7747b90df4b5.xlsx,DRE_MF_PRO FORMA!M23,2026Q2,7747b90df4b515679c7dfe0dd5215cb4bffcf696a3af55bcd7afdf863b487001,17827.656244365862,1,mapped
Itau,2026Q2,revenue,47984.926909,BRL_million,quarter,managerial_pro_forma,consolidated,Consolidated including LATAM; pro forma series; Avenue consolidated from 2026; assets/equity adopt CMN 4966 prospectively; broad funding includes securities and borrowings,Produto Bancário (1),https://api.mziq.com/mzfilemanager/v2/d/42787847-4cf6-4461-94a5-40ed237dca33/dd4bec5c-fb49-759c-fabc-b5db791b0aae?origin=2,documents/Itau/2026/2T26/Planilha_de_Series_Historicas_2T26__7747b90df4b5.xlsx,Sumário_PRO FORMA!M5,2026Q2,7747b90df4b515679c7dfe0dd5215cb4bffcf696a3af55bcd7afdf863b487001,47984.92690895383,1,mapped
Itau,2026Q2,roe_adjusted,24.290543,percent,quarter_annualized,managerial_pro_forma,consolidated,Consolidated including LATAM; pro forma series; Avenue consolidated from 2026; assets/equity adopt CMN 4966 prospectively; broad funding includes securities and borrowings,Retorno Recorrente Gerencial sobre o Patrimônio Líquido Médio anualizado - Consolidado (3),https://api.mziq.com/mzfilemanager/v2/d/42787847-4cf6-4461-94a5-40ed237dca33/dd4bec5c-fb49-759c-fabc-b5db791b0aae?origin=2,documents/Itau/2026/2T26/Planilha_de_Series_Historicas_2T26__7747b90df4b5.xlsx,Sumário_PRO FORMA!M8,2026Q2,7747b90df4b515679c7dfe0dd5215cb4bffcf696a3af55bcd7afdf863b487001,0.2429054300524103,100,mapped
Santander,2024Q1,assets,1169476.177,BRL_million,end_of_period,accounting_consolidated,consolidated,Legacy BRL thousands,Total do Ativo,https://api.mziq.com/mzfilemanager/v2/d/a2595886-9fbb-4339-8a38-71d6ce7c7d36/c1507f83-7641-55bd-d35c-a8bb4f995750?origin=2,documents/Santander/2026/2T26/Series_Historicas_2T26__0b04dac5a2f3.xlsx,Balanço Patrimonial até 2024!BM69,2026Q2,0b04dac5a2f30e47e7bb52d7d92f1e3c713c054e0f8afafb2ab916442baa774c,1169476177,0.001,mapped
Santander,2024Q1,coverage_npl90,209.464676,percent,end_of_period,managerial_adjusted,consolidated,"Legacy ratios exclude specified extraordinary provisions, including BRL 1,930m in 2Q24",Cobertura Over 90,https://api.mziq.com/mzfilemanager/v2/d/a2595886-9fbb-4339-8a38-71d6ce7c7d36/c1507f83-7641-55bd-d35c-a8bb4f995750?origin=2,documents/Santander/2026/2T26/Series_Historicas_2T26__0b04dac5a2f3.xlsx,Indicadores Ger. 2023 a 2024!I19,2026Q2,0b04dac5a2f30e47e7bb52d7d92f1e3c713c054e0f8afafb2ab916442baa774c,2.0946467561985234,100,mapped
Santander,2024Q1,credit_cost,6042.868103,BRL_million,quarter,managerial_adjusted,consolidated,Legacy discontinued series in BRL thousands; includes 2024 reclassification,Resultado de PDD,https://api.mziq.com/mzfilemanager/v2/d/a2595886-9fbb-4339-8a38-71d6ce7c7d36/c1507f83-7641-55bd-d35c-a8bb4f995750?origin=2,documents/Santander/2026/2T26/Series_Historicas_2T26__0b04dac5a2f3.xlsx,DRE Gerencial 2023 a 2024!G15,2026Q2,0b04dac5a2f30e47e7bb52d7d92f1e3c713c054e0f8afafb2ab916442baa774c,-6042868.102978354,-0.001,mapped
Santander,2024Q1,efficiency,39.713413,percent,quarter,managerial_adjusted,consolidated,"Legacy ratios exclude specified extraordinary provisions, including BRL 1,930m in 2Q24",Indíce de Eficiência²,https://api.mziq.com/mzfilemanager/v2/d/a2595886-9fbb-4339-8a38-71d6ce7c7d36/c1507f83-7641-55bd-d35c-a8bb4f995750?origin=2,documents/Santander/2026/2T26/Series_Historicas_2T26__0b04dac5a2f3.xlsx,Indicadores Ger. 2023 a 2024!I11,2026Q2,0b04dac5a2f30e47e7bb52d7d92f1e3c713c054e0f8afafb2ab916442baa774c,0.3971341330021794,100,mapped
Santander,2024Q1,equity,87028.6686,BRL_million,end_of_period,accounting_consolidated,consolidated,Legacy BRL thousands,Patrimônio Líquido,https://api.mziq.com/mzfilemanager/v2/d/a2595886-9fbb-4339-8a38-71d6ce7c7d36/c1507f83-7641-55bd-d35c-a8bb4f995750?origin=2,documents/Santander/2026/2T26/Series_Historicas_2T26__0b04dac5a2f3.xlsx,Balanço Patrimonial até 2024!BM121,2026Q2,0b04dac5a2f30e47e7bb52d7d92f1e3c713c054e0f8afafb2ab916442baa774c,87028668.60000001,0.001,mapped
Santander,2024Q1,fees,4885.590328,BRL_million,quarter,managerial_adjusted,consolidated,Legacy discontinued series in BRL thousands; includes 2024 reclassification,Comissões,https://api.mziq.com/mzfilemanager/v2/d/a2595886-9fbb-4339-8a38-71d6ce7c7d36/c1507f83-7641-55bd-d35c-a8bb4f995750?origin=2,documents/Santander/2026/2T26/Series_Historicas_2T26__0b04dac5a2f3.xlsx,DRE Gerencial 2023 a 2024!G13,2026Q2,0b04dac5a2f30e47e7bb52d7d92f1e3c713c054e0f8afafb2ab916442baa774c,4885590.32752,0.001,mapped
Santander,2024Q1,funding_broad,667063.1622,BRL_million,end_of_period,managerial_balance,consolidated,Legacy broad funding BRL thousands,Total Captações (B),https://api.mziq.com/mzfilemanager/v2/d/a2595886-9fbb-4339-8a38-71d6ce7c7d36/c1507f83-7641-55bd-d35c-a8bb4f995750?origin=2,documents/Santander/2026/2T26/Series_Historicas_2T26__0b04dac5a2f3.xlsx,Captações até 2024!BM21,2026Q2,0b04dac5a2f30e47e7bb52d7d92f1e3c713c054e0f8afafb2ab916442baa774c,667063162.2,0.001,mapped
Santander,2024Q1,loans,525352.826813,BRL_million,end_of_period,managerial_balance,consolidated,Expanded credit includes guarantees,Total,https://api.mziq.com/mzfilemanager/v2/d/a2595886-9fbb-4339-8a38-71d6ce7c7d36/c1507f83-7641-55bd-d35c-a8bb4f995750?origin=2,documents/Santander/2026/2T26/Series_Historicas_2T26__0b04dac5a2f3.xlsx,Crédito_Segmento 2014 a 2024!AS15,2026Q2,0b04dac5a2f30e47e7bb52d7d92f1e3c713c054e0f8afafb2ab916442baa774c,525352.8268129309,1,mapped
Santander,2024Q1,loans_expanded,654019.504615,BRL_million,end_of_period,managerial_balance,consolidated,Expanded credit includes guarantees,Carteira de crédito ampliada com avais e fianças,https://api.mziq.com/mzfilemanager/v2/d/a2595886-9fbb-4339-8a38-71d6ce7c7d36/c1507f83-7641-55bd-d35c-a8bb4f995750?origin=2,documents/Santander/2026/2T26/Series_Historicas_2T26__0b04dac5a2f3.xlsx,Crédito_Segmento 2014 a 2024!AS19,2026Q2,0b04dac5a2f30e47e7bb52d7d92f1e3c713c054e0f8afafb2ab916442baa774c,654019.5046147129,1,mapped
Santander,2024Q1,net_income_adjusted,3021.172944,BRL_million,quarter,managerial_adjusted,consolidated,Legacy discontinued series in BRL thousands; includes 2024 reclassification,Lucro Líquido Recorrente,https://api.mziq.com/mzfilemanager/v2/d/a2595886-9fbb-4339-8a38-71d6ce7c7d36/c1507f83-7641-55bd-d35c-a8bb4f995750?origin=2,documents/Santander/2026/2T26/Series_Historicas_2T26__0b04dac5a2f3.xlsx,DRE Gerencial 2023 a 2024!G29,2026Q2,0b04dac5a2f30e47e7bb52d7d92f1e3c713c054e0f8afafb2ab916442baa774c,3021172.944000006,0.001,mapped
Santander,2024Q1,net_interest_income,14789.998868,BRL_million,quarter,managerial_adjusted,consolidated,Legacy discontinued series in BRL thousands; includes 2024 reclassification,Margem Financeira,https://api.mziq.com/mzfilemanager/v2/d/a2595886-9fbb-4339-8a38-71d6ce7c7d36/c1507f83-7641-55bd-d35c-a8bb4f995750?origin=2,documents/Santander/2026/2T26/Series_Historicas_2T26__0b04dac5a2f3.xlsx,DRE Gerencial 2023 a 2024!G10,2026Q2,0b04dac5a2f30e47e7bb52d7d92f1e3c713c054e0f8afafb2ab916442baa774c,14789998.867574438,0.001,mapped
Santander,2024Q1,nii_clients,14456.841251,BRL_million,quarter,managerial_adjusted,consolidated,Legacy discontinued series in BRL thousands; includes 2024 reclassification,Margem com Clientes,https://api.mziq.com/mzfilemanager/v2/d/a2595886-9fbb-4339-8a38-71d6ce7c7d36/c1507f83-7641-55bd-d35c-a8bb4f995750?origin=2,documents/Santander/2026/2T26/Series_Historicas_2T26__0b04dac5a2f3.xlsx,DRE Gerencial 2023 a 2024!G11,2026Q2,0b04dac5a2f30e47e7bb52d7d92f1e3c713c054e0f8afafb2ab916442baa774c,14456841.251075782,0.001,mapped
Santander,2024Q1,nii_market,333.157616,BRL_million,quarter,managerial_adjusted,consolidated,Legacy discontinued series in BRL thousands; includes 2024 reclassification,Margem com Mercados ,https://api.mziq.com/mzfilemanager/v2/d/a2595886-9fbb-4339-8a38-71d6ce7c7d36/c1507f83-7641-55bd-d35c-a8bb4f995750?origin=2,documents/Santander/2026/2T26/Series_Historicas_2T26__0b04dac5a2f3.xlsx,DRE Gerencial 2023 a 2024!G12,2026Q2,0b04dac5a2f30e47e7bb52d7d92f1e3c713c054e0f8afafb2ab916442baa774c,333157.61649865715,0.001,mapped
Santander,2024Q1,npl90,3.162048,percent,end_of_period,managerial_adjusted,consolidated,"Legacy ratios exclude specified extraordinary provisions, including BRL 1,930m in 2Q24",NPL 90,https://api.mziq.com/mzfilemanager/v2/d/a2595886-9fbb-4339-8a38-71d6ce7c7d36/c1507f83-7641-55bd-d35c-a8bb4f995750?origin=2,documents/Santander/2026/2T26/Series_Historicas_2T26__0b04dac5a2f3.xlsx,Indicadores Ger. 2023 a 2024!I17,2026Q2,0b04dac5a2f30e47e7bb52d7d92f1e3c713c054e0f8afafb2ab916442baa774c,0.03162047678488307,100,mapped
Santander,2024Q1,operating_expenses,6296.869195,BRL_million,quarter,managerial_adjusted,consolidated,Legacy discontinued series in BRL thousands; includes 2024 reclassification,Despesas Gerais,https://api.mziq.com/mzfilemanager/v2/d/a2595886-9fbb-4339-8a38-71d6ce7c7d36/c1507f83-7641-55bd-d35c-a8bb4f995750?origin=2,documents/Santander/2026/2T26/Series_Historicas_2T26__0b04dac5a2f3.xlsx,DRE Gerencial 2023 a 2024!G18,2026Q2,0b04dac5a2f30e47e7bb52d7d92f1e3c713c054e0f8afafb2ab916442baa774c,-6296869.19536,-0.001,mapped
Santander,2024Q1,pretax_income,3539.071653,BRL_million,quarter,managerial_adjusted,consolidated,Legacy discontinued series in BRL thousands; includes 2024 reclassification,Lucro Líquido antes de impostos ,https://api.mziq.com/mzfilemanager/v2/d/a2595886-9fbb-4339-8a38-71d6ce7c7d36/c1507f83-7641-55bd-d35c-a8bb4f995750?origin=2,documents/Santander/2026/2T26/Series_Historicas_2T26__0b04dac5a2f3.xlsx,DRE Gerencial 2023 a 2024!G26,2026Q2,0b04dac5a2f30e47e7bb52d7d92f1e3c713c054e0f8afafb2ab916442baa774c,3539071.653000006,0.001,mapped
Santander,2024Q1,revenue,19675.589195,BRL_million,quarter,managerial_adjusted,consolidated,Legacy discontinued series in BRL thousands; includes 2024 reclassification,Receita Total,https://api.mziq.com/mzfilemanager/v2/d/a2595886-9fbb-4339-8a38-71d6ce7c7d36/c1507f83-7641-55bd-d35c-a8bb4f995750?origin=2,documents/Santander/2026/2T26/Series_Historicas_2T26__0b04dac5a2f3.xlsx,DRE Gerencial 2023 a 2024!G14,2026Q2,0b04dac5a2f30e47e7bb52d7d92f1e3c713c054e0f8afafb2ab916442baa774c,19675589.195094436,0.001,mapped
Santander,2024Q1,roe_adjusted,14.099678,percent,quarter_annualized,managerial_adjusted,consolidated,"Legacy ratios exclude specified extraordinary provisions, including BRL 1,930m in 2Q24",ROE²,https://api.mziq.com/mzfilemanager/v2/d/a2595886-9fbb-4339-8a38-71d6ce7c7d36/c1507f83-7641-55bd-d35c-a8bb4f995750?origin=2,documents/Santander/2026/2T26/Series_Historicas_2T26__0b04dac5a2f3.xlsx,Indicadores Ger. 2023 a 2024!I10,2026Q2,0b04dac5a2f30e47e7bb52d7d92f1e3c713c054e0f8afafb2ab916442baa774c,0.14099678222909728,100,mapped
Santander,2024Q2,assets,1248625.4325,BRL_million,end_of_period,accounting_consolidated,consolidated,Legacy BRL thousands,Total do Ativo,https://api.mziq.com/mzfilemanager/v2/d/a2595886-9fbb-4339-8a38-71d6ce7c7d36/c1507f83-7641-55bd-d35c-a8bb4f995750?origin=2,documents/Santander/2026/2T26/Series_Historicas_2T26__0b04dac5a2f3.xlsx,Balanço Patrimonial até 2024!BN69,2026Q2,0b04dac5a2f30e47e7bb52d7d92f1e3c713c054e0f8afafb2ab916442baa774c,1248625432.5,0.001,mapped
Santander,2024Q2,coverage_npl90,215.146702,percent,end_of_period,managerial_adjusted,consolidated,"Legacy ratios exclude specified extraordinary provisions, including BRL 1,930m in 2Q24",Cobertura Over 90,https://api.mziq.com/mzfilemanager/v2/d/a2595886-9fbb-4339-8a38-71d6ce7c7d36/c1507f83-7641-55bd-d35c-a8bb4f995750?origin=2,documents/Santander/2026/2T26/Series_Historicas_2T26__0b04dac5a2f3.xlsx,Indicadores Ger. 2023 a 2024!J19,2026Q2,0b04dac5a2f30e47e7bb52d7d92f1e3c713c054e0f8afafb2ab916442baa774c,2.151467021499613,100,mapped
Santander,2024Q2,credit_cost,5896.011818,BRL_million,quarter,managerial_adjusted,consolidated,Legacy discontinued series in BRL thousands; includes 2024 reclassification,Resultado de PDD,https://api.mziq.com/mzfilemanager/v2/d/a2595886-9fbb-4339-8a38-71d6ce7c7d36/c1507f83-7641-55bd-d35c-a8bb4f995750?origin=2,documents/Santander/2026/2T26/Series_Historicas_2T26__0b04dac5a2f3.xlsx,DRE Gerencial 2023 a 2024!H15,2026Q2,0b04dac5a2f30e47e7bb52d7d92f1e3c713c054e0f8afafb2ab916442baa774c,-5896011.818129497,-0.001,mapped
Santander,2024Q2,efficiency,39.28612,percent,quarter,managerial_adjusted,consolidated,"Legacy ratios exclude specified extraordinary provisions, including BRL 1,930m in 2Q24",Indíce de Eficiência²,https://api.mziq.com/mzfilemanager/v2/d/a2595886-9fbb-4339-8a38-71d6ce7c7d36/c1507f83-7641-55bd-d35c-a8bb4f995750?origin=2,documents/Santander/2026/2T26/Series_Historicas_2T26__0b04dac5a2f3.xlsx,Indicadores Ger. 2023 a 2024!J11,2026Q2,0b04dac5a2f30e47e7bb52d7d92f1e3c713c054e0f8afafb2ab916442baa774c,0.39286120364745886,100,mapped
Santander,2024Q2,equity,87955.0299,BRL_million,end_of_period,accounting_consolidated,consolidated,Legacy BRL thousands,Patrimônio Líquido,https://api.mziq.com/mzfilemanager/v2/d/a2595886-9fbb-4339-8a38-71d6ce7c7d36/c1507f83-7641-55bd-d35c-a8bb4f995750?origin=2,documents/Santander/2026/2T26/Series_Historicas_2T26__0b04dac5a2f3.xlsx,Balanço Patrimonial até 2024!BN121,2026Q2,0b04dac5a2f30e47e7bb52d7d92f1e3c713c054e0f8afafb2ab916442baa774c,87955029.9,0.001,mapped
Santander,2024Q2,fees,5181.994993,BRL_million,quarter,managerial_adjusted,consolidated,Legacy discontinued series in BRL thousands; includes 2024 reclassification,Comissões,https://api.mziq.com/mzfilemanager/v2/d/a2595886-9fbb-4339-8a38-71d6ce7c7d36/c1507f83-7641-55bd-d35c-a8bb4f995750?origin=2,documents/Santander/2026/2T26/Series_Historicas_2T26__0b04dac5a2f3.xlsx,DRE Gerencial 2023 a 2024!H13,2026Q2,0b04dac5a2f30e47e7bb52d7d92f1e3c713c054e0f8afafb2ab916442baa774c,5181994.99325,0.001,mapped
Santander,2024Q2,funding_broad,701739.8561,BRL_million,end_of_period,managerial_balance,consolidated,Legacy broad funding BRL thousands,Total Captações (B),https://api.mziq.com/mzfilemanager/v2/d/a2595886-9fbb-4339-8a38-71d6ce7c7d36/c1507f83-7641-55bd-d35c-a8bb4f995750?origin=2,documents/Santander/2026/2T26/Series_Historicas_2T26__0b04dac5a2f3.xlsx,Captações até 2024!BN21,2026Q2,0b04dac5a2f30e47e7bb52d7d92f1e3c713c054e0f8afafb2ab916442baa774c,701739856.1,0.001,mapped
Santander,2024Q2,loans,538501.57095,BRL_million,end_of_period,managerial_balance,consolidated,Expanded credit includes guarantees,Total,https://api.mziq.com/mzfilemanager/v2/d/a2595886-9fbb-4339-8a38-71d6ce7c7d36/c1507f83-7641-55bd-d35c-a8bb4f995750?origin=2,documents/Santander/2026/2T26/Series_Historicas_2T26__0b04dac5a2f3.xlsx,Crédito_Segmento 2014 a 2024!AT15,2026Q2,0b04dac5a2f30e47e7bb52d7d92f1e3c713c054e0f8afafb2ab916442baa774c,538501.5709503447,1,mapped
Santander,2024Q2,loans_expanded,665591.591769,BRL_million,end_of_period,managerial_balance,consolidated,Expanded credit includes guarantees,Carteira de crédito ampliada com avais e fianças,https://api.mziq.com/mzfilemanager/v2/d/a2595886-9fbb-4339-8a38-71d6ce7c7d36/c1507f83-7641-55bd-d35c-a8bb4f995750?origin=2,documents/Santander/2026/2T26/Series_Historicas_2T26__0b04dac5a2f3.xlsx,Crédito_Segmento 2014 a 2024!AT19,2026Q2,0b04dac5a2f30e47e7bb52d7d92f1e3c713c054e0f8afafb2ab916442baa774c,665591.5917693019,1,mapped
Santander,2024Q2,net_income_adjusted,3331.96677,BRL_million,quarter,managerial_adjusted,consolidated,Legacy discontinued series in BRL thousands; includes 2024 reclassification,Lucro Líquido Recorrente,https://api.mziq.com/mzfilemanager/v2/d/a2595886-9fbb-4339-8a38-71d6ce7c7d36/c1507f83-7641-55bd-d35c-a8bb4f995750?origin=2,documents/Santander/2026/2T26/Series_Historicas_2T26__0b04dac5a2f3.xlsx,DRE Gerencial 2023 a 2024!H29,2026Q2,0b04dac5a2f30e47e7bb52d7d92f1e3c713c054e0f8afafb2ab916442baa774c,3331966.770350002,0.001,mapped
Santander,2024Q2,net_interest_income,14750.760111,BRL_million,quarter,managerial_adjusted,consolidated,Legacy discontinued series in BRL thousands; includes 2024 reclassification,Margem Financeira,https://api.mziq.com/mzfilemanager/v2/d/a2595886-9fbb-4339-8a38-71d6ce7c7d36/c1507f83-7641-55bd-d35c-a8bb4f995750?origin=2,documents/Santander/2026/2T26/Series_Historicas_2T26__0b04dac5a2f3.xlsx,DRE Gerencial 2023 a 2024!H10,2026Q2,0b04dac5a2f30e47e7bb52d7d92f1e3c713c054e0f8afafb2ab916442baa774c,14750760.111276397,0.001,mapped
Santander,2024Q2,nii_clients,14492.923655,BRL_million,quarter,managerial_adjusted,consolidated,Legacy discontinued series in BRL thousands; includes 2024 reclassification,Margem com Clientes,https://api.mziq.com/mzfilemanager/v2/d/a2595886-9fbb-4339-8a38-71d6ce7c7d36/c1507f83-7641-55bd-d35c-a8bb4f995750?origin=2,documents/Santander/2026/2T26/Series_Historicas_2T26__0b04dac5a2f3.xlsx,DRE Gerencial 2023 a 2024!H11,2026Q2,0b04dac5a2f30e47e7bb52d7d92f1e3c713c054e0f8afafb2ab916442baa774c,14492923.65526251,0.001,mapped
Santander,2024Q2,nii_market,257.836456,BRL_million,quarter,managerial_adjusted,consolidated,Legacy discontinued series in BRL thousands; includes 2024 reclassification,Margem com Mercados ,https://api.mziq.com/mzfilemanager/v2/d/a2595886-9fbb-4339-8a38-71d6ce7c7d36/c1507f83-7641-55bd-d35c-a8bb4f995750?origin=2,documents/Santander/2026/2T26/Series_Historicas_2T26__0b04dac5a2f3.xlsx,DRE Gerencial 2023 a 2024!H12,2026Q2,0b04dac5a2f30e47e7bb52d7d92f1e3c713c054e0f8afafb2ab916442baa774c,257836.45601388885,0.001,mapped
Santander,2024Q2,npl90,3.154281,percent,end_of_period,managerial_adjusted,consolidated,"Legacy ratios exclude specified extraordinary provisions, including BRL 1,930m in 2Q24",NPL 90,https://api.mziq.com/mzfilemanager/v2/d/a2595886-9fbb-4339-8a38-71d6ce7c7d36/c1507f83-7641-55bd-d35c-a8bb4f995750?origin=2,documents/Santander/2026/2T26/Series_Historicas_2T26__0b04dac5a2f3.xlsx,Indicadores Ger. 2023 a 2024!J17,2026Q2,0b04dac5a2f30e47e7bb52d7d92f1e3c713c054e0f8afafb2ab916442baa774c,0.031542812473814824,100,mapped
Santander,2024Q2,operating_expenses,6314.477677,BRL_million,quarter,managerial_adjusted,consolidated,Legacy discontinued series in BRL thousands; includes 2024 reclassification,Despesas Gerais,https://api.mziq.com/mzfilemanager/v2/d/a2595886-9fbb-4339-8a38-71d6ce7c7d36/c1507f83-7641-55bd-d35c-a8bb4f995750?origin=2,documents/Santander/2026/2T26/Series_Historicas_2T26__0b04dac5a2f3.xlsx,DRE Gerencial 2023 a 2024!H18,2026Q2,0b04dac5a2f30e47e7bb52d7d92f1e3c713c054e0f8afafb2ab916442baa774c,-6314477.67725,-0.001,mapped
Santander,2024Q2,pretax_income,3906.51527,BRL_million,quarter,managerial_adjusted,consolidated,Legacy discontinued series in BRL thousands; includes 2024 reclassification,Lucro Líquido antes de impostos ,https://api.mziq.com/mzfilemanager/v2/d/a2595886-9fbb-4339-8a38-71d6ce7c7d36/c1507f83-7641-55bd-d35c-a8bb4f995750?origin=2,documents/Santander/2026/2T26/Series_Historicas_2T26__0b04dac5a2f3.xlsx,DRE Gerencial 2023 a 2024!H26,2026Q2,0b04dac5a2f30e47e7bb52d7d92f1e3c713c054e0f8afafb2ab916442baa774c,3906515.270350002,0.001,mapped
Santander,2024Q2,revenue,19932.755105,BRL_million,quarter,managerial_adjusted,consolidated,Legacy discontinued series in BRL thousands; includes 2024 reclassification,Receita Total,https://api.mziq.com/mzfilemanager/v2/d/a2595886-9fbb-4339-8a38-71d6ce7c7d36/c1507f83-7641-55bd-d35c-a8bb4f995750?origin=2,documents/Santander/2026/2T26/Series_Historicas_2T26__0b04dac5a2f3.xlsx,DRE Gerencial 2023 a 2024!H14,2026Q2,0b04dac5a2f30e47e7bb52d7d92f1e3c713c054e0f8afafb2ab916442baa774c,19932755.104526397,0.001,mapped
Santander,2024Q2,roe_adjusted,15.518857,percent,quarter_annualized,managerial_adjusted,consolidated,"Legacy ratios exclude specified extraordinary provisions, including BRL 1,930m in 2Q24",ROE²,https://api.mziq.com/mzfilemanager/v2/d/a2595886-9fbb-4339-8a38-71d6ce7c7d36/c1507f83-7641-55bd-d35c-a8bb4f995750?origin=2,documents/Santander/2026/2T26/Series_Historicas_2T26__0b04dac5a2f3.xlsx,Indicadores Ger. 2023 a 2024!J10,2026Q2,0b04dac5a2f30e47e7bb52d7d92f1e3c713c054e0f8afafb2ab916442baa774c,0.15518856500363964,100,mapped
Santander,2024Q3,assets,1285352.4164,BRL_million,end_of_period,accounting_consolidated,consolidated,Legacy BRL thousands,Total do Ativo,https://api.mziq.com/mzfilemanager/v2/d/a2595886-9fbb-4339-8a38-71d6ce7c7d36/c1507f83-7641-55bd-d35c-a8bb4f995750?origin=2,documents/Santander/2026/2T26/Series_Historicas_2T26__0b04dac5a2f3.xlsx,Balanço Patrimonial até 2024!BO69,2026Q2,0b04dac5a2f30e47e7bb52d7d92f1e3c713c054e0f8afafb2ab916442baa774c,1285352416.4,0.001,mapped
Santander,2024Q3,coverage_npl90,199.949946,percent,end_of_period,managerial_adjusted,consolidated,"Legacy ratios exclude specified extraordinary provisions, including BRL 1,930m in 2Q24",Cobertura Over 90,https://api.mziq.com/mzfilemanager/v2/d/a2595886-9fbb-4339-8a38-71d6ce7c7d36/c1507f83-7641-55bd-d35c-a8bb4f995750?origin=2,documents/Santander/2026/2T26/Series_Historicas_2T26__0b04dac5a2f3.xlsx,Indicadores Ger. 2023 a 2024!K19,2026Q2,0b04dac5a2f30e47e7bb52d7d92f1e3c713c054e0f8afafb2ab916442baa774c,1.999499455182061,100,mapped
Santander,2024Q3,credit_cost,5884.315155,BRL_million,quarter,managerial_adjusted,consolidated,Legacy discontinued series in BRL thousands; includes 2024 reclassification,Resultado de PDD,https://api.mziq.com/mzfilemanager/v2/d/a2595886-9fbb-4339-8a38-71d6ce7c7d36/c1507f83-7641-55bd-d35c-a8bb4f995750?origin=2,documents/Santander/2026/2T26/Series_Historicas_2T26__0b04dac5a2f3.xlsx,DRE Gerencial 2023 a 2024!I15,2026Q2,0b04dac5a2f30e47e7bb52d7d92f1e3c713c054e0f8afafb2ab916442baa774c,-5884315.1550017195,-0.001,mapped
Santander,2024Q3,efficiency,38.87772,percent,quarter,managerial_adjusted,consolidated,"Legacy ratios exclude specified extraordinary provisions, including BRL 1,930m in 2Q24",Indíce de Eficiência²,https://api.mziq.com/mzfilemanager/v2/d/a2595886-9fbb-4339-8a38-71d6ce7c7d36/c1507f83-7641-55bd-d35c-a8bb4f995750?origin=2,documents/Santander/2026/2T26/Series_Historicas_2T26__0b04dac5a2f3.xlsx,Indicadores Ger. 2023 a 2024!K11,2026Q2,0b04dac5a2f30e47e7bb52d7d92f1e3c713c054e0f8afafb2ab916442baa774c,0.3887771985392376,100,mapped
Santander,2024Q3,equity,88769.7844,BRL_million,end_of_period,accounting_consolidated,consolidated,Legacy BRL thousands,Patrimônio Líquido,https://api.mziq.com/mzfilemanager/v2/d/a2595886-9fbb-4339-8a38-71d6ce7c7d36/c1507f83-7641-55bd-d35c-a8bb4f995750?origin=2,documents/Santander/2026/2T26/Series_Historicas_2T26__0b04dac5a2f3.xlsx,Balanço Patrimonial até 2024!BO121,2026Q2,0b04dac5a2f30e47e7bb52d7d92f1e3c713c054e0f8afafb2ab916442baa774c,88769784.39999999,0.001,mapped
Santander,2024Q3,fees,5334.064792,BRL_million,quarter,managerial_adjusted,consolidated,Legacy discontinued series in BRL thousands; includes 2024 reclassification,Comissões,https://api.mziq.com/mzfilemanager/v2/d/a2595886-9fbb-4339-8a38-71d6ce7c7d36/c1507f83-7641-55bd-d35c-a8bb4f995750?origin=2,documents/Santander/2026/2T26/Series_Historicas_2T26__0b04dac5a2f3.xlsx,DRE Gerencial 2023 a 2024!I13,2026Q2,0b04dac5a2f30e47e7bb52d7d92f1e3c713c054e0f8afafb2ab916442baa774c,5334064.79244,0.001,mapped
Santander,2024Q3,funding_broad,714324.7104,BRL_million,end_of_period,managerial_balance,consolidated,Legacy broad funding BRL thousands,Total Captações (B),https://api.mziq.com/mzfilemanager/v2/d/a2595886-9fbb-4339-8a38-71d6ce7c7d36/c1507f83-7641-55bd-d35c-a8bb4f995750?origin=2,documents/Santander/2026/2T26/Series_Historicas_2T26__0b04dac5a2f3.xlsx,Captações até 2024!BO21,2026Q2,0b04dac5a2f30e47e7bb52d7d92f1e3c713c054e0f8afafb2ab916442baa774c,714324710.3999999,0.001,mapped
Santander,2024Q3,loans,535957.542392,BRL_million,end_of_period,managerial_balance,consolidated,Expanded credit includes guarantees,Total,https://api.mziq.com/mzfilemanager/v2/d/a2595886-9fbb-4339-8a38-71d6ce7c7d36/c1507f83-7641-55bd-d35c-a8bb4f995750?origin=2,documents/Santander/2026/2T26/Series_Historicas_2T26__0b04dac5a2f3.xlsx,Crédito_Segmento 2014 a 2024!AU15,2026Q2,0b04dac5a2f30e47e7bb52d7d92f1e3c713c054e0f8afafb2ab916442baa774c,535957.5423924522,1,mapped
Santander,2024Q3,loans_expanded,663502.760668,BRL_million,end_of_period,managerial_balance,consolidated,Expanded credit includes guarantees,Carteira de crédito ampliada com avais e fianças,https://api.mziq.com/mzfilemanager/v2/d/a2595886-9fbb-4339-8a38-71d6ce7c7d36/c1507f83-7641-55bd-d35c-a8bb4f995750?origin=2,documents/Santander/2026/2T26/Series_Historicas_2T26__0b04dac5a2f3.xlsx,Crédito_Segmento 2014 a 2024!AU19,2026Q2,0b04dac5a2f30e47e7bb52d7d92f1e3c713c054e0f8afafb2ab916442baa774c,663502.7606677539,1,mapped
Santander,2024Q3,net_income_adjusted,3664.228904,BRL_million,quarter,managerial_adjusted,consolidated,Legacy discontinued series in BRL thousands; includes 2024 reclassification,Lucro Líquido Recorrente,https://api.mziq.com/mzfilemanager/v2/d/a2595886-9fbb-4339-8a38-71d6ce7c7d36/c1507f83-7641-55bd-d35c-a8bb4f995750?origin=2,documents/Santander/2026/2T26/Series_Historicas_2T26__0b04dac5a2f3.xlsx,DRE Gerencial 2023 a 2024!I29,2026Q2,0b04dac5a2f30e47e7bb52d7d92f1e3c713c054e0f8afafb2ab916442baa774c,3664228.9036099985,0.001,mapped
Santander,2024Q3,net_interest_income,15227.27362,BRL_million,quarter,managerial_adjusted,consolidated,Legacy discontinued series in BRL thousands; includes 2024 reclassification,Margem Financeira,https://api.mziq.com/mzfilemanager/v2/d/a2595886-9fbb-4339-8a38-71d6ce7c7d36/c1507f83-7641-55bd-d35c-a8bb4f995750?origin=2,documents/Santander/2026/2T26/Series_Historicas_2T26__0b04dac5a2f3.xlsx,DRE Gerencial 2023 a 2024!I10,2026Q2,0b04dac5a2f30e47e7bb52d7d92f1e3c713c054e0f8afafb2ab916442baa774c,15227273.619856426,0.001,mapped
Santander,2024Q3,nii_clients,14902.05805,BRL_million,quarter,managerial_adjusted,consolidated,Legacy discontinued series in BRL thousands; includes 2024 reclassification,Margem com Clientes,https://api.mziq.com/mzfilemanager/v2/d/a2595886-9fbb-4339-8a38-71d6ce7c7d36/c1507f83-7641-55bd-d35c-a8bb4f995750?origin=2,documents/Santander/2026/2T26/Series_Historicas_2T26__0b04dac5a2f3.xlsx,DRE Gerencial 2023 a 2024!I11,2026Q2,0b04dac5a2f30e47e7bb52d7d92f1e3c713c054e0f8afafb2ab916442baa774c,14902058.050283618,0.001,mapped
Santander,2024Q3,nii_market,325.21557,BRL_million,quarter,managerial_adjusted,consolidated,Legacy discontinued series in BRL thousands; includes 2024 reclassification,Margem com Mercados ,https://api.mziq.com/mzfilemanager/v2/d/a2595886-9fbb-4339-8a38-71d6ce7c7d36/c1507f83-7641-55bd-d35c-a8bb4f995750?origin=2,documents/Santander/2026/2T26/Series_Historicas_2T26__0b04dac5a2f3.xlsx,DRE Gerencial 2023 a 2024!I12,2026Q2,0b04dac5a2f30e47e7bb52d7d92f1e3c713c054e0f8afafb2ab916442baa774c,325215.56957280805,0.001,mapped
Santander,2024Q3,npl90,3.219523,percent,end_of_period,managerial_adjusted,consolidated,"Legacy ratios exclude specified extraordinary provisions, including BRL 1,930m in 2Q24",NPL 90,https://api.mziq.com/mzfilemanager/v2/d/a2595886-9fbb-4339-8a38-71d6ce7c7d36/c1507f83-7641-55bd-d35c-a8bb4f995750?origin=2,documents/Santander/2026/2T26/Series_Historicas_2T26__0b04dac5a2f3.xlsx,Indicadores Ger. 2023 a 2024!K17,2026Q2,0b04dac5a2f30e47e7bb52d7d92f1e3c713c054e0f8afafb2ab916442baa774c,0.032195233549084705,100,mapped
Santander,2024Q3,operating_expenses,6456.938034,BRL_million,quarter,managerial_adjusted,consolidated,Legacy discontinued series in BRL thousands; includes 2024 reclassification,Despesas Gerais,https://api.mziq.com/mzfilemanager/v2/d/a2595886-9fbb-4339-8a38-71d6ce7c7d36/c1507f83-7641-55bd-d35c-a8bb4f995750?origin=2,documents/Santander/2026/2T26/Series_Historicas_2T26__0b04dac5a2f3.xlsx,DRE Gerencial 2023 a 2024!I18,2026Q2,0b04dac5a2f30e47e7bb52d7d92f1e3c713c054e0f8afafb2ab916442baa774c,-6456938.034469999,-0.001,mapped
Santander,2024Q3,pretax_income,4332.988904,BRL_million,quarter,managerial_adjusted,consolidated,Legacy discontinued series in BRL thousands; includes 2024 reclassification,Lucro Líquido antes de impostos ,https://api.mziq.com/mzfilemanager/v2/d/a2595886-9fbb-4339-8a38-71d6ce7c7d36/c1507f83-7641-55bd-d35c-a8bb4f995750?origin=2,documents/Santander/2026/2T26/Series_Historicas_2T26__0b04dac5a2f3.xlsx,DRE Gerencial 2023 a 2024!I26,2026Q2,0b04dac5a2f30e47e7bb52d7d92f1e3c713c054e0f8afafb2ab916442baa774c,4332988.9036099985,0.001,mapped
Santander,2024Q3,revenue,20561.338412,BRL_million,quarter,managerial_adjusted,consolidated,Legacy discontinued series in BRL thousands; includes 2024 reclassification,Receita Total,https://api.mziq.com/mzfilemanager/v2/d/a2595886-9fbb-4339-8a38-71d6ce7c7d36/c1507f83-7641-55bd-d35c-a8bb4f995750?origin=2,documents/Santander/2026/2T26/Series_Historicas_2T26__0b04dac5a2f3.xlsx,DRE Gerencial 2023 a 2024!I14,2026Q2,0b04dac5a2f30e47e7bb52d7d92f1e3c713c054e0f8afafb2ab916442baa774c,20561338.412296426,0.001,mapped
Santander,2024Q3,roe_adjusted,17.04269,percent,quarter_annualized,managerial_adjusted,consolidated,"Legacy ratios exclude specified extraordinary provisions, including BRL 1,930m in 2Q24",ROE²,https://api.mziq.com/mzfilemanager/v2/d/a2595886-9fbb-4339-8a38-71d6ce7c7d36/c1507f83-7641-55bd-d35c-a8bb4f995750?origin=2,documents/Santander/2026/2T26/Series_Historicas_2T26__0b04dac5a2f3.xlsx,Indicadores Ger. 2023 a 2024!K10,2026Q2,0b04dac5a2f30e47e7bb52d7d92f1e3c713c054e0f8afafb2ab916442baa774c,0.17042690072530958,100,mapped
Santander,2024Q4,assets,1335237.6357,BRL_million,end_of_period,accounting_consolidated,consolidated,Legacy BRL thousands,Total do Ativo,https://api.mziq.com/mzfilemanager/v2/d/a2595886-9fbb-4339-8a38-71d6ce7c7d36/c1507f83-7641-55bd-d35c-a8bb4f995750?origin=2,documents/Santander/2026/2T26/Series_Historicas_2T26__0b04dac5a2f3.xlsx,Balanço Patrimonial até 2024!BP69,2026Q2,0b04dac5a2f30e47e7bb52d7d92f1e3c713c054e0f8afafb2ab916442baa774c,1335237635.7,0.001,mapped
Santander,2024Q4,coverage_npl90,197.809804,percent,end_of_period,managerial_adjusted,consolidated,"Legacy ratios exclude specified extraordinary provisions, including BRL 1,930m in 2Q24",Cobertura Over 90,https://api.mziq.com/mzfilemanager/v2/d/a2595886-9fbb-4339-8a38-71d6ce7c7d36/c1507f83-7641-55bd-d35c-a8bb4f995750?origin=2,documents/Santander/2026/2T26/Series_Historicas_2T26__0b04dac5a2f3.xlsx,Indicadores Ger. 2023 a 2024!L19,2026Q2,0b04dac5a2f30e47e7bb52d7d92f1e3c713c054e0f8afafb2ab916442baa774c,1.9780980385101348,100,mapped
Santander,2024Q4,credit_cost,5931.899109,BRL_million,quarter,managerial_adjusted,consolidated,Legacy discontinued series in BRL thousands; includes 2024 reclassification,Resultado de PDD,https://api.mziq.com/mzfilemanager/v2/d/a2595886-9fbb-4339-8a38-71d6ce7c7d36/c1507f83-7641-55bd-d35c-a8bb4f995750?origin=2,documents/Santander/2026/2T26/Series_Historicas_2T26__0b04dac5a2f3.xlsx,DRE Gerencial 2023 a 2024!J15,2026Q2,0b04dac5a2f30e47e7bb52d7d92f1e3c713c054e0f8afafb2ab916442baa774c,-5931899.10858914,-0.001,mapped
Santander,2024Q4,efficiency,38.035543,percent,quarter,managerial_adjusted,consolidated,"Legacy ratios exclude specified extraordinary provisions, including BRL 1,930m in 2Q24",Indíce de Eficiência²,https://api.mziq.com/mzfilemanager/v2/d/a2595886-9fbb-4339-8a38-71d6ce7c7d36/c1507f83-7641-55bd-d35c-a8bb4f995750?origin=2,documents/Santander/2026/2T26/Series_Historicas_2T26__0b04dac5a2f3.xlsx,Indicadores Ger. 2023 a 2024!L11,2026Q2,0b04dac5a2f30e47e7bb52d7d92f1e3c713c054e0f8afafb2ab916442baa774c,0.38035542698648533,100,mapped
Santander,2024Q4,equity,90743.9563,BRL_million,end_of_period,accounting_consolidated,consolidated,Legacy BRL thousands,Patrimônio Líquido,https://api.mziq.com/mzfilemanager/v2/d/a2595886-9fbb-4339-8a38-71d6ce7c7d36/c1507f83-7641-55bd-d35c-a8bb4f995750?origin=2,documents/Santander/2026/2T26/Series_Historicas_2T26__0b04dac5a2f3.xlsx,Balanço Patrimonial até 2024!BP121,2026Q2,0b04dac5a2f30e47e7bb52d7d92f1e3c713c054e0f8afafb2ab916442baa774c,90743956.3,0.001,mapped
Santander,2024Q4,fees,5515.306593,BRL_million,quarter,managerial_adjusted,consolidated,Legacy discontinued series in BRL thousands; includes 2024 reclassification,Comissões,https://api.mziq.com/mzfilemanager/v2/d/a2595886-9fbb-4339-8a38-71d6ce7c7d36/c1507f83-7641-55bd-d35c-a8bb4f995750?origin=2,documents/Santander/2026/2T26/Series_Historicas_2T26__0b04dac5a2f3.xlsx,DRE Gerencial 2023 a 2024!J13,2026Q2,0b04dac5a2f30e47e7bb52d7d92f1e3c713c054e0f8afafb2ab916442baa774c,5515306.59293,0.001,mapped
Santander,2024Q4,funding_broad,715621.0566,BRL_million,end_of_period,managerial_balance,consolidated,Legacy broad funding BRL thousands,Total Captações (B),https://api.mziq.com/mzfilemanager/v2/d/a2595886-9fbb-4339-8a38-71d6ce7c7d36/c1507f83-7641-55bd-d35c-a8bb4f995750?origin=2,documents/Santander/2026/2T26/Series_Historicas_2T26__0b04dac5a2f3.xlsx,Captações até 2024!BP21,2026Q2,0b04dac5a2f30e47e7bb52d7d92f1e3c713c054e0f8afafb2ab916442baa774c,715621056.6000001,0.001,mapped
Santander,2024Q4,loans,549656.541592,BRL_million,end_of_period,managerial_balance,consolidated,Expanded credit includes guarantees,Total,https://api.mziq.com/mzfilemanager/v2/d/a2595886-9fbb-4339-8a38-71d6ce7c7d36/c1507f83-7641-55bd-d35c-a8bb4f995750?origin=2,documents/Santander/2026/2T26/Series_Historicas_2T26__0b04dac5a2f3.xlsx,Crédito_Segmento 2014 a 2024!AV15,2026Q2,0b04dac5a2f30e47e7bb52d7d92f1e3c713c054e0f8afafb2ab916442baa774c,549656.5415922452,1,mapped
Santander,2024Q4,loans_expanded,682692.783212,BRL_million,end_of_period,managerial_balance,consolidated,Expanded credit includes guarantees,Carteira de crédito ampliada com avais e fianças,https://api.mziq.com/mzfilemanager/v2/d/a2595886-9fbb-4339-8a38-71d6ce7c7d36/c1507f83-7641-55bd-d35c-a8bb4f995750?origin=2,documents/Santander/2026/2T26/Series_Historicas_2T26__0b04dac5a2f3.xlsx,Crédito_Segmento 2014 a 2024!AV19,2026Q2,0b04dac5a2f30e47e7bb52d7d92f1e3c713c054e0f8afafb2ab916442baa774c,682692.7832123644,1,mapped
Santander,2024Q4,net_income_adjusted,3854.57,BRL_million,quarter,managerial_adjusted,consolidated,Legacy discontinued series in BRL thousands; includes 2024 reclassification,Lucro Líquido Recorrente,https://api.mziq.com/mzfilemanager/v2/d/a2595886-9fbb-4339-8a38-71d6ce7c7d36/c1507f83-7641-55bd-d35c-a8bb4f995750?origin=2,documents/Santander/2026/2T26/Series_Historicas_2T26__0b04dac5a2f3.xlsx,DRE Gerencial 2023 a 2024!J29,2026Q2,0b04dac5a2f30e47e7bb52d7d92f1e3c713c054e0f8afafb2ab916442baa774c,3854569.99999013,0.001,mapped
Santander,2024Q4,net_interest_income,15978.140758,BRL_million,quarter,managerial_adjusted,consolidated,Legacy discontinued series in BRL thousands; includes 2024 reclassification,Margem Financeira,https://api.mziq.com/mzfilemanager/v2/d/a2595886-9fbb-4339-8a38-71d6ce7c7d36/c1507f83-7641-55bd-d35c-a8bb4f995750?origin=2,documents/Santander/2026/2T26/Series_Historicas_2T26__0b04dac5a2f3.xlsx,DRE Gerencial 2023 a 2024!J10,2026Q2,0b04dac5a2f30e47e7bb52d7d92f1e3c713c054e0f8afafb2ab916442baa774c,15978140.7577983,0.001,mapped
Santander,2024Q4,nii_clients,15780.140481,BRL_million,quarter,managerial_adjusted,consolidated,Legacy discontinued series in BRL thousands; includes 2024 reclassification,Margem com Clientes,https://api.mziq.com/mzfilemanager/v2/d/a2595886-9fbb-4339-8a38-71d6ce7c7d36/c1507f83-7641-55bd-d35c-a8bb4f995750?origin=2,documents/Santander/2026/2T26/Series_Historicas_2T26__0b04dac5a2f3.xlsx,DRE Gerencial 2023 a 2024!J11,2026Q2,0b04dac5a2f30e47e7bb52d7d92f1e3c713c054e0f8afafb2ab916442baa774c,15780140.480924224,0.001,mapped
Santander,2024Q4,nii_market,198.000277,BRL_million,quarter,managerial_adjusted,consolidated,Legacy discontinued series in BRL thousands; includes 2024 reclassification,Margem com Mercados ,https://api.mziq.com/mzfilemanager/v2/d/a2595886-9fbb-4339-8a38-71d6ce7c7d36/c1507f83-7641-55bd-d35c-a8bb4f995750?origin=2,documents/Santander/2026/2T26/Series_Historicas_2T26__0b04dac5a2f3.xlsx,DRE Gerencial 2023 a 2024!J12,2026Q2,0b04dac5a2f30e47e7bb52d7d92f1e3c713c054e0f8afafb2ab916442baa774c,198000.27687407404,0.001,mapped
Santander,2024Q4,npl90,3.185234,percent,end_of_period,managerial_adjusted,consolidated,"Legacy ratios exclude specified extraordinary provisions, including BRL 1,930m in 2Q24",NPL 90,https://api.mziq.com/mzfilemanager/v2/d/a2595886-9fbb-4339-8a38-71d6ce7c7d36/c1507f83-7641-55bd-d35c-a8bb4f995750?origin=2,documents/Santander/2026/2T26/Series_Historicas_2T26__0b04dac5a2f3.xlsx,Indicadores Ger. 2023 a 2024!L17,2026Q2,0b04dac5a2f30e47e7bb52d7d92f1e3c713c054e0f8afafb2ab916442baa774c,0.03185233582737815,100,mapped
Santander,2024Q4,operating_expenses,6769.045362,BRL_million,quarter,managerial_adjusted,consolidated,Legacy discontinued series in BRL thousands; includes 2024 reclassification,Despesas Gerais,https://api.mziq.com/mzfilemanager/v2/d/a2595886-9fbb-4339-8a38-71d6ce7c7d36/c1507f83-7641-55bd-d35c-a8bb4f995750?origin=2,documents/Santander/2026/2T26/Series_Historicas_2T26__0b04dac5a2f3.xlsx,DRE Gerencial 2023 a 2024!J18,2026Q2,0b04dac5a2f30e47e7bb52d7d92f1e3c713c054e0f8afafb2ab916442baa774c,-6769045.36186,-0.001,mapped
Santander,2024Q4,pretax_income,5104.177,BRL_million,quarter,managerial_adjusted,consolidated,Legacy discontinued series in BRL thousands; includes 2024 reclassification,Lucro Líquido antes de impostos ,https://api.mziq.com/mzfilemanager/v2/d/a2595886-9fbb-4339-8a38-71d6ce7c7d36/c1507f83-7641-55bd-d35c-a8bb4f995750?origin=2,documents/Santander/2026/2T26/Series_Historicas_2T26__0b04dac5a2f3.xlsx,DRE Gerencial 2023 a 2024!J26,2026Q2,0b04dac5a2f30e47e7bb52d7d92f1e3c713c054e0f8afafb2ab916442baa774c,5104176.99999013,0.001,mapped
Santander,2024Q4,revenue,21493.447351,BRL_million,quarter,managerial_adjusted,consolidated,Legacy discontinued series in BRL thousands; includes 2024 reclassification,Receita Total,https://api.mziq.com/mzfilemanager/v2/d/a2595886-9fbb-4339-8a38-71d6ce7c7d36/c1507f83-7641-55bd-d35c-a8bb4f995750?origin=2,documents/Santander/2026/2T26/Series_Historicas_2T26__0b04dac5a2f3.xlsx,DRE Gerencial 2023 a 2024!J14,2026Q2,0b04dac5a2f30e47e7bb52d7d92f1e3c713c054e0f8afafb2ab916442baa774c,21493447.3507283,0.001,mapped
Santander,2024Q4,roe_adjusted,17.622588,percent,quarter_annualized,managerial_adjusted,consolidated,"Legacy ratios exclude specified extraordinary provisions, including BRL 1,930m in 2Q24",ROE²,https://api.mziq.com/mzfilemanager/v2/d/a2595886-9fbb-4339-8a38-71d6ce7c7d36/c1507f83-7641-55bd-d35c-a8bb4f995750?origin=2,documents/Santander/2026/2T26/Series_Historicas_2T26__0b04dac5a2f3.xlsx,Indicadores Ger. 2023 a 2024!L10,2026Q2,0b04dac5a2f30e47e7bb52d7d92f1e3c713c054e0f8afafb2ab916442baa774c,0.1762258759995995,100,mapped
Santander,2025Q1,assets,1234640.666,BRL_million,end_of_period,managerial_adjusted,consolidated,ROAE excludes goodwill; coverage is Stage 3 rather than NPL90,Ativos totais,https://api.mziq.com/mzfilemanager/v2/d/a2595886-9fbb-4339-8a38-71d6ce7c7d36/c1507f83-7641-55bd-d35c-a8bb4f995750?origin=2,documents/Santander/2026/2T26/Series_Historicas_2T26__0b04dac5a2f3.xlsx,Sumário Executivo!E18,2026Q2,0b04dac5a2f30e47e7bb52d7d92f1e3c713c054e0f8afafb2ab916442baa774c,1234640.666,1,mapped
Santander,2025Q1,capital_total,14.345956,percent,end_of_period,managerial_adjusted,prudential,ROAE excludes goodwill; coverage is Stage 3 rather than NPL90,Índice de Basileia,https://api.mziq.com/mzfilemanager/v2/d/a2595886-9fbb-4339-8a38-71d6ce7c7d36/c1507f83-7641-55bd-d35c-a8bb4f995750?origin=2,documents/Santander/2026/2T26/Series_Historicas_2T26__0b04dac5a2f3.xlsx,Sumário Executivo!E22,2026Q2,0b04dac5a2f30e47e7bb52d7d92f1e3c713c054e0f8afafb2ab916442baa774c,0.14345955747877948,100,mapped
Santander,2025Q1,cet1,11.053077,percent,end_of_period,managerial_adjusted,prudential,ROAE excludes goodwill; coverage is Stage 3 rather than NPL90,Índice de capital principal (CET1),https://api.mziq.com/mzfilemanager/v2/d/a2595886-9fbb-4339-8a38-71d6ce7c7d36/c1507f83-7641-55bd-d35c-a8bb4f995750?origin=2,documents/Santander/2026/2T26/Series_Historicas_2T26__0b04dac5a2f3.xlsx,Sumário Executivo!E23,2026Q2,0b04dac5a2f30e47e7bb52d7d92f1e3c713c054e0f8afafb2ab916442baa774c,0.11053077483508526,100,mapped
Santander,2025Q1,coverage_stage3,74.070116,percent,end_of_period,managerial_adjusted,consolidated,ROAE excludes goodwill; coverage is Stage 3 rather than NPL90,Índice de cobertura da carteira em estágio 3 (4),https://api.mziq.com/mzfilemanager/v2/d/a2595886-9fbb-4339-8a38-71d6ce7c7d36/c1507f83-7641-55bd-d35c-a8bb4f995750?origin=2,documents/Santander/2026/2T26/Series_Historicas_2T26__0b04dac5a2f3.xlsx,Sumário Executivo!E16,2026Q2,0b04dac5a2f30e47e7bb52d7d92f1e3c713c054e0f8afafb2ab916442baa774c,0.7407011573503993,100,mapped
Santander,2025Q1,credit_cost,6389.835963,BRL_million,quarter,managerial_adjusted,consolidated,Managerial recurring result; CMN 4966 from 2025,Resultado de PDD,https://api.mziq.com/mzfilemanager/v2/d/a2595886-9fbb-4339-8a38-71d6ce7c7d36/c1507f83-7641-55bd-d35c-a8bb4f995750?origin=2,documents/Santander/2026/2T26/Series_Historicas_2T26__0b04dac5a2f3.xlsx,DRE Gerencial!E16,2026Q2,0b04dac5a2f30e47e7bb52d7d92f1e3c713c054e0f8afafb2ab916442baa774c,-6389.8359628,-1,mapped
Santander,2025Q1,customer_funding,651485.6005,BRL_million,end_of_period,managerial_adjusted,consolidated,ROAE excludes goodwill; coverage is Stage 3 rather than NPL90,Captações de clientes (6),https://api.mziq.com/mzfilemanager/v2/d/a2595886-9fbb-4339-8a38-71d6ce7c7d36/c1507f83-7641-55bd-d35c-a8bb4f995750?origin=2,documents/Santander/2026/2T26/Series_Historicas_2T26__0b04dac5a2f3.xlsx,Sumário Executivo!E20,2026Q2,0b04dac5a2f30e47e7bb52d7d92f1e3c713c054e0f8afafb2ab916442baa774c,651485.6005,1,mapped
Santander,2025Q1,efficiency,37.206753,percent,quarter,managerial_adjusted,consolidated,ROAE excludes goodwill; coverage is Stage 3 rather than NPL90,Índice de eficiência (2),https://api.mziq.com/mzfilemanager/v2/d/a2595886-9fbb-4339-8a38-71d6ce7c7d36/c1507f83-7641-55bd-d35c-a8bb4f995750?origin=2,documents/Santander/2026/2T26/Series_Historicas_2T26__0b04dac5a2f3.xlsx,Sumário Executivo!E13,2026Q2,0b04dac5a2f30e47e7bb52d7d92f1e3c713c054e0f8afafb2ab916442baa774c,0.3720675332192023,100,mapped
Santander,2025Q1,equity,90544.223,BRL_million,end_of_period,managerial_adjusted,consolidated,ROAE excludes goodwill; coverage is Stage 3 rather than NPL90,Patrimônio líquido,https://api.mziq.com/mzfilemanager/v2/d/a2595886-9fbb-4339-8a38-71d6ce7c7d36/c1507f83-7641-55bd-d35c-a8bb4f995750?origin=2,documents/Santander/2026/2T26/Series_Historicas_2T26__0b04dac5a2f3.xlsx,Sumário Executivo!E21,2026Q2,0b04dac5a2f30e47e7bb52d7d92f1e3c713c054e0f8afafb2ab916442baa774c,90544.223,1,mapped
Santander,2025Q1,fees,5136.5611,BRL_million,quarter,managerial_adjusted,consolidated,Managerial recurring result; CMN 4966 from 2025,Comissões,https://api.mziq.com/mzfilemanager/v2/d/a2595886-9fbb-4339-8a38-71d6ce7c7d36/c1507f83-7641-55bd-d35c-a8bb4f995750?origin=2,documents/Santander/2026/2T26/Series_Historicas_2T26__0b04dac5a2f3.xlsx,DRE Gerencial!E13,2026Q2,0b04dac5a2f30e47e7bb52d7d92f1e3c713c054e0f8afafb2ab916442baa774c,5136.5611,1,mapped
Santander,2025Q1,loans_expanded,682293.224202,BRL_million,end_of_period,managerial_adjusted,consolidated,ROAE excludes goodwill; coverage is Stage 3 rather than NPL90,Carteira de crédito ampliada (5),https://api.mziq.com/mzfilemanager/v2/d/a2595886-9fbb-4339-8a38-71d6ce7c7d36/c1507f83-7641-55bd-d35c-a8bb4f995750?origin=2,documents/Santander/2026/2T26/Series_Historicas_2T26__0b04dac5a2f3.xlsx,Sumário Executivo!E19,2026Q2,0b04dac5a2f30e47e7bb52d7d92f1e3c713c054e0f8afafb2ab916442baa774c,682293.224202,1,mapped
Santander,2025Q1,net_income_accounting,3778.469,BRL_million,quarter,accounting_consolidated,consolidated,,LUCRO LÍQUIDO,https://api.mziq.com/mzfilemanager/v2/d/a2595886-9fbb-4339-8a38-71d6ce7c7d36/c1507f83-7641-55bd-d35c-a8bb4f995750?origin=2,documents/Santander/2026/2T26/Series_Historicas_2T26__0b04dac5a2f3.xlsx,DRE Contábil!E51,2026Q2,0b04dac5a2f30e47e7bb52d7d92f1e3c713c054e0f8afafb2ab916442baa774c,3778.469,1,mapped
Santander,2025Q1,net_income_adjusted,3860.664639,BRL_million,quarter,managerial_adjusted,consolidated,Managerial recurring result; CMN 4966 from 2025,Lucro Líquido,https://api.mziq.com/mzfilemanager/v2/d/a2595886-9fbb-4339-8a38-71d6ce7c7d36/c1507f83-7641-55bd-d35c-a8bb4f995750?origin=2,documents/Santander/2026/2T26/Series_Historicas_2T26__0b04dac5a2f3.xlsx,DRE Gerencial!E35,2026Q2,0b04dac5a2f30e47e7bb52d7d92f1e3c713c054e0f8afafb2ab916442baa774c,3860.6646394,1,mapped
Santander,2025Q1,net_interest_income,15921.6188,BRL_million,quarter,managerial_adjusted,consolidated,Managerial recurring result; CMN 4966 from 2025,Margem Financeira Bruta,https://api.mziq.com/mzfilemanager/v2/d/a2595886-9fbb-4339-8a38-71d6ce7c7d36/c1507f83-7641-55bd-d35c-a8bb4f995750?origin=2,documents/Santander/2026/2T26/Series_Historicas_2T26__0b04dac5a2f3.xlsx,DRE Gerencial!E10,2026Q2,0b04dac5a2f30e47e7bb52d7d92f1e3c713c054e0f8afafb2ab916442baa774c,15921.6188,1,mapped
Santander,2025Q1,nii_clients,15824.8039,BRL_million,quarter,managerial_adjusted,consolidated,Managerial recurring result; CMN 4966 from 2025,Margem Financeira com clientes,https://api.mziq.com/mzfilemanager/v2/d/a2595886-9fbb-4339-8a38-71d6ce7c7d36/c1507f83-7641-55bd-d35c-a8bb4f995750?origin=2,documents/Santander/2026/2T26/Series_Historicas_2T26__0b04dac5a2f3.xlsx,DRE Gerencial!E11,2026Q2,0b04dac5a2f30e47e7bb52d7d92f1e3c713c054e0f8afafb2ab916442baa774c,15824.8039,1,mapped
Santander,2025Q1,nii_market,96.8149,BRL_million,quarter,managerial_adjusted,consolidated,Managerial recurring result; CMN 4966 from 2025,Margem Financeira com o mercado,https://api.mziq.com/mzfilemanager/v2/d/a2595886-9fbb-4339-8a38-71d6ce7c7d36/c1507f83-7641-55bd-d35c-a8bb4f995750?origin=2,documents/Santander/2026/2T26/Series_Historicas_2T26__0b04dac5a2f3.xlsx,DRE Gerencial!E12,2026Q2,0b04dac5a2f30e47e7bb52d7d92f1e3c713c054e0f8afafb2ab916442baa774c,96.8149,1,mapped
Santander,2025Q1,npl90,2.764847,percent,end_of_period,managerial_adjusted,consolidated,ROAE excludes goodwill; coverage is Stage 3 rather than NPL90,Índice de inadimplência (acima de 90 dias),https://api.mziq.com/mzfilemanager/v2/d/a2595886-9fbb-4339-8a38-71d6ce7c7d36/c1507f83-7641-55bd-d35c-a8bb4f995750?origin=2,documents/Santander/2026/2T26/Series_Historicas_2T26__0b04dac5a2f3.xlsx,Sumário Executivo!E15,2026Q2,0b04dac5a2f30e47e7bb52d7d92f1e3c713c054e0f8afafb2ab916442baa774c,0.027648465758878797,100,mapped
Santander,2025Q1,operating_expenses,6573.471802,BRL_million,quarter,managerial_adjusted,consolidated,Managerial recurring result; CMN 4966 from 2025,Despesas Gerais,https://api.mziq.com/mzfilemanager/v2/d/a2595886-9fbb-4339-8a38-71d6ce7c7d36/c1507f83-7641-55bd-d35c-a8bb4f995750?origin=2,documents/Santander/2026/2T26/Series_Historicas_2T26__0b04dac5a2f3.xlsx,DRE Gerencial!E19,2026Q2,0b04dac5a2f30e47e7bb52d7d92f1e3c713c054e0f8afafb2ab916442baa774c,-6573.4718016,-1,mapped
Santander,2025Q1,pretax_income,4747.145639,BRL_million,quarter,managerial_adjusted,consolidated,Managerial recurring result; CMN 4966 from 2025,Resultado gerencial antes dos impostos,https://api.mziq.com/mzfilemanager/v2/d/a2595886-9fbb-4339-8a38-71d6ce7c7d36/c1507f83-7641-55bd-d35c-a8bb4f995750?origin=2,documents/Santander/2026/2T26/Series_Historicas_2T26__0b04dac5a2f3.xlsx,DRE Gerencial!E30,2026Q2,0b04dac5a2f30e47e7bb52d7d92f1e3c713c054e0f8afafb2ab916442baa774c,4747.1456394,1,mapped
Santander,2025Q1,revenue,21058.1799,BRL_million,quarter,managerial_adjusted,consolidated,Managerial recurring result; CMN 4966 from 2025,Receita Total,https://api.mziq.com/mzfilemanager/v2/d/a2595886-9fbb-4339-8a38-71d6ce7c7d36/c1507f83-7641-55bd-d35c-a8bb4f995750?origin=2,documents/Santander/2026/2T26/Series_Historicas_2T26__0b04dac5a2f3.xlsx,DRE Gerencial!E14,2026Q2,0b04dac5a2f30e47e7bb52d7d92f1e3c713c054e0f8afafb2ab916442baa774c,21058.1799,1,mapped
Santander,2025Q1,roe_adjusted,17.448483,percent,quarter_annualized,managerial_adjusted,consolidated,ROAE excludes goodwill; coverage is Stage 3 rather than NPL90,ROAE gerencial excluindo ágio - anualizado (1),https://api.mziq.com/mzfilemanager/v2/d/a2595886-9fbb-4339-8a38-71d6ce7c7d36/c1507f83-7641-55bd-d35c-a8bb4f995750?origin=2,documents/Santander/2026/2T26/Series_Historicas_2T26__0b04dac5a2f3.xlsx,Sumário Executivo!E11,2026Q2,0b04dac5a2f30e47e7bb52d7d92f1e3c713c054e0f8afafb2ab916442baa774c,0.17448483303174872,100,mapped
Santander,2025Q2,assets,1224313.924,BRL_million,end_of_period,managerial_adjusted,consolidated,ROAE excludes goodwill; coverage is Stage 3 rather than NPL90,Ativos totais,https://api.mziq.com/mzfilemanager/v2/d/a2595886-9fbb-4339-8a38-71d6ce7c7d36/c1507f83-7641-55bd-d35c-a8bb4f995750?origin=2,documents/Santander/2026/2T26/Series_Historicas_2T26__0b04dac5a2f3.xlsx,Sumário Executivo!F18,2026Q2,0b04dac5a2f30e47e7bb52d7d92f1e3c713c054e0f8afafb2ab916442baa774c,1224313.924,1,mapped
Santander,2025Q2,capital_total,15.02218,percent,end_of_period,managerial_adjusted,prudential,ROAE excludes goodwill; coverage is Stage 3 rather than NPL90,Índice de Basileia,https://api.mziq.com/mzfilemanager/v2/d/a2595886-9fbb-4339-8a38-71d6ce7c7d36/c1507f83-7641-55bd-d35c-a8bb4f995750?origin=2,documents/Santander/2026/2T26/Series_Historicas_2T26__0b04dac5a2f3.xlsx,Sumário Executivo!F22,2026Q2,0b04dac5a2f30e47e7bb52d7d92f1e3c713c054e0f8afafb2ab916442baa774c,0.15022180246950315,100,mapped
Santander,2025Q2,cet1,11.578658,percent,end_of_period,managerial_adjusted,prudential,ROAE excludes goodwill; coverage is Stage 3 rather than NPL90,Índice de capital principal (CET1),https://api.mziq.com/mzfilemanager/v2/d/a2595886-9fbb-4339-8a38-71d6ce7c7d36/c1507f83-7641-55bd-d35c-a8bb4f995750?origin=2,documents/Santander/2026/2T26/Series_Historicas_2T26__0b04dac5a2f3.xlsx,Sumário Executivo!F23,2026Q2,0b04dac5a2f30e47e7bb52d7d92f1e3c713c054e0f8afafb2ab916442baa774c,0.11578658220549251,100,mapped
Santander,2025Q2,coverage_stage3,67.127182,percent,end_of_period,managerial_adjusted,consolidated,ROAE excludes goodwill; coverage is Stage 3 rather than NPL90,Índice de cobertura da carteira em estágio 3 (4),https://api.mziq.com/mzfilemanager/v2/d/a2595886-9fbb-4339-8a38-71d6ce7c7d36/c1507f83-7641-55bd-d35c-a8bb4f995750?origin=2,documents/Santander/2026/2T26/Series_Historicas_2T26__0b04dac5a2f3.xlsx,Sumário Executivo!F16,2026Q2,0b04dac5a2f30e47e7bb52d7d92f1e3c713c054e0f8afafb2ab916442baa774c,0.6712718179031602,100,mapped
Santander,2025Q2,credit_cost,6861.938298,BRL_million,quarter,managerial_adjusted,consolidated,Managerial recurring result; CMN 4966 from 2025,Resultado de PDD,https://api.mziq.com/mzfilemanager/v2/d/a2595886-9fbb-4339-8a38-71d6ce7c7d36/c1507f83-7641-55bd-d35c-a8bb4f995750?origin=2,documents/Santander/2026/2T26/Series_Historicas_2T26__0b04dac5a2f3.xlsx,DRE Gerencial!F16,2026Q2,0b04dac5a2f30e47e7bb52d7d92f1e3c713c054e0f8afafb2ab916442baa774c,-6861.9382978,-1,mapped
Santander,2025Q2,customer_funding,643826.7913,BRL_million,end_of_period,managerial_adjusted,consolidated,ROAE excludes goodwill; coverage is Stage 3 rather than NPL90,Captações de clientes (6),https://api.mziq.com/mzfilemanager/v2/d/a2595886-9fbb-4339-8a38-71d6ce7c7d36/c1507f83-7641-55bd-d35c-a8bb4f995750?origin=2,documents/Santander/2026/2T26/Series_Historicas_2T26__0b04dac5a2f3.xlsx,Sumário Executivo!F20,2026Q2,0b04dac5a2f30e47e7bb52d7d92f1e3c713c054e0f8afafb2ab916442baa774c,643826.7912999999,1,mapped
Santander,2025Q2,efficiency,36.813149,percent,quarter,managerial_adjusted,consolidated,ROAE excludes goodwill; coverage is Stage 3 rather than NPL90,Índice de eficiência (2),https://api.mziq.com/mzfilemanager/v2/d/a2595886-9fbb-4339-8a38-71d6ce7c7d36/c1507f83-7641-55bd-d35c-a8bb4f995750?origin=2,documents/Santander/2026/2T26/Series_Historicas_2T26__0b04dac5a2f3.xlsx,Sumário Executivo!F13,2026Q2,0b04dac5a2f30e47e7bb52d7d92f1e3c713c054e0f8afafb2ab916442baa774c,0.36813148527564876,100,mapped
Santander,2025Q2,equity,92459.146,BRL_million,end_of_period,managerial_adjusted,consolidated,ROAE excludes goodwill; coverage is Stage 3 rather than NPL90,Patrimônio líquido,https://api.mziq.com/mzfilemanager/v2/d/a2595886-9fbb-4339-8a38-71d6ce7c7d36/c1507f83-7641-55bd-d35c-a8bb4f995750?origin=2,documents/Santander/2026/2T26/Series_Historicas_2T26__0b04dac5a2f3.xlsx,Sumário Executivo!F21,2026Q2,0b04dac5a2f30e47e7bb52d7d92f1e3c713c054e0f8afafb2ab916442baa774c,92459.146,1,mapped
Santander,2025Q2,fees,5204.0085,BRL_million,quarter,managerial_adjusted,consolidated,Managerial recurring result; CMN 4966 from 2025,Comissões,https://api.mziq.com/mzfilemanager/v2/d/a2595886-9fbb-4339-8a38-71d6ce7c7d36/c1507f83-7641-55bd-d35c-a8bb4f995750?origin=2,documents/Santander/2026/2T26/Series_Historicas_2T26__0b04dac5a2f3.xlsx,DRE Gerencial!F13,2026Q2,0b04dac5a2f30e47e7bb52d7d92f1e3c713c054e0f8afafb2ab916442baa774c,5204.0085,1,mapped
Santander,2025Q2,loans_expanded,675522.536711,BRL_million,end_of_period,managerial_adjusted,consolidated,ROAE excludes goodwill; coverage is Stage 3 rather than NPL90,Carteira de crédito ampliada (5),https://api.mziq.com/mzfilemanager/v2/d/a2595886-9fbb-4339-8a38-71d6ce7c7d36/c1507f83-7641-55bd-d35c-a8bb4f995750?origin=2,documents/Santander/2026/2T26/Series_Historicas_2T26__0b04dac5a2f3.xlsx,Sumário Executivo!F19,2026Q2,0b04dac5a2f30e47e7bb52d7d92f1e3c713c054e0f8afafb2ab916442baa774c,675522.536711,1,mapped
Santander,2025Q2,net_income_accounting,3593.187,BRL_million,quarter,accounting_consolidated,consolidated,,LUCRO LÍQUIDO,https://api.mziq.com/mzfilemanager/v2/d/a2595886-9fbb-4339-8a38-71d6ce7c7d36/c1507f83-7641-55bd-d35c-a8bb4f995750?origin=2,documents/Santander/2026/2T26/Series_Historicas_2T26__0b04dac5a2f3.xlsx,DRE Contábil!F51,2026Q2,0b04dac5a2f30e47e7bb52d7d92f1e3c713c054e0f8afafb2ab916442baa774c,3593.187,1,mapped
Santander,2025Q2,net_income_adjusted,3659.373282,BRL_million,quarter,managerial_adjusted,consolidated,Managerial recurring result; CMN 4966 from 2025,Lucro Líquido,https://api.mziq.com/mzfilemanager/v2/d/a2595886-9fbb-4339-8a38-71d6ce7c7d36/c1507f83-7641-55bd-d35c-a8bb4f995750?origin=2,documents/Santander/2026/2T26/Series_Historicas_2T26__0b04dac5a2f3.xlsx,DRE Gerencial!F35,2026Q2,0b04dac5a2f30e47e7bb52d7d92f1e3c713c054e0f8afafb2ab916442baa774c,3659.3732819,1,mapped
Santander,2025Q2,net_interest_income,15396.3734,BRL_million,quarter,managerial_adjusted,consolidated,Managerial recurring result; CMN 4966 from 2025,Margem Financeira Bruta,https://api.mziq.com/mzfilemanager/v2/d/a2595886-9fbb-4339-8a38-71d6ce7c7d36/c1507f83-7641-55bd-d35c-a8bb4f995750?origin=2,documents/Santander/2026/2T26/Series_Historicas_2T26__0b04dac5a2f3.xlsx,DRE Gerencial!F10,2026Q2,0b04dac5a2f30e47e7bb52d7d92f1e3c713c054e0f8afafb2ab916442baa774c,15396.3734,1,mapped
Santander,2025Q2,nii_clients,16126.7635,BRL_million,quarter,managerial_adjusted,consolidated,Managerial recurring result; CMN 4966 from 2025,Margem Financeira com clientes,https://api.mziq.com/mzfilemanager/v2/d/a2595886-9fbb-4339-8a38-71d6ce7c7d36/c1507f83-7641-55bd-d35c-a8bb4f995750?origin=2,documents/Santander/2026/2T26/Series_Historicas_2T26__0b04dac5a2f3.xlsx,DRE Gerencial!F11,2026Q2,0b04dac5a2f30e47e7bb52d7d92f1e3c713c054e0f8afafb2ab916442baa774c,16126.7635,1,mapped
Santander,2025Q2,nii_market,-730.3901,BRL_million,quarter,managerial_adjusted,consolidated,Managerial recurring result; CMN 4966 from 2025,Margem Financeira com o mercado,https://api.mziq.com/mzfilemanager/v2/d/a2595886-9fbb-4339-8a38-71d6ce7c7d36/c1507f83-7641-55bd-d35c-a8bb4f995750?origin=2,documents/Santander/2026/2T26/Series_Historicas_2T26__0b04dac5a2f3.xlsx,DRE Gerencial!F12,2026Q2,0b04dac5a2f30e47e7bb52d7d92f1e3c713c054e0f8afafb2ab916442baa774c,-730.3901,1,mapped
Santander,2025Q2,npl90,2.579504,percent,end_of_period,managerial_adjusted,consolidated,ROAE excludes goodwill; coverage is Stage 3 rather than NPL90,Índice de inadimplência (acima de 90 dias),https://api.mziq.com/mzfilemanager/v2/d/a2595886-9fbb-4339-8a38-71d6ce7c7d36/c1507f83-7641-55bd-d35c-a8bb4f995750?origin=2,documents/Santander/2026/2T26/Series_Historicas_2T26__0b04dac5a2f3.xlsx,Sumário Executivo!F15,2026Q2,0b04dac5a2f30e47e7bb52d7d92f1e3c713c054e0f8afafb2ab916442baa774c,0.025795036851959607,100,mapped
Santander,2025Q2,operating_expenses,6412.073147,BRL_million,quarter,managerial_adjusted,consolidated,Managerial recurring result; CMN 4966 from 2025,Despesas Gerais,https://api.mziq.com/mzfilemanager/v2/d/a2595886-9fbb-4339-8a38-71d6ce7c7d36/c1507f83-7641-55bd-d35c-a8bb4f995750?origin=2,documents/Santander/2026/2T26/Series_Historicas_2T26__0b04dac5a2f3.xlsx,DRE Gerencial!F19,2026Q2,0b04dac5a2f30e47e7bb52d7d92f1e3c713c054e0f8afafb2ab916442baa774c,-6412.0731473,-1,mapped
Santander,2025Q2,pretax_income,4201.449282,BRL_million,quarter,managerial_adjusted,consolidated,Managerial recurring result; CMN 4966 from 2025,Resultado gerencial antes dos impostos,https://api.mziq.com/mzfilemanager/v2/d/a2595886-9fbb-4339-8a38-71d6ce7c7d36/c1507f83-7641-55bd-d35c-a8bb4f995750?origin=2,documents/Santander/2026/2T26/Series_Historicas_2T26__0b04dac5a2f3.xlsx,DRE Gerencial!F30,2026Q2,0b04dac5a2f30e47e7bb52d7d92f1e3c713c054e0f8afafb2ab916442baa774c,4201.4492819,1,mapped
Santander,2025Q2,revenue,20600.3819,BRL_million,quarter,managerial_adjusted,consolidated,Managerial recurring result; CMN 4966 from 2025,Receita Total,https://api.mziq.com/mzfilemanager/v2/d/a2595886-9fbb-4339-8a38-71d6ce7c7d36/c1507f83-7641-55bd-d35c-a8bb4f995750?origin=2,documents/Santander/2026/2T26/Series_Historicas_2T26__0b04dac5a2f3.xlsx,DRE Gerencial!F14,2026Q2,0b04dac5a2f30e47e7bb52d7d92f1e3c713c054e0f8afafb2ab916442baa774c,20600.3819,1,mapped
Santander,2025Q2,roe_adjusted,16.355281,percent,quarter_annualized,managerial_adjusted,consolidated,ROAE excludes goodwill; coverage is Stage 3 rather than NPL90,ROAE gerencial excluindo ágio - anualizado (1),https://api.mziq.com/mzfilemanager/v2/d/a2595886-9fbb-4339-8a38-71d6ce7c7d36/c1507f83-7641-55bd-d35c-a8bb4f995750?origin=2,documents/Santander/2026/2T26/Series_Historicas_2T26__0b04dac5a2f3.xlsx,Sumário Executivo!F11,2026Q2,0b04dac5a2f30e47e7bb52d7d92f1e3c713c054e0f8afafb2ab916442baa774c,0.16355280675921258,100,mapped
Santander,2025Q3,assets,1253877.215,BRL_million,end_of_period,managerial_adjusted,consolidated,ROAE excludes goodwill; coverage is Stage 3 rather than NPL90,Ativos totais,https://api.mziq.com/mzfilemanager/v2/d/a2595886-9fbb-4339-8a38-71d6ce7c7d36/c1507f83-7641-55bd-d35c-a8bb4f995750?origin=2,documents/Santander/2026/2T26/Series_Historicas_2T26__0b04dac5a2f3.xlsx,Sumário Executivo!G18,2026Q2,0b04dac5a2f30e47e7bb52d7d92f1e3c713c054e0f8afafb2ab916442baa774c,1253877.215,1,mapped
Santander,2025Q3,capital_total,15.209429,percent,end_of_period,managerial_adjusted,prudential,ROAE excludes goodwill; coverage is Stage 3 rather than NPL90,Índice de Basileia,https://api.mziq.com/mzfilemanager/v2/d/a2595886-9fbb-4339-8a38-71d6ce7c7d36/c1507f83-7641-55bd-d35c-a8bb4f995750?origin=2,documents/Santander/2026/2T26/Series_Historicas_2T26__0b04dac5a2f3.xlsx,Sumário Executivo!G22,2026Q2,0b04dac5a2f30e47e7bb52d7d92f1e3c713c054e0f8afafb2ab916442baa774c,0.15209429056913845,100,mapped
Santander,2025Q3,cet1,11.734907,percent,end_of_period,managerial_adjusted,prudential,ROAE excludes goodwill; coverage is Stage 3 rather than NPL90,Índice de capital principal (CET1),https://api.mziq.com/mzfilemanager/v2/d/a2595886-9fbb-4339-8a38-71d6ce7c7d36/c1507f83-7641-55bd-d35c-a8bb4f995750?origin=2,documents/Santander/2026/2T26/Series_Historicas_2T26__0b04dac5a2f3.xlsx,Sumário Executivo!G23,2026Q2,0b04dac5a2f30e47e7bb52d7d92f1e3c713c054e0f8afafb2ab916442baa774c,0.11734907470285305,100,mapped
Santander,2025Q3,coverage_stage3,66.230637,percent,end_of_period,managerial_adjusted,consolidated,ROAE excludes goodwill; coverage is Stage 3 rather than NPL90,Índice de cobertura da carteira em estágio 3 (4),https://api.mziq.com/mzfilemanager/v2/d/a2595886-9fbb-4339-8a38-71d6ce7c7d36/c1507f83-7641-55bd-d35c-a8bb4f995750?origin=2,documents/Santander/2026/2T26/Series_Historicas_2T26__0b04dac5a2f3.xlsx,Sumário Executivo!G16,2026Q2,0b04dac5a2f30e47e7bb52d7d92f1e3c713c054e0f8afafb2ab916442baa774c,0.6623063696590841,100,mapped
Santander,2025Q3,credit_cost,6523.981699,BRL_million,quarter,managerial_adjusted,consolidated,Managerial recurring result; CMN 4966 from 2025,Resultado de PDD,https://api.mziq.com/mzfilemanager/v2/d/a2595886-9fbb-4339-8a38-71d6ce7c7d36/c1507f83-7641-55bd-d35c-a8bb4f995750?origin=2,documents/Santander/2026/2T26/Series_Historicas_2T26__0b04dac5a2f3.xlsx,DRE Gerencial!G16,2026Q2,0b04dac5a2f30e47e7bb52d7d92f1e3c713c054e0f8afafb2ab916442baa774c,-6523.9816988,-1,mapped
Santander,2025Q3,customer_funding,659479.1361,BRL_million,end_of_period,managerial_adjusted,consolidated,ROAE excludes goodwill; coverage is Stage 3 rather than NPL90,Captações de clientes (6),https://api.mziq.com/mzfilemanager/v2/d/a2595886-9fbb-4339-8a38-71d6ce7c7d36/c1507f83-7641-55bd-d35c-a8bb4f995750?origin=2,documents/Santander/2026/2T26/Series_Historicas_2T26__0b04dac5a2f3.xlsx,Sumário Executivo!G20,2026Q2,0b04dac5a2f30e47e7bb52d7d92f1e3c713c054e0f8afafb2ab916442baa774c,659479.1361,1,mapped
Santander,2025Q3,efficiency,37.476165,percent,quarter,managerial_adjusted,consolidated,ROAE excludes goodwill; coverage is Stage 3 rather than NPL90,Índice de eficiência (2),https://api.mziq.com/mzfilemanager/v2/d/a2595886-9fbb-4339-8a38-71d6ce7c7d36/c1507f83-7641-55bd-d35c-a8bb4f995750?origin=2,documents/Santander/2026/2T26/Series_Historicas_2T26__0b04dac5a2f3.xlsx,Sumário Executivo!G13,2026Q2,0b04dac5a2f30e47e7bb52d7d92f1e3c713c054e0f8afafb2ab916442baa774c,0.3747616472991403,100,mapped
Santander,2025Q3,equity,94171.482,BRL_million,end_of_period,managerial_adjusted,consolidated,ROAE excludes goodwill; coverage is Stage 3 rather than NPL90,Patrimônio líquido,https://api.mziq.com/mzfilemanager/v2/d/a2595886-9fbb-4339-8a38-71d6ce7c7d36/c1507f83-7641-55bd-d35c-a8bb4f995750?origin=2,documents/Santander/2026/2T26/Series_Historicas_2T26__0b04dac5a2f3.xlsx,Sumário Executivo!G21,2026Q2,0b04dac5a2f30e47e7bb52d7d92f1e3c713c054e0f8afafb2ab916442baa774c,94171.482,1,mapped
Santander,2025Q3,fees,5552.0777,BRL_million,quarter,managerial_adjusted,consolidated,Managerial recurring result; CMN 4966 from 2025,Comissões,https://api.mziq.com/mzfilemanager/v2/d/a2595886-9fbb-4339-8a38-71d6ce7c7d36/c1507f83-7641-55bd-d35c-a8bb4f995750?origin=2,documents/Santander/2026/2T26/Series_Historicas_2T26__0b04dac5a2f3.xlsx,DRE Gerencial!G13,2026Q2,0b04dac5a2f30e47e7bb52d7d92f1e3c713c054e0f8afafb2ab916442baa774c,5552.0777,1,mapped
Santander,2025Q3,loans_expanded,688801.14694,BRL_million,end_of_period,managerial_adjusted,consolidated,ROAE excludes goodwill; coverage is Stage 3 rather than NPL90,Carteira de crédito ampliada (5),https://api.mziq.com/mzfilemanager/v2/d/a2595886-9fbb-4339-8a38-71d6ce7c7d36/c1507f83-7641-55bd-d35c-a8bb4f995750?origin=2,documents/Santander/2026/2T26/Series_Historicas_2T26__0b04dac5a2f3.xlsx,Sumário Executivo!G19,2026Q2,0b04dac5a2f30e47e7bb52d7d92f1e3c713c054e0f8afafb2ab916442baa774c,688801.14694,1,mapped
Santander,2025Q3,net_income_accounting,3944.471,BRL_million,quarter,accounting_consolidated,consolidated,,LUCRO LÍQUIDO,https://api.mziq.com/mzfilemanager/v2/d/a2595886-9fbb-4339-8a38-71d6ce7c7d36/c1507f83-7641-55bd-d35c-a8bb4f995750?origin=2,documents/Santander/2026/2T26/Series_Historicas_2T26__0b04dac5a2f3.xlsx,DRE Contábil!G51,2026Q2,0b04dac5a2f30e47e7bb52d7d92f1e3c713c054e0f8afafb2ab916442baa774c,3944.471,1,mapped
Santander,2025Q3,net_income_adjusted,4008.953681,BRL_million,quarter,managerial_adjusted,consolidated,Managerial recurring result; CMN 4966 from 2025,Lucro Líquido,https://api.mziq.com/mzfilemanager/v2/d/a2595886-9fbb-4339-8a38-71d6ce7c7d36/c1507f83-7641-55bd-d35c-a8bb4f995750?origin=2,documents/Santander/2026/2T26/Series_Historicas_2T26__0b04dac5a2f3.xlsx,DRE Gerencial!G35,2026Q2,0b04dac5a2f30e47e7bb52d7d92f1e3c713c054e0f8afafb2ab916442baa774c,4008.9536813,1,mapped
Santander,2025Q3,net_interest_income,15208.201,BRL_million,quarter,managerial_adjusted,consolidated,Managerial recurring result; CMN 4966 from 2025,Margem Financeira Bruta,https://api.mziq.com/mzfilemanager/v2/d/a2595886-9fbb-4339-8a38-71d6ce7c7d36/c1507f83-7641-55bd-d35c-a8bb4f995750?origin=2,documents/Santander/2026/2T26/Series_Historicas_2T26__0b04dac5a2f3.xlsx,DRE Gerencial!G10,2026Q2,0b04dac5a2f30e47e7bb52d7d92f1e3c713c054e0f8afafb2ab916442baa774c,15208.201,1,mapped
Santander,2025Q3,nii_clients,16555.9855,BRL_million,quarter,managerial_adjusted,consolidated,Managerial recurring result; CMN 4966 from 2025,Margem Financeira com clientes,https://api.mziq.com/mzfilemanager/v2/d/a2595886-9fbb-4339-8a38-71d6ce7c7d36/c1507f83-7641-55bd-d35c-a8bb4f995750?origin=2,documents/Santander/2026/2T26/Series_Historicas_2T26__0b04dac5a2f3.xlsx,DRE Gerencial!G11,2026Q2,0b04dac5a2f30e47e7bb52d7d92f1e3c713c054e0f8afafb2ab916442baa774c,16555.9855,1,mapped
Santander,2025Q3,nii_market,-1347.7845,BRL_million,quarter,managerial_adjusted,consolidated,Managerial recurring result; CMN 4966 from 2025,Margem Financeira com o mercado,https://api.mziq.com/mzfilemanager/v2/d/a2595886-9fbb-4339-8a38-71d6ce7c7d36/c1507f83-7641-55bd-d35c-a8bb4f995750?origin=2,documents/Santander/2026/2T26/Series_Historicas_2T26__0b04dac5a2f3.xlsx,DRE Gerencial!G12,2026Q2,0b04dac5a2f30e47e7bb52d7d92f1e3c713c054e0f8afafb2ab916442baa774c,-1347.7845,1,mapped
Santander,2025Q3,npl90,2.808191,percent,end_of_period,managerial_adjusted,consolidated,ROAE excludes goodwill; coverage is Stage 3 rather than NPL90,Índice de inadimplência (acima de 90 dias),https://api.mziq.com/mzfilemanager/v2/d/a2595886-9fbb-4339-8a38-71d6ce7c7d36/c1507f83-7641-55bd-d35c-a8bb4f995750?origin=2,documents/Santander/2026/2T26/Series_Historicas_2T26__0b04dac5a2f3.xlsx,Sumário Executivo!G15,2026Q2,0b04dac5a2f30e47e7bb52d7d92f1e3c713c054e0f8afafb2ab916442baa774c,0.028081910800924884,100,mapped
Santander,2025Q3,operating_expenses,6423.27278,BRL_million,quarter,managerial_adjusted,consolidated,Managerial recurring result; CMN 4966 from 2025,Despesas Gerais,https://api.mziq.com/mzfilemanager/v2/d/a2595886-9fbb-4339-8a38-71d6ce7c7d36/c1507f83-7641-55bd-d35c-a8bb4f995750?origin=2,documents/Santander/2026/2T26/Series_Historicas_2T26__0b04dac5a2f3.xlsx,DRE Gerencial!G19,2026Q2,0b04dac5a2f30e47e7bb52d7d92f1e3c713c054e0f8afafb2ab916442baa774c,-6423.2727796,-1,mapped
Santander,2025Q3,pretax_income,4289.451681,BRL_million,quarter,managerial_adjusted,consolidated,Managerial recurring result; CMN 4966 from 2025,Resultado gerencial antes dos impostos,https://api.mziq.com/mzfilemanager/v2/d/a2595886-9fbb-4339-8a38-71d6ce7c7d36/c1507f83-7641-55bd-d35c-a8bb4f995750?origin=2,documents/Santander/2026/2T26/Series_Historicas_2T26__0b04dac5a2f3.xlsx,DRE Gerencial!G30,2026Q2,0b04dac5a2f30e47e7bb52d7d92f1e3c713c054e0f8afafb2ab916442baa774c,4289.4516813,1,mapped
Santander,2025Q3,revenue,20760.2787,BRL_million,quarter,managerial_adjusted,consolidated,Managerial recurring result; CMN 4966 from 2025,Receita Total,https://api.mziq.com/mzfilemanager/v2/d/a2595886-9fbb-4339-8a38-71d6ce7c7d36/c1507f83-7641-55bd-d35c-a8bb4f995750?origin=2,documents/Santander/2026/2T26/Series_Historicas_2T26__0b04dac5a2f3.xlsx,DRE Gerencial!G14,2026Q2,0b04dac5a2f30e47e7bb52d7d92f1e3c713c054e0f8afafb2ab916442baa774c,20760.2787,1,mapped
Santander,2025Q3,roe_adjusted,17.540486,percent,quarter_annualized,managerial_adjusted,consolidated,ROAE excludes goodwill; coverage is Stage 3 rather than NPL90,ROAE gerencial excluindo ágio - anualizado (1),https://api.mziq.com/mzfilemanager/v2/d/a2595886-9fbb-4339-8a38-71d6ce7c7d36/c1507f83-7641-55bd-d35c-a8bb4f995750?origin=2,documents/Santander/2026/2T26/Series_Historicas_2T26__0b04dac5a2f3.xlsx,Sumário Executivo!G11,2026Q2,0b04dac5a2f30e47e7bb52d7d92f1e3c713c054e0f8afafb2ab916442baa774c,0.17540485953378843,100,mapped
Santander,2025Q4,assets,1255624.187,BRL_million,end_of_period,managerial_adjusted,consolidated,ROAE excludes goodwill; coverage is Stage 3 rather than NPL90,Ativos totais,https://api.mziq.com/mzfilemanager/v2/d/a2595886-9fbb-4339-8a38-71d6ce7c7d36/c1507f83-7641-55bd-d35c-a8bb4f995750?origin=2,documents/Santander/2026/2T26/Series_Historicas_2T26__0b04dac5a2f3.xlsx,Sumário Executivo!H18,2026Q2,0b04dac5a2f30e47e7bb52d7d92f1e3c713c054e0f8afafb2ab916442baa774c,1255624.187,1,mapped
Santander,2025Q4,capital_total,15.389496,percent,end_of_period,managerial_adjusted,prudential,ROAE excludes goodwill; coverage is Stage 3 rather than NPL90,Índice de Basileia,https://api.mziq.com/mzfilemanager/v2/d/a2595886-9fbb-4339-8a38-71d6ce7c7d36/c1507f83-7641-55bd-d35c-a8bb4f995750?origin=2,documents/Santander/2026/2T26/Series_Historicas_2T26__0b04dac5a2f3.xlsx,Sumário Executivo!H22,2026Q2,0b04dac5a2f30e47e7bb52d7d92f1e3c713c054e0f8afafb2ab916442baa774c,0.15389495761136932,100,mapped
Santander,2025Q4,cet1,11.558757,percent,end_of_period,managerial_adjusted,prudential,ROAE excludes goodwill; coverage is Stage 3 rather than NPL90,Índice de capital principal (CET1),https://api.mziq.com/mzfilemanager/v2/d/a2595886-9fbb-4339-8a38-71d6ce7c7d36/c1507f83-7641-55bd-d35c-a8bb4f995750?origin=2,documents/Santander/2026/2T26/Series_Historicas_2T26__0b04dac5a2f3.xlsx,Sumário Executivo!H23,2026Q2,0b04dac5a2f30e47e7bb52d7d92f1e3c713c054e0f8afafb2ab916442baa774c,0.11558756782875408,100,mapped
Santander,2025Q4,coverage_stage3,66.438397,percent,end_of_period,managerial_adjusted,consolidated,ROAE excludes goodwill; coverage is Stage 3 rather than NPL90,Índice de cobertura da carteira em estágio 3 (4),https://api.mziq.com/mzfilemanager/v2/d/a2595886-9fbb-4339-8a38-71d6ce7c7d36/c1507f83-7641-55bd-d35c-a8bb4f995750?origin=2,documents/Santander/2026/2T26/Series_Historicas_2T26__0b04dac5a2f3.xlsx,Sumário Executivo!H16,2026Q2,0b04dac5a2f30e47e7bb52d7d92f1e3c713c054e0f8afafb2ab916442baa774c,0.6643839652796105,100,mapped
Santander,2025Q4,credit_cost,6104.535158,BRL_million,quarter,managerial_adjusted,consolidated,Managerial recurring result; CMN 4966 from 2025,Resultado de PDD,https://api.mziq.com/mzfilemanager/v2/d/a2595886-9fbb-4339-8a38-71d6ce7c7d36/c1507f83-7641-55bd-d35c-a8bb4f995750?origin=2,documents/Santander/2026/2T26/Series_Historicas_2T26__0b04dac5a2f3.xlsx,DRE Gerencial!H16,2026Q2,0b04dac5a2f30e47e7bb52d7d92f1e3c713c054e0f8afafb2ab916442baa774c,-6104.5351575,-1,mapped
Santander,2025Q4,customer_funding,670430.3079,BRL_million,end_of_period,managerial_adjusted,consolidated,ROAE excludes goodwill; coverage is Stage 3 rather than NPL90,Captações de clientes (6),https://api.mziq.com/mzfilemanager/v2/d/a2595886-9fbb-4339-8a38-71d6ce7c7d36/c1507f83-7641-55bd-d35c-a8bb4f995750?origin=2,documents/Santander/2026/2T26/Series_Historicas_2T26__0b04dac5a2f3.xlsx,Sumário Executivo!H20,2026Q2,0b04dac5a2f30e47e7bb52d7d92f1e3c713c054e0f8afafb2ab916442baa774c,670430.3079,1,mapped
Santander,2025Q4,efficiency,38.842253,percent,quarter,managerial_adjusted,consolidated,ROAE excludes goodwill; coverage is Stage 3 rather than NPL90,Índice de eficiência (2),https://api.mziq.com/mzfilemanager/v2/d/a2595886-9fbb-4339-8a38-71d6ce7c7d36/c1507f83-7641-55bd-d35c-a8bb4f995750?origin=2,documents/Santander/2026/2T26/Series_Historicas_2T26__0b04dac5a2f3.xlsx,Sumário Executivo!H13,2026Q2,0b04dac5a2f30e47e7bb52d7d92f1e3c713c054e0f8afafb2ab916442baa774c,0.38842252604982236,100,mapped
Santander,2025Q4,equity,95650.292,BRL_million,end_of_period,managerial_adjusted,consolidated,ROAE excludes goodwill; coverage is Stage 3 rather than NPL90,Patrimônio líquido,https://api.mziq.com/mzfilemanager/v2/d/a2595886-9fbb-4339-8a38-71d6ce7c7d36/c1507f83-7641-55bd-d35c-a8bb4f995750?origin=2,documents/Santander/2026/2T26/Series_Historicas_2T26__0b04dac5a2f3.xlsx,Sumário Executivo!H21,2026Q2,0b04dac5a2f30e47e7bb52d7d92f1e3c713c054e0f8afafb2ab916442baa774c,95650.292,1,mapped
Santander,2025Q4,fees,5754.1501,BRL_million,quarter,managerial_adjusted,consolidated,Managerial recurring result; CMN 4966 from 2025,Comissões,https://api.mziq.com/mzfilemanager/v2/d/a2595886-9fbb-4339-8a38-71d6ce7c7d36/c1507f83-7641-55bd-d35c-a8bb4f995750?origin=2,documents/Santander/2026/2T26/Series_Historicas_2T26__0b04dac5a2f3.xlsx,DRE Gerencial!H13,2026Q2,0b04dac5a2f30e47e7bb52d7d92f1e3c713c054e0f8afafb2ab916442baa774c,5754.1501,1,mapped
Santander,2025Q4,loans_expanded,708200.550591,BRL_million,end_of_period,managerial_adjusted,consolidated,ROAE excludes goodwill; coverage is Stage 3 rather than NPL90,Carteira de crédito ampliada (5),https://api.mziq.com/mzfilemanager/v2/d/a2595886-9fbb-4339-8a38-71d6ce7c7d36/c1507f83-7641-55bd-d35c-a8bb4f995750?origin=2,documents/Santander/2026/2T26/Series_Historicas_2T26__0b04dac5a2f3.xlsx,Sumário Executivo!H19,2026Q2,0b04dac5a2f30e47e7bb52d7d92f1e3c713c054e0f8afafb2ab916442baa774c,708200.550591,1,mapped
Santander,2025Q4,net_income_accounting,4022.518,BRL_million,quarter,accounting_consolidated,consolidated,,LUCRO LÍQUIDO,https://api.mziq.com/mzfilemanager/v2/d/a2595886-9fbb-4339-8a38-71d6ce7c7d36/c1507f83-7641-55bd-d35c-a8bb4f995750?origin=2,documents/Santander/2026/2T26/Series_Historicas_2T26__0b04dac5a2f3.xlsx,DRE Contábil!H51,2026Q2,0b04dac5a2f30e47e7bb52d7d92f1e3c713c054e0f8afafb2ab916442baa774c,4022.518,1,mapped
Santander,2025Q4,net_income_adjusted,4086.266,BRL_million,quarter,managerial_adjusted,consolidated,Managerial recurring result; CMN 4966 from 2025,Lucro Líquido,https://api.mziq.com/mzfilemanager/v2/d/a2595886-9fbb-4339-8a38-71d6ce7c7d36/c1507f83-7641-55bd-d35c-a8bb4f995750?origin=2,documents/Santander/2026/2T26/Series_Historicas_2T26__0b04dac5a2f3.xlsx,DRE Gerencial!H35,2026Q2,0b04dac5a2f30e47e7bb52d7d92f1e3c713c054e0f8afafb2ab916442baa774c,4086.266,1,mapped
Santander,2025Q4,net_interest_income,15331.9293,BRL_million,quarter,managerial_adjusted,consolidated,Managerial recurring result; CMN 4966 from 2025,Margem Financeira Bruta,https://api.mziq.com/mzfilemanager/v2/d/a2595886-9fbb-4339-8a38-71d6ce7c7d36/c1507f83-7641-55bd-d35c-a8bb4f995750?origin=2,documents/Santander/2026/2T26/Series_Historicas_2T26__0b04dac5a2f3.xlsx,DRE Gerencial!H10,2026Q2,0b04dac5a2f30e47e7bb52d7d92f1e3c713c054e0f8afafb2ab916442baa774c,15331.9293,1,mapped
Santander,2025Q4,nii_clients,16818.3842,BRL_million,quarter,managerial_adjusted,consolidated,Managerial recurring result; CMN 4966 from 2025,Margem Financeira com clientes,https://api.mziq.com/mzfilemanager/v2/d/a2595886-9fbb-4339-8a38-71d6ce7c7d36/c1507f83-7641-55bd-d35c-a8bb4f995750?origin=2,documents/Santander/2026/2T26/Series_Historicas_2T26__0b04dac5a2f3.xlsx,DRE Gerencial!H11,2026Q2,0b04dac5a2f30e47e7bb52d7d92f1e3c713c054e0f8afafb2ab916442baa774c,16818.3842,1,mapped
Santander,2025Q4,nii_market,-1486.4549,BRL_million,quarter,managerial_adjusted,consolidated,Managerial recurring result; CMN 4966 from 2025,Margem Financeira com o mercado,https://api.mziq.com/mzfilemanager/v2/d/a2595886-9fbb-4339-8a38-71d6ce7c7d36/c1507f83-7641-55bd-d35c-a8bb4f995750?origin=2,documents/Santander/2026/2T26/Series_Historicas_2T26__0b04dac5a2f3.xlsx,DRE Gerencial!H12,2026Q2,0b04dac5a2f30e47e7bb52d7d92f1e3c713c054e0f8afafb2ab916442baa774c,-1486.4549,1,mapped
Santander,2025Q4,npl90,3.084214,percent,end_of_period,managerial_adjusted,consolidated,ROAE excludes goodwill; coverage is Stage 3 rather than NPL90,Índice de inadimplência (acima de 90 dias),https://api.mziq.com/mzfilemanager/v2/d/a2595886-9fbb-4339-8a38-71d6ce7c7d36/c1507f83-7641-55bd-d35c-a8bb4f995750?origin=2,documents/Santander/2026/2T26/Series_Historicas_2T26__0b04dac5a2f3.xlsx,Sumário Executivo!H15,2026Q2,0b04dac5a2f30e47e7bb52d7d92f1e3c713c054e0f8afafb2ab916442baa774c,0.030842135586843022,100,mapped
Santander,2025Q4,operating_expenses,6633.309725,BRL_million,quarter,managerial_adjusted,consolidated,Managerial recurring result; CMN 4966 from 2025,Despesas Gerais,https://api.mziq.com/mzfilemanager/v2/d/a2595886-9fbb-4339-8a38-71d6ce7c7d36/c1507f83-7641-55bd-d35c-a8bb4f995750?origin=2,documents/Santander/2026/2T26/Series_Historicas_2T26__0b04dac5a2f3.xlsx,DRE Gerencial!H19,2026Q2,0b04dac5a2f30e47e7bb52d7d92f1e3c713c054e0f8afafb2ab916442baa774c,-6633.3097251,-1,mapped
Santander,2025Q4,pretax_income,4346.519,BRL_million,quarter,managerial_adjusted,consolidated,Managerial recurring result; CMN 4966 from 2025,Resultado gerencial antes dos impostos,https://api.mziq.com/mzfilemanager/v2/d/a2595886-9fbb-4339-8a38-71d6ce7c7d36/c1507f83-7641-55bd-d35c-a8bb4f995750?origin=2,documents/Santander/2026/2T26/Series_Historicas_2T26__0b04dac5a2f3.xlsx,DRE Gerencial!H30,2026Q2,0b04dac5a2f30e47e7bb52d7d92f1e3c713c054e0f8afafb2ab916442baa774c,4346.519,1,mapped
Santander,2025Q4,revenue,21086.0794,BRL_million,quarter,managerial_adjusted,consolidated,Managerial recurring result; CMN 4966 from 2025,Receita Total,https://api.mziq.com/mzfilemanager/v2/d/a2595886-9fbb-4339-8a38-71d6ce7c7d36/c1507f83-7641-55bd-d35c-a8bb4f995750?origin=2,documents/Santander/2026/2T26/Series_Historicas_2T26__0b04dac5a2f3.xlsx,DRE Gerencial!H14,2026Q2,0b04dac5a2f30e47e7bb52d7d92f1e3c713c054e0f8afafb2ab916442baa774c,21086.0794,1,mapped
Santander,2025Q4,roe_adjusted,17.562046,percent,quarter_annualized,managerial_adjusted,consolidated,ROAE excludes goodwill; coverage is Stage 3 rather than NPL90,ROAE gerencial excluindo ágio - anualizado (1),https://api.mziq.com/mzfilemanager/v2/d/a2595886-9fbb-4339-8a38-71d6ce7c7d36/c1507f83-7641-55bd-d35c-a8bb4f995750?origin=2,documents/Santander/2026/2T26/Series_Historicas_2T26__0b04dac5a2f3.xlsx,Sumário Executivo!H11,2026Q2,0b04dac5a2f30e47e7bb52d7d92f1e3c713c054e0f8afafb2ab916442baa774c,0.17562046099308534,100,mapped
Santander,2026Q1,assets,1286795.034,BRL_million,end_of_period,managerial_adjusted,consolidated,ROAE excludes goodwill; coverage is Stage 3 rather than NPL90,Ativos totais,https://api.mziq.com/mzfilemanager/v2/d/a2595886-9fbb-4339-8a38-71d6ce7c7d36/c1507f83-7641-55bd-d35c-a8bb4f995750?origin=2,documents/Santander/2026/2T26/Series_Historicas_2T26__0b04dac5a2f3.xlsx,Sumário Executivo!I18,2026Q2,0b04dac5a2f30e47e7bb52d7d92f1e3c713c054e0f8afafb2ab916442baa774c,1286795.034,1,mapped
Santander,2026Q1,capital_total,15.151772,percent,end_of_period,managerial_adjusted,prudential,ROAE excludes goodwill; coverage is Stage 3 rather than NPL90,Índice de Basileia,https://api.mziq.com/mzfilemanager/v2/d/a2595886-9fbb-4339-8a38-71d6ce7c7d36/c1507f83-7641-55bd-d35c-a8bb4f995750?origin=2,documents/Santander/2026/2T26/Series_Historicas_2T26__0b04dac5a2f3.xlsx,Sumário Executivo!I22,2026Q2,0b04dac5a2f30e47e7bb52d7d92f1e3c713c054e0f8afafb2ab916442baa774c,0.15151772448026535,100,mapped
Santander,2026Q1,cet1,11.243867,percent,end_of_period,managerial_adjusted,prudential,ROAE excludes goodwill; coverage is Stage 3 rather than NPL90,Índice de capital principal (CET1),https://api.mziq.com/mzfilemanager/v2/d/a2595886-9fbb-4339-8a38-71d6ce7c7d36/c1507f83-7641-55bd-d35c-a8bb4f995750?origin=2,documents/Santander/2026/2T26/Series_Historicas_2T26__0b04dac5a2f3.xlsx,Sumário Executivo!I23,2026Q2,0b04dac5a2f30e47e7bb52d7d92f1e3c713c054e0f8afafb2ab916442baa774c,0.11243866936683208,100,mapped
Santander,2026Q1,coverage_stage3,67.562013,percent,end_of_period,managerial_adjusted,consolidated,ROAE excludes goodwill; coverage is Stage 3 rather than NPL90,Índice de cobertura da carteira em estágio 3 (4),https://api.mziq.com/mzfilemanager/v2/d/a2595886-9fbb-4339-8a38-71d6ce7c7d36/c1507f83-7641-55bd-d35c-a8bb4f995750?origin=2,documents/Santander/2026/2T26/Series_Historicas_2T26__0b04dac5a2f3.xlsx,Sumário Executivo!I16,2026Q2,0b04dac5a2f30e47e7bb52d7d92f1e3c713c054e0f8afafb2ab916442baa774c,0.6756201251295121,100,mapped
Santander,2026Q1,credit_cost,6343.949788,BRL_million,quarter,managerial_adjusted,consolidated,Managerial recurring result; CMN 4966 from 2025,Resultado de PDD,https://api.mziq.com/mzfilemanager/v2/d/a2595886-9fbb-4339-8a38-71d6ce7c7d36/c1507f83-7641-55bd-d35c-a8bb4f995750?origin=2,documents/Santander/2026/2T26/Series_Historicas_2T26__0b04dac5a2f3.xlsx,DRE Gerencial!I16,2026Q2,0b04dac5a2f30e47e7bb52d7d92f1e3c713c054e0f8afafb2ab916442baa774c,-6343.9497884,-1,mapped
Santander,2026Q1,customer_funding,663850.0189,BRL_million,end_of_period,managerial_adjusted,consolidated,ROAE excludes goodwill; coverage is Stage 3 rather than NPL90,Captações de clientes (6),https://api.mziq.com/mzfilemanager/v2/d/a2595886-9fbb-4339-8a38-71d6ce7c7d36/c1507f83-7641-55bd-d35c-a8bb4f995750?origin=2,documents/Santander/2026/2T26/Series_Historicas_2T26__0b04dac5a2f3.xlsx,Sumário Executivo!I20,2026Q2,0b04dac5a2f30e47e7bb52d7d92f1e3c713c054e0f8afafb2ab916442baa774c,663850.0189,1,mapped
Santander,2026Q1,efficiency,37.719787,percent,quarter,managerial_adjusted,consolidated,ROAE excludes goodwill; coverage is Stage 3 rather than NPL90,Índice de eficiência (2),https://api.mziq.com/mzfilemanager/v2/d/a2595886-9fbb-4339-8a38-71d6ce7c7d36/c1507f83-7641-55bd-d35c-a8bb4f995750?origin=2,documents/Santander/2026/2T26/Series_Historicas_2T26__0b04dac5a2f3.xlsx,Sumário Executivo!I13,2026Q2,0b04dac5a2f30e47e7bb52d7d92f1e3c713c054e0f8afafb2ab916442baa774c,0.3771978686351451,100,mapped
Santander,2026Q1,equity,97522.869,BRL_million,end_of_period,managerial_adjusted,consolidated,ROAE excludes goodwill; coverage is Stage 3 rather than NPL90,Patrimônio líquido,https://api.mziq.com/mzfilemanager/v2/d/a2595886-9fbb-4339-8a38-71d6ce7c7d36/c1507f83-7641-55bd-d35c-a8bb4f995750?origin=2,documents/Santander/2026/2T26/Series_Historicas_2T26__0b04dac5a2f3.xlsx,Sumário Executivo!I21,2026Q2,0b04dac5a2f30e47e7bb52d7d92f1e3c713c054e0f8afafb2ab916442baa774c,97522.869,1,mapped
Santander,2026Q1,fees,5435.4433,BRL_million,quarter,managerial_adjusted,consolidated,Managerial recurring result; CMN 4966 from 2025,Comissões,https://api.mziq.com/mzfilemanager/v2/d/a2595886-9fbb-4339-8a38-71d6ce7c7d36/c1507f83-7641-55bd-d35c-a8bb4f995750?origin=2,documents/Santander/2026/2T26/Series_Historicas_2T26__0b04dac5a2f3.xlsx,DRE Gerencial!I13,2026Q2,0b04dac5a2f30e47e7bb52d7d92f1e3c713c054e0f8afafb2ab916442baa774c,5435.4433,1,mapped
Santander,2026Q1,loans_expanded,705582.208395,BRL_million,end_of_period,managerial_adjusted,consolidated,ROAE excludes goodwill; coverage is Stage 3 rather than NPL90,Carteira de crédito ampliada (5),https://api.mziq.com/mzfilemanager/v2/d/a2595886-9fbb-4339-8a38-71d6ce7c7d36/c1507f83-7641-55bd-d35c-a8bb4f995750?origin=2,documents/Santander/2026/2T26/Series_Historicas_2T26__0b04dac5a2f3.xlsx,Sumário Executivo!I19,2026Q2,0b04dac5a2f30e47e7bb52d7d92f1e3c713c054e0f8afafb2ab916442baa774c,705582.208395,1,mapped
Santander,2026Q1,net_income_accounting,3725.267,BRL_million,quarter,accounting_consolidated,consolidated,,LUCRO LÍQUIDO,https://api.mziq.com/mzfilemanager/v2/d/a2595886-9fbb-4339-8a38-71d6ce7c7d36/c1507f83-7641-55bd-d35c-a8bb4f995750?origin=2,documents/Santander/2026/2T26/Series_Historicas_2T26__0b04dac5a2f3.xlsx,DRE Contábil!I51,2026Q2,0b04dac5a2f30e47e7bb52d7d92f1e3c713c054e0f8afafb2ab916442baa774c,3725.267,1,mapped
Santander,2026Q1,net_income_adjusted,3787.964712,BRL_million,quarter,managerial_adjusted,consolidated,Managerial recurring result; CMN 4966 from 2025,Lucro Líquido,https://api.mziq.com/mzfilemanager/v2/d/a2595886-9fbb-4339-8a38-71d6ce7c7d36/c1507f83-7641-55bd-d35c-a8bb4f995750?origin=2,documents/Santander/2026/2T26/Series_Historicas_2T26__0b04dac5a2f3.xlsx,DRE Gerencial!I35,2026Q2,0b04dac5a2f30e47e7bb52d7d92f1e3c713c054e0f8afafb2ab916442baa774c,3787.9647116,1,mapped
Santander,2026Q1,net_interest_income,15812.1465,BRL_million,quarter,managerial_adjusted,consolidated,Managerial recurring result; CMN 4966 from 2025,Margem Financeira Bruta,https://api.mziq.com/mzfilemanager/v2/d/a2595886-9fbb-4339-8a38-71d6ce7c7d36/c1507f83-7641-55bd-d35c-a8bb4f995750?origin=2,documents/Santander/2026/2T26/Series_Historicas_2T26__0b04dac5a2f3.xlsx,DRE Gerencial!I10,2026Q2,0b04dac5a2f30e47e7bb52d7d92f1e3c713c054e0f8afafb2ab916442baa774c,15812.1465,1,mapped
Santander,2026Q1,nii_clients,16583.6261,BRL_million,quarter,managerial_adjusted,consolidated,Managerial recurring result; CMN 4966 from 2025,Margem Financeira com clientes,https://api.mziq.com/mzfilemanager/v2/d/a2595886-9fbb-4339-8a38-71d6ce7c7d36/c1507f83-7641-55bd-d35c-a8bb4f995750?origin=2,documents/Santander/2026/2T26/Series_Historicas_2T26__0b04dac5a2f3.xlsx,DRE Gerencial!I11,2026Q2,0b04dac5a2f30e47e7bb52d7d92f1e3c713c054e0f8afafb2ab916442baa774c,16583.6261,1,mapped
Santander,2026Q1,nii_market,-771.4796,BRL_million,quarter,managerial_adjusted,consolidated,Managerial recurring result; CMN 4966 from 2025,Margem Financeira com o mercado,https://api.mziq.com/mzfilemanager/v2/d/a2595886-9fbb-4339-8a38-71d6ce7c7d36/c1507f83-7641-55bd-d35c-a8bb4f995750?origin=2,documents/Santander/2026/2T26/Series_Historicas_2T26__0b04dac5a2f3.xlsx,DRE Gerencial!I12,2026Q2,0b04dac5a2f30e47e7bb52d7d92f1e3c713c054e0f8afafb2ab916442baa774c,-771.4796,1,mapped
Santander,2026Q1,npl90,3.333526,percent,end_of_period,managerial_adjusted,consolidated,ROAE excludes goodwill; coverage is Stage 3 rather than NPL90,Índice de inadimplência (acima de 90 dias),https://api.mziq.com/mzfilemanager/v2/d/a2595886-9fbb-4339-8a38-71d6ce7c7d36/c1507f83-7641-55bd-d35c-a8bb4f995750?origin=2,documents/Santander/2026/2T26/Series_Historicas_2T26__0b04dac5a2f3.xlsx,Sumário Executivo!I15,2026Q2,0b04dac5a2f30e47e7bb52d7d92f1e3c713c054e0f8afafb2ab916442baa774c,0.0333352562127058,100,mapped
Santander,2026Q1,operating_expenses,6632.6558,BRL_million,quarter,managerial_adjusted,consolidated,Managerial recurring result; CMN 4966 from 2025,Despesas Gerais,https://api.mziq.com/mzfilemanager/v2/d/a2595886-9fbb-4339-8a38-71d6ce7c7d36/c1507f83-7641-55bd-d35c-a8bb4f995750?origin=2,documents/Santander/2026/2T26/Series_Historicas_2T26__0b04dac5a2f3.xlsx,DRE Gerencial!I19,2026Q2,0b04dac5a2f30e47e7bb52d7d92f1e3c713c054e0f8afafb2ab916442baa774c,-6632.6558,-1,mapped
Santander,2026Q1,pretax_income,4582.912712,BRL_million,quarter,managerial_adjusted,consolidated,Managerial recurring result; CMN 4966 from 2025,Resultado gerencial antes dos impostos,https://api.mziq.com/mzfilemanager/v2/d/a2595886-9fbb-4339-8a38-71d6ce7c7d36/c1507f83-7641-55bd-d35c-a8bb4f995750?origin=2,documents/Santander/2026/2T26/Series_Historicas_2T26__0b04dac5a2f3.xlsx,DRE Gerencial!I30,2026Q2,0b04dac5a2f30e47e7bb52d7d92f1e3c713c054e0f8afafb2ab916442baa774c,4582.9127116,1,mapped
Santander,2026Q1,revenue,21247.5898,BRL_million,quarter,managerial_adjusted,consolidated,Managerial recurring result; CMN 4966 from 2025,Receita Total,https://api.mziq.com/mzfilemanager/v2/d/a2595886-9fbb-4339-8a38-71d6ce7c7d36/c1507f83-7641-55bd-d35c-a8bb4f995750?origin=2,documents/Santander/2026/2T26/Series_Historicas_2T26__0b04dac5a2f3.xlsx,DRE Gerencial!I14,2026Q2,0b04dac5a2f30e47e7bb52d7d92f1e3c713c054e0f8afafb2ab916442baa774c,21247.5898,1,mapped
Santander,2026Q1,roe_adjusted,15.986555,percent,quarter_annualized,managerial_adjusted,consolidated,ROAE excludes goodwill; coverage is Stage 3 rather than NPL90,ROAE gerencial excluindo ágio - anualizado (1),https://api.mziq.com/mzfilemanager/v2/d/a2595886-9fbb-4339-8a38-71d6ce7c7d36/c1507f83-7641-55bd-d35c-a8bb4f995750?origin=2,documents/Santander/2026/2T26/Series_Historicas_2T26__0b04dac5a2f3.xlsx,Sumário Executivo!I11,2026Q2,0b04dac5a2f30e47e7bb52d7d92f1e3c713c054e0f8afafb2ab916442baa774c,0.15986555403667282,100,mapped
Santander,2026Q2,assets,1285986.966,BRL_million,end_of_period,managerial_adjusted,consolidated,ROAE excludes goodwill; coverage is Stage 3 rather than NPL90,Ativos totais,https://api.mziq.com/mzfilemanager/v2/d/a2595886-9fbb-4339-8a38-71d6ce7c7d36/c1507f83-7641-55bd-d35c-a8bb4f995750?origin=2,documents/Santander/2026/2T26/Series_Historicas_2T26__0b04dac5a2f3.xlsx,Sumário Executivo!J18,2026Q2,0b04dac5a2f30e47e7bb52d7d92f1e3c713c054e0f8afafb2ab916442baa774c,1285986.966,1,mapped
Santander,2026Q2,capital_total,15.337365,percent,end_of_period,managerial_adjusted,prudential,ROAE excludes goodwill; coverage is Stage 3 rather than NPL90,Índice de Basileia,https://api.mziq.com/mzfilemanager/v2/d/a2595886-9fbb-4339-8a38-71d6ce7c7d36/c1507f83-7641-55bd-d35c-a8bb4f995750?origin=2,documents/Santander/2026/2T26/Series_Historicas_2T26__0b04dac5a2f3.xlsx,Sumário Executivo!J22,2026Q2,0b04dac5a2f30e47e7bb52d7d92f1e3c713c054e0f8afafb2ab916442baa774c,0.15337364767742215,100,mapped
Santander,2026Q2,cet1,11.173743,percent,end_of_period,managerial_adjusted,prudential,ROAE excludes goodwill; coverage is Stage 3 rather than NPL90,Índice de capital principal (CET1),https://api.mziq.com/mzfilemanager/v2/d/a2595886-9fbb-4339-8a38-71d6ce7c7d36/c1507f83-7641-55bd-d35c-a8bb4f995750?origin=2,documents/Santander/2026/2T26/Series_Historicas_2T26__0b04dac5a2f3.xlsx,Sumário Executivo!J23,2026Q2,0b04dac5a2f30e47e7bb52d7d92f1e3c713c054e0f8afafb2ab916442baa774c,0.11173743142858898,100,mapped
Santander,2026Q2,coverage_stage3,65.010408,percent,end_of_period,managerial_adjusted,consolidated,ROAE excludes goodwill; coverage is Stage 3 rather than NPL90,Índice de cobertura da carteira em estágio 3 (4),https://api.mziq.com/mzfilemanager/v2/d/a2595886-9fbb-4339-8a38-71d6ce7c7d36/c1507f83-7641-55bd-d35c-a8bb4f995750?origin=2,documents/Santander/2026/2T26/Series_Historicas_2T26__0b04dac5a2f3.xlsx,Sumário Executivo!J16,2026Q2,0b04dac5a2f30e47e7bb52d7d92f1e3c713c054e0f8afafb2ab916442baa774c,0.6501040781460516,100,mapped
Santander,2026Q2,credit_cost,7653.80186,BRL_million,quarter,managerial_adjusted,consolidated,Managerial recurring result; CMN 4966 from 2025,Resultado de PDD,https://api.mziq.com/mzfilemanager/v2/d/a2595886-9fbb-4339-8a38-71d6ce7c7d36/c1507f83-7641-55bd-d35c-a8bb4f995750?origin=2,documents/Santander/2026/2T26/Series_Historicas_2T26__0b04dac5a2f3.xlsx,DRE Gerencial!J16,2026Q2,0b04dac5a2f30e47e7bb52d7d92f1e3c713c054e0f8afafb2ab916442baa774c,-7653.8018598,-1,mapped
Santander,2026Q2,customer_funding,688513.8758,BRL_million,end_of_period,managerial_adjusted,consolidated,ROAE excludes goodwill; coverage is Stage 3 rather than NPL90,Captações de clientes (6),https://api.mziq.com/mzfilemanager/v2/d/a2595886-9fbb-4339-8a38-71d6ce7c7d36/c1507f83-7641-55bd-d35c-a8bb4f995750?origin=2,documents/Santander/2026/2T26/Series_Historicas_2T26__0b04dac5a2f3.xlsx,Sumário Executivo!J20,2026Q2,0b04dac5a2f30e47e7bb52d7d92f1e3c713c054e0f8afafb2ab916442baa774c,688513.8757999999,1,mapped
Santander,2026Q2,efficiency,39.254953,percent,quarter,managerial_adjusted,consolidated,ROAE excludes goodwill; coverage is Stage 3 rather than NPL90,Índice de eficiência (2),https://api.mziq.com/mzfilemanager/v2/d/a2595886-9fbb-4339-8a38-71d6ce7c7d36/c1507f83-7641-55bd-d35c-a8bb4f995750?origin=2,documents/Santander/2026/2T26/Series_Historicas_2T26__0b04dac5a2f3.xlsx,Sumário Executivo!J13,2026Q2,0b04dac5a2f30e47e7bb52d7d92f1e3c713c054e0f8afafb2ab916442baa774c,0.3925495310409453,100,mapped
Santander,2026Q2,equity,98210.409,BRL_million,end_of_period,managerial_adjusted,consolidated,ROAE excludes goodwill; coverage is Stage 3 rather than NPL90,Patrimônio líquido,https://api.mziq.com/mzfilemanager/v2/d/a2595886-9fbb-4339-8a38-71d6ce7c7d36/c1507f83-7641-55bd-d35c-a8bb4f995750?origin=2,documents/Santander/2026/2T26/Series_Historicas_2T26__0b04dac5a2f3.xlsx,Sumário Executivo!J21,2026Q2,0b04dac5a2f30e47e7bb52d7d92f1e3c713c054e0f8afafb2ab916442baa774c,98210.409,1,mapped
Santander,2026Q2,fees,5334.0503,BRL_million,quarter,managerial_adjusted,consolidated,Managerial recurring result; CMN 4966 from 2025,Comissões,https://api.mziq.com/mzfilemanager/v2/d/a2595886-9fbb-4339-8a38-71d6ce7c7d36/c1507f83-7641-55bd-d35c-a8bb4f995750?origin=2,documents/Santander/2026/2T26/Series_Historicas_2T26__0b04dac5a2f3.xlsx,DRE Gerencial!J13,2026Q2,0b04dac5a2f30e47e7bb52d7d92f1e3c713c054e0f8afafb2ab916442baa774c,5334.0503,1,mapped
Santander,2026Q2,loans_expanded,714769.329531,BRL_million,end_of_period,managerial_adjusted,consolidated,ROAE excludes goodwill; coverage is Stage 3 rather than NPL90,Carteira de crédito ampliada (5),https://api.mziq.com/mzfilemanager/v2/d/a2595886-9fbb-4339-8a38-71d6ce7c7d36/c1507f83-7641-55bd-d35c-a8bb4f995750?origin=2,documents/Santander/2026/2T26/Series_Historicas_2T26__0b04dac5a2f3.xlsx,Sumário Executivo!J19,2026Q2,0b04dac5a2f30e47e7bb52d7d92f1e3c713c054e0f8afafb2ab916442baa774c,714769.329531,1,mapped
Santander,2026Q2,net_income_accounting,2667.48,BRL_million,quarter,accounting_consolidated,consolidated,,LUCRO LÍQUIDO,https://api.mziq.com/mzfilemanager/v2/d/a2595886-9fbb-4339-8a38-71d6ce7c7d36/c1507f83-7641-55bd-d35c-a8bb4f995750?origin=2,documents/Santander/2026/2T26/Series_Historicas_2T26__0b04dac5a2f3.xlsx,DRE Contábil!J51,2026Q2,0b04dac5a2f30e47e7bb52d7d92f1e3c713c054e0f8afafb2ab916442baa774c,2667.48,1,mapped
Santander,2026Q2,net_income_adjusted,3013.93864,BRL_million,quarter,managerial_adjusted,consolidated,Managerial recurring result; CMN 4966 from 2025,Lucro Líquido,https://api.mziq.com/mzfilemanager/v2/d/a2595886-9fbb-4339-8a38-71d6ce7c7d36/c1507f83-7641-55bd-d35c-a8bb4f995750?origin=2,documents/Santander/2026/2T26/Series_Historicas_2T26__0b04dac5a2f3.xlsx,DRE Gerencial!J35,2026Q2,0b04dac5a2f30e47e7bb52d7d92f1e3c713c054e0f8afafb2ab916442baa774c,3013.9386402,1,mapped
Santander,2026Q2,net_interest_income,15340.8202,BRL_million,quarter,managerial_adjusted,consolidated,Managerial recurring result; CMN 4966 from 2025,Margem Financeira Bruta,https://api.mziq.com/mzfilemanager/v2/d/a2595886-9fbb-4339-8a38-71d6ce7c7d36/c1507f83-7641-55bd-d35c-a8bb4f995750?origin=2,documents/Santander/2026/2T26/Series_Historicas_2T26__0b04dac5a2f3.xlsx,DRE Gerencial!J10,2026Q2,0b04dac5a2f30e47e7bb52d7d92f1e3c713c054e0f8afafb2ab916442baa774c,15340.8202,1,mapped
Santander,2026Q2,nii_clients,16058.4599,BRL_million,quarter,managerial_adjusted,consolidated,Managerial recurring result; CMN 4966 from 2025,Margem Financeira com clientes,https://api.mziq.com/mzfilemanager/v2/d/a2595886-9fbb-4339-8a38-71d6ce7c7d36/c1507f83-7641-55bd-d35c-a8bb4f995750?origin=2,documents/Santander/2026/2T26/Series_Historicas_2T26__0b04dac5a2f3.xlsx,DRE Gerencial!J11,2026Q2,0b04dac5a2f30e47e7bb52d7d92f1e3c713c054e0f8afafb2ab916442baa774c,16058.4599,1,mapped
Santander,2026Q2,nii_market,-717.6397,BRL_million,quarter,managerial_adjusted,consolidated,Managerial recurring result; CMN 4966 from 2025,Margem Financeira com o mercado,https://api.mziq.com/mzfilemanager/v2/d/a2595886-9fbb-4339-8a38-71d6ce7c7d36/c1507f83-7641-55bd-d35c-a8bb4f995750?origin=2,documents/Santander/2026/2T26/Series_Historicas_2T26__0b04dac5a2f3.xlsx,DRE Gerencial!J12,2026Q2,0b04dac5a2f30e47e7bb52d7d92f1e3c713c054e0f8afafb2ab916442baa774c,-717.6397,1,mapped
Santander,2026Q2,npl90,3.292473,percent,end_of_period,managerial_adjusted,consolidated,ROAE excludes goodwill; coverage is Stage 3 rather than NPL90,Índice de inadimplência (acima de 90 dias),https://api.mziq.com/mzfilemanager/v2/d/a2595886-9fbb-4339-8a38-71d6ce7c7d36/c1507f83-7641-55bd-d35c-a8bb4f995750?origin=2,documents/Santander/2026/2T26/Series_Historicas_2T26__0b04dac5a2f3.xlsx,Sumário Executivo!J15,2026Q2,0b04dac5a2f30e47e7bb52d7d92f1e3c713c054e0f8afafb2ab916442baa774c,0.032924729839241496,100,mapped
Santander,2026Q2,operating_expenses,6578.1607,BRL_million,quarter,managerial_adjusted,consolidated,Managerial recurring result; CMN 4966 from 2025,Despesas Gerais,https://api.mziq.com/mzfilemanager/v2/d/a2595886-9fbb-4339-8a38-71d6ce7c7d36/c1507f83-7641-55bd-d35c-a8bb4f995750?origin=2,documents/Santander/2026/2T26/Series_Historicas_2T26__0b04dac5a2f3.xlsx,DRE Gerencial!J19,2026Q2,0b04dac5a2f30e47e7bb52d7d92f1e3c713c054e0f8afafb2ab916442baa774c,-6578.1607,-1,mapped
Santander,2026Q2,pretax_income,2537.24884,BRL_million,quarter,managerial_adjusted,consolidated,Managerial recurring result; CMN 4966 from 2025,Resultado gerencial antes dos impostos,https://api.mziq.com/mzfilemanager/v2/d/a2595886-9fbb-4339-8a38-71d6ce7c7d36/c1507f83-7641-55bd-d35c-a8bb4f995750?origin=2,documents/Santander/2026/2T26/Series_Historicas_2T26__0b04dac5a2f3.xlsx,DRE Gerencial!J30,2026Q2,0b04dac5a2f30e47e7bb52d7d92f1e3c713c054e0f8afafb2ab916442baa774c,2537.2488402,1,mapped
Santander,2026Q2,revenue,20674.8705,BRL_million,quarter,managerial_adjusted,consolidated,Managerial recurring result; CMN 4966 from 2025,Receita Total,https://api.mziq.com/mzfilemanager/v2/d/a2595886-9fbb-4339-8a38-71d6ce7c7d36/c1507f83-7641-55bd-d35c-a8bb4f995750?origin=2,documents/Santander/2026/2T26/Series_Historicas_2T26__0b04dac5a2f3.xlsx,DRE Gerencial!J14,2026Q2,0b04dac5a2f30e47e7bb52d7d92f1e3c713c054e0f8afafb2ab916442baa774c,20674.8705,1,mapped
Santander,2026Q2,roe_adjusted,12.543403,percent,quarter_annualized,managerial_adjusted,consolidated,ROAE excludes goodwill; coverage is Stage 3 rather than NPL90,ROAE gerencial excluindo ágio - anualizado (1),https://api.mziq.com/mzfilemanager/v2/d/a2595886-9fbb-4339-8a38-71d6ce7c7d36/c1507f83-7641-55bd-d35c-a8bb4f995750?origin=2,documents/Santander/2026/2T26/Series_Historicas_2T26__0b04dac5a2f3.xlsx,Sumário Executivo!J11,2026Q2,0b04dac5a2f30e47e7bb52d7d92f1e3c713c054e0f8afafb2ab916442baa774c,0.12543403194525377,100,mapped
